1	2026-01-01 12:00:00.000	177	924	-2842	0	233.96	-8	9	100	90	36	(7,-22)
1	2026-01-01 12:00:01.000	212	1010	-2868	0	273.95	-8	9	100	90	36	(8,-22)
1	2026-01-01 12:00:02.000	247	953	-2941	0	314.88	-6	7	100	90	36	(7,-23)
1	2026-01-01 12:00:03.000	282	1003	-2986	0	297.36	-8	8	100	90	36	(8,-23)
1	2026-01-01 12:00:04.000	317	1005	-2935	0	325.58	-10	7	100	90	36	(8,-23)
1	2026-01-01 12:00:05.000	352	968	-2893	0	337.32	-10	8	100	90	36	(8,-23)
1	2026-01-01 12:00:06.000	387	991	-2880	0	333.81	-10	10	100	90	36	(8,-22)
1	2026-01-01 12:00:07.000	422	971	-2845	0	349.52	-10	10	100	90	36	(8,-22)
1	2026-01-01 12:00:08.000	457	1041	-2917	0	0.14	-10	10	100	90	36	(8,-23)
1	2026-01-01 12:00:09.000	492	1005	-2845	0	336.58	-10	10	100	90	36	(8,-22)
1	2026-01-01 12:00:10.000	527	1050	-2909	0	314.51	-10	10	100	90	36	(8,-23)
1	2026-01-01 12:00:11.000	562	1081	-2866	0	331.53	-8	10	100	90	36	(8,-22)
1	2026-01-01 12:00:12.000	597	1059	-2860	0	319.62	-9	10	100	90	36	(8,-22)
1	2026-01-01 12:00:13.000	632	1073	-2806	0	1.42	-10	10	100	90	50	(8,-22)
1	2026-01-01 12:00:14.000	667	1133	-2882	0	39.11	-10	10	100	90	50	(9,-23)
1	2026-01-01 12:00:15.000	702	1084	-2807	0	359.63	-10	9	100	90	50	(8,-22)
1	2026-01-01 12:00:16.000	737	1043	-2874	0	326.58	-9	7	100	90	50	(8,-22)
1	2026-01-01 12:00:17.000	772	1041	-2918	0	344.04	-9	6	100	90	50	(8,-23)
1	2026-01-01 12:00:18.000	807	1074	-2994	0	359.31	-10	4	100	90	50	(8,-23)
1	2026-01-01 12:00:19.000	842	1000	-3044	0	24.17	-8	4	100	90	50	(8,-24)
1	2026-01-01 12:00:20.000	877	1008	-3028	56	20.98	-7	6	100	90	50	(8,-24)
1	2026-01-01 12:00:21.000	912	952	-3075	56	343.78	-6	5	100	90	50	(7,-24)
1	2026-01-01 12:00:22.000	947	910	-3114	56	301.11	-5	5	100	90	50	(7,-24)
1	2026-01-01 12:00:23.000	982	928	-3072	56	316.55	-5	5	100	90	50	(7,-24)
1	2026-01-01 12:00:24.000	1017	1004	-3082	56	278.55	-3	5	91	90	50	(8,-24)
1	2026-01-01 12:00:25.000	1052	971	-3078	56	269.89	-1	3	91	90	50	(8,-24)
1	2026-01-01 12:00:26.000	1087	1058	-3122	56	257.23	-2	2	91	90	50	(8,-24)
1	2026-01-01 12:00:27.000	1122	1032	-3154	56	216.87	-3	0	91	90	48	(8,-25)
1	2026-01-01 12:00:28.000	1157	1006	-3112	56	228.02	-5	-1	91	90	48	(8,-24)
1	2026-01-01 12:00:29.000	1192	1093	-3194	56	254.01	-5	-3	91	90	48	(9,-25)
1	2026-01-01 12:00:30.000	1227	1139	-3272	56	276.48	-7	-4	91	90	48	(9,-26)
1	2026-01-01 12:00:31.000	1262	1209	-3345	56	312.41	-8	-4	91	90	48	(9,-26)
1	2026-01-01 12:00:32.000	1297	1132	-3408	56	267.5	-8	-6	91	90	48	(9,-27)
1	2026-01-01 12:00:33.000	1332	1109	-3453	56	261.17	-6	-8	91	90	48	(9,-27)
1	2026-01-01 12:00:34.000	1367	1112	-3369	56	237.72	-5	-8	91	90	48	(9,-26)
1	2026-01-01 12:00:35.000	1402	1084	-3419	56	273.31	-3	-7	91	90	48	(8,-27)
1	2026-01-01 12:00:36.000	1437	1065	-3430	56	236.38	-4	-8	91	90	48	(8,-27)
1	2026-01-01 12:00:37.000	1472	1094	-3428	56	211.14	-3	-7	83	90	48	(9,-27)
1	2026-01-01 12:00:38.000	1507	1181	-3367	56	171.57	-5	-6	83	90	44	(9,-26)
1	2026-01-01 12:00:39.000	1542	1138	-3440	56	150.21	-4	-8	83	90	41	(9,-27)
1	2026-01-01 12:00:40.000	1577	1118	-3362	56	145.38	-5	-9	83	90	41	(9,-26)
1	2026-01-01 12:00:41.000	1612	1042	-3343	56	144.96	-7	-8	83	90	41	(8,-26)
1	2026-01-01 12:00:42.000	1647	1099	-3276	56	164.76	-5	-7	83	90	41	(9,-26)
1	2026-01-01 12:00:43.000	1682	1018	-3362	56	151.36	-6	-5	83	90	41	(8,-26)
1	2026-01-01 12:00:44.000	1717	970	-3410	56	129.1	-4	-6	83	90	50	(8,-27)
1	2026-01-01 12:00:45.000	1752	976	-3433	56	118.58	-4	-8	83	90	48	(8,-27)
1	2026-01-01 12:00:46.000	1787	980	-3388	56	135.55	-5	-7	83	90	48	(8,-26)
1	2026-01-01 12:00:47.000	1822	1040	-3353	56	136.49	-7	-8	83	90	48	(8,-26)
1	2026-01-01 12:00:48.000	1857	981	-3263	56	101.74	-5	-7	83	90	48	(8,-25)
1	2026-01-01 12:00:49.000	1892	974	-3261	0	120.64	-4	-8	83	90	48	(8,-25)
1	2026-01-01 12:00:50.000	1927	1020	-3235	0	144.64	-5	-6	79	90	48	(8,-25)
1	2026-01-01 12:00:51.000	1962	1087	-3242	0	111.65	-6	-4	79	90	47	(8,-25)
1	2026-01-01 12:00:52.000	1997	1133	-3170	0	103.02	-8	-2	79	90	47	(9,-25)
1	2026-01-01 12:00:53.000	2032	1066	-3252	0	138.89	-8	-4	77	90	50	(8,-25)
1	2026-01-01 12:00:54.000	2067	1007	-3200	0	149.49	-8	-4	77	90	50	(8,-25)
1	2026-01-01 12:00:55.000	2102	940	-3204	0	184.23	-10	-4	77	90	50	(7,-25)
1	2026-01-01 12:00:56.000	2137	1009	-3190	0	196.25	-10	-6	77	90	50	(8,-25)
1	2026-01-01 12:00:57.000	2172	1097	-3141	0	172.33	-10	-8	77	90	50	(9,-25)
1	2026-01-01 12:00:58.000	2207	1047	-3158	0	128.85	-10	-8	77	90	50	(8,-25)
1	2026-01-01 12:00:59.000	2242	1008	-3242	-8	138.5	-10	-7	77	90	50	(8,-25)
1	2026-01-01 12:01:00.000	2277	943	-3329	-8	151.57	-10	-7	77	90	50	(7,-26)
1	2026-01-01 12:01:01.000	2312	865	-3263	-8	115.9	-10	-9	77	90	50	(7,-25)
1	2026-01-01 12:01:02.000	2347	907	-3194	-8	108.59	-10	-10	77	90	50	(7,-25)
1	2026-01-01 12:01:03.000	2382	926	-3252	-8	152.5	-10	-10	77	90	50	(7,-25)
1	2026-01-01 12:01:04.000	2417	1001	-3309	-8	146.69	-10	-10	77	90	50	(8,-26)
1	2026-01-01 12:01:05.000	2452	994	-3255	-8	136.76	-10	-10	77	90	50	(8,-25)
1	2026-01-01 12:01:06.000	2487	1083	-3175	-8	165.61	-10	-10	77	90	50	(8,-25)
1	2026-01-01 12:01:07.000	2522	1097	-3184	-8	199.48	-10	-8	77	90	50	(9,-25)
1	2026-01-01 12:01:08.000	2557	1024	-3159	-8	244.4	-8	-8	77	90	50	(8,-25)
1	2026-01-01 12:01:09.000	2592	1041	-3230	24	199.98	-6	-7	77	90	50	(8,-25)
1	2026-01-01 12:01:10.000	2627	960	-3179	24	196.29	-5	-5	77	90	50	(8,-25)
1	2026-01-01 12:01:11.000	2662	870	-3136	24	165.55	-7	-6	77	90	50	(7,-24)
1	2026-01-01 12:01:12.000	2697	954	-3065	24	138.21	-5	-4	77	90	50	(7,-24)
1	2026-01-01 12:01:13.000	2732	1020	-3019	24	175.92	-3	-5	77	90	50	(8,-24)
1	2026-01-01 12:01:14.000	2767	1037	-3040	24	187.85	-3	-5	77	90	50	(8,-24)
1	2026-01-01 12:01:15.000	2802	987	-2952	24	184.19	-4	-3	77	90	50	(8,-23)
1	2026-01-01 12:01:16.000	2837	954	-2920	24	180.41	-2	-3	77	90	50	(7,-23)
1	2026-01-01 12:01:17.000	2872	956	-2873	24	214.82	-4	-5	77	90	47	(7,-22)
1	2026-01-01 12:01:18.000	2907	958	-2945	24	217.56	-4	-6	77	90	47	(7,-23)
1	2026-01-01 12:01:19.000	2942	1016	-2889	24	261.79	-4	-7	77	90	47	(8,-23)
1	2026-01-01 12:01:20.000	2977	1000	-2823	24	282.63	-2	-9	77	90	47	(8,-22)
1	2026-01-01 12:01:21.000	3012	1045	-2791	24	289.13	-2	-10	96	90	47	(8,-22)
1	2026-01-01 12:01:22.000	3047	967	-2745	24	311.0	0	-10	96	90	45	(8,-21)
1	2026-01-01 12:01:23.000	3082	976	-2796	24	272.92	2	-8	96	90	45	(8,-22)
1	2026-01-01 12:01:24.000	3117	940	-2849	24	282.39	1	-8	96	90	50	(7,-22)
1	2026-01-01 12:01:25.000	3152	909	-2800	24	264.9	1	-9	96	90	50	(7,-22)
1	2026-01-01 12:01:26.000	3187	937	-2839	24	249.91	-1	-7	96	90	50	(7,-22)
1	2026-01-01 12:01:27.000	3222	873	-2773	24	236.21	-2	-8	96	90	50	(7,-22)
1	2026-01-01 12:01:28.000	3257	907	-2853	24	238.42	0	-6	96	90	46	(7,-22)
1	2026-01-01 12:01:29.000	3292	898	-2846	24	254.26	0	-7	96	90	46	(7,-22)
1	2026-01-01 12:01:30.000	3327	811	-2804	24	298.18	-2	-7	96	90	46	(6,-22)
1	2026-01-01 12:01:31.000	3362	825	-2839	24	285.5	-2	-9	96	90	46	(6,-22)
1	2026-01-01 12:01:32.000	3397	851	-2856	24	283.61	-2	-9	96	90	46	(7,-22)
1	2026-01-01 12:01:33.000	3432	838	-2878	24	283.57	-1	-10	96	90	46	(7,-22)
1	2026-01-01 12:01:34.000	3467	811	-2953	24	323.78	0	-10	96	90	46	(6,-23)
1	2026-01-01 12:01:35.000	3502	775	-3024	24	301.6	1	-10	96	90	44	(6,-24)
1	2026-01-01 12:01:36.000	3537	847	-2960	24	335.99	0	-9	96	90	44	(7,-23)
1	2026-01-01 12:01:37.000	3572	835	-2875	24	3.43	2	-8	96	90	44	(7,-22)
1	2026-01-01 12:01:38.000	3607	898	-2874	24	26.89	0	-8	96	90	40	(7,-22)
1	2026-01-01 12:01:39.000	3642	876	-2900	24	52.92	-2	-7	96	90	40	(7,-23)
1	2026-01-01 12:01:40.000	3677	807	-2985	24	54.21	-1	-8	96	90	40	(6,-23)
1	2026-01-01 12:01:41.000	3712	728	-2947	24	74.39	-1	-9	96	90	40	(6,-23)
1	2026-01-01 12:01:42.000	3747	793	-3034	24	54.7	-1	-10	96	90	40	(6,-24)
1	2026-01-01 12:01:43.000	3782	748	-3067	24	65.16	-2	-9	96	90	36	(6,-24)
1	2026-01-01 12:01:44.000	3817	710	-2994	24	83.26	-1	-10	96	90	36	(6,-23)
1	2026-01-01 12:01:45.000	3852	707	-3080	24	85.28	1	-8	96	90	36	(6,-24)
1	2026-01-01 12:01:46.000	3887	697	-3144	24	80.83	3	-7	96	90	36	(5,-25)
1	2026-01-01 12:01:47.000	3922	782	-3119	24	36.79	4	-7	96	90	36	(6,-24)
1	2026-01-01 12:01:48.000	3957	854	-3036	24	357.82	5	-6	96	90	35	(7,-24)
1	2026-01-01 12:01:49.000	3992	906	-3106	0	8.06	7	-4	96	90	35	(7,-24)
1	2026-01-01 12:01:50.000	4027	944	-3072	0	44.62	6	-4	96	90	35	(7,-24)
1	2026-01-01 12:01:51.000	4062	959	-3083	0	8.88	6	-4	96	90	35	(7,-24)
1	2026-01-01 12:01:52.000	4097	991	-3103	0	331.88	5	-6	96	90	35	(8,-24)
1	2026-01-01 12:01:53.000	4132	1021	-3126	0	305.86	7	-4	96	90	35	(8,-24)
1	2026-01-01 12:01:54.000	4167	1088	-3116	0	264.78	5	-5	96	90	35	(8,-24)
1	2026-01-01 12:01:55.000	4202	1016	-3109	0	253.18	4	-5	96	90	35	(8,-24)
1	2026-01-01 12:01:56.000	4237	1023	-3157	0	219.41	2	-7	96	90	35	(8,-25)
1	2026-01-01 12:01:57.000	4272	970	-3169	0	251.31	1	-9	96	90	35	(8,-25)
1	2026-01-01 12:01:58.000	4307	1031	-3254	0	277.18	3	-7	96	90	35	(8,-25)
1	2026-01-01 12:01:59.000	4342	1093	-3203	0	312.86	5	-6	96	90	35	(9,-25)
1	2026-01-01 12:02:00.000	4377	1148	-3287	0	284.74	4	-4	96	90	34	(9,-26)
1	2026-01-01 12:02:01.000	4412	1142	-3206	0	305.94	6	-2	96	90	34	(9,-25)
1	2026-01-01 12:02:02.000	4447	1142	-3282	0	286.71	7	-1	96	90	34	(9,-26)
1	2026-01-01 12:02:03.000	4482	1158	-3235	0	245.2	6	0	96	90	34	(9,-25)
1	2026-01-01 12:02:04.000	4517	1178	-3226	0	215.4	7	0	96	90	31	(9,-25)
1	2026-01-01 12:02:05.000	4552	1213	-3177	0	222.76	8	2	96	90	31	(9,-25)
1	2026-01-01 12:02:06.000	4587	1237	-3132	0	263.15	7	2	96	90	31	(10,-24)
1	2026-01-01 12:02:07.000	4622	1291	-3186	64	267.12	9	0	96	90	31	(10,-25)
1	2026-01-01 12:02:08.000	4657	1331	-3136	0	256.2	10	0	96	90	31	(10,-24)
1	2026-01-01 12:02:09.000	4692	1342	-3164	0	218.37	8	-1	96	90	31	(10,-25)
1	2026-01-01 12:02:10.000	4727	1322	-3223	0	242.88	9	1	96	90	27	(10,-25)
1	2026-01-01 12:02:11.000	4762	1233	-3241	0	233.41	9	3	96	90	27	(10,-25)
1	2026-01-01 12:02:12.000	4797	1244	-3266	0	251.08	10	4	86	90	27	(10,-26)
1	2026-01-01 12:02:13.000	4832	1297	-3285	8	237.28	10	6	86	90	22	(10,-26)
1	2026-01-01 12:02:14.000	4867	1210	-3224	8	222.0	10	4	86	90	22	(9,-25)
1	2026-01-01 12:02:15.000	4902	1246	-3145	8	224.1	9	2	86	90	18	(10,-25)
1	2026-01-01 12:02:16.000	4937	1266	-3187	0	264.21	9	4	86	90	18	(10,-25)
1	2026-01-01 12:02:17.000	4972	1302	-3180	0	242.86	7	6	86	90	18	(10,-25)
1	2026-01-01 12:02:18.000	5007	1284	-3233	0	206.42	7	4	86	90	18	(10,-25)
1	2026-01-01 12:02:19.000	5042	1204	-3186	40	196.87	7	3	86	90	17	(9,-25)
1	2026-01-01 12:02:20.000	5077	1258	-3206	40	193.42	9	5	86	90	17	(10,-25)
1	2026-01-01 12:02:21.000	5112	1331	-3192	40	169.89	10	3	86	90	17	(10,-25)
1	2026-01-01 12:02:22.000	5147	1306	-3212	40	125.23	10	1	86	90	17	(10,-25)
1	2026-01-01 12:02:23.000	5182	1326	-3273	40	169.2	10	-1	86	90	15	(10,-26)
1	2026-01-01 12:02:24.000	5217	1367	-3340	40	196.12	10	1	86	90	15	(11,-26)
1	2026-01-01 12:02:25.000	5252	1369	-3316	40	183.38	10	0	86	90	15	(11,-26)
1	2026-01-01 12:02:26.000	5287	1441	-3341	40	186.14	10	-2	78	90	15	(11,-26)
1	2026-01-01 12:02:27.000	5322	1417	-3328	40	159.13	9	0	78	90	15	(11,-26)
1	2026-01-01 12:02:28.000	5357	1468	-3383	40	143.93	8	2	78	90	15	(11,-26)
1	2026-01-01 12:02:29.000	5392	1536	-3377	40	169.76	7	3	78	90	15	(12,-26)
1	2026-01-01 12:02:30.000	5427	1604	-3425	40	130.34	7	3	78	90	25	(13,-27)
1	2026-01-01 12:02:31.000	5462	1640	-3389	40	141.45	7	2	78	90	25	(13,-26)
1	2026-01-01 12:02:32.000	5497	1623	-3464	40	130.86	7	2	78	90	25	(13,-27)
1	2026-01-01 12:02:33.000	5532	1587	-3517	40	151.26	9	0	78	90	24	(12,-27)
1	2026-01-01 12:02:34.000	5567	1649	-3554	40	167.16	10	1	78	90	24	(13,-28)
1	2026-01-01 12:02:35.000	5602	1668	-3562	40	175.38	10	0	78	90	24	(13,-28)
1	2026-01-01 12:02:36.000	5637	1659	-3536	40	192.95	10	-2	78	90	24	(13,-28)
1	2026-01-01 12:02:37.000	5672	1688	-3497	40	194.78	9	-4	78	90	24	(13,-27)
1	2026-01-01 12:02:38.000	5707	1677	-3468	40	236.5	10	-2	78	90	24	(13,-27)
1	2026-01-01 12:02:39.000	5742	1594	-3399	40	203.69	10	0	78	90	24	(12,-27)
1	2026-01-01 12:02:40.000	5777	1543	-3402	40	216.78	10	-2	78	90	24	(12,-27)
1	2026-01-01 12:02:41.000	5812	1519	-3415	40	224.07	8	-3	78	90	24	(12,-27)
1	2026-01-01 12:02:42.000	5847	1520	-3329	40	191.09	8	-5	78	90	24	(12,-26)
1	2026-01-01 12:02:43.000	5882	1470	-3379	40	149.65	8	-5	78	90	24	(11,-26)
1	2026-01-01 12:02:44.000	5917	1455	-3407	40	175.72	10	-5	78	90	24	(11,-27)
1	2026-01-01 12:02:45.000	5952	1535	-3449	40	179.17	10	-3	78	90	24	(12,-27)
1	2026-01-01 12:02:46.000	5987	1567	-3439	0	178.57	10	-3	78	90	21	(12,-27)
1	2026-01-01 12:02:47.000	6022	1546	-3395	0	179.81	8	-3	78	90	21	(12,-27)
1	2026-01-01 12:02:48.000	6057	1532	-3466	0	202.08	10	-3	78	90	21	(12,-27)
1	2026-01-01 12:02:49.000	6092	1506	-3420	0	186.95	8	-2	78	90	21	(12,-27)
1	2026-01-01 12:02:50.000	6127	1495	-3386	0	209.34	10	-3	78	90	21	(12,-26)
1	2026-01-01 12:02:51.000	6162	1500	-3347	0	215.02	10	-4	78	90	21	(12,-26)
1	2026-01-01 12:02:52.000	6197	1456	-3410	0	192.28	8	-6	78	90	21	(11,-27)
1	2026-01-01 12:02:53.000	6232	1411	-3339	0	205.66	9	-5	78	90	21	(11,-26)
1	2026-01-01 12:02:54.000	6267	1405	-3291	0	185.06	9	-4	78	90	35	(11,-26)
1	2026-01-01 12:02:55.000	6302	1351	-3339	0	179.71	7	-2	78	90	35	(11,-26)
1	2026-01-01 12:02:56.000	6337	1351	-3257	0	193.7	5	-2	78	90	35	(11,-25)
1	2026-01-01 12:02:57.000	6372	1363	-3278	0	220.67	7	0	78	90	35	(11,-26)
1	2026-01-01 12:02:58.000	6407	1300	-3333	0	227.89	5	-2	78	90	35	(10,-26)
1	2026-01-01 12:02:59.000	6442	1385	-3389	0	201.59	3	-1	78	90	35	(11,-26)
1	2026-01-01 12:03:00.000	6477	1428	-3357	56	164.68	4	-3	78	90	35	(11,-26)
1	2026-01-01 12:03:01.000	6512	1394	-3267	56	132.76	6	-5	78	90	35	(11,-26)
1	2026-01-01 12:03:02.000	6547	1333	-3287	56	135.67	7	-4	78	90	35	(10,-26)
1	2026-01-01 12:03:03.000	6582	1422	-3257	56	151.79	5	-6	78	90	34	(11,-25)
1	2026-01-01 12:03:04.000	6617	1463	-3219	56	160.4	3	-7	78	90	34	(11,-25)
1	2026-01-01 12:03:05.000	6652	1552	-3181	56	189.49	1	-5	84	90	34	(12,-25)
1	2026-01-01 12:03:06.000	6687	1572	-3184	56	224.92	2	-4	84	90	34	(12,-25)
1	2026-01-01 12:03:07.000	6722	1656	-3261	56	235.36	4	-6	84	90	32	(13,-25)
1	2026-01-01 12:03:08.000	6757	1607	-3226	56	219.52	6	-5	93	90	32	(13,-25)
1	2026-01-01 12:03:09.000	6792	1672	-3165	56	225.71	6	-5	93	90	32	(13,-25)
1	2026-01-01 12:03:10.000	6827	1718	-3174	56	270.1	7	-4	93	90	32	(13,-25)
1	2026-01-01 12:03:11.000	6862	1783	-3262	56	238.85	8	-5	93	90	32	(14,-25)
1	2026-01-01 12:03:12.000	6897	1796	-3283	56	269.48	10	-7	93	90	32	(14,-26)
1	2026-01-01 12:03:13.000	6932	1831	-3210	56	234.79	10	-5	93	90	32	(14,-25)
1	2026-01-01 12:03:14.000	6967	1852	-3295	56	260.86	8	-3	93	90	32	(14,-26)
1	2026-01-01 12:03:15.000	7002	1910	-3220	56	277.11	8	-2	93	90	32	(15,-25)
1	2026-01-01 12:03:16.000	7037	1996	-3179	0	256.37	8	0	93	90	32	(16,-25)
1	2026-01-01 12:03:17.000	7072	2025	-3114	0	271.49	6	2	93	90	32	(16,-24)
1	2026-01-01 12:03:18.000	7107	1939	-3056	0	244.73	4	2	93	90	32	(15,-24)
1	2026-01-01 12:03:19.000	7142	1986	-3033	0	283.78	6	1	93	90	32	(16,-24)
1	2026-01-01 12:03:20.000	7177	2004	-3088	0	244.14	6	3	93	90	32	(16,-24)
1	2026-01-01 12:03:21.000	7212	2078	-3114	0	248.69	4	1	93	90	32	(16,-24)
1	2026-01-01 12:03:22.000	7247	2009	-3094	0	287.2	4	-1	93	90	32	(16,-24)
1	2026-01-01 12:03:23.000	7282	2087	-3015	0	287.81	3	-3	93	90	32	(16,-24)
1	2026-01-01 12:03:24.000	7317	2147	-3018	-16	258.5	1	-1	93	90	32	(17,-24)
1	2026-01-01 12:03:25.000	7352	2136	-3026	-16	301.78	1	-3	93	90	32	(17,-24)
1	2026-01-01 12:03:26.000	7387	2132	-2967	-16	272.77	0	-3	93	90	29	(17,-23)
1	2026-01-01 12:03:27.000	7422	2102	-3011	-16	273.99	-1	-1	93	90	29	(16,-24)
1	2026-01-01 12:03:28.000	7457	2030	-2983	-16	277.97	-2	0	93	90	29	(16,-23)
1	2026-01-01 12:03:29.000	7492	1993	-3049	-16	303.68	-2	-1	93	90	29	(16,-24)
1	2026-01-01 12:03:30.000	7527	1975	-3091	-16	340.6	-4	0	93	90	26	(15,-24)
1	2026-01-01 12:03:31.000	7562	1909	-3088	-16	2.52	-5	-1	93	90	26	(15,-24)
1	2026-01-01 12:03:32.000	7597	1836	-3094	-16	11.83	-6	1	93	90	26	(14,-24)
1	2026-01-01 12:03:33.000	7632	1747	-3079	-16	352.0	-8	2	93	90	26	(14,-24)
1	2026-01-01 12:03:34.000	7667	1718	-3151	-16	33.33	-7	3	93	90	26	(13,-25)
1	2026-01-01 12:03:35.000	7702	1637	-3111	-16	36.64	-9	4	93	90	26	(13,-24)
1	2026-01-01 12:03:36.000	7737	1684	-3128	-16	60.13	-7	4	93	90	26	(13,-24)
1	2026-01-01 12:03:37.000	7772	1737	-3060	-16	102.0	-7	6	93	90	26	(14,-24)
1	2026-01-01 12:03:38.000	7807	1771	-3050	-16	111.08	-5	8	93	90	26	(14,-24)
1	2026-01-01 12:03:39.000	7842	1724	-3084	-16	130.42	-3	6	93	90	26	(13,-24)
1	2026-01-01 12:03:40.000	7877	1757	-3028	-16	133.88	-5	8	93	90	26	(14,-24)
1	2026-01-01 12:03:41.000	7912	1778	-2992	-16	158.29	-4	10	93	90	26	(14,-23)
1	2026-01-01 12:03:42.000	7947	1855	-2917	-16	164.99	-6	10	93	90	26	(14,-23)
1	2026-01-01 12:03:43.000	7982	1926	-2960	0	158.15	-7	10	93	90	26	(15,-23)
1	2026-01-01 12:03:44.000	8017	1873	-3023	0	138.49	-5	10	93	90	26	(15,-24)
1	2026-01-01 12:03:45.000	8052	1887	-3006	0	121.47	-4	10	93	90	26	(15,-23)
1	2026-01-01 12:03:46.000	8087	1911	-3057	0	140.67	-2	10	93	90	26	(15,-24)
1	2026-01-01 12:03:47.000	8122	1956	-3047	0	145.07	-4	10	93	90	26	(15,-24)
1	2026-01-01 12:03:48.000	8157	2043	-2989	128	181.68	-6	10	93	90	26	(16,-23)
1	2026-01-01 12:03:49.000	8192	2126	-3072	128	171.07	-7	8	93	90	26	(17,-24)
1	2026-01-01 12:03:50.000	8227	2092	-3147	128	144.3	-6	6	93	90	23	(16,-25)
1	2026-01-01 12:03:51.000	8262	2013	-3208	8	120.07	-6	5	93	90	23	(16,-25)
1	2026-01-01 12:03:52.000	8297	1978	-3215	8	88.12	-4	7	93	90	18	(15,-25)
1	2026-01-01 12:03:53.000	8332	1956	-3170	8	88.14	-3	7	93	90	18	(15,-25)
1	2026-01-01 12:03:54.000	8367	1947	-3253	8	100.32	-1	6	93	90	18	(15,-25)
1	2026-01-01 12:03:55.000	8402	1903	-3194	8	134.93	-1	6	93	90	18	(15,-25)
1	2026-01-01 12:03:56.000	8437	1881	-3117	8	92.71	-3	4	93	90	18	(15,-24)
1	2026-01-01 12:03:57.000	8472	1903	-3125	40	99.49	-1	4	93	90	18	(15,-24)
1	2026-01-01 12:03:58.000	8507	1819	-3112	0	132.41	-1	4	93	90	18	(14,-24)
1	2026-01-01 12:03:59.000	8542	1831	-3043	0	131.88	-1	6	89	90	18	(14,-24)
1	2026-01-01 12:04:00.000	8577	1762	-3086	0	163.61	-2	6	89	90	17	(14,-24)
1	2026-01-01 12:04:01.000	8612	1851	-3139	0	179.16	-3	6	89	90	17	(14,-25)
1	2026-01-01 12:04:02.000	8647	1936	-3190	0	200.98	-5	7	89	90	17	(15,-25)
1	2026-01-01 12:04:03.000	8682	1882	-3168	16	165.25	-4	8	89	90	17	(15,-25)
1	2026-01-01 12:04:04.000	8717	1907	-3122	16	153.3	-5	10	89	90	17	(15,-24)
1	2026-01-01 12:04:05.000	8752	1973	-3044	16	124.91	-5	10	89	90	17	(15,-24)
1	2026-01-01 12:04:06.000	8787	2055	-3024	16	113.23	-5	9	89	90	17	(16,-24)
1	2026-01-01 12:04:07.000	8822	2076	-2940	16	114.68	-3	9	89	90	17	(16,-23)
1	2026-01-01 12:04:08.000	8857	2034	-3004	16	144.39	-3	7	89	90	17	(16,-23)
1	2026-01-01 12:04:09.000	8892	1963	-3045	16	131.78	-2	5	89	90	17	(15,-24)
1	2026-01-01 12:04:10.000	8927	1915	-2974	16	140.25	-2	3	89	90	17	(15,-23)
1	2026-01-01 12:04:11.000	8962	1854	-3046	16	143.53	-4	1	89	90	17	(14,-24)
1	2026-01-01 12:04:12.000	8997	1803	-3111	16	99.58	-6	3	89	90	17	(14,-24)
1	2026-01-01 12:04:13.000	9032	1840	-3125	16	84.87	-8	5	89	90	17	(14,-24)
1	2026-01-01 12:04:14.000	9067	1803	-3206	16	77.58	-10	7	89	90	17	(14,-25)
1	2026-01-01 12:04:15.000	9102	1834	-3155	16	113.17	-10	5	89	90	29	(14,-25)
1	2026-01-01 12:04:16.000	9137	1787	-3155	0	131.77	-8	4	89	90	29	(14,-25)
1	2026-01-01 12:04:17.000	9172	1770	-3135	0	99.74	-9	3	89	90	29	(14,-24)
1	2026-01-01 12:04:18.000	9207	1837	-3200	0	80.08	-10	3	89	90	29	(14,-25)
1	2026-01-01 12:04:19.000	9242	1856	-3249	0	101.14	-10	4	80	90	29	(14,-25)
1	2026-01-01 12:04:20.000	9277	1927	-3264	0	100.96	-10	6	77	90	29	(15,-26)
1	2026-01-01 12:04:21.000	9312	1975	-3231	0	116.77	-8	7	77	90	29	(15,-25)
1	2026-01-01 12:04:22.000	9347	2015	-3176	0	111.01	-6	6	77	90	29	(16,-25)
1	2026-01-01 12:04:23.000	9382	1967	-3128	0	106.74	-8	7	77	90	29	(15,-24)
1	2026-01-01 12:04:24.000	9417	1927	-3199	0	132.77	-6	5	77	90	29	(15,-25)
1	2026-01-01 12:04:25.000	9452	1879	-3255	0	117.23	-7	4	77	90	29	(15,-25)
1	2026-01-01 12:04:26.000	9487	1886	-3240	0	123.1	-5	3	77	90	29	(15,-25)
1	2026-01-01 12:04:27.000	9522	1974	-3172	0	128.56	-7	3	77	90	29	(15,-25)
1	2026-01-01 12:04:28.000	9557	2011	-3167	0	150.85	-9	4	77	90	29	(16,-25)
1	2026-01-01 12:04:29.000	9592	2050	-3129	0	159.85	-10	6	77	90	29	(16,-24)
1	2026-01-01 12:04:30.000	9627	2134	-3178	0	153.34	-10	7	77	90	29	(17,-25)
1	2026-01-01 12:04:31.000	9662	2120	-3115	0	141.32	-10	5	77	90	29	(17,-24)
1	2026-01-01 12:04:32.000	9697	2113	-3170	56	130.9	-9	3	77	90	29	(17,-25)
1	2026-01-01 12:04:33.000	9732	2100	-3120	56	94.23	-10	1	77	90	29	(16,-24)
1	2026-01-01 12:04:34.000	9767	2021	-3109	64	132.65	-10	0	77	90	29	(16,-24)
1	2026-01-01 12:04:35.000	9802	2020	-3145	64	121.64	-8	-2	77	90	29	(16,-25)
1	2026-01-01 12:04:36.000	9837	1969	-3147	64	113.85	-9	-1	77	90	28	(15,-25)
1	2026-01-01 12:04:37.000	9872	1911	-3065	64	78.29	-8	1	77	90	28	(15,-24)
1	2026-01-01 12:04:38.000	9907	1912	-3120	64	57.06	-7	2	77	90	28	(15,-24)
1	2026-01-01 12:04:39.000	9942	1961	-3089	64	21.7	-7	4	77	90	28	(15,-24)
1	2026-01-01 12:04:40.000	9977	1876	-3085	64	12.28	-5	2	77	90	28	(15,-24)
1	2026-01-01 12:04:41.000	10012	1924	-3123	64	18.21	-5	2	77	90	28	(15,-24)
1	2026-01-01 12:04:42.000	10047	1952	-3066	0	17.49	-4	4	77	90	28	(15,-24)
1	2026-01-01 12:04:43.000	10082	2017	-3049	0	10.21	-6	4	77	90	28	(16,-24)
1	2026-01-01 12:04:44.000	10117	2041	-3131	0	53.97	-4	3	77	90	28	(16,-24)
1	2026-01-01 12:04:45.000	10152	1951	-3058	0	14.05	-2	5	77	90	28	(15,-24)
1	2026-01-01 12:04:46.000	10187	1956	-3054	40	346.22	-4	7	77	90	28	(15,-24)
1	2026-01-01 12:04:47.000	10222	1977	-3116	40	358.21	-4	8	77	90	28	(15,-24)
1	2026-01-01 12:04:48.000	10257	2015	-3183	40	332.28	-5	10	77	90	28	(16,-25)
1	2026-01-01 12:04:49.000	10292	2029	-3228	40	315.42	-6	9	77	90	28	(16,-25)
1	2026-01-01 12:04:50.000	10327	2064	-3165	40	304.89	-8	7	77	90	28	(16,-25)
1	2026-01-01 12:04:51.000	10362	2048	-3115	40	298.65	-10	6	77	90	28	(16,-24)
1	2026-01-01 12:04:52.000	10397	2129	-3179	40	281.3	-9	4	77	90	28	(17,-25)
1	2026-01-01 12:04:53.000	10432	2062	-3247	40	317.78	-9	3	77	90	28	(16,-25)
1	2026-01-01 12:04:54.000	10467	2009	-3178	40	315.01	-8	4	77	90	28	(16,-25)
1	2026-01-01 12:04:55.000	10502	1950	-3230	40	335.9	-7	2	77	90	28	(15,-25)
1	2026-01-01 12:04:56.000	10537	1917	-3192	40	346.13	-5	1	77	90	28	(15,-25)
1	2026-01-01 12:04:57.000	10572	1986	-3280	40	350.26	-6	2	77	90	28	(16,-26)
1	2026-01-01 12:04:58.000	10607	2010	-3227	40	325.86	-6	0	77	90	28	(16,-25)
1	2026-01-01 12:04:59.000	10642	1996	-3216	40	344.44	-7	0	77	90	28	(16,-25)
1	2026-01-01 12:05:00.000	10677	2049	-3164	0	337.63	-5	1	77	90	28	(16,-25)
1	2026-01-01 12:05:01.000	10712	2105	-3099	0	8.94	-4	2	77	90	28	(16,-24)
1	2026-01-01 12:05:02.000	10747	2134	-3071	0	354.29	-5	1	71	90	28	(17,-24)
1	2026-01-01 12:05:03.000	10782	2114	-3161	0	328.0	-5	3	71	90	28	(17,-25)
1	2026-01-01 12:05:04.000	10817	2177	-3128	0	283.57	-6	5	71	90	28	(17,-24)
1	2026-01-01 12:05:05.000	10852	2168	-3075	0	316.45	-8	7	71	90	28	(17,-24)
1	2026-01-01 12:05:06.000	10887	2253	-3027	0	356.67	-8	8	71	90	28	(18,-24)
1	2026-01-01 12:05:07.000	10922	2178	-2982	0	312.15	-7	7	71	90	28	(17,-23)
1	2026-01-01 12:05:08.000	10957	2198	-2906	0	334.55	-9	6	71	90	28	(17,-23)
1	2026-01-01 12:05:09.000	10992	2275	-2924	0	357.3	-7	6	71	90	28	(18,-23)
1	2026-01-01 12:05:10.000	11027	2247	-2875	0	347.36	-6	7	71	90	28	(18,-22)
1	2026-01-01 12:05:11.000	11062	2263	-2957	0	359.23	-5	5	71	98	28	(18,-23)
1	2026-01-01 12:05:12.000	11097	2175	-3020	0	321.49	-4	7	71	98	28	(17,-24)
1	2026-01-01 12:05:13.000	11132	2148	-3083	0	309.84	-6	6	71	98	28	(17,-24)
1	2026-01-01 12:05:14.000	11167	2232	-3046	0	346.5	-8	5	71	98	27	(17,-24)
1	2026-01-01 12:05:15.000	11202	2175	-3005	0	325.71	-10	3	71	98	27	(17,-23)
1	2026-01-01 12:05:16.000	11237	2246	-2916	0	337.26	-9	4	71	98	27	(18,-23)
1	2026-01-01 12:05:17.000	11272	2196	-2903	0	6.76	-10	6	71	98	27	(17,-23)
1	2026-01-01 12:05:18.000	11307	2246	-2983	0	24.68	-8	8	71	98	27	(18,-23)
1	2026-01-01 12:05:19.000	11342	2251	-2919	0	349.95	-10	6	71	106	27	(18,-23)
1	2026-01-01 12:05:20.000	11377	2321	-2880	0	27.35	-10	7	71	106	27	(18,-22)
1	2026-01-01 12:05:21.000	11412	2233	-2880	0	19.33	-10	7	71	106	27	(17,-22)
1	2026-01-01 12:05:22.000	11447	2230	-2822	0	48.55	-10	9	71	106	27	(17,-22)
1	2026-01-01 12:05:23.000	11482	2142	-2838	0	17.34	-10	10	71	106	27	(17,-22)
1	2026-01-01 12:05:24.000	11517	2061	-2806	0	16.82	-9	10	71	106	27	(16,-22)
1	2026-01-01 12:05:25.000	11552	2112	-2716	0	56.73	-8	10	91	106	27	(16,-21)
1	2026-01-01 12:05:26.000	11587	2147	-2764	0	36.27	-9	10	91	106	27	(17,-22)
1	2026-01-01 12:05:27.000	11622	2203	-2746	0	14.33	-10	10	91	106	27	(17,-21)
1	2026-01-01 12:05:28.000	11657	2133	-2671	0	355.49	-9	8	91	106	27	(17,-21)
1	2026-01-01 12:05:29.000	11692	2163	-2630	0	25.86	-8	8	91	106	27	(17,-21)
1	2026-01-01 12:05:30.000	11727	2173	-2564	0	345.37	-7	7	91	106	27	(17,-20)
1	2026-01-01 12:05:31.000	11762	2131	-2542	0	347.56	-8	7	91	106	27	(17,-20)
1	2026-01-01 12:05:32.000	11797	2182	-2477	0	342.7	-7	9	91	106	27	(17,-19)
1	2026-01-01 12:05:33.000	11832	2157	-2421	0	304.71	-5	10	91	106	27	(17,-19)
1	2026-01-01 12:05:34.000	11867	2174	-2501	0	269.81	-7	10	91	106	26	(17,-20)
1	2026-01-01 12:05:35.000	11902	2143	-2589	0	306.91	-5	10	91	106	21	(17,-20)
1	2026-01-01 12:05:36.000	11937	2132	-2570	0	330.05	-3	8	91	106	21	(17,-20)
1	2026-01-01 12:05:37.000	11972	2068	-2588	0	301.77	-2	7	91	106	21	(16,-20)
1	2026-01-01 12:05:38.000	12007	2039	-2539	0	283.52	-4	7	91	106	21	(16,-20)
1	2026-01-01 12:05:39.000	12042	2125	-2561	0	304.99	-3	7	100	106	21	(17,-20)
1	2026-01-01 12:05:40.000	12077	2205	-2491	0	337.12	-3	5	100	106	21	(17,-19)
1	2026-01-01 12:05:41.000	12112	2174	-2579	0	349.45	-3	4	100	106	21	(17,-20)
1	2026-01-01 12:05:42.000	12147	2134	-2591	0	11.16	-2	5	100	106	21	(17,-20)
1	2026-01-01 12:05:43.000	12182	2202	-2528	0	15.87	-1	5	100	106	21	(17,-20)
1	2026-01-01 12:05:44.000	12217	2215	-2615	0	9.44	0	6	100	106	21	(17,-20)
1	2026-01-01 12:05:45.000	12252	2178	-2548	0	358.24	-2	6	100	106	21	(17,-20)
1	2026-01-01 12:05:46.000	12287	2181	-2616	0	31.26	-4	8	100	106	21	(17,-20)
1	2026-01-01 12:05:47.000	12322	2172	-2609	0	354.08	-2	8	100	106	21	(17,-20)
1	2026-01-01 12:05:48.000	12357	2176	-2617	0	11.85	-1	9	100	106	21	(17,-20)
1	2026-01-01 12:05:49.000	12392	2179	-2611	0	344.09	-2	10	100	106	21	(17,-20)
1	2026-01-01 12:05:50.000	12427	2113	-2552	0	23.35	0	8	100	106	19	(17,-20)
1	2026-01-01 12:05:51.000	12462	2025	-2572	0	57.72	-1	8	100	106	19	(16,-20)
1	2026-01-01 12:05:52.000	12497	2016	-2512	0	46.77	-3	7	100	106	19	(16,-20)
1	2026-01-01 12:05:53.000	12532	1974	-2513	0	23.37	-4	9	100	106	19	(15,-20)
1	2026-01-01 12:05:54.000	12567	2005	-2475	0	32.46	-4	10	100	106	19	(16,-19)
1	2026-01-01 12:05:55.000	12602	1980	-2388	0	41.07	-4	8	90	106	16	(15,-19)
1	2026-01-01 12:05:56.000	12637	1995	-2374	40	74.41	-6	7	90	106	12	(16,-19)
1	2026-01-01 12:05:57.000	12672	2070	-2329	40	118.63	-8	9	90	106	11	(16,-18)
1	2026-01-01 12:05:58.000	12707	1981	-2284	40	103.65	-10	8	90	106	11	(15,-18)
1	2026-01-01 12:05:59.000	12742	1947	-2342	40	73.24	-10	6	90	106	7	(15,-18)
1	2026-01-01 12:06:00.000	12777	1963	-2287	40	111.32	-10	6	90	106	7	(15,-18)
1	2026-01-01 12:06:01.000	12812	2034	-2324	40	98.14	-10	6	90	106	7	(16,-18)
1	2026-01-01 12:06:02.000	12847	2000	-2314	40	82.83	-8	6	90	106	7	(16,-18)
1	2026-01-01 12:06:03.000	12882	1917	-2366	40	78.44	-8	5	90	106	7	(15,-18)
1	2026-01-01 12:06:04.000	12917	1869	-2451	0	67.05	-8	3	90	106	7	(15,-19)
1	2026-01-01 12:06:05.000	12952	1796	-2484	0	91.56	-8	3	90	106	7	(14,-19)
1	2026-01-01 12:06:06.000	12987	1778	-2522	0	132.46	-10	5	90	106	7	(14,-20)
1	2026-01-01 12:06:07.000	13022	1688	-2525	0	114.25	-9	5	90	106	7	(13,-20)
1	2026-01-01 12:06:08.000	13057	1731	-2583	0	87.2	-8	6	90	106	7	(14,-20)
1	2026-01-01 12:06:09.000	13092	1810	-2598	0	45.78	-9	7	90	106	7	(14,-20)
1	2026-01-01 12:06:10.000	13127	1861	-2639	0	39.77	-10	6	90	106	7	(15,-21)
1	2026-01-01 12:06:11.000	13162	1772	-2678	0	31.53	-10	6	90	106	7	(14,-21)
1	2026-01-01 12:06:12.000	13197	1719	-2659	0	27.84	-8	5	90	106	28	(13,-21)
1	2026-01-01 12:06:13.000	13232	1656	-2635	0	51.23	-6	7	90	106	28	(13,-21)
1	2026-01-01 12:06:14.000	13267	1675	-2712	0	23.91	-8	6	90	106	28	(13,-21)
1	2026-01-01 12:06:15.000	13302	1706	-2711	0	43.5	-6	8	90	106	28	(13,-21)
1	2026-01-01 12:06:16.000	13337	1773	-2647	0	57.53	-7	6	90	106	28	(14,-21)
1	2026-01-01 12:06:17.000	13372	1728	-2635	0	58.17	-5	7	100	106	28	(14,-21)
1	2026-01-01 12:06:18.000	13407	1805	-2713	0	22.71	-3	8	100	106	28	(14,-21)
1	2026-01-01 12:06:19.000	13442	1770	-2651	0	12.56	-1	10	100	106	28	(14,-21)
1	2026-01-01 12:06:20.000	13477	1691	-2643	0	338.97	-1	9	100	106	28	(13,-21)
1	2026-01-01 12:06:21.000	13512	1628	-2607	0	8.4	-1	8	100	106	28	(13,-20)
1	2026-01-01 12:06:22.000	13547	1700	-2651	0	4.78	-3	8	100	106	28	(13,-21)
1	2026-01-01 12:06:23.000	13582	1652	-2660	0	37.32	-4	8	100	106	28	(13,-21)
1	2026-01-01 12:06:24.000	13617	1721	-2643	0	51.59	-2	10	100	106	28	(13,-21)
1	2026-01-01 12:06:25.000	13652	1740	-2700	0	30.77	-4	9	100	106	28	(14,-21)
1	2026-01-01 12:06:26.000	13687	1708	-2649	0	32.21	-6	10	100	106	28	(13,-21)
1	2026-01-01 12:06:27.000	13722	1773	-2719	56	41.16	-5	10	100	106	25	(14,-21)
1	2026-01-01 12:06:28.000	13757	1797	-2723	56	29.59	-6	10	100	106	25	(14,-21)
1	2026-01-01 12:06:29.000	13792	1793	-2718	56	41.29	-6	8	100	106	25	(14,-21)
1	2026-01-01 12:06:30.000	13827	1778	-2690	56	85.35	-7	10	100	106	25	(14,-21)
1	2026-01-01 12:06:31.000	13862	1810	-2682	56	108.74	-8	8	100	106	25	(14,-21)
1	2026-01-01 12:06:32.000	13897	1840	-2758	56	145.47	-8	10	100	106	47	(14,-22)
1	2026-01-01 12:06:33.000	13932	1820	-2687	56	160.52	-7	10	100	106	46	(14,-21)
1	2026-01-01 12:06:34.000	13967	1867	-2692	56	182.67	-8	9	100	106	44	(15,-21)
1	2026-01-01 12:06:35.000	14002	1845	-2675	56	167.51	-8	8	100	106	50	(14,-21)
1	2026-01-01 12:06:36.000	14037	1896	-2637	56	194.78	-9	6	100	106	50	(15,-21)
1	2026-01-01 12:06:37.000	14072	1861	-2607	56	234.09	-7	8	100	106	45	(15,-20)
1	2026-01-01 12:06:38.000	14107	1940	-2596	56	219.73	-6	7	100	106	45	(15,-20)
1	2026-01-01 12:06:39.000	14142	1999	-2673	56	250.81	-7	9	100	106	45	(16,-21)
1	2026-01-01 12:06:40.000	14177	1989	-2712	56	207.54	-9	8	100	106	42	(16,-21)
1	2026-01-01 12:06:41.000	14212	1916	-2657	56	195.36	-7	10	100	106	42	(15,-21)
1	2026-01-01 12:06:42.000	14247	1891	-2591	56	239.57	-7	10	100	106	42	(15,-20)
1	2026-01-01 12:06:43.000	14282	1884	-2587	56	204.53	-9	9	100	106	42	(15,-20)
1	2026-01-01 12:06:44.000	14317	1876	-2518	56	248.51	-8	9	100	106	42	(15,-20)
1	2026-01-01 12:06:45.000	14352	1894	-2493	56	220.98	-9	7	100	106	42	(15,-19)
1	2026-01-01 12:06:46.000	14387	1944	-2508	56	221.87	-10	5	100	106	42	(15,-20)
1	2026-01-01 12:06:47.000	14422	1875	-2491	56	210.97	-8	3	100	106	42	(15,-19)
1	2026-01-01 12:06:48.000	14457	1835	-2556	56	198.25	-10	3	100	106	42	(14,-20)
1	2026-01-01 12:06:49.000	14492	1909	-2591	56	178.85	-10	2	100	106	50	(15,-20)
1	2026-01-01 12:06:50.000	14527	1967	-2538	56	144.55	-10	4	100	106	50	(15,-20)
1	2026-01-01 12:06:51.000	14562	2008	-2593	56	136.86	-10	5	100	106	50	(16,-20)
1	2026-01-01 12:06:52.000	14597	1942	-2668	56	149.28	-10	7	100	106	50	(15,-21)
1	2026-01-01 12:06:53.000	14632	1906	-2682	56	120.76	-10	7	100	106	50	(15,-21)
1	2026-01-01 12:06:54.000	14667	1827	-2714	56	80.61	-10	5	100	106	47	(14,-21)
1	2026-01-01 12:06:55.000	14702	1790	-2674	56	98.94	-10	5	100	106	47	(14,-21)
1	2026-01-01 12:06:56.000	14737	1842	-2668	56	128.97	-10	5	100	106	47	(14,-21)
1	2026-01-01 12:06:57.000	14772	1779	-2602	56	92.81	-10	5	100	106	47	(14,-20)
1	2026-01-01 12:06:58.000	14807	1867	-2676	56	137.42	-10	4	100	106	47	(15,-21)
1	2026-01-01 12:06:59.000	14842	1830	-2730	56	148.08	-10	3	100	106	50	(14,-21)
1	2026-01-01 12:07:00.000	14877	1894	-2739	0	167.29	-9	2	100	106	49	(15,-21)
1	2026-01-01 12:07:01.000	14912	1810	-2691	0	195.06	-10	1	100	106	49	(14,-21)
1	2026-01-01 12:07:02.000	14947	1808	-2651	0	207.67	-8	0	100	106	50	(14,-21)
1	2026-01-01 12:07:03.000	14982	1723	-2652	0	223.36	-6	-1	100	106	50	(13,-21)
1	2026-01-01 12:07:04.000	15017	1737	-2661	0	250.04	-6	-1	100	106	50	(14,-21)
1	2026-01-01 12:07:05.000	15052	1703	-2719	0	236.34	-8	0	100	106	50	(13,-21)
1	2026-01-01 12:07:06.000	15087	1685	-2734	0	232.16	-10	0	100	106	50	(13,-21)
1	2026-01-01 12:07:07.000	15122	1600	-2690	0	205.71	-10	-1	100	106	50	(12,-21)
1	2026-01-01 12:07:08.000	15157	1574	-2750	0	207.86	-9	-1	100	106	50	(12,-21)
1	2026-01-01 12:07:09.000	15192	1653	-2736	0	221.21	-10	0	100	106	49	(13,-21)
1	2026-01-01 12:07:10.000	15227	1691	-2680	0	231.72	-10	2	100	106	49	(13,-21)
1	2026-01-01 12:07:11.000	15262	1616	-2643	0	242.44	-10	4	100	106	49	(13,-21)
1	2026-01-01 12:07:12.000	15297	1596	-2564	0	202.73	-10	3	100	106	49	(12,-20)
1	2026-01-01 12:07:13.000	15332	1653	-2515	0	184.08	-10	4	100	106	49	(13,-20)
1	2026-01-01 12:07:14.000	15367	1650	-2554	0	149.95	-10	6	100	106	49	(13,-20)
1	2026-01-01 12:07:15.000	15402	1703	-2481	0	166.12	-9	6	100	106	50	(13,-19)
1	2026-01-01 12:07:16.000	15437	1763	-2551	0	139.08	-10	6	100	106	50	(14,-20)
1	2026-01-01 12:07:17.000	15472	1690	-2555	0	136.25	-9	5	100	106	50	(13,-20)
1	2026-01-01 12:07:18.000	15507	1665	-2492	0	112.82	-10	6	100	106	50	(13,-19)
1	2026-01-01 12:07:19.000	15542	1740	-2541	0	95.61	-9	7	100	106	50	(14,-20)
1	2026-01-01 12:07:20.000	15577	1746	-2474	0	126.7	-10	6	100	106	46	(14,-19)
1	2026-01-01 12:07:21.000	15612	1761	-2503	0	156.6	-10	6	100	106	46	(14,-20)
1	2026-01-01 12:07:22.000	15647	1787	-2428	24	185.35	-8	7	100	106	45	(14,-19)
1	2026-01-01 12:07:23.000	15682	1702	-2482	0	167.32	-6	5	100	106	45	(13,-19)
1	2026-01-01 12:07:24.000	15717	1691	-2516	0	158.32	-7	4	100	106	45	(13,-20)
1	2026-01-01 12:07:25.000	15752	1685	-2461	0	178.63	-8	5	100	106	45	(13,-19)
1	2026-01-01 12:07:26.000	15787	1690	-2436	0	157.79	-7	7	100	106	45	(13,-19)
1	2026-01-01 12:07:27.000	15822	1656	-2474	0	199.36	-9	9	100	106	45	(13,-19)
1	2026-01-01 12:07:28.000	15857	1654	-2427	0	195.24	-10	9	100	106	45	(13,-19)
1	2026-01-01 12:07:29.000	15892	1641	-2412	0	198.8	-10	10	100	106	45	(13,-19)
1	2026-01-01 12:07:30.000	15927	1646	-2368	0	173.26	-10	10	100	106	45	(13,-18)
1	2026-01-01 12:07:31.000	15962	1720	-2334	0	169.75	-9	9	100	106	45	(13,-18)
1	2026-01-01 12:07:32.000	15997	1643	-2378	0	210.38	-7	7	96	106	45	(13,-19)
1	2026-01-01 12:07:33.000	16032	1708	-2391	56	231.86	-7	8	96	106	45	(13,-19)
1	2026-01-01 12:07:34.000	16067	1788	-2398	56	231.17	-8	7	96	106	45	(14,-19)
1	2026-01-01 12:07:35.000	16102	1755	-2362	56	257.39	-8	6	96	106	45	(14,-18)
1	2026-01-01 12:07:36.000	16137	1812	-2381	56	247.55	-8	4	96	106	50	(14,-19)
1	2026-01-01 12:07:37.000	16172	1772	-2363	56	237.94	-8	3	96	106	50	(14,-18)
1	2026-01-01 12:07:38.000	16207	1792	-2337	56	272.99	-6	4	96	106	50	(14,-18)
1	2026-01-01 12:07:39.000	16242	1755	-2351	56	269.17	-4	4	95	106	50	(14,-18)
1	2026-01-01 12:07:40.000	16277	1793	-2267	56	302.9	-4	3	95	106	50	(14,-18)
1	2026-01-01 12:07:41.000	16312	1703	-2248	56	290.77	-4	1	95	106	50	(13,-18)
1	2026-01-01 12:07:42.000	16347	1711	-2253	56	277.84	-5	0	95	106	50	(13,-18)
1	2026-01-01 12:07:43.000	16382	1648	-2309	56	287.98	-6	-1	95	106	50	(13,-18)
1	2026-01-01 12:07:44.000	16417	1579	-2291	56	314.02	-8	-1	95	106	50	(12,-18)
1	2026-01-01 12:07:45.000	16452	1648	-2224	56	343.73	-7	-1	95	106	50	(13,-17)
1	2026-01-01 12:07:46.000	16487	1737	-2284	56	325.2	-7	-2	95	106	50	(14,-18)
1	2026-01-01 12:07:47.000	16522	1718	-2348	56	293.58	-5	-2	95	106	50	(13,-18)
1	2026-01-01 12:07:48.000	16557	1643	-2272	56	251.28	-6	-2	95	106	50	(13,-18)
1	2026-01-01 12:07:49.000	16592	1609	-2211	64	235.99	-6	-3	95	106	50	(13,-17)
1	2026-01-01 12:07:50.000	16627	1584	-2190	64	274.52	-8	-4	95	106	50	(12,-17)
1	2026-01-01 12:07:51.000	16662	1511	-2200	64	269.66	-8	-5	95	106	50	(12,-17)
1	2026-01-01 12:07:52.000	16697	1527	-2161	64	248.11	-8	-3	95	106	50	(12,-17)
1	2026-01-01 12:07:53.000	16732	1593	-2248	64	284.56	-6	-1	95	106	50	(12,-18)
1	2026-01-01 12:07:54.000	16767	1666	-2289	64	270.42	-7	1	95	106	50	(13,-18)
1	2026-01-01 12:07:55.000	16802	1737	-2240	64	290.8	-9	1	95	106	50	(14,-18)
1	2026-01-01 12:07:56.000	16837	1648	-2211	64	281.6	-7	3	95	106	50	(13,-17)
1	2026-01-01 12:07:57.000	16872	1692	-2197	64	239.18	-8	4	95	106	48	(13,-17)
1	2026-01-01 12:07:58.000	16907	1644	-2119	40	237.68	-6	6	95	106	45	(13,-17)
1	2026-01-01 12:07:59.000	16942	1600	-2135	40	240.51	-5	7	95	106	45	(12,-17)
1	2026-01-01 12:08:00.000	16977	1673	-2108	40	238.88	-5	5	95	106	45	(13,-16)
1	2026-01-01 12:08:01.000	17012	1715	-2146	40	209.08	-6	5	95	106	45	(13,-17)
1	2026-01-01 12:08:02.000	17047	1767	-2129	40	207.28	-8	4	95	106	50	(14,-17)
1	2026-01-01 12:08:03.000	17082	1820	-2155	40	192.29	-10	3	95	106	50	(14,-17)
1	2026-01-01 12:08:04.000	17117	1786	-2104	40	193.17	-8	3	95	106	50	(14,-16)
1	2026-01-01 12:08:05.000	17152	1829	-2016	40	203.29	-6	1	95	106	50	(14,-16)
1	2026-01-01 12:08:06.000	17187	1795	-1955	40	199.87	-5	2	87	106	50	(14,-15)
1	2026-01-01 12:08:07.000	17222	1758	-2004	40	221.16	-7	1	87	106	50	(14,-16)
1	2026-01-01 12:08:08.000	17257	1780	-1986	40	229.89	-9	2	87	106	50	(14,-16)
1	2026-01-01 12:08:09.000	17292	1860	-2062	40	231.73	-7	2	87	106	50	(15,-16)
1	2026-01-01 12:08:10.000	17327	1792	-2119	40	218.89	-7	1	87	106	50	(14,-17)
1	2026-01-01 12:08:11.000	17362	1740	-2195	40	260.81	-7	1	87	106	50	(14,-17)
1	2026-01-01 12:08:12.000	17397	1808	-2153	40	246.07	-9	-1	87	106	50	(14,-17)
1	2026-01-01 12:08:13.000	17432	1834	-2186	40	241.28	-10	-3	87	106	50	(14,-17)
1	2026-01-01 12:08:14.000	17467	1878	-2266	40	235.05	-10	-3	87	106	50	(15,-18)
1	2026-01-01 12:08:15.000	17502	1834	-2251	40	273.67	-9	-5	87	106	45	(14,-18)
1	2026-01-01 12:08:16.000	17537	1804	-2207	40	305.38	-7	-7	87	106	45	(14,-17)
1	2026-01-01 12:08:17.000	17572	1891	-2277	40	287.02	-7	-5	87	106	45	(15,-18)
1	2026-01-01 12:08:18.000	17607	1968	-2228	40	294.1	-5	-5	87	106	45	(15,-17)
1	2026-01-01 12:08:19.000	17642	1892	-2313	40	307.67	-3	-7	87	106	45	(15,-18)
1	2026-01-01 12:08:20.000	17677	1837	-2254	40	333.02	-1	-7	87	106	45	(14,-18)
1	2026-01-01 12:08:21.000	17712	1895	-2337	40	329.66	1	-9	87	106	45	(15,-18)
1	2026-01-01 12:08:22.000	17747	1927	-2294	40	286.0	0	-10	87	106	45	(15,-18)
1	2026-01-01 12:08:23.000	17782	1945	-2206	40	285.74	-1	-10	87	106	45	(15,-17)
1	2026-01-01 12:08:24.000	17817	2010	-2283	40	288.97	-3	-9	87	106	45	(16,-18)
1	2026-01-01 12:08:25.000	17852	1959	-2323	40	305.09	-2	-8	87	106	45	(15,-18)
1	2026-01-01 12:08:26.000	17887	2021	-2380	40	326.43	-1	-7	87	106	45	(16,-19)
1	2026-01-01 12:08:27.000	17922	2074	-2332	40	315.07	-3	-8	87	106	45	(16,-18)
1	2026-01-01 12:08:28.000	17957	2000	-2348	40	276.87	-3	-7	87	106	45	(16,-18)
1	2026-01-01 12:08:29.000	17992	1939	-2438	40	264.45	-3	-9	87	106	45	(15,-19)
1	2026-01-01 12:08:30.000	18027	1948	-2410	40	289.98	-1	-9	87	106	45	(15,-19)
1	2026-01-01 12:08:31.000	18062	2022	-2375	40	315.04	0	-9	87	106	45	(16,-19)
1	2026-01-01 12:08:32.000	18097	1978	-2444	40	296.51	0	-9	87	106	45	(15,-19)
1	2026-01-01 12:08:33.000	18132	1960	-2456	40	309.99	1	-8	87	106	45	(15,-19)
1	2026-01-01 12:08:34.000	18167	1968	-2513	40	296.43	0	-7	87	106	45	(15,-20)
1	2026-01-01 12:08:35.000	18202	2044	-2441	40	274.62	0	-8	87	106	45	(16,-19)
1	2026-01-01 12:08:36.000	18237	2020	-2451	40	308.05	-1	-6	87	106	45	(16,-19)
1	2026-01-01 12:08:37.000	18272	1937	-2481	40	265.23	1	-4	87	106	45	(15,-19)
1	2026-01-01 12:08:38.000	18307	1936	-2444	40	303.99	1	-6	87	106	45	(15,-19)
1	2026-01-01 12:08:39.000	18342	1917	-2435	40	301.07	2	-5	87	106	45	(15,-19)
1	2026-01-01 12:08:40.000	18377	1861	-2510	40	318.38	4	-5	87	106	45	(15,-20)
1	2026-01-01 12:08:41.000	18412	1841	-2569	40	307.25	3	-3	87	106	45	(14,-20)
1	2026-01-01 12:08:42.000	18447	1855	-2526	40	346.81	1	-2	100	106	45	(14,-20)
1	2026-01-01 12:08:43.000	18482	1919	-2574	40	318.91	3	-2	100	106	45	(15,-20)
1	2026-01-01 12:08:44.000	18517	1847	-2608	40	331.46	4	-3	100	106	45	(14,-20)
1	2026-01-01 12:08:45.000	18552	1846	-2552	40	329.02	3	-3	100	106	45	(14,-20)
1	2026-01-01 12:08:46.000	18587	1824	-2513	40	301.46	1	-4	100	106	45	(14,-20)
1	2026-01-01 12:08:47.000	18622	1868	-2550	40	297.25	3	-5	100	106	45	(15,-20)
1	2026-01-01 12:08:48.000	18657	1866	-2620	40	318.29	4	-5	100	106	45	(15,-20)
1	2026-01-01 12:08:49.000	18692	1867	-2579	40	305.18	5	-4	100	106	45	(15,-20)
1	2026-01-01 12:08:50.000	18727	1795	-2652	40	270.26	3	-2	100	106	45	(14,-21)
1	2026-01-01 12:08:51.000	18762	1781	-2667	40	237.37	3	-3	100	106	45	(14,-21)
1	2026-01-01 12:08:52.000	18797	1702	-2692	40	268.68	1	-1	100	106	41	(13,-21)
1	2026-01-01 12:08:53.000	18832	1698	-2744	40	291.4	-1	-1	100	106	41	(13,-21)
1	2026-01-01 12:08:54.000	18867	1610	-2788	40	278.14	-3	-1	100	106	41	(13,-22)
1	2026-01-01 12:08:55.000	18902	1605	-2819	40	275.88	-4	-3	100	106	41	(13,-22)
1	2026-01-01 12:08:56.000	18937	1614	-2839	40	293.3	-2	-1	100	106	41	(13,-22)
1	2026-01-01 12:08:57.000	18972	1657	-2836	0	291.71	-3	-2	100	106	40	(13,-22)
1	2026-01-01 12:08:58.000	19007	1680	-2866	0	290.39	-4	-2	100	106	40	(13,-22)
1	2026-01-01 12:08:59.000	19042	1630	-2835	56	304.72	-2	-3	100	106	50	(13,-22)
1	2026-01-01 12:09:00.000	19077	1675	-2917	56	346.84	-1	-5	100	106	50	(13,-23)
1	2026-01-01 12:09:01.000	19112	1641	-2988	56	315.82	0	-5	100	106	50	(13,-23)
1	2026-01-01 12:09:02.000	19147	1616	-2903	56	293.66	1	-4	100	106	50	(13,-23)
1	2026-01-01 12:09:03.000	19182	1584	-2986	56	253.13	2	-2	100	106	50	(12,-23)
1	2026-01-01 12:09:04.000	19217	1668	-3042	56	258.1	2	0	100	106	46	(13,-24)
1	2026-01-01 12:09:05.000	19252	1701	-2958	0	299.94	0	-2	100	106	46	(13,-23)
1	2026-01-01 12:09:06.000	19287	1743	-3021	0	257.48	-1	-4	100	106	46	(14,-24)
1	2026-01-01 12:09:07.000	19322	1673	-3044	0	254.33	-2	-5	100	106	46	(13,-24)
1	2026-01-01 12:09:08.000	19357	1707	-2964	0	289.24	0	-4	100	106	46	(13,-23)
1	2026-01-01 12:09:09.000	19392	1767	-2896	0	311.07	-2	-2	100	106	46	(14,-23)
1	2026-01-01 12:09:10.000	19427	1802	-2872	0	352.14	-1	-4	100	106	46	(14,-22)
1	2026-01-01 12:09:11.000	19462	1820	-2915	0	310.46	-1	-6	100	106	46	(14,-23)
1	2026-01-01 12:09:12.000	19497	1885	-2904	32	275.75	-3	-6	100	106	46	(15,-23)
1	2026-01-01 12:09:13.000	19532	1805	-2920	0	291.0	-1	-5	100	106	46	(14,-23)
1	2026-01-01 12:09:14.000	19567	1717	-2907	0	274.35	1	-7	100	106	46	(13,-23)
1	2026-01-01 12:09:15.000	19602	1729	-2971	0	297.82	0	-5	100	106	46	(14,-23)
1	2026-01-01 12:09:16.000	19637	1650	-2967	0	270.33	1	-4	100	106	50	(13,-23)
1	2026-01-01 12:09:17.000	19672	1616	-3016	0	243.68	1	-6	100	106	50	(13,-24)
1	2026-01-01 12:09:18.000	19707	1680	-3074	0	247.9	1	-6	100	106	50	(13,-24)
1	2026-01-01 12:09:19.000	19742	1683	-3116	0	210.85	0	-5	100	106	50	(13,-24)
1	2026-01-01 12:09:20.000	19777	1595	-3115	0	222.47	-1	-3	100	106	50	(12,-24)
1	2026-01-01 12:09:21.000	19812	1683	-3198	0	267.22	-1	-2	100	106	50	(13,-25)
1	2026-01-01 12:09:22.000	19847	1659	-3158	0	290.91	-2	-1	100	106	50	(13,-25)
1	2026-01-01 12:09:23.000	19882	1697	-3091	0	331.08	-4	1	100	106	50	(13,-24)
1	2026-01-01 12:09:24.000	19917	1608	-3110	0	351.84	-4	2	100	106	45	(13,-24)
1	2026-01-01 12:09:25.000	19952	1698	-3161	64	315.17	-4	4	100	106	45	(13,-25)
1	2026-01-01 12:09:26.000	19987	1677	-3112	64	335.85	-5	3	100	106	45	(13,-24)
1	2026-01-01 12:09:27.000	20022	1760	-3187	64	355.49	-6	1	100	106	45	(14,-25)
1	2026-01-01 12:09:28.000	20057	1838	-3248	64	311.32	-7	3	100	106	45	(14,-25)
1	2026-01-01 12:09:29.000	20092	1851	-3259	64	306.29	-7	1	100	106	44	(14,-25)
1	2026-01-01 12:09:30.000	20127	1877	-3292	64	287.48	-6	1	100	106	44	(15,-26)
1	2026-01-01 12:09:31.000	20162	1856	-3271	-8	311.68	-4	1	100	106	44	(14,-26)
1	2026-01-01 12:09:32.000	20197	1772	-3246	-8	310.55	-5	0	100	106	44	(14,-25)
1	2026-01-01 12:09:33.000	20232	1795	-3233	-8	312.73	-7	0	100	106	44	(14,-25)
1	2026-01-01 12:09:34.000	20267	1723	-3189	-8	350.78	-8	-2	100	106	44	(13,-25)
1	2026-01-01 12:09:35.000	20302	1701	-3223	-8	315.9	-9	0	100	106	44	(13,-25)
1	2026-01-01 12:09:36.000	20337	1762	-3234	-8	311.44	-9	-1	100	106	44	(14,-25)
1	2026-01-01 12:09:37.000	20372	1715	-3251	-8	336.8	-10	-1	100	106	43	(13,-25)
1	2026-01-01 12:09:38.000	20407	1678	-3271	-8	304.34	-9	0	100	106	43	(13,-26)
1	2026-01-01 12:09:39.000	20442	1759	-3219	-8	317.32	-7	2	100	106	43	(14,-25)
1	2026-01-01 12:09:40.000	20477	1840	-3216	-8	300.46	-5	2	100	106	43	(14,-25)
1	2026-01-01 12:09:41.000	20512	1769	-3143	-8	302.31	-7	4	100	106	43	(14,-25)
1	2026-01-01 12:09:42.000	20547	1824	-3093	-8	330.15	-5	5	100	106	43	(14,-24)
1	2026-01-01 12:09:43.000	20582	1874	-3147	-8	308.0	-6	7	100	106	43	(15,-25)
1	2026-01-01 12:09:44.000	20617	1799	-3078	-8	313.07	-7	5	100	106	43	(14,-24)
1	2026-01-01 12:09:45.000	20652	1817	-3039	-8	352.91	-5	4	100	106	43	(14,-24)
1	2026-01-01 12:09:46.000	20687	1896	-2987	-8	314.82	-5	5	100	106	43	(15,-23)
1	2026-01-01 12:09:47.000	20722	1890	-3014	-8	301.29	-5	3	100	106	43	(15,-24)
1	2026-01-01 12:09:48.000	20757	1814	-3100	-8	344.52	-3	2	100	106	43	(14,-24)
1	2026-01-01 12:09:49.000	20792	1750	-3117	-8	23.26	-5	4	100	106	43	(14,-24)
1	2026-01-01 12:09:50.000	20827	1755	-3079	-8	343.16	-5	2	100	106	43	(14,-24)
1	2026-01-01 12:09:51.000	20862	1717	-3085	-8	354.16	-3	2	100	106	43	(13,-24)
1	2026-01-01 12:09:52.000	20897	1755	-3067	-8	309.5	-1	4	100	106	43	(14,-24)
1	2026-01-01 12:09:53.000	20932	1819	-2985	-8	294.58	-3	4	94	106	43	(14,-23)
1	2026-01-01 12:09:54.000	20967	1839	-2925	-8	286.96	-2	3	94	106	43	(14,-23)
1	2026-01-01 12:09:55.000	21002	1832	-2858	-8	281.35	0	2	94	106	43	(14,-22)
1	2026-01-01 12:09:56.000	21037	1760	-2905	16	241.47	1	1	94	106	40	(14,-23)
1	2026-01-01 12:09:57.000	21072	1684	-2929	16	199.48	-1	0	94	106	40	(13,-23)
1	2026-01-01 12:09:58.000	21107	1672	-2927	16	161.87	1	-2	94	106	40	(13,-23)
1	2026-01-01 12:09:59.000	21142	1591	-2887	16	202.57	3	-3	94	106	40	(12,-23)
1	2026-01-01 12:10:00.000	21177	1613	-2823	16	181.68	4	-5	94	106	37	(13,-22)
1	2026-01-01 12:10:01.000	21212	1698	-2739	16	218.6	6	-6	85	106	37	(13,-21)
1	2026-01-01 12:10:02.000	21247	1610	-2656	16	247.6	8	-4	85	106	37	(13,-21)
1	2026-01-01 12:10:03.000	21282	1603	-2728	16	279.75	9	-3	85	106	50	(13,-21)
1	2026-01-01 12:10:04.000	21317	1630	-2784	16	314.2	8	-3	85	106	50	(13,-22)
1	2026-01-01 12:10:05.000	21352	1675	-2807	16	276.86	10	-3	85	106	50	(13,-22)
1	2026-01-01 12:10:06.000	21387	1611	-2831	16	271.08	10	-5	85	106	50	(13,-22)
1	2026-01-01 12:10:07.000	21422	1696	-2824	16	264.87	10	-4	85	106	50	(13,-22)
1	2026-01-01 12:10:08.000	21457	1625	-2892	16	221.69	10	-2	85	106	50	(13,-23)
1	2026-01-01 12:10:09.000	21492	1536	-2956	16	179.04	10	-1	85	106	50	(12,-23)
1	2026-01-01 12:10:10.000	21527	1548	-2924	16	196.62	10	-1	85	106	50	(12,-23)
1	2026-01-01 12:10:11.000	21562	1560	-2944	16	219.22	10	0	85	106	50	(12,-23)
1	2026-01-01 12:10:12.000	21597	1555	-2916	0	238.46	10	0	85	106	50	(12,-23)
1	2026-01-01 12:10:13.000	21632	1483	-2989	0	283.3	8	0	85	106	50	(12,-23)
1	2026-01-01 12:10:14.000	21667	1423	-3037	0	277.31	9	1	85	106	50	(11,-24)
1	2026-01-01 12:10:15.000	21702	1392	-3007	0	306.7	7	0	85	106	50	(11,-23)
1	2026-01-01 12:10:16.000	21737	1347	-3035	0	299.92	7	2	85	106	50	(11,-24)
1	2026-01-01 12:10:17.000	21772	1345	-2971	0	283.41	6	2	85	106	50	(11,-23)
1	2026-01-01 12:10:18.000	21807	1350	-2963	0	241.76	6	1	85	106	50	(11,-23)
1	2026-01-01 12:10:19.000	21842	1366	-3048	24	277.08	6	3	85	106	50	(11,-24)
1	2026-01-01 12:10:20.000	21877	1317	-3123	24	277.55	4	1	85	106	50	(10,-24)
1	2026-01-01 12:10:21.000	21912	1245	-3075	24	247.84	6	1	85	106	50	(10,-24)
1	2026-01-01 12:10:22.000	21947	1316	-3144	24	243.13	4	1	85	106	50	(10,-25)
1	2026-01-01 12:10:23.000	21982	1268	-3179	24	286.27	4	2	85	106	50	(10,-25)
1	2026-01-01 12:10:24.000	22017	1352	-3097	24	264.64	5	4	85	106	49	(11,-24)
1	2026-01-01 12:10:25.000	22052	1436	-3046	24	304.87	5	5	85	106	49	(11,-24)
1	2026-01-01 12:10:26.000	22087	1354	-3136	24	268.09	4	5	85	106	49	(11,-24)
1	2026-01-01 12:10:27.000	22122	1308	-3123	24	265.99	2	6	85	106	49	(10,-24)
1	2026-01-01 12:10:28.000	22157	1236	-3093	24	243.72	1	4	85	106	49	(10,-24)
1	2026-01-01 12:10:29.000	22192	1248	-3145	24	200.92	1	2	85	106	49	(10,-25)
1	2026-01-01 12:10:30.000	22227	1273	-3211	24	235.38	3	4	85	106	49	(10,-25)
1	2026-01-01 12:10:31.000	22262	1314	-3202	-16	230.96	1	6	85	106	49	(10,-25)
1	2026-01-01 12:10:32.000	22297	1315	-3169	0	216.22	-1	5	85	106	49	(10,-25)
1	2026-01-01 12:10:33.000	22332	1303	-3254	0	199.75	-3	5	85	106	49	(10,-25)
1	2026-01-01 12:10:34.000	22367	1351	-3199	0	186.15	-4	7	85	106	44	(11,-25)
1	2026-01-01 12:10:35.000	22402	1408	-3195	24	216.36	-5	5	85	106	44	(11,-25)
1	2026-01-01 12:10:36.000	22437	1465	-3110	24	183.35	-7	4	85	106	44	(11,-24)
1	2026-01-01 12:10:37.000	22472	1553	-3170	-8	204.86	-7	2	85	106	50	(12,-25)
1	2026-01-01 12:10:38.000	22507	1586	-3135	-8	196.23	-8	3	85	106	48	(12,-24)
1	2026-01-01 12:10:39.000	22542	1597	-3192	-8	196.69	-10	1	85	106	48	(12,-25)
1	2026-01-01 12:10:40.000	22577	1574	-3170	-8	217.5	-10	-1	85	106	48	(12,-25)
1	2026-01-01 12:10:41.000	22612	1586	-3185	-8	248.39	-10	-2	85	106	48	(12,-25)
1	2026-01-01 12:10:42.000	22647	1522	-3201	-8	268.05	-10	-3	85	106	48	(12,-25)
1	2026-01-01 12:10:43.000	22682	1436	-3262	-8	292.72	-10	-4	85	106	48	(11,-25)
1	2026-01-01 12:10:44.000	22717	1383	-3233	-8	283.46	-8	-5	85	106	48	(11,-25)
1	2026-01-01 12:10:45.000	22752	1317	-3147	-8	263.09	-8	-7	85	106	48	(10,-25)
1	2026-01-01 12:10:46.000	22787	1334	-3166	64	274.54	-7	-6	85	106	48	(10,-25)
1	2026-01-01 12:10:47.000	22822	1329	-3214	64	312.09	-8	-7	85	106	48	(10,-25)
1	2026-01-01 12:10:48.000	22857	1275	-3159	64	272.77	-10	-7	85	106	48	(10,-25)
1	2026-01-01 12:10:49.000	22892	1347	-3116	64	238.21	-8	-9	85	106	48	(11,-24)
1	2026-01-01 12:10:50.000	22927	1413	-3185	64	222.11	-9	-10	85	106	48	(11,-25)
1	2026-01-01 12:10:51.000	22962	1481	-3144	64	245.73	-10	-8	85	106	48	(12,-25)
1	2026-01-01 12:10:52.000	22997	1425	-3093	0	284.42	-9	-8	85	106	48	(11,-24)
1	2026-01-01 12:10:53.000	23032	1396	-3071	0	306.78	-8	-10	85	106	48	(11,-24)
1	2026-01-01 12:10:54.000	23067	1388	-3018	0	288.47	-8	-10	85	106	45	(11,-24)
1	2026-01-01 12:10:55.000	23102	1370	-2965	0	265.58	-10	-8	85	106	45	(11,-23)
1	2026-01-01 12:10:56.000	23137	1420	-2960	0	260.33	-10	-7	85	106	40	(11,-23)
1	2026-01-01 12:10:57.000	23172	1486	-2883	0	287.25	-8	-9	85	106	40	(12,-23)
1	2026-01-01 12:10:58.000	23207	1570	-2881	0	294.74	-7	-10	85	106	40	(12,-23)
1	2026-01-01 12:10:59.000	23242	1492	-2824	0	301.55	-9	-10	85	106	40	(12,-22)
1	2026-01-01 12:11:00.000	23277	1451	-2794	0	258.24	-10	-9	85	106	40	(11,-22)
1	2026-01-01 12:11:01.000	23312	1505	-2753	0	217.92	-10	-10	85	106	40	(12,-22)
1	2026-01-01 12:11:02.000	23347	1436	-2733	0	190.65	-8	-10	85	106	40	(11,-21)
1	2026-01-01 12:11:03.000	23382	1366	-2713	0	172.93	-9	-9	85	106	40	(11,-21)
1	2026-01-01 12:11:04.000	23417	1423	-2717	0	174.7	-10	-7	85	106	40	(11,-21)
1	2026-01-01 12:11:05.000	23452	1341	-2670	-16	151.87	-8	-9	85	106	37	(10,-21)
1	2026-01-01 12:11:06.000	23487	1403	-2749	-16	172.65	-7	-8	85	106	37	(11,-21)
1	2026-01-01 12:11:07.000	23522	1446	-2752	-16	159.78	-6	-6	85	106	37	(11,-22)
1	2026-01-01 12:11:08.000	23557	1360	-2669	-16	126.85	-5	-7	85	106	37	(11,-21)
1	2026-01-01 12:11:09.000	23592	1326	-2612	-16	136.26	-7	-6	85	106	37	(10,-20)
1	2026-01-01 12:11:10.000	23627	1377	-2562	-16	173.34	-9	-4	85	106	37	(11,-20)
1	2026-01-01 12:11:11.000	23662	1301	-2486	-16	210.02	-10	-4	85	106	37	(10,-19)
1	2026-01-01 12:11:12.000	23697	1317	-2442	-16	184.84	-9	-4	85	106	37	(10,-19)
1	2026-01-01 12:11:13.000	23732	1281	-2457	-16	186.42	-8	-3	85	106	37	(10,-19)
1	2026-01-01 12:11:14.000	23767	1198	-2414	-16	171.18	-10	-4	85	106	37	(9,-19)
1	2026-01-01 12:11:15.000	23802	1112	-2453	-16	149.37	-10	-5	85	106	37	(9,-19)
1	2026-01-01 12:11:16.000	23837	1153	-2523	-16	105.3	-8	-7	85	106	37	(9,-20)
1	2026-01-01 12:11:17.000	23872	1184	-2564	-16	128.73	-10	-6	85	106	37	(9,-20)
1	2026-01-01 12:11:18.000	23907	1274	-2553	-16	143.64	-8	-6	85	106	37	(10,-20)
1	2026-01-01 12:11:19.000	23942	1308	-2546	-16	131.72	-7	-5	85	106	33	(10,-20)
1	2026-01-01 12:11:20.000	23977	1379	-2525	-16	144.45	-9	-7	85	106	33	(11,-20)
1	2026-01-01 12:11:21.000	24012	1453	-2552	-16	146.32	-10	-8	85	106	33	(11,-20)
1	2026-01-01 12:11:22.000	24047	1475	-2482	-16	145.84	-10	-10	85	106	33	(12,-19)
1	2026-01-01 12:11:23.000	24082	1484	-2488	-16	184.62	-8	-10	85	106	33	(12,-19)
1	2026-01-01 12:11:24.000	24117	1480	-2555	-16	179.1	-7	-8	85	106	30	(12,-20)
1	2026-01-01 12:11:25.000	24152	1552	-2477	-16	170.46	-8	-9	85	106	30	(12,-19)
1	2026-01-01 12:11:26.000	24187	1495	-2467	-16	162.83	-9	-10	85	106	30	(12,-19)
1	2026-01-01 12:11:27.000	24222	1567	-2433	-16	154.6	-8	-8	85	106	30	(12,-19)
1	2026-01-01 12:11:28.000	24257	1568	-2412	-16	124.17	-6	-9	85	106	30	(12,-19)
1	2026-01-01 12:11:29.000	24292	1478	-2427	-16	110.95	-8	-8	85	106	30	(12,-19)
1	2026-01-01 12:11:30.000	24327	1408	-2464	-16	91.48	-10	-10	85	106	30	(11,-19)
1	2026-01-01 12:11:31.000	24362	1389	-2424	-16	113.53	-8	-10	85	106	30	(11,-19)
1	2026-01-01 12:11:32.000	24397	1349	-2430	-16	142.95	-6	-10	85	106	26	(11,-19)
1	2026-01-01 12:11:33.000	24432	1379	-2482	-16	141.69	-8	-9	85	106	26	(11,-19)
1	2026-01-01 12:11:34.000	24467	1313	-2438	-16	165.9	-10	-10	85	106	26	(10,-19)
1	2026-01-01 12:11:35.000	24502	1283	-2386	-16	209.41	-9	-8	85	106	26	(10,-19)
1	2026-01-01 12:11:36.000	24537	1254	-2351	-16	191.65	-10	-10	85	106	24	(10,-18)
1	2026-01-01 12:11:37.000	24572	1240	-2417	-16	151.15	-9	-10	85	106	46	(10,-19)
1	2026-01-01 12:11:38.000	24607	1196	-2439	-16	161.45	-8	-10	85	106	46	(9,-19)
1	2026-01-01 12:11:39.000	24642	1110	-2383	-16	160.43	-6	-9	85	106	46	(9,-19)
1	2026-01-01 12:11:40.000	24677	1042	-2439	-16	174.34	-4	-10	85	106	46	(8,-19)
1	2026-01-01 12:11:41.000	24712	1076	-2391	-16	195.0	-3	-9	85	106	46	(8,-19)
1	2026-01-01 12:11:42.000	24747	1134	-2302	-16	180.82	-4	-10	85	106	46	(9,-18)
1	2026-01-01 12:11:43.000	24782	1044	-2325	-16	214.62	-3	-10	85	106	46	(8,-18)
1	2026-01-01 12:11:44.000	24817	1054	-2294	-16	195.92	-1	-10	85	106	46	(8,-18)
1	2026-01-01 12:11:45.000	24852	1132	-2259	56	184.93	-3	-10	85	106	46	(9,-18)
1	2026-01-01 12:11:46.000	24887	1200	-2342	56	210.42	-5	-9	85	106	46	(9,-18)
1	2026-01-01 12:11:47.000	24922	1254	-2402	56	178.72	-7	-8	85	106	50	(10,-19)
1	2026-01-01 12:11:48.000	24957	1176	-2349	56	195.15	-5	-6	85	106	50	(9,-18)
1	2026-01-01 12:11:49.000	24992	1131	-2337	56	187.98	-7	-7	85	106	50	(9,-18)
1	2026-01-01 12:11:50.000	25027	1170	-2301	56	203.46	-5	-5	85	106	50	(9,-18)
1	2026-01-01 12:11:51.000	25062	1105	-2250	56	228.24	-6	-3	85	106	50	(9,-18)
1	2026-01-01 12:11:52.000	25097	1162	-2290	56	232.48	-6	-1	85	106	50	(9,-18)
1	2026-01-01 12:11:53.000	25132	1111	-2248	56	239.19	-6	0	85	106	50	(9,-18)
1	2026-01-01 12:11:54.000	25167	1117	-2308	56	244.94	-4	0	85	106	50	(9,-18)
1	2026-01-01 12:11:55.000	25202	1191	-2396	0	213.95	-2	2	85	106	50	(9,-19)
1	2026-01-01 12:11:56.000	25237	1242	-2350	0	248.55	0	2	85	106	50	(10,-18)
1	2026-01-01 12:11:57.000	25272	1278	-2318	0	226.0	1	1	85	106	50	(10,-18)
1	2026-01-01 12:11:58.000	25307	1338	-2274	0	206.85	2	-1	85	106	50	(10,-18)
1	2026-01-01 12:11:59.000	25342	1386	-2334	0	184.34	2	-3	85	106	50	(11,-18)
1	2026-01-01 12:12:00.000	25377	1400	-2324	0	172.16	0	-4	85	106	50	(11,-18)
1	2026-01-01 12:12:01.000	25412	1382	-2313	16	147.48	0	-5	85	106	50	(11,-18)
1	2026-01-01 12:12:02.000	25447	1406	-2274	16	187.53	2	-6	85	106	50	(11,-18)
1	2026-01-01 12:12:03.000	25482	1359	-2350	16	187.99	4	-7	85	106	50	(11,-18)
1	2026-01-01 12:12:04.000	25517	1439	-2372	16	187.39	4	-5	85	106	50	(11,-19)
1	2026-01-01 12:12:05.000	25552	1366	-2442	16	185.88	3	-3	85	106	50	(11,-19)
1	2026-01-01 12:12:06.000	25587	1294	-2500	16	161.3	5	-4	85	106	50	(10,-20)
1	2026-01-01 12:12:07.000	25622	1286	-2577	24	202.77	7	-3	77	106	50	(10,-20)
1	2026-01-01 12:12:08.000	25657	1250	-2507	24	241.47	5	-3	77	106	45	(10,-20)
1	2026-01-01 12:12:09.000	25692	1232	-2500	24	224.06	4	-5	77	106	45	(10,-20)
1	2026-01-01 12:12:10.000	25727	1299	-2445	24	249.79	5	-4	77	106	45	(10,-19)
1	2026-01-01 12:12:11.000	25762	1288	-2393	24	263.25	6	-5	77	106	45	(10,-19)
1	2026-01-01 12:12:12.000	25797	1200	-2317	40	227.84	5	-6	77	106	45	(9,-18)
1	2026-01-01 12:12:13.000	25832	1214	-2269	40	209.64	3	-7	77	106	45	(9,-18)
1	2026-01-01 12:12:14.000	25867	1133	-2244	40	181.18	2	-9	77	106	45	(9,-18)
1	2026-01-01 12:12:15.000	25902	1109	-2216	24	180.14	4	-8	77	106	45	(9,-17)
1	2026-01-01 12:12:16.000	25937	1022	-2223	0	217.89	4	-6	77	106	45	(8,-17)
1	2026-01-01 12:12:17.000	25972	981	-2266	0	227.97	5	-5	77	106	45	(8,-18)
1	2026-01-01 12:12:18.000	26007	973	-2280	0	209.5	4	-6	77	106	45	(8,-18)
1	2026-01-01 12:12:19.000	26042	1023	-2235	0	250.35	3	-5	77	106	45	(8,-17)
1	2026-01-01 12:12:20.000	26077	974	-2308	0	271.23	3	-7	77	106	45	(8,-18)
1	2026-01-01 12:12:21.000	26112	1046	-2225	0	238.55	4	-7	77	106	45	(8,-17)
1	2026-01-01 12:12:22.000	26147	1016	-2149	0	221.01	6	-5	77	106	44	(8,-17)
1	2026-01-01 12:12:23.000	26182	1028	-2150	0	219.0	6	-5	77	106	44	(8,-17)
1	2026-01-01 12:12:24.000	26217	1034	-2086	0	205.06	8	-7	77	106	44	(8,-16)
1	2026-01-01 12:12:25.000	26252	963	-2095	0	212.01	7	-6	77	106	44	(8,-16)
1	2026-01-01 12:12:26.000	26287	884	-2076	40	200.85	6	-6	77	106	44	(7,-16)
1	2026-01-01 12:12:27.000	26322	843	-1997	40	237.84	5	-5	77	106	44	(7,-16)
1	2026-01-01 12:12:28.000	26357	910	-1920	40	215.79	6	-4	77	106	44	(7,-15)
1	2026-01-01 12:12:29.000	26392	966	-1999	40	222.39	5	-6	77	106	44	(8,-16)
1	2026-01-01 12:12:30.000	26427	922	-2043	40	241.09	3	-6	77	106	44	(7,-16)
1	2026-01-01 12:12:31.000	26462	960	-2118	40	265.86	4	-6	77	106	44	(8,-17)
1	2026-01-01 12:12:32.000	26497	1048	-2068	40	236.36	3	-8	77	106	44	(8,-16)
1	2026-01-01 12:12:33.000	26532	1138	-2025	40	264.16	1	-8	77	106	44	(9,-16)
1	2026-01-01 12:12:34.000	26567	1167	-2101	40	278.69	1	-8	77	106	44	(9,-16)
1	2026-01-01 12:12:35.000	26602	1251	-2189	40	256.85	1	-6	77	106	41	(10,-17)
1	2026-01-01 12:12:36.000	26637	1216	-2114	40	259.55	0	-6	77	106	41	(10,-17)
1	2026-01-01 12:12:37.000	26672	1293	-2190	40	256.34	2	-5	77	106	41	(10,-17)
1	2026-01-01 12:12:38.000	26707	1303	-2126	40	281.65	1	-5	77	106	41	(10,-17)
1	2026-01-01 12:12:39.000	26742	1282	-2060	40	271.46	1	-6	77	106	41	(10,-16)
1	2026-01-01 12:12:40.000	26777	1248	-2136	56	285.11	2	-7	77	106	41	(10,-17)
1	2026-01-01 12:12:41.000	26812	1320	-2124	56	293.46	1	-7	77	106	41	(10,-17)
1	2026-01-01 12:12:42.000	26847	1292	-2184	56	309.38	2	-8	95	106	41	(10,-17)
1	2026-01-01 12:12:43.000	26882	1213	-2229	56	324.05	3	-9	86	106	41	(9,-17)
1	2026-01-01 12:12:44.000	26917	1177	-2304	56	313.52	3	-7	86	106	41	(9,-18)
1	2026-01-01 12:12:45.000	26952	1097	-2229	56	356.23	3	-8	86	106	41	(9,-17)
1	2026-01-01 12:12:46.000	26987	1057	-2313	56	16.43	3	-10	86	106	36	(8,-18)
1	2026-01-01 12:12:47.000	27022	1048	-2236	56	359.31	3	-10	86	106	36	(8,-17)
1	2026-01-01 12:12:48.000	27057	1134	-2215	56	345.74	1	-10	86	106	36	(9,-17)
1	2026-01-01 12:12:49.000	27092	1162	-2216	56	340.81	0	-10	86	106	36	(9,-17)
1	2026-01-01 12:12:50.000	27127	1184	-2181	56	313.23	0	-9	86	106	36	(9,-17)
1	2026-01-01 12:12:51.000	27162	1251	-2266	56	332.83	2	-10	86	106	36	(10,-18)
1	2026-01-01 12:12:52.000	27197	1230	-2302	-16	5.24	1	-8	86	106	36	(10,-18)
1	2026-01-01 12:12:53.000	27232	1186	-2310	-16	17.75	1	-8	86	106	36	(9,-18)
1	2026-01-01 12:12:54.000	27267	1144	-2368	-16	7.84	-1	-10	86	106	32	(9,-18)
1	2026-01-01 12:12:55.000	27302	1215	-2279	-16	355.19	1	-9	86	106	32	(9,-18)
1	2026-01-01 12:12:56.000	27337	1222	-2269	-16	326.47	3	-10	85	106	28	(10,-18)
1	2026-01-01 12:12:57.000	27372	1139	-2287	-16	289.9	5	-9	85	106	28	(9,-18)
1	2026-01-01 12:12:58.000	27407	1065	-2243	-16	247.33	6	-7	85	106	26	(8,-18)
1	2026-01-01 12:12:59.000	27442	1026	-2155	-16	266.5	8	-6	85	106	26	(8,-17)
1	2026-01-01 12:13:00.000	27477	1088	-2202	-16	278.99	9	-5	85	106	26	(8,-17)
1	2026-01-01 12:13:01.000	27512	1109	-2195	-16	266.82	8	-6	85	106	26	(9,-17)
1	2026-01-01 12:13:02.000	27547	1171	-2237	-16	238.41	8	-6	85	106	26	(9,-17)
1	2026-01-01 12:13:03.000	27582	1161	-2162	-16	203.74	9	-4	85	106	26	(9,-17)
1	2026-01-01 12:13:04.000	27617	1176	-2237	-16	159.93	10	-4	85	106	26	(9,-17)
1	2026-01-01 12:13:05.000	27652	1215	-2230	-16	160.52	10	-2	85	106	26	(9,-17)
1	2026-01-01 12:13:06.000	27687	1226	-2263	-16	115.61	10	0	85	106	26	(10,-18)
1	2026-01-01 12:13:07.000	27722	1173	-2193	-16	104.8	10	-2	85	106	26	(9,-17)
1	2026-01-01 12:13:08.000	27757	1248	-2156	-16	63.42	10	-4	85	106	26	(10,-17)
1	2026-01-01 12:13:09.000	27792	1190	-2122	-16	75.84	8	-6	85	106	26	(9,-17)
1	2026-01-01 12:13:10.000	27827	1275	-2081	0	38.5	10	-7	85	106	26	(10,-16)
1	2026-01-01 12:13:11.000	27862	1331	-2079	0	44.73	8	-6	85	106	26	(10,-16)
1	2026-01-01 12:13:12.000	27897	1417	-2010	0	4.31	10	-5	85	106	26	(11,-16)
1	2026-01-01 12:13:13.000	27932	1398	-2056	24	19.09	9	-6	77	106	26	(11,-16)
1	2026-01-01 12:13:14.000	27967	1361	-2039	24	5.56	10	-7	77	106	26	(11,-16)
1	2026-01-01 12:13:15.000	28002	1310	-2020	24	35.82	10	-8	77	106	23	(10,-16)
1	2026-01-01 12:13:16.000	28037	1257	-1998	24	359.28	10	-10	77	106	23	(10,-16)
1	2026-01-01 12:13:17.000	28072	1339	-2029	24	38.95	10	-10	77	106	23	(10,-16)
1	2026-01-01 12:13:18.000	28107	1413	-2019	24	47.79	10	-10	77	106	19	(11,-16)
1	2026-01-01 12:13:19.000	28142	1423	-2089	24	10.24	10	-10	77	106	19	(11,-16)
1	2026-01-01 12:13:20.000	28177	1425	-2088	0	343.06	8	-10	77	106	19	(11,-16)
1	2026-01-01 12:13:21.000	28212	1500	-2058	0	302.26	8	-10	77	106	19	(12,-16)
1	2026-01-01 12:13:22.000	28247	1509	-2128	0	257.9	10	-9	77	106	19	(12,-17)
1	2026-01-01 12:13:23.000	28282	1507	-2217	0	240.12	10	-10	77	106	15	(12,-17)
1	2026-01-01 12:13:24.000	28317	1473	-2255	0	229.02	10	-10	96	106	15	(12,-18)
1	2026-01-01 12:13:25.000	28352	1425	-2283	0	210.79	10	-10	96	106	11	(11,-18)
1	2026-01-01 12:13:26.000	28387	1371	-2232	128	195.8	8	-9	96	106	11	(11,-17)
1	2026-01-01 12:13:27.000	28422	1301	-2320	128	219.08	6	-9	96	106	11	(10,-18)
1	2026-01-01 12:13:28.000	28457	1214	-2331	128	184.24	6	-9	96	106	11	(9,-18)
1	2026-01-01 12:13:29.000	28492	1268	-2279	128	196.55	4	-10	96	106	9	(10,-18)
1	2026-01-01 12:13:30.000	28527	1215	-2282	128	180.88	4	-9	96	106	9	(9,-18)
1	2026-01-01 12:13:31.000	28562	1133	-2359	128	191.36	6	-7	96	106	9	(9,-18)
1	2026-01-01 12:13:32.000	28597	1078	-2415	128	155.77	5	-9	96	106	9	(8,-19)
1	2026-01-01 12:13:33.000	28632	1055	-2381	128	190.15	6	-7	96	106	9	(8,-19)
1	2026-01-01 12:13:34.000	28667	1081	-2444	128	145.53	8	-8	96	106	9	(8,-19)
1	2026-01-01 12:13:35.000	28702	1005	-2398	128	175.55	6	-10	96	106	9	(8,-19)
1	2026-01-01 12:13:36.000	28737	1054	-2378	128	159.85	4	-10	96	106	9	(8,-19)
1	2026-01-01 12:13:37.000	28772	1036	-2365	128	151.82	5	-8	96	106	9	(8,-18)
1	2026-01-01 12:13:38.000	28807	994	-2369	128	108.03	4	-10	96	106	9	(8,-19)
1	2026-01-01 12:13:39.000	28842	1077	-2442	128	125.94	5	-10	96	106	9	(8,-19)
1	2026-01-01 12:13:40.000	28877	1014	-2379	128	160.36	3	-10	96	106	9	(8,-19)
1	2026-01-01 12:13:41.000	28912	1080	-2354	128	146.7	2	-8	96	106	9	(8,-18)
1	2026-01-01 12:13:42.000	28947	999	-2364	128	118.99	1	-8	96	106	9	(8,-18)
1	2026-01-01 12:13:43.000	28982	914	-2310	128	158.76	2	-8	96	106	9	(7,-18)
1	2026-01-01 12:13:44.000	29017	857	-2229	0	200.91	3	-7	92	106	8	(7,-17)
1	2026-01-01 12:13:45.000	29052	885	-2245	0	198.61	2	-5	92	106	8	(7,-18)
1	2026-01-01 12:13:46.000	29087	957	-2260	0	197.66	3	-3	92	106	8	(7,-18)
1	2026-01-01 12:13:47.000	29122	996	-2289	0	177.47	1	-4	85	106	8	(8,-18)
1	2026-01-01 12:13:48.000	29157	953	-2328	0	135.3	0	-6	85	106	8	(7,-18)
1	2026-01-01 12:13:49.000	29192	896	-2331	56	106.23	-2	-8	85	106	4	(7,-18)
1	2026-01-01 12:13:50.000	29227	870	-2341	56	110.77	-2	-9	85	106	4	(7,-18)
1	2026-01-01 12:13:51.000	29262	923	-2312	56	140.21	-2	-10	85	106	4	(7,-18)
1	2026-01-01 12:13:52.000	29297	904	-2305	56	121.96	-2	-9	85	106	4	(7,-18)
1	2026-01-01 12:13:53.000	29332	851	-2262	56	158.02	-3	-9	85	106	17	(7,-18)
1	2026-01-01 12:13:54.000	29367	822	-2293	56	147.7	-3	-10	85	106	17	(6,-18)
1	2026-01-01 12:13:55.000	29402	782	-2359	56	138.46	-5	-10	85	106	17	(6,-18)
1	2026-01-01 12:13:56.000	29437	826	-2350	56	133.93	-7	-8	85	106	17	(6,-18)
1	2026-01-01 12:13:57.000	29472	828	-2359	56	155.22	-7	-6	85	106	17	(6,-18)
1	2026-01-01 12:13:58.000	29507	899	-2353	56	197.16	-5	-8	85	106	17	(7,-18)
1	2026-01-01 12:13:59.000	29542	925	-2291	56	234.25	-4	-9	85	106	17	(7,-18)
1	2026-01-01 12:14:00.000	29577	837	-2345	0	231.74	-3	-10	85	106	17	(7,-18)
1	2026-01-01 12:14:01.000	29612	821	-2279	0	211.98	-2	-10	85	106	17	(6,-18)
1	2026-01-01 12:14:02.000	29647	911	-2364	0	172.9	-4	-10	85	106	17	(7,-18)
1	2026-01-01 12:14:03.000	29682	829	-2418	0	210.94	-3	-10	85	106	17	(6,-19)
1	2026-01-01 12:14:04.000	29717	752	-2494	0	196.0	-1	-10	85	106	17	(6,-19)
1	2026-01-01 12:14:05.000	29752	699	-2415	0	169.38	-3	-10	85	106	17	(5,-19)
1	2026-01-01 12:14:06.000	29787	644	-2347	0	160.45	-2	-10	85	106	17	(5,-18)
1	2026-01-01 12:14:07.000	29822	660	-2404	0	153.05	-1	-10	85	106	17	(5,-19)
1	2026-01-01 12:14:08.000	29857	653	-2485	0	123.24	-1	-9	85	106	17	(5,-19)
1	2026-01-01 12:14:09.000	29892	677	-2558	0	123.01	-2	-9	85	106	17	(5,-20)
1	2026-01-01 12:14:10.000	29927	651	-2499	0	147.59	-1	-9	85	106	17	(5,-20)
1	2026-01-01 12:14:11.000	29962	715	-2431	0	137.71	-3	-8	85	106	17	(6,-19)
1	2026-01-01 12:14:12.000	29997	796	-2475	0	152.11	-3	-10	85	106	17	(6,-19)
1	2026-01-01 12:14:13.000	30032	735	-2562	0	168.06	-4	-10	85	106	17	(6,-20)
1	2026-01-01 12:14:14.000	30067	721	-2521	0	123.27	-4	-9	85	106	17	(6,-20)
1	2026-01-01 12:14:15.000	30102	690	-2471	0	127.91	-3	-9	85	106	17	(5,-19)
1	2026-01-01 12:14:16.000	30137	642	-2518	0	157.41	-1	-8	100	106	17	(5,-20)
1	2026-01-01 12:14:17.000	30172	687	-2502	0	199.14	1	-8	100	106	17	(5,-20)
1	2026-01-01 12:14:18.000	30207	709	-2583	0	173.37	1	-9	93	106	13	(6,-20)
1	2026-01-01 12:14:19.000	30242	766	-2535	0	149.53	2	-10	93	106	34	(6,-20)
1	2026-01-01 12:14:20.000	30277	733	-2530	0	183.06	2	-10	93	106	34	(6,-20)
1	2026-01-01 12:14:21.000	30312	796	-2595	0	203.58	0	-10	93	106	34	(6,-20)
1	2026-01-01 12:14:22.000	30347	727	-2665	0	169.07	2	-9	85	106	34	(6,-21)
1	2026-01-01 12:14:23.000	30382	742	-2588	0	169.61	2	-8	85	106	34	(6,-20)
1	2026-01-01 12:14:24.000	30417	771	-2676	0	177.19	2	-8	85	106	34	(6,-21)
1	2026-01-01 12:14:25.000	30452	712	-2620	0	147.13	0	-7	85	106	34	(6,-20)
1	2026-01-01 12:14:26.000	30487	748	-2535	0	190.52	-1	-5	85	106	34	(6,-20)
1	2026-01-01 12:14:27.000	30522	693	-2563	0	197.59	-3	-6	85	106	34	(5,-20)
1	2026-01-01 12:14:28.000	30557	697	-2593	0	179.22	-5	-5	85	106	34	(5,-20)
1	2026-01-01 12:14:29.000	30592	614	-2605	0	151.19	-3	-5	85	106	34	(5,-20)
1	2026-01-01 12:14:30.000	30627	640	-2656	0	152.38	-4	-3	85	106	34	(5,-21)
1	2026-01-01 12:14:31.000	30662	718	-2723	0	117.88	-4	-4	85	106	34	(6,-21)
1	2026-01-01 12:14:32.000	30697	760	-2772	0	125.14	-5	-2	85	106	34	(6,-22)
1	2026-01-01 12:14:33.000	30732	805	-2778	0	84.93	-3	-3	85	106	34	(6,-22)
1	2026-01-01 12:14:34.000	30767	776	-2752	0	48.53	-3	-4	85	106	34	(6,-22)
1	2026-01-01 12:14:35.000	30802	717	-2682	0	48.99	-3	-6	85	106	34	(6,-21)
1	2026-01-01 12:14:36.000	30837	634	-2736	0	19.03	-2	-6	85	106	50	(5,-21)
1	2026-01-01 12:14:37.000	30872	587	-2692	0	14.34	0	-5	85	106	50	(5,-21)
1	2026-01-01 12:14:38.000	30907	558	-2621	0	340.26	-1	-7	85	106	50	(4,-20)
1	2026-01-01 12:14:39.000	30942	612	-2569	0	343.41	1	-9	85	106	50	(5,-20)
1	2026-01-01 12:14:40.000	30977	687	-2619	0	328.42	0	-9	85	106	50	(5,-20)
1	2026-01-01 12:14:41.000	31012	649	-2544	0	7.46	-2	-8	85	106	50	(5,-20)
1	2026-01-01 12:14:42.000	31047	634	-2578	0	346.17	-4	-6	85	106	50	(5,-20)
1	2026-01-01 12:14:43.000	31082	631	-2595	0	15.62	-6	-4	85	106	50	(5,-20)
1	2026-01-01 12:14:44.000	31117	704	-2636	0	359.95	-8	-3	85	106	50	(6,-21)
1	2026-01-01 12:14:45.000	31152	731	-2586	0	349.66	-7	-1	85	106	50	(6,-20)
1	2026-01-01 12:14:46.000	31187	739	-2643	0	18.85	-8	-1	85	106	50	(6,-21)
1	2026-01-01 12:14:47.000	31222	649	-2671	0	60.04	-7	-2	85	106	50	(5,-21)
1	2026-01-01 12:14:48.000	31257	576	-2655	0	81.24	-7	-3	90	106	50	(4,-21)
1	2026-01-01 12:14:49.000	31292	631	-2696	0	75.21	-5	-4	90	106	50	(5,-21)
1	2026-01-01 12:14:50.000	31327	681	-2657	0	106.28	-5	-4	90	106	50	(5,-21)
1	2026-01-01 12:14:51.000	31362	718	-2620	0	117.94	-5	-5	90	106	47	(6,-20)
1	2026-01-01 12:14:52.000	31397	656	-2675	0	135.53	-6	-3	90	106	47	(5,-21)
1	2026-01-01 12:14:53.000	31432	602	-2756	8	171.07	-6	-4	90	106	47	(5,-22)
1	2026-01-01 12:14:54.000	31467	648	-2686	8	200.42	-4	-2	90	106	47	(5,-21)
1	2026-01-01 12:14:55.000	31502	568	-2597	8	198.86	-2	-2	90	106	47	(4,-20)
1	2026-01-01 12:14:56.000	31537	562	-2683	24	167.44	0	0	90	106	47	(4,-21)
1	2026-01-01 12:14:57.000	31572	611	-2662	24	132.97	0	0	100	106	47	(5,-21)
1	2026-01-01 12:14:58.000	31607	582	-2675	24	98.92	-2	0	100	106	47	(5,-21)
1	2026-01-01 12:14:59.000	31642	543	-2706	24	105.64	-3	0	100	106	46	(4,-21)
1	2026-01-01 12:15:00.000	31677	485	-2656	24	80.41	-3	-2	92	106	46	(4,-21)
1	2026-01-01 12:15:01.000	31712	539	-2692	24	44.12	-4	-1	92	106	46	(4,-21)
1	2026-01-01 12:15:02.000	31747	572	-2610	24	66.35	-6	-1	92	106	46	(4,-20)
1	2026-01-01 12:15:03.000	31782	521	-2572	24	21.8	-4	1	92	106	46	(4,-20)
1	2026-01-01 12:15:04.000	31817	451	-2548	24	12.52	-3	-1	92	106	46	(4,-20)
1	2026-01-01 12:15:05.000	31852	409	-2584	24	10.98	-4	1	92	106	46	(3,-20)
1	2026-01-01 12:15:06.000	31887	470	-2598	24	337.93	-3	0	92	106	46	(4,-20)
1	2026-01-01 12:15:07.000	31922	386	-2607	24	304.02	-5	-1	92	106	46	(3,-20)
1	2026-01-01 12:15:08.000	31957	391	-2584	24	265.46	-3	1	92	106	46	(3,-20)
1	2026-01-01 12:15:09.000	31992	441	-2541	0	253.53	-2	2	92	106	45	(3,-20)
1	2026-01-01 12:15:10.000	32027	359	-2523	0	223.11	-4	4	92	106	45	(3,-20)
1	2026-01-01 12:15:11.000	32062	318	-2540	0	262.19	-5	3	92	106	45	(2,-20)
1	2026-01-01 12:15:12.000	32097	326	-2490	0	284.87	-7	2	92	106	45	(3,-19)
1	2026-01-01 12:15:13.000	32132	270	-2530	0	321.28	-6	1	92	106	45	(2,-20)
1	2026-01-01 12:15:14.000	32167	247	-2586	0	292.73	-5	0	92	106	45	(2,-20)
1	2026-01-01 12:15:15.000	32202	269	-2554	0	278.53	-6	-1	92	106	45	(2,-20)
1	2026-01-01 12:15:16.000	32237	297	-2490	0	275.79	-7	-1	92	106	45	(2,-19)
1	2026-01-01 12:15:17.000	32272	386	-2501	0	279.5	-7	1	92	106	45	(3,-20)
1	2026-01-01 12:15:18.000	32307	399	-2564	0	296.63	-7	1	92	106	40	(3,-20)
1	2026-01-01 12:15:19.000	32342	483	-2624	0	294.38	-6	2	92	106	40	(4,-20)
1	2026-01-01 12:15:20.000	32377	568	-2674	0	263.61	-5	2	92	106	40	(4,-21)
1	2026-01-01 12:15:21.000	32412	608	-2721	40	307.16	-3	2	92	106	36	(5,-21)
1	2026-01-01 12:15:22.000	32447	585	-2664	40	312.1	-5	4	92	106	35	(5,-21)
1	2026-01-01 12:15:23.000	32482	669	-2578	40	286.72	-4	4	92	106	35	(5,-20)
1	2026-01-01 12:15:24.000	32517	671	-2611	40	244.11	-4	4	92	106	35	(5,-20)
1	2026-01-01 12:15:25.000	32552	647	-2586	40	223.9	-3	3	92	106	35	(5,-20)
1	2026-01-01 12:15:26.000	32587	694	-2583	40	206.24	-1	4	92	106	35	(5,-20)
1	2026-01-01 12:15:27.000	32622	611	-2602	40	206.7	0	6	92	106	35	(5,-20)
1	2026-01-01 12:15:28.000	32657	675	-2515	40	182.1	0	6	82	106	35	(5,-20)
1	2026-01-01 12:15:29.000	32692	714	-2429	40	219.85	0	4	77	106	35	(6,-19)
1	2026-01-01 12:15:30.000	32727	748	-2375	40	218.45	1	6	77	106	35	(6,-19)
1	2026-01-01 12:15:31.000	32762	805	-2436	40	235.15	1	4	77	106	35	(6,-19)
1	2026-01-01 12:15:32.000	32797	875	-2376	40	255.83	1	4	77	106	35	(7,-19)
1	2026-01-01 12:15:33.000	32832	835	-2344	40	269.81	-1	5	77	106	35	(7,-18)
1	2026-01-01 12:15:34.000	32867	884	-2356	40	257.21	-1	3	77	106	35	(7,-18)
1	2026-01-01 12:15:35.000	32902	966	-2286	40	221.67	-2	3	77	106	31	(8,-18)
1	2026-01-01 12:15:36.000	32937	929	-2287	40	189.43	-3	4	77	106	31	(7,-18)
1	2026-01-01 12:15:37.000	32972	915	-2279	40	170.43	-2	6	77	106	31	(7,-18)
1	2026-01-01 12:15:38.000	33007	920	-2334	16	204.7	-1	7	77	106	31	(7,-18)
1	2026-01-01 12:15:39.000	33042	871	-2321	8	186.03	1	9	77	106	47	(7,-18)
1	2026-01-01 12:15:40.000	33077	957	-2242	8	199.53	-1	9	77	106	47	(7,-18)
1	2026-01-01 12:15:41.000	33112	995	-2252	8	236.09	0	10	77	106	47	(8,-18)
1	2026-01-01 12:15:42.000	33147	1065	-2302	8	245.33	-2	8	90	106	47	(8,-18)
1	2026-01-01 12:15:43.000	33182	1080	-2235	8	240.1	-3	9	90	106	47	(8,-17)
1	2026-01-01 12:15:44.000	33217	1115	-2145	8	220.53	-5	10	90	106	47	(9,-17)
1	2026-01-01 12:15:45.000	33252	1062	-2197	8	264.62	-4	9	90	106	47	(8,-17)
1	2026-01-01 12:15:46.000	33287	1095	-2127	8	269.53	-4	8	90	106	47	(9,-17)
1	2026-01-01 12:15:47.000	33322	1172	-2177	8	231.33	-4	6	90	106	47	(9,-17)
1	2026-01-01 12:15:48.000	33357	1218	-2161	8	197.68	-5	8	90	106	47	(10,-17)
1	2026-01-01 12:15:49.000	33392	1155	-2232	8	181.36	-6	9	90	106	47	(9,-17)
1	2026-01-01 12:15:50.000	33427	1111	-2313	8	169.48	-4	7	90	106	47	(9,-18)
1	2026-01-01 12:15:51.000	33462	1162	-2228	8	161.74	-4	5	90	106	44	(9,-17)
1	2026-01-01 12:15:52.000	33497	1176	-2238	8	141.78	-4	4	90	106	44	(9,-17)
1	2026-01-01 12:15:53.000	33532	1088	-2182	8	135.75	-4	6	90	106	44	(8,-17)
1	2026-01-01 12:15:54.000	33567	1100	-2104	8	163.27	-5	7	90	106	44	(9,-16)
1	2026-01-01 12:15:55.000	33602	1086	-2083	8	132.86	-7	8	90	106	44	(8,-16)
1	2026-01-01 12:15:56.000	33637	1089	-2045	8	150.05	-5	7	90	106	44	(9,-16)
1	2026-01-01 12:15:57.000	33672	1094	-2072	8	149.08	-5	5	90	106	42	(9,-16)
1	2026-01-01 12:15:58.000	33707	1019	-2059	8	187.78	-5	4	90	106	42	(8,-16)
1	2026-01-01 12:15:59.000	33742	1067	-2068	8	150.65	-5	6	90	106	42	(8,-16)
1	2026-01-01 12:16:00.000	33777	1089	-2137	8	174.21	-6	7	90	106	42	(9,-17)
1	2026-01-01 12:16:01.000	33812	1094	-2167	0	143.82	-8	6	90	106	42	(9,-17)
1	2026-01-01 12:16:02.000	33847	1170	-2192	0	160.74	-10	6	90	106	42	(9,-17)
1	2026-01-01 12:16:03.000	33882	1146	-2151	0	153.6	-8	5	90	106	42	(9,-17)
1	2026-01-01 12:16:04.000	33917	1122	-2193	0	198.32	-7	5	90	106	40	(9,-17)
1	2026-01-01 12:16:05.000	33952	1056	-2263	0	239.13	-7	4	90	106	40	(8,-18)
1	2026-01-01 12:16:06.000	33987	1060	-2284	0	194.45	-6	5	90	106	40	(8,-18)
1	2026-01-01 12:16:07.000	34022	1074	-2241	0	175.18	-6	4	90	106	40	(8,-18)
1	2026-01-01 12:16:08.000	34057	984	-2239	0	180.79	-8	6	90	106	40	(8,-17)
1	2026-01-01 12:16:09.000	34092	981	-2225	0	171.46	-8	7	84	106	40	(8,-17)
1	2026-01-01 12:16:10.000	34127	998	-2159	0	171.57	-7	8	84	106	40	(8,-17)
1	2026-01-01 12:16:11.000	34162	955	-2169	0	190.77	-9	9	84	106	36	(7,-17)
1	2026-01-01 12:16:12.000	34197	975	-2105	0	181.83	-9	9	84	106	50	(8,-16)
1	2026-01-01 12:16:13.000	34232	1042	-2022	0	207.95	-10	7	84	106	50	(8,-16)
1	2026-01-01 12:16:14.000	34267	1056	-2041	0	214.49	-9	5	84	106	50	(8,-16)
1	2026-01-01 12:16:15.000	34302	994	-2088	0	201.12	-10	7	84	106	50	(8,-16)
1	2026-01-01 12:16:16.000	34337	1050	-2111	0	162.22	-9	5	84	106	50	(8,-16)
1	2026-01-01 12:16:17.000	34372	1020	-2110	0	154.38	-10	6	84	106	50	(8,-16)
1	2026-01-01 12:16:18.000	34407	1030	-2119	0	119.48	-10	4	84	106	48	(8,-17)
1	2026-01-01 12:16:19.000	34442	1104	-2059	0	87.74	-9	4	84	106	43	(9,-16)
1	2026-01-01 12:16:20.000	34477	1063	-2086	0	51.31	-10	5	84	106	50	(8,-16)
1	2026-01-01 12:16:21.000	34512	992	-2151	0	95.56	-10	4	84	106	50	(8,-17)
1	2026-01-01 12:16:22.000	34547	961	-2092	0	91.78	-10	6	84	106	50	(8,-16)
1	2026-01-01 12:16:23.000	34582	922	-2104	0	131.16	-9	4	84	106	50	(7,-16)
1	2026-01-01 12:16:24.000	34617	991	-2099	0	117.36	-10	4	84	106	50	(8,-16)
1	2026-01-01 12:16:25.000	34652	1019	-2118	0	97.36	-10	2	84	106	50	(8,-17)
1	2026-01-01 12:16:26.000	34687	1047	-2144	0	63.18	-10	2	84	106	50	(8,-17)
1	2026-01-01 12:16:27.000	34722	1079	-2168	0	88.41	-8	4	99	106	50	(8,-17)
1	2026-01-01 12:16:28.000	34757	1062	-2118	-16	89.83	-6	2	99	106	50	(8,-17)
1	2026-01-01 12:16:29.000	34792	1073	-2120	-16	113.59	-8	2	99	106	50	(8,-17)
1	2026-01-01 12:16:30.000	34827	1116	-2188	-16	89.54	-7	0	99	106	50	(9,-17)
1	2026-01-01 12:16:31.000	34862	1137	-2170	32	122.29	-9	2	99	106	50	(9,-17)
1	2026-01-01 12:16:32.000	34897	1109	-2235	32	86.9	-9	2	92	106	50	(9,-17)
1	2026-01-01 12:16:33.000	34932	1177	-2156	32	108.59	-9	0	92	106	50	(9,-17)
1	2026-01-01 12:16:34.000	34967	1199	-2109	0	138.86	-7	2	92	106	50	(9,-16)
1	2026-01-01 12:16:35.000	35002	1117	-2091	0	108.22	-8	0	92	106	50	(9,-16)
1	2026-01-01 12:16:36.000	35037	1199	-2079	0	123.7	-10	-1	92	106	50	(9,-16)
1	2026-01-01 12:16:37.000	35072	1259	-2088	32	152.83	-10	-1	92	106	50	(10,-16)
1	2026-01-01 12:16:38.000	35107	1220	-2047	32	139.76	-10	1	86	106	50	(10,-16)
1	2026-01-01 12:16:39.000	35142	1212	-2109	32	184.27	-10	2	81	106	50	(9,-16)
1	2026-01-01 12:16:40.000	35177	1243	-2082	32	221.62	-10	3	81	106	50	(10,-16)
1	2026-01-01 12:16:41.000	35212	1177	-2124	32	218.58	-10	4	78	106	50	(9,-17)
1	2026-01-01 12:16:42.000	35247	1093	-2204	64	246.25	-10	5	78	106	47	(9,-17)
1	2026-01-01 12:16:43.000	35282	1111	-2271	64	287.14	-9	7	78	106	47	(9,-18)
1	2026-01-01 12:16:44.000	35317	1033	-2296	64	282.12	-10	5	78	106	46	(8,-18)
1	2026-01-01 12:16:45.000	35352	970	-2376	64	272.42	-9	3	78	106	46	(8,-19)
1	2026-01-01 12:16:46.000	35387	1005	-2379	64	272.56	-7	5	78	106	46	(8,-19)
1	2026-01-01 12:16:47.000	35422	1091	-2340	64	271.72	-7	7	78	106	46	(9,-18)
1	2026-01-01 12:16:48.000	35457	1179	-2319	64	280.26	-5	7	78	106	46	(9,-18)
1	2026-01-01 12:16:49.000	35492	1131	-2294	64	284.41	-7	7	78	106	46	(9,-18)
1	2026-01-01 12:16:50.000	35527	1139	-2256	64	287.83	-8	5	78	106	46	(9,-18)
1	2026-01-01 12:16:51.000	35562	1157	-2248	64	272.62	-8	5	78	106	46	(9,-18)
1	2026-01-01 12:16:52.000	35597	1130	-2163	64	243.32	-10	4	78	106	46	(9,-17)
1	2026-01-01 12:16:53.000	35632	1133	-2081	64	215.4	-10	6	78	106	46	(9,-16)
1	2026-01-01 12:16:54.000	35667	1148	-2056	64	177.87	-10	8	78	106	46	(9,-16)
1	2026-01-01 12:16:55.000	35702	1178	-2131	64	204.83	-8	7	78	106	46	(9,-17)
1	2026-01-01 12:16:56.000	35737	1132	-2079	0	186.92	-8	8	78	106	46	(9,-16)
1	2026-01-01 12:16:57.000	35772	1167	-2056	0	225.5	-6	9	78	106	50	(9,-16)
1	2026-01-01 12:16:58.000	35807	1257	-1996	0	246.61	-6	10	78	106	50	(10,-16)
1	2026-01-01 12:16:59.000	35842	1224	-1915	0	278.01	-4	9	78	106	50	(10,-15)
1	2026-01-01 12:17:00.000	35877	1157	-1969	0	249.79	-4	10	78	106	50	(9,-15)
1	2026-01-01 12:17:01.000	35912	1133	-1889	0	294.37	-4	8	78	106	50	(9,-15)
1	2026-01-01 12:17:02.000	35947	1206	-1907	0	335.43	-5	9	78	106	50	(9,-15)
1	2026-01-01 12:17:03.000	35982	1156	-1946	0	319.58	-5	10	78	106	50	(9,-15)
1	2026-01-01 12:17:04.000	36017	1145	-1949	0	322.69	-3	10	78	106	50	(9,-15)
1	2026-01-01 12:17:05.000	36052	1143	-2008	0	342.66	-4	8	78	106	47	(9,-16)
1	2026-01-01 12:17:06.000	36087	1204	-2063	16	317.66	-3	8	78	106	47	(9,-16)
1	2026-01-01 12:17:07.000	36122	1194	-2137	16	331.87	-2	10	78	106	47	(9,-17)
1	2026-01-01 12:17:08.000	36157	1268	-2109	16	288.77	-1	10	78	106	47	(10,-16)
1	2026-01-01 12:17:09.000	36192	1345	-2054	16	274.58	1	10	78	106	46	(11,-16)
1	2026-01-01 12:17:10.000	36227	1387	-2129	16	306.42	0	10	78	106	46	(11,-17)
1	2026-01-01 12:17:11.000	36262	1443	-2133	16	296.39	1	10	78	106	44	(11,-17)
1	2026-01-01 12:17:12.000	36297	1391	-2209	16	321.8	2	9	78	106	44	(11,-17)
1	2026-01-01 12:17:13.000	36332	1454	-2228	16	358.74	3	9	78	106	44	(11,-17)
1	2026-01-01 12:17:14.000	36367	1507	-2312	16	21.61	4	10	78	106	44	(12,-18)
1	2026-01-01 12:17:15.000	36402	1539	-2241	16	25.89	6	10	78	106	44	(12,-18)
1	2026-01-01 12:17:16.000	36437	1623	-2297	16	357.16	6	8	78	106	44	(13,-18)
1	2026-01-01 12:17:17.000	36472	1563	-2291	16	5.89	4	10	78	106	44	(12,-18)
1	2026-01-01 12:17:18.000	36507	1574	-2314	16	328.58	5	10	78	106	44	(12,-18)
1	2026-01-01 12:17:19.000	36542	1619	-2244	16	351.4	6	10	78	106	44	(13,-18)
1	2026-01-01 12:17:20.000	36577	1642	-2257	8	355.97	5	10	78	106	44	(13,-18)
1	2026-01-01 12:17:21.000	36612	1605	-2285	8	321.51	3	10	77	106	44	(13,-18)
1	2026-01-01 12:17:22.000	36647	1589	-2231	8	316.82	5	8	77	106	44	(12,-17)
1	2026-01-01 12:17:23.000	36682	1547	-2203	8	324.24	4	10	77	106	40	(12,-17)
1	2026-01-01 12:17:24.000	36717	1463	-2218	8	357.08	5	8	77	106	40	(11,-17)
1	2026-01-01 12:17:25.000	36752	1540	-2128	8	323.19	4	8	77	106	40	(12,-17)
1	2026-01-01 12:17:26.000	36787	1471	-2086	8	303.38	4	6	77	106	40	(11,-16)
1	2026-01-01 12:17:27.000	36822	1433	-1999	8	333.99	2	6	77	106	40	(11,-16)
1	2026-01-01 12:17:28.000	36857	1425	-2016	8	0.98	4	7	77	106	40	(11,-16)
1	2026-01-01 12:17:29.000	36892	1442	-1989	8	329.31	4	6	77	106	40	(11,-16)
1	2026-01-01 12:17:30.000	36927	1493	-1928	8	8.16	3	4	77	106	50	(12,-15)
1	2026-01-01 12:17:31.000	36962	1580	-2003	8	342.4	2	4	77	106	50	(12,-16)
1	2026-01-01 12:17:32.000	36997	1553	-2069	8	357.85	0	5	77	106	50	(12,-16)
1	2026-01-01 12:17:33.000	37032	1625	-2118	8	30.31	1	6	77	106	47	(13,-17)
1	2026-01-01 12:17:34.000	37067	1685	-2193	8	22.42	2	6	77	106	44	(13,-17)
1	2026-01-01 12:17:35.000	37102	1748	-2270	8	24.23	0	4	77	106	44	(14,-18)
1	2026-01-01 12:17:36.000	37137	1770	-2340	8	40.42	0	4	77	106	44	(14,-18)
1	2026-01-01 12:17:37.000	37172	1797	-2277	0	6.29	-1	3	77	106	44	(14,-18)
1	2026-01-01 12:17:38.000	37207	1845	-2201	0	37.33	-1	2	77	106	44	(14,-17)
1	2026-01-01 12:17:39.000	37242	1916	-2224	0	44.34	-2	0	77	106	44	(15,-17)
1	2026-01-01 12:17:40.000	37277	1870	-2300	0	79.1	-3	-1	77	106	44	(15,-18)
1	2026-01-01 12:17:41.000	37312	1852	-2262	0	111.6	-4	1	77	106	42	(14,-18)
1	2026-01-01 12:17:42.000	37347	1780	-2286	0	81.43	-5	0	77	106	42	(14,-18)
1	2026-01-01 12:17:43.000	37382	1705	-2247	0	92.68	-5	-2	77	106	42	(13,-18)
1	2026-01-01 12:17:44.000	37417	1677	-2264	0	109.16	-6	-2	77	106	38	(13,-18)
1	2026-01-01 12:17:45.000	37452	1639	-2216	0	105.77	-8	0	77	106	38	(13,-17)
1	2026-01-01 12:17:46.000	37487	1667	-2215	0	67.04	-7	0	77	106	38	(13,-17)
1	2026-01-01 12:17:47.000	37522	1603	-2142	0	101.72	-8	-1	77	106	38	(13,-17)
1	2026-01-01 12:17:48.000	37557	1616	-2161	0	105.45	-8	-1	77	106	38	(13,-17)
1	2026-01-01 12:17:49.000	37592	1570	-2114	0	129.57	-6	-2	77	106	38	(12,-17)
1	2026-01-01 12:17:50.000	37627	1577	-2038	0	106.29	-8	-4	77	106	38	(12,-16)
1	2026-01-01 12:17:51.000	37662	1601	-2076	0	67.49	-7	-4	77	106	38	(13,-16)
1	2026-01-01 12:17:52.000	37697	1533	-2028	0	99.67	-8	-2	77	106	38	(12,-16)
1	2026-01-01 12:17:53.000	37732	1512	-2078	0	141.81	-7	-4	77	106	38	(12,-16)
1	2026-01-01 12:17:54.000	37767	1513	-2117	0	119.54	-6	-6	77	106	38	(12,-17)
1	2026-01-01 12:17:55.000	37802	1428	-2032	0	121.21	-8	-5	77	106	38	(11,-16)
1	2026-01-01 12:17:56.000	37837	1418	-2040	0	94.96	-9	-7	77	106	36	(11,-16)
1	2026-01-01 12:17:57.000	37872	1381	-2018	0	137.35	-10	-8	77	106	36	(11,-16)
1	2026-01-01 12:17:58.000	37907	1441	-1943	0	179.68	-10	-10	77	106	33	(11,-15)
1	2026-01-01 12:17:59.000	37942	1369	-1885	0	190.89	-10	-9	77	106	50	(11,-15)
1	2026-01-01 12:18:00.000	37977	1371	-1929	0	192.64	-10	-7	77	106	50	(11,-15)
1	2026-01-01 12:18:01.000	38012	1393	-1870	0	197.5	-8	-9	77	106	48	(11,-15)
1	2026-01-01 12:18:02.000	38047	1445	-1938	0	235.25	-7	-7	77	106	48	(11,-15)
1	2026-01-01 12:18:03.000	38082	1409	-1853	0	196.65	-8	-5	77	106	48	(11,-14)
1	2026-01-01 12:18:04.000	38117	1468	-1811	0	200.81	-8	-4	77	106	48	(11,-14)
1	2026-01-01 12:18:05.000	38152	1441	-1784	0	225.37	-6	-5	77	106	48	(11,-14)
1	2026-01-01 12:18:06.000	38187	1477	-1737	-16	260.69	-7	-6	77	106	48	(12,-14)
1	2026-01-01 12:18:07.000	38222	1485	-1685	0	234.83	-8	-4	77	106	48	(12,-13)
1	2026-01-01 12:18:08.000	38257	1472	-1726	0	260.04	-9	-4	77	106	43	(12,-13)
1	2026-01-01 12:18:09.000	38292	1547	-1809	0	294.69	-8	-2	77	106	39	(12,-14)
1	2026-01-01 12:18:10.000	38327	1613	-1795	0	265.83	-8	0	77	106	39	(13,-14)
1	2026-01-01 12:18:11.000	38362	1628	-1709	0	265.23	-8	2	77	106	39	(13,-13)
1	2026-01-01 12:18:12.000	38397	1716	-1624	0	242.65	-10	4	77	106	39	(13,-13)
1	2026-01-01 12:18:13.000	38432	1688	-1680	0	275.09	-10	5	77	106	39	(13,-13)
1	2026-01-01 12:18:14.000	38467	1725	-1680	0	288.6	-10	6	77	106	39	(13,-13)
1	2026-01-01 12:18:15.000	38502	1716	-1705	0	269.02	-10	7	77	106	39	(13,-13)
1	2026-01-01 12:18:16.000	38537	1703	-1732	0	312.29	-10	5	77	106	39	(13,-14)
1	2026-01-01 12:18:17.000	38572	1683	-1730	0	310.09	-9	5	77	106	39	(13,-14)
1	2026-01-01 12:18:18.000	38607	1730	-1661	0	297.4	-9	5	77	106	39	(14,-13)
1	2026-01-01 12:18:19.000	38642	1681	-1611	0	275.63	-10	5	77	106	38	(13,-13)
1	2026-01-01 12:18:20.000	38677	1593	-1544	0	288.88	-10	5	77	106	38	(12,-12)
1	2026-01-01 12:18:21.000	38712	1585	-1514	0	260.51	-10	7	77	106	38	(12,-12)
1	2026-01-01 12:18:22.000	38747	1675	-1508	0	277.8	-10	6	77	106	38	(13,-12)
1	2026-01-01 12:18:23.000	38782	1667	-1547	0	308.93	-8	4	77	106	38	(13,-12)
1	2026-01-01 12:18:24.000	38817	1580	-1476	0	311.89	-10	4	77	106	38	(12,-12)
1	2026-01-01 12:18:25.000	38852	1580	-1428	0	279.41	-9	5	77	106	38	(12,-11)
1	2026-01-01 12:18:26.000	38887	1576	-1385	0	281.8	-7	3	77	106	36	(12,-11)
1	2026-01-01 12:18:27.000	38922	1547	-1349	0	291.52	-8	5	77	106	36	(12,-11)
1	2026-01-01 12:18:28.000	38957	1633	-1300	0	336.46	-9	5	77	106	36	(13,-10)
1	2026-01-01 12:18:29.000	38992	1613	-1213	0	301.3	-9	7	77	106	36	(13,-9)
1	2026-01-01 12:18:30.000	39027	1645	-1233	0	322.17	-10	6	77	106	36	(13,-10)
1	2026-01-01 12:18:31.000	39062	1613	-1165	0	295.0	-9	4	77	106	36	(13,-9)
1	2026-01-01 12:18:32.000	39097	1572	-1138	0	270.35	-10	3	77	106	36	(12,-9)
1	2026-01-01 12:18:33.000	39132	1496	-1194	0	305.66	-10	4	77	106	36	(12,-9)
1	2026-01-01 12:18:34.000	39167	1447	-1114	16	267.85	-8	2	77	106	36	(11,-9)
1	2026-01-01 12:18:35.000	39202	1370	-1195	16	243.59	-7	2	77	106	36	(11,-9)
1	2026-01-01 12:18:36.000	39237	1449	-1255	16	217.29	-6	0	77	106	36	(11,-10)
1	2026-01-01 12:18:37.000	39272	1499	-1321	56	210.32	-6	1	77	106	36	(12,-10)
1	2026-01-01 12:18:38.000	39307	1477	-1406	56	201.73	-5	-1	77	106	36	(12,-11)
1	2026-01-01 12:18:39.000	39342	1471	-1371	56	228.71	-5	1	77	106	36	(11,-11)
1	2026-01-01 12:18:40.000	39377	1432	-1442	56	188.76	-6	-1	77	106	36	(11,-11)
1	2026-01-01 12:18:41.000	39412	1359	-1417	56	186.16	-4	-1	77	106	36	(11,-11)
1	2026-01-01 12:18:42.000	39447	1378	-1500	56	148.76	-6	-2	77	106	36	(11,-12)
1	2026-01-01 12:18:43.000	39482	1303	-1498	56	129.62	-5	0	77	106	36	(10,-12)
1	2026-01-01 12:18:44.000	39517	1323	-1527	56	170.75	-6	2	77	106	36	(10,-12)
1	2026-01-01 12:18:45.000	39552	1344	-1461	56	164.04	-8	2	77	106	36	(10,-11)
1	2026-01-01 12:18:46.000	39587	1420	-1486	56	179.0	-7	4	77	106	36	(11,-12)
1	2026-01-01 12:18:47.000	39622	1510	-1568	0	193.69	-5	4	77	106	36	(12,-12)
1	2026-01-01 12:18:48.000	39657	1483	-1605	0	177.57	-3	6	77	106	36	(12,-13)
1	2026-01-01 12:18:49.000	39692	1529	-1591	0	197.08	-2	8	77	106	36	(12,-12)
1	2026-01-01 12:18:50.000	39727	1442	-1526	0	210.84	-3	7	77	106	36	(11,-12)
1	2026-01-01 12:18:51.000	39762	1474	-1443	0	202.01	-4	6	77	106	50	(12,-11)
1	2026-01-01 12:18:52.000	39797	1413	-1391	0	230.2	-3	8	77	106	50	(11,-11)
1	2026-01-01 12:18:53.000	39832	1348	-1322	0	188.62	-1	9	77	106	50	(11,-10)
1	2026-01-01 12:18:54.000	39867	1332	-1321	40	147.82	1	8	77	106	50	(10,-10)
1	2026-01-01 12:18:55.000	39902	1274	-1370	40	117.64	-1	9	77	106	50	(10,-11)
1	2026-01-01 12:18:56.000	39937	1230	-1301	40	103.22	-1	8	77	106	50	(10,-10)
1	2026-01-01 12:18:57.000	39972	1141	-1270	40	74.32	0	9	77	106	50	(9,-10)
1	2026-01-01 12:18:58.000	40007	1162	-1253	40	88.21	2	8	77	106	50	(9,-10)
1	2026-01-01 12:18:59.000	40042	1133	-1206	40	129.74	3	9	77	106	50	(9,-9)
1	2026-01-01 12:19:00.000	40077	1072	-1131	40	149.67	3	10	77	106	49	(8,-9)
1	2026-01-01 12:19:01.000	40112	1048	-1195	40	183.06	3	10	77	106	49	(8,-9)
1	2026-01-01 12:19:02.000	40147	970	-1185	40	166.28	4	8	77	106	49	(8,-9)
1	2026-01-01 12:19:03.000	40182	1034	-1239	40	122.81	3	9	77	106	49	(8,-10)
1	2026-01-01 12:19:04.000	40217	1013	-1268	40	138.51	1	10	77	106	49	(8,-10)
1	2026-01-01 12:19:05.000	40252	954	-1255	40	171.59	0	10	77	106	49	(7,-10)
1	2026-01-01 12:19:06.000	40287	986	-1244	40	171.83	0	9	77	106	49	(8,-10)
1	2026-01-01 12:19:07.000	40322	920	-1262	40	197.25	1	10	77	106	49	(7,-10)
1	2026-01-01 12:19:08.000	40357	917	-1180	40	173.58	0	10	77	106	49	(7,-9)
1	2026-01-01 12:19:09.000	40392	885	-1203	40	137.32	-2	10	77	106	49	(7,-9)
1	2026-01-01 12:19:10.000	40427	926	-1253	40	174.8	-3	10	77	106	49	(7,-10)
1	2026-01-01 12:19:11.000	40462	931	-1269	40	173.62	-2	10	77	106	49	(7,-10)
1	2026-01-01 12:19:12.000	40497	999	-1275	40	210.32	-2	9	77	106	49	(8,-10)
1	2026-01-01 12:19:13.000	40532	1048	-1362	40	195.28	-3	8	77	106	49	(8,-11)
1	2026-01-01 12:19:14.000	40567	1119	-1283	40	200.05	-3	7	77	106	49	(9,-10)
1	2026-01-01 12:19:15.000	40602	1143	-1193	40	242.71	-1	6	77	106	49	(9,-9)
1	2026-01-01 12:19:16.000	40637	1141	-1193	40	256.33	1	5	77	106	49	(9,-9)
1	2026-01-01 12:19:17.000	40672	1153	-1142	40	217.61	0	4	87	106	49	(9,-9)
1	2026-01-01 12:19:18.000	40707	1179	-1122	40	220.05	-1	6	87	106	49	(9,-9)
1	2026-01-01 12:19:19.000	40742	1250	-1163	40	188.36	0	4	87	106	49	(10,-9)
1	2026-01-01 12:19:20.000	40777	1242	-1156	40	206.11	-2	4	87	106	49	(10,-9)
1	2026-01-01 12:19:21.000	40812	1209	-1081	40	161.16	-1	4	87	106	49	(9,-8)
1	2026-01-01 12:19:22.000	40847	1141	-1079	40	131.38	0	4	87	106	49	(9,-8)
1	2026-01-01 12:19:23.000	40882	1073	-1065	40	129.71	-2	3	87	106	49	(8,-8)
1	2026-01-01 12:19:24.000	40917	997	-1134	40	130.0	-3	5	87	106	49	(8,-9)
1	2026-01-01 12:19:25.000	40952	1064	-1211	40	101.86	-4	5	87	106	49	(8,-9)
1	2026-01-01 12:19:26.000	40987	1006	-1247	40	114.41	-3	4	87	106	49	(8,-10)
1	2026-01-01 12:19:27.000	41022	1015	-1231	40	137.28	-1	2	87	106	49	(8,-10)
1	2026-01-01 12:19:28.000	41057	963	-1181	40	159.34	1	1	87	106	49	(8,-9)
1	2026-01-01 12:19:29.000	41092	933	-1177	40	162.51	2	3	87	106	49	(7,-9)
1	2026-01-01 12:19:30.000	41127	1023	-1160	40	128.09	4	4	87	106	44	(8,-9)
1	2026-01-01 12:19:31.000	41162	1091	-1245	40	121.45	5	6	87	106	44	(9,-10)
1	2026-01-01 12:19:32.000	41197	1100	-1255	40	128.68	7	4	87	106	44	(9,-10)
1	2026-01-01 12:19:33.000	41232	1095	-1228	40	93.43	5	2	87	106	44	(9,-10)
1	2026-01-01 12:19:34.000	41267	1148	-1207	40	116.62	5	3	87	106	44	(9,-9)
1	2026-01-01 12:19:35.000	41302	1192	-1172	40	101.37	4	1	96	106	44	(9,-9)
1	2026-01-01 12:19:36.000	41337	1141	-1146	40	100.96	6	1	96	106	44	(9,-9)
1	2026-01-01 12:19:37.000	41372	1144	-1067	40	89.55	4	-1	96	106	44	(9,-8)
1	2026-01-01 12:19:38.000	41407	1117	-1036	40	120.08	2	-2	96	106	44	(9,-8)
1	2026-01-01 12:19:39.000	41442	1087	-994	40	129.68	3	-1	92	106	44	(8,-8)
1	2026-01-01 12:19:40.000	41477	1026	-909	40	96.61	4	0	92	106	44	(8,-7)
1	2026-01-01 12:19:41.000	41512	947	-875	40	67.04	5	1	92	106	44	(7,-7)
1	2026-01-01 12:19:42.000	41547	992	-908	40	48.65	5	2	92	106	44	(8,-7)
1	2026-01-01 12:19:43.000	41582	953	-943	40	21.15	5	1	92	106	50	(7,-7)
1	2026-01-01 12:19:44.000	41617	1010	-981	40	26.32	7	-1	92	106	50	(8,-8)
1	2026-01-01 12:19:45.000	41652	1099	-1039	40	346.82	6	-2	92	106	50	(9,-8)
1	2026-01-01 12:19:46.000	41687	1075	-1038	40	31.53	4	-3	92	106	50	(8,-8)
1	2026-01-01 12:19:47.000	41722	998	-1121	40	2.22	5	-4	92	106	50	(8,-9)
1	2026-01-01 12:19:48.000	41757	1002	-1202	40	25.59	5	-4	92	106	50	(8,-9)
1	2026-01-01 12:19:49.000	41792	1065	-1141	40	10.73	6	-2	92	106	50	(8,-9)
1	2026-01-01 12:19:50.000	41827	1137	-1226	40	337.45	4	-3	92	106	49	(9,-10)
1	2026-01-01 12:19:51.000	41862	1178	-1158	40	2.16	5	-4	92	106	46	(9,-9)
1	2026-01-01 12:19:52.000	41897	1207	-1106	40	41.6	5	-6	92	106	46	(9,-9)
1	2026-01-01 12:19:53.000	41932	1146	-1021	40	75.94	3	-8	92	106	46	(9,-8)
1	2026-01-01 12:19:54.000	41967	1173	-972	40	113.91	4	-9	92	106	46	(9,-8)
1	2026-01-01 12:19:55.000	42002	1188	-1012	40	72.17	6	-9	92	106	46	(9,-8)
1	2026-01-01 12:19:56.000	42037	1158	-1035	40	83.07	6	-10	92	106	46	(9,-8)
1	2026-01-01 12:19:57.000	42072	1225	-1086	40	46.31	5	-8	92	106	46	(10,-8)
1	2026-01-01 12:19:58.000	42107	1303	-1084	40	42.55	6	-6	92	106	46	(10,-8)
1	2026-01-01 12:19:59.000	42142	1354	-1024	40	69.25	7	-5	92	106	46	(11,-8)
2	2026-01-01 14:00:00.000	177	305	855	0	157.53	2	-6	83	95	33	(2,7)
2	2026-01-01 14:00:01.000	212	306	858	128	195.6	1	-8	83	95	33	(2,7)
2	2026-01-01 14:00:02.000	247	235	902	128	193.65	2	-8	83	95	33	(2,7)
2	2026-01-01 14:00:03.000	282	242	883	128	206.0	4	-10	83	95	29	(2,7)
2	2026-01-01 14:00:04.000	317	220	853	128	243.03	6	-8	83	95	29	(2,7)
2	2026-01-01 14:00:05.000	352	206	883	8	287.17	5	-9	83	95	40	(2,7)
2	2026-01-01 14:00:06.000	387	192	932	8	313.96	6	-7	83	95	40	(2,7)
2	2026-01-01 14:00:07.000	422	199	912	8	279.96	8	-9	83	95	40	(2,7)
2	2026-01-01 14:00:08.000	457	285	938	8	321.8	8	-7	83	95	40	(2,7)
2	2026-01-01 14:00:09.000	492	335	1000	8	336.7	10	-5	83	95	40	(3,8)
2	2026-01-01 14:00:10.000	527	401	956	8	305.25	10	-7	83	95	40	(3,7)
2	2026-01-01 14:00:11.000	562	425	1000	8	301.38	10	-5	83	95	40	(3,8)
2	2026-01-01 14:00:12.000	597	343	912	8	272.73	10	-7	83	95	40	(3,7)
2	2026-01-01 14:00:13.000	632	281	994	-16	305.82	8	-9	83	95	35	(2,8)
2	2026-01-01 14:00:14.000	667	313	936	-16	325.42	9	-10	83	95	35	(2,7)
2	2026-01-01 14:00:15.000	702	348	921	-16	318.25	10	-10	83	95	35	(3,7)
2	2026-01-01 14:00:16.000	737	304	962	-16	292.67	10	-9	83	95	35	(2,8)
2	2026-01-01 14:00:17.000	772	263	957	-16	334.46	10	-10	83	95	30	(2,7)
2	2026-01-01 14:00:18.000	807	315	1042	-16	319.79	8	-10	83	95	30	(2,8)
2	2026-01-01 14:00:19.000	842	305	971	-16	342.12	8	-10	83	95	30	(2,8)
2	2026-01-01 14:00:20.000	877	374	1032	-16	16.36	10	-8	83	95	30	(3,8)
2	2026-01-01 14:00:21.000	912	446	974	-16	349.1	10	-7	83	95	30	(3,8)
2	2026-01-01 14:00:22.000	947	357	973	-16	347.05	10	-6	83	95	30	(3,8)
2	2026-01-01 14:00:23.000	982	346	937	-16	310.52	10	-5	83	95	30	(3,7)
2	2026-01-01 14:00:24.000	1017	258	860	64	319.96	9	-7	83	95	50	(2,7)
2	2026-01-01 14:00:25.000	1052	343	799	64	344.93	10	-5	83	95	50	(3,6)
2	2026-01-01 14:00:26.000	1087	357	860	64	344.79	10	-4	83	95	50	(3,7)
2	2026-01-01 14:00:27.000	1122	426	896	64	325.45	10	-6	83	95	50	(3,7)
2	2026-01-01 14:00:28.000	1157	391	954	64	294.89	8	-7	83	95	50	(3,7)
2	2026-01-01 14:00:29.000	1192	450	965	64	263.93	6	-9	83	95	50	(4,8)
2	2026-01-01 14:00:30.000	1227	527	1032	64	247.89	8	-10	83	95	50	(4,8)
2	2026-01-01 14:00:31.000	1262	502	1078	64	259.64	9	-10	83	95	50	(4,8)
2	2026-01-01 14:00:32.000	1297	437	1044	64	246.38	8	-10	83	95	50	(3,8)
2	2026-01-01 14:00:33.000	1332	525	1094	64	216.73	10	-10	83	95	46	(4,9)
2	2026-01-01 14:00:34.000	1367	607	1065	64	189.94	9	-8	83	95	46	(5,8)
2	2026-01-01 14:00:35.000	1402	622	1009	64	205.3	10	-10	83	95	46	(5,8)
2	2026-01-01 14:00:36.000	1437	604	1014	64	232.28	10	-9	83	95	46	(5,8)
2	2026-01-01 14:00:37.000	1472	535	1075	64	256.53	8	-10	83	95	46	(4,8)
2	2026-01-01 14:00:38.000	1507	538	1109	64	226.77	10	-10	83	95	46	(4,9)
2	2026-01-01 14:00:39.000	1542	501	1164	64	270.94	9	-10	83	95	46	(4,9)
2	2026-01-01 14:00:40.000	1577	591	1162	64	289.49	7	-9	83	95	46	(5,9)
2	2026-01-01 14:00:41.000	1612	517	1246	64	289.85	7	-7	83	95	46	(4,10)
2	2026-01-01 14:00:42.000	1647	438	1255	64	281.95	9	-9	83	95	42	(3,10)
2	2026-01-01 14:00:43.000	1682	362	1252	64	275.94	8	-10	83	95	42	(3,10)
2	2026-01-01 14:00:44.000	1717	317	1248	64	237.3	6	-10	83	95	42	(2,10)
2	2026-01-01 14:00:45.000	1752	395	1205	64	280.27	6	-10	83	95	42	(3,9)
2	2026-01-01 14:00:46.000	1787	354	1259	64	250.64	6	-8	83	95	42	(3,10)
2	2026-01-01 14:00:47.000	1822	290	1301	64	287.85	4	-9	83	95	50	(2,10)
2	2026-01-01 14:00:48.000	1857	283	1298	64	283.67	6	-9	83	95	50	(2,10)
2	2026-01-01 14:00:49.000	1892	365	1316	64	288.8	5	-10	83	95	50	(3,10)
2	2026-01-01 14:00:50.000	1927	351	1256	64	325.72	3	-10	83	95	50	(3,10)
2	2026-01-01 14:00:51.000	1962	335	1258	128	302.01	2	-10	83	95	50	(3,10)
2	2026-01-01 14:00:52.000	1997	271	1222	128	273.68	1	-8	83	95	50	(2,10)
2	2026-01-01 14:00:53.000	2032	200	1169	128	279.34	1	-8	83	95	50	(2,9)
2	2026-01-01 14:00:54.000	2067	223	1148	128	250.25	2	-9	83	95	50	(2,9)
2	2026-01-01 14:00:55.000	2102	307	1228	128	279.56	4	-10	83	95	50	(2,10)
2	2026-01-01 14:00:56.000	2137	351	1240	128	284.49	4	-10	83	95	50	(3,10)
2	2026-01-01 14:00:57.000	2172	318	1217	128	259.39	2	-10	83	95	50	(2,10)
2	2026-01-01 14:00:58.000	2207	399	1244	128	225.54	3	-8	77	95	50	(3,10)
2	2026-01-01 14:00:59.000	2242	417	1334	128	213.14	4	-6	77	103	50	(3,10)
2	2026-01-01 14:01:00.000	2277	504	1344	128	196.09	4	-4	77	103	50	(4,10)
2	2026-01-01 14:01:01.000	2312	509	1391	8	179.95	4	-3	77	103	50	(4,11)
2	2026-01-01 14:01:02.000	2347	576	1468	8	138.23	3	-2	77	103	50	(4,11)
2	2026-01-01 14:01:03.000	2382	522	1526	8	168.68	4	-4	77	103	50	(4,12)
2	2026-01-01 14:01:04.000	2417	493	1501	8	213.37	6	-2	77	103	50	(4,12)
2	2026-01-01 14:01:05.000	2452	454	1426	8	172.67	7	-3	77	103	50	(4,11)
2	2026-01-01 14:01:06.000	2487	487	1453	8	177.18	5	-3	76	103	50	(4,11)
2	2026-01-01 14:01:07.000	2522	511	1510	8	195.6	3	-3	76	103	50	(4,12)
2	2026-01-01 14:01:08.000	2557	483	1466	8	186.45	2	-2	76	103	50	(4,11)
2	2026-01-01 14:01:09.000	2592	419	1552	8	206.31	1	-1	76	103	50	(3,12)
2	2026-01-01 14:01:10.000	2627	385	1493	8	163.69	0	0	76	103	50	(3,12)
2	2026-01-01 14:01:11.000	2662	468	1513	8	138.1	0	2	76	103	50	(4,12)
2	2026-01-01 14:01:12.000	2697	518	1430	8	145.65	-2	2	76	103	50	(4,11)
2	2026-01-01 14:01:13.000	2732	437	1412	8	181.59	-1	4	70	103	50	(3,11)
2	2026-01-01 14:01:14.000	2767	400	1391	8	179.32	0	4	70	103	45	(3,11)
2	2026-01-01 14:01:15.000	2802	337	1432	0	183.0	0	5	70	103	45	(3,11)
2	2026-01-01 14:01:16.000	2837	416	1422	0	164.07	1	3	70	103	45	(3,11)
2	2026-01-01 14:01:17.000	2872	390	1432	0	194.58	1	3	70	103	45	(3,11)
2	2026-01-01 14:01:18.000	2907	381	1464	0	206.44	-1	5	70	103	45	(3,11)
2	2026-01-01 14:01:19.000	2942	430	1538	0	229.6	-1	3	70	103	45	(3,12)
2	2026-01-01 14:01:20.000	2977	409	1475	0	184.93	-3	1	70	103	45	(3,12)
2	2026-01-01 14:01:21.000	3012	439	1488	0	168.58	-1	3	70	103	45	(3,12)
2	2026-01-01 14:01:22.000	3047	397	1549	0	180.97	-1	1	70	103	45	(3,12)
2	2026-01-01 14:01:23.000	3082	406	1524	0	187.16	-1	-1	70	103	45	(3,12)
2	2026-01-01 14:01:24.000	3117	465	1498	0	194.03	-2	-2	70	103	45	(4,12)
2	2026-01-01 14:01:25.000	3152	498	1568	0	211.94	0	-2	70	103	45	(4,12)
2	2026-01-01 14:01:26.000	3187	511	1485	0	256.13	-2	-2	70	103	45	(4,12)
2	2026-01-01 14:01:27.000	3222	523	1436	0	217.22	-2	-1	70	103	45	(4,11)
2	2026-01-01 14:01:28.000	3257	540	1372	0	189.75	-1	1	70	103	45	(4,11)
2	2026-01-01 14:01:29.000	3292	455	1314	0	212.16	-3	-1	70	103	45	(4,10)
2	2026-01-01 14:01:30.000	3327	497	1362	0	241.9	-4	-2	70	103	45	(4,11)
2	2026-01-01 14:01:31.000	3362	470	1314	0	274.75	-3	-1	70	103	45	(4,10)
2	2026-01-01 14:01:32.000	3397	532	1278	0	309.65	-3	-3	70	103	45	(4,10)
2	2026-01-01 14:01:33.000	3432	571	1261	0	299.56	-5	-3	70	103	45	(4,10)
2	2026-01-01 14:01:34.000	3467	540	1184	0	299.07	-4	-4	70	103	45	(4,9)
2	2026-01-01 14:01:35.000	3502	474	1167	0	339.61	-3	-3	70	103	45	(4,9)
2	2026-01-01 14:01:36.000	3537	464	1135	0	311.56	-2	-5	81	103	45	(4,9)
2	2026-01-01 14:01:37.000	3572	453	1119	0	286.66	-2	-4	81	103	45	(4,9)
2	2026-01-01 14:01:38.000	3607	512	1158	0	304.82	-1	-5	80	103	45	(4,9)
2	2026-01-01 14:01:39.000	3642	495	1203	0	306.25	-3	-4	80	103	45	(4,9)
2	2026-01-01 14:01:40.000	3677	451	1204	0	280.16	-4	-6	80	103	45	(4,9)
2	2026-01-01 14:01:41.000	3712	466	1198	0	296.45	-3	-4	80	103	44	(4,9)
2	2026-01-01 14:01:42.000	3747	520	1240	0	276.13	-3	-3	80	103	44	(4,10)
2	2026-01-01 14:01:43.000	3782	517	1313	0	236.21	-5	-2	80	103	44	(4,10)
2	2026-01-01 14:01:44.000	3817	577	1277	0	247.38	-7	-4	80	103	44	(5,10)
2	2026-01-01 14:01:45.000	3852	516	1274	0	261.93	-8	-2	80	103	44	(4,10)
2	2026-01-01 14:01:46.000	3887	517	1230	0	280.25	-8	-1	80	103	44	(4,10)
2	2026-01-01 14:01:47.000	3922	586	1243	0	235.9	-6	0	80	103	44	(5,10)
2	2026-01-01 14:01:48.000	3957	607	1210	0	202.14	-5	0	80	103	43	(5,9)
2	2026-01-01 14:01:49.000	3992	667	1157	0	209.92	-7	1	80	103	43	(5,9)
2	2026-01-01 14:01:50.000	4027	731	1077	0	170.5	-9	3	80	103	43	(6,8)
2	2026-01-01 14:01:51.000	4062	759	1163	0	140.75	-10	3	80	103	43	(6,9)
2	2026-01-01 14:01:52.000	4097	718	1116	0	128.47	-10	1	80	103	43	(6,9)
2	2026-01-01 14:01:53.000	4132	673	1098	0	104.46	-10	-1	80	103	43	(5,9)
2	2026-01-01 14:01:54.000	4167	595	1083	0	116.68	-9	-3	80	103	43	(5,8)
2	2026-01-01 14:01:55.000	4202	678	1049	0	115.11	-9	-3	80	103	43	(5,8)
2	2026-01-01 14:01:56.000	4237	738	1131	0	127.63	-7	-2	80	103	43	(6,9)
2	2026-01-01 14:01:57.000	4272	772	1192	0	91.72	-9	-2	80	103	43	(6,9)
2	2026-01-01 14:01:58.000	4307	691	1112	0	87.34	-10	-4	80	103	43	(5,9)
2	2026-01-01 14:01:59.000	4342	752	1133	0	94.79	-10	-2	80	103	43	(6,9)
2	2026-01-01 14:02:00.000	4377	670	1094	0	115.21	-10	-3	75	103	43	(5,9)
2	2026-01-01 14:02:01.000	4412	707	1054	0	138.24	-10	-3	75	103	43	(6,8)
2	2026-01-01 14:02:02.000	4447	642	1113	0	132.91	-10	-3	75	103	41	(5,9)
2	2026-01-01 14:02:03.000	4482	614	1116	0	161.78	-10	-4	75	103	41	(5,9)
2	2026-01-01 14:02:04.000	4517	577	1027	0	200.01	-9	-5	75	103	41	(5,8)
2	2026-01-01 14:02:05.000	4552	630	1055	0	169.42	-10	-7	75	103	41	(5,8)
2	2026-01-01 14:02:06.000	4587	647	1090	0	165.15	-10	-5	75	103	41	(5,9)
2	2026-01-01 14:02:07.000	4622	663	1129	0	180.99	-10	-6	75	103	40	(5,9)
2	2026-01-01 14:02:08.000	4657	590	1050	128	172.63	-8	-4	75	103	40	(5,8)
2	2026-01-01 14:02:09.000	4692	608	1032	128	194.31	-8	-6	75	103	40	(5,8)
2	2026-01-01 14:02:10.000	4727	532	1104	128	162.48	-9	-5	75	103	40	(4,9)
2	2026-01-01 14:02:11.000	4762	616	1033	128	155.43	-10	-7	75	103	40	(5,8)
2	2026-01-01 14:02:12.000	4797	568	1063	128	178.44	-8	-9	75	103	40	(4,8)
2	2026-01-01 14:02:13.000	4832	601	1009	128	195.19	-6	-7	75	103	40	(5,8)
2	2026-01-01 14:02:14.000	4867	583	1057	128	192.2	-7	-7	75	103	38	(5,8)
2	2026-01-01 14:02:15.000	4902	643	969	40	207.15	-5	-7	75	103	38	(5,8)
2	2026-01-01 14:02:16.000	4937	703	909	40	185.13	-5	-5	75	103	35	(5,7)
2	2026-01-01 14:02:17.000	4972	785	945	0	194.62	-6	-6	75	103	35	(6,7)
2	2026-01-01 14:02:18.000	5007	736	1002	56	175.38	-4	-7	75	103	35	(6,8)
2	2026-01-01 14:02:19.000	5042	725	1065	56	207.02	-6	-5	75	103	35	(6,8)
2	2026-01-01 14:02:20.000	5077	675	1100	56	248.22	-4	-6	75	103	35	(5,9)
2	2026-01-01 14:02:21.000	5112	655	1136	56	207.34	-6	-8	75	103	35	(5,9)
2	2026-01-01 14:02:22.000	5147	648	1186	56	236.5	-7	-9	75	103	35	(5,9)
2	2026-01-01 14:02:23.000	5182	628	1156	56	235.44	-7	-10	75	103	35	(5,9)
2	2026-01-01 14:02:24.000	5217	540	1130	56	232.71	-9	-10	75	103	35	(4,9)
2	2026-01-01 14:02:25.000	5252	465	1066	56	228.85	-8	-9	75	103	35	(4,8)
2	2026-01-01 14:02:26.000	5287	482	1050	64	193.94	-10	-10	75	103	35	(4,8)
2	2026-01-01 14:02:27.000	5322	537	977	64	223.89	-9	-9	75	103	35	(4,8)
2	2026-01-01 14:02:28.000	5357	544	1061	24	232.68	-7	-10	75	103	35	(4,8)
2	2026-01-01 14:02:29.000	5392	564	1003	24	273.55	-9	-10	75	103	35	(4,8)
2	2026-01-01 14:02:30.000	5427	528	961	24	239.02	-9	-10	75	103	35	(4,8)
2	2026-01-01 14:02:31.000	5462	438	958	24	194.14	-8	-8	75	103	35	(3,7)
2	2026-01-01 14:02:32.000	5497	413	971	24	221.62	-8	-9	75	103	35	(3,8)
2	2026-01-01 14:02:33.000	5532	437	936	24	248.75	-6	-10	75	103	35	(3,7)
2	2026-01-01 14:02:34.000	5567	467	1009	24	237.18	-6	-8	75	103	35	(4,8)
2	2026-01-01 14:02:35.000	5602	533	927	0	280.96	-4	-7	75	103	48	(4,7)
2	2026-01-01 14:02:36.000	5637	552	894	0	323.96	-5	-8	75	103	48	(4,7)
2	2026-01-01 14:02:37.000	5672	472	963	0	356.22	-3	-6	75	103	48	(4,8)
2	2026-01-01 14:02:38.000	5707	405	1001	0	350.64	-2	-4	75	103	48	(3,8)
2	2026-01-01 14:02:39.000	5742	426	1046	0	321.98	-3	-6	75	103	48	(3,8)
2	2026-01-01 14:02:40.000	5777	447	988	0	342.9	-4	-6	75	103	48	(3,8)
2	2026-01-01 14:02:41.000	5812	459	1030	0	299.54	-6	-7	75	103	48	(4,8)
2	2026-01-01 14:02:42.000	5847	412	1001	0	273.03	-4	-6	75	103	48	(3,8)
2	2026-01-01 14:02:43.000	5882	341	955	0	299.08	-4	-7	75	103	48	(3,7)
2	2026-01-01 14:02:44.000	5917	340	999	0	267.5	-4	-8	75	103	48	(3,8)
2	2026-01-01 14:02:45.000	5952	274	989	0	256.4	-3	-7	75	103	48	(2,8)
2	2026-01-01 14:02:46.000	5987	304	1075	0	276.5	-3	-6	75	103	48	(2,8)
2	2026-01-01 14:02:47.000	6022	295	1088	0	321.12	-4	-5	75	103	48	(2,8)
2	2026-01-01 14:02:48.000	6057	323	1112	0	277.41	-3	-6	75	103	48	(3,9)
2	2026-01-01 14:02:49.000	6092	251	1174	0	286.93	-2	-4	75	103	48	(2,9)
2	2026-01-01 14:02:50.000	6127	290	1122	0	270.66	-4	-6	75	103	48	(2,9)
2	2026-01-01 14:02:51.000	6162	309	1121	0	295.81	-5	-7	75	103	48	(2,9)
2	2026-01-01 14:02:52.000	6197	264	1191	0	282.33	-6	-7	88	103	48	(2,9)
2	2026-01-01 14:02:53.000	6232	262	1275	0	269.34	-7	-8	88	103	48	(2,10)
2	2026-01-01 14:02:54.000	6267	219	1314	0	278.08	-6	-8	88	103	48	(2,10)
2	2026-01-01 14:02:55.000	6302	170	1398	0	322.57	-6	-6	88	103	48	(1,11)
2	2026-01-01 14:02:56.000	6337	150	1342	0	327.93	-8	-8	88	103	48	(1,10)
2	2026-01-01 14:02:57.000	6372	98	1395	-8	298.95	-10	-7	88	103	48	(1,11)
2	2026-01-01 14:02:58.000	6407	165	1348	-8	274.9	-10	-9	88	103	48	(1,11)
2	2026-01-01 14:02:59.000	6442	227	1322	-8	259.98	-10	-7	88	103	48	(2,10)
2	2026-01-01 14:03:00.000	6477	204	1348	-8	284.47	-8	-5	88	103	48	(2,11)
2	2026-01-01 14:03:01.000	6512	170	1336	32	271.02	-8	-7	88	103	48	(1,10)
2	2026-01-01 14:03:02.000	6547	196	1283	32	264.35	-7	-7	88	103	48	(2,10)
2	2026-01-01 14:03:03.000	6582	275	1277	0	254.69	-6	-8	82	103	45	(2,10)
2	2026-01-01 14:03:04.000	6617	315	1336	40	227.62	-4	-6	82	103	45	(2,10)
2	2026-01-01 14:03:05.000	6652	307	1389	40	194.55	-3	-5	82	103	45	(2,11)
2	2026-01-01 14:03:06.000	6687	304	1364	40	216.91	-1	-3	82	103	45	(2,11)
2	2026-01-01 14:03:07.000	6722	289	1438	40	203.58	-1	-1	82	103	45	(2,11)
2	2026-01-01 14:03:08.000	6757	310	1369	40	244.93	-3	-3	82	103	45	(2,11)
2	2026-01-01 14:03:09.000	6792	240	1291	40	261.62	-1	-1	82	103	45	(2,10)
2	2026-01-01 14:03:10.000	6827	177	1328	40	267.57	-2	-1	82	103	45	(1,10)
2	2026-01-01 14:03:11.000	6862	260	1291	40	290.48	-2	-2	82	103	45	(2,10)
2	2026-01-01 14:03:12.000	6897	217	1284	40	306.4	0	-1	82	103	45	(2,10)
2	2026-01-01 14:03:13.000	6932	272	1235	40	291.2	0	1	82	103	45	(2,10)
2	2026-01-01 14:03:14.000	6967	298	1293	40	280.76	-1	1	82	103	45	(2,10)
2	2026-01-01 14:03:15.000	7002	217	1361	40	255.5	0	1	82	103	45	(2,11)
2	2026-01-01 14:03:16.000	7037	226	1307	40	230.07	-1	1	82	103	45	(2,10)
2	2026-01-01 14:03:17.000	7072	257	1227	40	254.09	0	1	82	103	45	(2,10)
2	2026-01-01 14:03:18.000	7107	283	1248	40	278.02	-1	2	82	103	45	(2,10)
2	2026-01-01 14:03:19.000	7142	334	1268	40	263.84	-2	2	82	103	45	(3,10)
2	2026-01-01 14:03:20.000	7177	327	1288	40	241.24	-2	0	82	103	45	(3,10)
2	2026-01-01 14:03:21.000	7212	243	1360	40	235.78	-4	-2	82	103	45	(2,11)
2	2026-01-01 14:03:22.000	7247	212	1415	40	207.98	-3	-4	82	103	45	(2,11)
2	2026-01-01 14:03:23.000	7282	158	1483	40	209.93	-3	-2	82	103	45	(1,12)
2	2026-01-01 14:03:24.000	7317	110	1538	40	188.13	-4	-3	82	103	45	(1,12)
2	2026-01-01 14:03:25.000	7352	153	1475	40	172.64	-4	-5	82	103	44	(1,12)
2	2026-01-01 14:03:26.000	7387	106	1486	40	181.79	-5	-7	82	103	44	(1,12)
2	2026-01-01 14:03:27.000	7422	47	1518	40	182.94	-4	-8	82	103	44	(0,12)
2	2026-01-01 14:03:28.000	7457	-31	1518	40	151.06	-2	-10	82	103	44	(0,12)
2	2026-01-01 14:03:29.000	7492	-4	1492	40	149.54	-1	-10	82	103	44	(0,12)
2	2026-01-01 14:03:30.000	7527	32	1573	40	191.81	-3	-8	82	103	44	(0,12)
2	2026-01-01 14:03:31.000	7562	77	1604	40	192.59	-5	-10	82	103	44	(1,13)
2	2026-01-01 14:03:32.000	7597	34	1649	40	169.13	-7	-9	91	103	44	(0,13)
2	2026-01-01 14:03:33.000	7632	-14	1663	40	210.07	-6	-8	91	103	44	(0,13)
2	2026-01-01 14:03:34.000	7667	-95	1712	40	249.79	-4	-7	91	103	44	(-1,13)
2	2026-01-01 14:03:35.000	7702	-156	1784	40	274.59	-2	-9	91	103	44	(-1,14)
2	2026-01-01 14:03:36.000	7737	-92	1723	40	245.94	-4	-10	91	103	44	(-1,13)
2	2026-01-01 14:03:37.000	7772	-12	1655	40	202.31	-2	-10	91	103	42	(0,13)
2	2026-01-01 14:03:38.000	7807	-73	1611	40	176.59	-1	-10	91	103	50	(-1,13)
2	2026-01-01 14:03:39.000	7842	-2	1685	0	144.08	1	-9	91	103	45	(0,13)
2	2026-01-01 14:03:40.000	7877	16	1647	0	102.73	-1	-7	91	103	45	(0,13)
2	2026-01-01 14:03:41.000	7912	35	1708	0	75.2	1	-7	91	103	45	(0,13)
2	2026-01-01 14:03:42.000	7947	-25	1762	0	44.22	3	-8	91	103	42	(0,14)
2	2026-01-01 14:03:43.000	7982	59	1673	0	83.52	5	-8	91	103	42	(0,13)
2	2026-01-01 14:03:44.000	8017	141	1731	24	128.2	7	-7	91	103	42	(1,14)
2	2026-01-01 14:03:45.000	8052	217	1666	24	95.56	7	-8	91	103	41	(2,13)
2	2026-01-01 14:03:46.000	8087	232	1720	24	126.57	7	-10	91	103	41	(2,13)
2	2026-01-01 14:03:47.000	8122	184	1742	24	114.06	6	-10	91	103	41	(1,14)
2	2026-01-01 14:03:48.000	8157	258	1826	24	146.96	8	-9	91	103	40	(2,14)
2	2026-01-01 14:03:49.000	8192	326	1745	24	180.47	8	-9	91	103	40	(3,14)
2	2026-01-01 14:03:50.000	8227	361	1825	24	208.93	9	-8	91	103	36	(3,14)
2	2026-01-01 14:03:51.000	8262	295	1832	24	205.74	8	-7	91	103	36	(2,14)
2	2026-01-01 14:03:52.000	8297	359	1789	24	179.92	7	-7	91	103	32	(3,14)
2	2026-01-01 14:03:53.000	8332	408	1777	24	170.41	9	-5	91	103	32	(3,14)
2	2026-01-01 14:03:54.000	8367	368	1809	24	202.52	7	-3	91	103	32	(3,14)
2	2026-01-01 14:03:55.000	8402	372	1765	24	220.74	7	-3	91	103	32	(3,14)
2	2026-01-01 14:03:56.000	8437	427	1766	24	246.74	6	-4	91	103	32	(3,14)
2	2026-01-01 14:03:57.000	8472	502	1727	24	220.56	7	-3	91	103	32	(4,13)
2	2026-01-01 14:03:58.000	8507	485	1791	24	208.26	8	-3	91	103	32	(4,14)
2	2026-01-01 14:03:59.000	8542	452	1760	24	173.31	7	-5	91	103	32	(4,14)
2	2026-01-01 14:04:00.000	8577	392	1780	24	211.47	7	-6	91	103	32	(3,14)
2	2026-01-01 14:04:01.000	8612	315	1715	24	173.27	7	-6	91	103	32	(2,13)
2	2026-01-01 14:04:02.000	8647	276	1633	24	170.57	6	-6	91	103	32	(2,13)
2	2026-01-01 14:04:03.000	8682	206	1703	24	150.31	5	-8	84	103	32	(2,13)
2	2026-01-01 14:04:04.000	8717	236	1618	24	138.67	4	-7	84	103	32	(2,13)
2	2026-01-01 14:04:05.000	8752	196	1594	64	149.13	4	-9	84	103	28	(2,12)
2	2026-01-01 14:04:06.000	8787	129	1589	64	164.22	2	-8	84	103	28	(1,12)
2	2026-01-01 14:04:07.000	8822	85	1584	64	137.36	0	-7	84	103	28	(1,12)
2	2026-01-01 14:04:08.000	8857	46	1542	64	169.36	-1	-8	84	103	38	(0,12)
2	2026-01-01 14:04:09.000	8892	13	1583	64	161.9	1	-7	84	103	38	(0,12)
2	2026-01-01 14:04:10.000	8927	-51	1621	64	150.29	3	-5	84	103	38	(0,13)
2	2026-01-01 14:04:11.000	8962	-135	1632	64	156.51	3	-6	84	103	34	(-1,13)
2	2026-01-01 14:04:12.000	8997	-159	1659	64	127.41	3	-8	84	103	50	(-1,13)
2	2026-01-01 14:04:13.000	9032	-106	1633	-16	128.51	4	-6	84	103	50	(-1,13)
2	2026-01-01 14:04:14.000	9067	-87	1609	-16	163.73	4	-8	84	103	50	(-1,13)
2	2026-01-01 14:04:15.000	9102	-171	1573	-16	194.63	2	-7	78	103	46	(-1,12)
2	2026-01-01 14:04:16.000	9137	-141	1609	-16	232.0	2	-8	78	103	41	(-1,13)
2	2026-01-01 14:04:17.000	9172	-141	1676	-16	219.54	2	-8	78	103	41	(-1,13)
2	2026-01-01 14:04:18.000	9207	-55	1589	-16	226.6	4	-7	78	103	41	(0,12)
2	2026-01-01 14:04:19.000	9242	10	1556	-16	221.28	2	-9	78	103	41	(0,12)
2	2026-01-01 14:04:20.000	9277	-34	1591	-16	227.26	0	-10	78	103	41	(0,12)
2	2026-01-01 14:04:21.000	9312	31	1518	-16	185.37	-2	-10	78	103	41	(0,12)
2	2026-01-01 14:04:22.000	9347	112	1599	-16	189.77	-3	-10	78	103	41	(1,12)
2	2026-01-01 14:04:23.000	9382	117	1656	-16	169.8	-2	-10	78	103	41	(1,13)
2	2026-01-01 14:04:24.000	9417	200	1654	-16	184.55	-3	-8	78	103	41	(2,13)
2	2026-01-01 14:04:25.000	9452	290	1665	-16	211.65	-4	-7	78	103	41	(2,13)
2	2026-01-01 14:04:26.000	9487	355	1603	-16	208.97	-4	-5	78	103	36	(3,13)
2	2026-01-01 14:04:27.000	9522	442	1529	-16	181.65	-4	-6	78	103	32	(3,12)
2	2026-01-01 14:04:28.000	9557	366	1519	-16	224.91	-3	-7	78	103	32	(3,12)
2	2026-01-01 14:04:29.000	9592	301	1498	-16	252.1	-5	-6	78	103	32	(2,12)
2	2026-01-01 14:04:30.000	9627	247	1440	-16	283.81	-3	-4	78	103	32	(2,11)
2	2026-01-01 14:04:31.000	9662	190	1382	-16	241.91	-2	-5	78	103	32	(1,11)
2	2026-01-01 14:04:32.000	9697	272	1371	-16	249.58	-2	-5	78	103	32	(2,11)
2	2026-01-01 14:04:33.000	9732	283	1313	-16	229.96	-2	-3	78	103	32	(2,10)
2	2026-01-01 14:04:34.000	9767	357	1340	-16	218.51	-3	-2	78	103	32	(3,10)
2	2026-01-01 14:04:35.000	9802	321	1314	-16	244.07	-5	-2	78	103	32	(3,10)
2	2026-01-01 14:04:36.000	9837	265	1339	-16	222.32	-7	-2	78	103	32	(2,10)
2	2026-01-01 14:04:37.000	9872	335	1257	-16	201.86	-9	-2	78	103	32	(3,10)
2	2026-01-01 14:04:38.000	9907	248	1220	-16	196.06	-9	-3	78	103	32	(2,10)
2	2026-01-01 14:04:39.000	9942	203	1258	-16	214.04	-8	-2	78	103	32	(2,10)
2	2026-01-01 14:04:40.000	9977	143	1273	-16	194.85	-9	-2	78	103	32	(1,10)
2	2026-01-01 14:04:41.000	10012	128	1234	-16	199.04	-7	-2	78	103	32	(1,10)
2	2026-01-01 14:04:42.000	10047	79	1270	-16	188.05	-7	0	78	103	32	(1,10)
2	2026-01-01 14:04:43.000	10082	35	1267	-16	199.55	-9	-1	78	103	32	(0,10)
2	2026-01-01 14:04:44.000	10117	51	1274	-16	228.33	-9	-3	78	103	32	(0,10)
2	2026-01-01 14:04:45.000	10152	47	1230	-16	265.05	-8	-5	78	103	32	(0,10)
2	2026-01-01 14:04:46.000	10187	126	1178	-16	221.7	-8	-6	78	103	32	(1,9)
2	2026-01-01 14:04:47.000	10222	163	1218	-16	212.61	-9	-7	78	103	32	(1,10)
2	2026-01-01 14:04:48.000	10257	75	1168	-16	205.89	-7	-9	78	103	32	(1,9)
2	2026-01-01 14:04:49.000	10292	152	1143	-16	204.07	-9	-8	78	103	32	(1,9)
2	2026-01-01 14:04:50.000	10327	71	1181	-16	205.99	-9	-10	78	103	32	(1,9)
2	2026-01-01 14:04:51.000	10362	44	1192	-16	178.89	-9	-9	71	103	32	(0,9)
2	2026-01-01 14:04:52.000	10397	109	1265	-16	205.36	-10	-7	67	103	32	(1,10)
2	2026-01-01 14:04:53.000	10432	121	1234	-16	230.49	-10	-8	67	103	32	(1,10)
2	2026-01-01 14:04:54.000	10467	176	1158	0	243.37	-8	-9	67	103	32	(1,9)
2	2026-01-01 14:04:55.000	10502	172	1192	0	217.29	-9	-10	81	103	32	(1,9)
2	2026-01-01 14:04:56.000	10537	160	1180	56	190.94	-8	-8	81	103	32	(1,9)
2	2026-01-01 14:04:57.000	10572	75	1196	24	177.67	-6	-6	81	103	32	(1,9)
2	2026-01-01 14:04:58.000	10607	72	1202	24	148.19	-8	-4	81	103	32	(1,9)
2	2026-01-01 14:04:59.000	10642	105	1156	24	128.53	-7	-5	81	103	32	(1,9)
2	2026-01-01 14:05:00.000	10677	109	1229	24	167.45	-6	-4	81	103	32	(1,10)
2	2026-01-01 14:05:01.000	10712	74	1139	24	142.55	-6	-2	81	103	32	(1,9)
2	2026-01-01 14:05:02.000	10747	2	1228	24	182.94	-6	-3	81	103	32	(0,10)
2	2026-01-01 14:05:03.000	10782	43	1158	24	215.81	-4	-4	81	103	32	(0,9)
2	2026-01-01 14:05:04.000	10817	-3	1243	24	227.07	-2	-5	81	103	32	(0,10)
2	2026-01-01 14:05:05.000	10852	-1	1200	24	244.56	-4	-4	81	103	32	(0,9)
2	2026-01-01 14:05:06.000	10887	43	1261	24	278.82	-6	-4	81	103	32	(0,10)
2	2026-01-01 14:05:07.000	10922	-7	1196	24	252.8	-8	-2	81	103	32	(0,9)
2	2026-01-01 14:05:08.000	10957	-95	1223	24	284.85	-9	-4	81	103	32	(-1,10)
2	2026-01-01 14:05:09.000	10992	-130	1176	24	284.45	-7	-5	81	103	32	(-1,9)
2	2026-01-01 14:05:10.000	11027	-158	1230	24	298.13	-7	-7	81	103	28	(-1,10)
2	2026-01-01 14:05:11.000	11062	-102	1313	24	256.41	-9	-7	81	103	28	(-1,10)
2	2026-01-01 14:05:12.000	11097	-104	1291	24	213.73	-9	-8	81	103	28	(-1,10)
2	2026-01-01 14:05:13.000	11132	-38	1299	24	171.19	-7	-10	81	103	28	(0,10)
2	2026-01-01 14:05:14.000	11167	12	1380	24	190.92	-6	-10	81	103	28	(0,11)
2	2026-01-01 14:05:15.000	11202	63	1316	24	170.35	-5	-10	81	103	28	(0,10)
2	2026-01-01 14:05:16.000	11237	65	1268	24	195.68	-6	-8	81	103	28	(1,10)
2	2026-01-01 14:05:17.000	11272	122	1232	24	221.58	-4	-6	81	103	23	(1,10)
2	2026-01-01 14:05:18.000	11307	109	1253	24	225.44	-6	-7	81	103	23	(1,10)
2	2026-01-01 14:05:19.000	11342	59	1274	24	224.64	-5	-9	81	103	23	(0,10)
2	2026-01-01 14:05:20.000	11377	33	1301	24	204.45	-5	-10	81	103	23	(0,10)
2	2026-01-01 14:05:21.000	11412	47	1229	24	229.58	-3	-8	81	103	23	(0,10)
2	2026-01-01 14:05:22.000	11447	83	1217	24	253.77	-3	-8	81	103	23	(1,10)
2	2026-01-01 14:05:23.000	11482	70	1193	24	233.16	-4	-8	81	103	23	(1,9)
2	2026-01-01 14:05:24.000	11517	150	1184	24	222.23	-4	-8	81	103	23	(1,9)
2	2026-01-01 14:05:25.000	11552	207	1168	24	235.24	-2	-8	81	103	23	(2,9)
2	2026-01-01 14:05:26.000	11587	243	1106	0	264.82	-4	-6	81	103	23	(2,9)
2	2026-01-01 14:05:27.000	11622	277	1129	0	279.09	-4	-7	81	103	23	(2,9)
2	2026-01-01 14:05:28.000	11657	201	1072	0	277.73	-4	-7	81	103	23	(2,8)
2	2026-01-01 14:05:29.000	11692	254	1000	0	316.94	-5	-9	81	103	23	(2,8)
2	2026-01-01 14:05:30.000	11727	305	1009	0	329.71	-5	-10	81	103	23	(2,8)
2	2026-01-01 14:05:31.000	11762	243	1022	0	286.39	-4	-9	81	103	23	(2,8)
2	2026-01-01 14:05:32.000	11797	209	963	0	323.22	-5	-10	81	103	44	(2,8)
2	2026-01-01 14:05:33.000	11832	295	1027	0	288.34	-7	-10	81	103	44	(2,8)
2	2026-01-01 14:05:34.000	11867	265	997	0	319.89	-6	-10	81	103	44	(2,8)
2	2026-01-01 14:05:35.000	11902	188	924	0	356.02	-6	-8	81	103	43	(1,7)
2	2026-01-01 14:05:36.000	11937	248	869	0	10.74	-5	-9	81	103	43	(2,7)
2	2026-01-01 14:05:37.000	11972	307	940	0	16.41	-6	-7	81	103	43	(2,7)
2	2026-01-01 14:05:38.000	12007	251	1008	0	7.87	-4	-9	81	103	43	(2,8)
2	2026-01-01 14:05:39.000	12042	215	929	0	357.43	-5	-7	81	103	43	(2,7)
2	2026-01-01 14:05:40.000	12077	262	918	0	331.88	-4	-7	81	103	43	(2,7)
2	2026-01-01 14:05:41.000	12112	281	982	0	338.53	-6	-8	81	103	43	(2,8)
2	2026-01-01 14:05:42.000	12147	370	1068	0	12.18	-7	-6	81	103	43	(3,8)
2	2026-01-01 14:05:43.000	12182	301	1054	0	38.34	-7	-6	81	103	43	(2,8)
2	2026-01-01 14:05:44.000	12217	321	1104	0	7.27	-9	-4	81	103	43	(3,9)
2	2026-01-01 14:05:45.000	12252	321	1170	0	331.55	-9	-5	81	103	43	(3,9)
2	2026-01-01 14:05:46.000	12287	411	1207	-8	326.19	-10	-3	81	103	43	(3,9)
2	2026-01-01 14:05:47.000	12322	467	1287	-8	349.3	-10	-2	81	103	43	(4,10)
2	2026-01-01 14:05:48.000	12357	443	1246	-8	20.06	-8	-2	81	103	43	(3,10)
2	2026-01-01 14:05:49.000	12392	407	1193	-8	349.63	-10	0	81	103	43	(3,9)
2	2026-01-01 14:05:50.000	12427	344	1246	-8	6.12	-10	-2	81	103	43	(3,10)
2	2026-01-01 14:05:51.000	12462	332	1164	-8	8.77	-10	0	81	103	43	(3,9)
2	2026-01-01 14:05:52.000	12497	257	1086	-8	2.98	-8	-1	81	103	43	(2,8)
2	2026-01-01 14:05:53.000	12532	300	1025	16	327.83	-10	-2	81	103	43	(2,8)
2	2026-01-01 14:05:54.000	12567	238	1029	16	305.28	-10	0	81	103	39	(2,8)
2	2026-01-01 14:05:55.000	12602	198	957	16	324.12	-10	2	81	103	39	(2,7)
2	2026-01-01 14:05:56.000	12637	120	1043	16	322.41	-8	3	81	103	39	(1,8)
2	2026-01-01 14:05:57.000	12672	144	1129	16	291.0	-6	3	72	103	36	(1,9)
2	2026-01-01 14:05:58.000	12707	97	1131	16	278.76	-6	3	72	103	36	(1,9)
2	2026-01-01 14:05:59.000	12742	31	1043	16	262.33	-8	3	72	103	32	(0,8)
2	2026-01-01 14:06:00.000	12777	73	1113	16	289.29	-9	2	72	103	32	(1,9)
2	2026-01-01 14:06:01.000	12812	0	1107	8	310.0	-10	0	72	103	32	(0,9)
2	2026-01-01 14:06:02.000	12847	-50	1194	8	336.25	-8	2	72	103	32	(0,9)
2	2026-01-01 14:06:03.000	12882	-101	1208	8	328.73	-8	1	72	103	46	(-1,9)
2	2026-01-01 14:06:04.000	12917	-87	1202	8	311.9	-6	0	72	103	46	(-1,9)
2	2026-01-01 14:06:05.000	12952	-141	1234	8	355.57	-4	2	72	103	46	(-1,10)
2	2026-01-01 14:06:06.000	12987	-152	1311	8	336.68	-2	3	89	103	42	(-1,10)
2	2026-01-01 14:06:07.000	13022	-68	1355	8	337.71	0	5	89	103	42	(-1,11)
2	2026-01-01 14:06:08.000	13057	-22	1285	-16	312.95	-1	3	89	103	42	(0,10)
2	2026-01-01 14:06:09.000	13092	59	1270	-16	300.42	0	2	89	103	50	(0,10)
2	2026-01-01 14:06:10.000	13127	-17	1180	-16	305.95	-1	4	89	103	50	(0,9)
2	2026-01-01 14:06:11.000	13162	46	1267	-16	312.86	0	3	89	103	50	(0,10)
2	2026-01-01 14:06:12.000	13197	136	1238	-16	282.5	-2	1	89	103	50	(1,10)
2	2026-01-01 14:06:13.000	13232	222	1257	-16	263.48	-1	-1	89	103	50	(2,10)
2	2026-01-01 14:06:14.000	13267	297	1251	-16	262.66	0	0	89	103	48	(2,10)
2	2026-01-01 14:06:15.000	13302	209	1285	-16	237.43	2	-2	89	103	48	(2,10)
2	2026-01-01 14:06:16.000	13337	240	1225	-16	260.21	3	-3	89	103	48	(2,10)
2	2026-01-01 14:06:17.000	13372	267	1141	-16	302.74	5	-5	89	103	48	(2,9)
2	2026-01-01 14:06:18.000	13407	311	1187	-16	310.56	3	-6	89	103	45	(2,9)
2	2026-01-01 14:06:19.000	13442	399	1156	-16	323.02	4	-6	82	103	45	(3,9)
2	2026-01-01 14:06:20.000	13477	452	1132	-16	306.84	4	-7	82	103	43	(4,9)
2	2026-01-01 14:06:21.000	13512	490	1092	-16	348.71	4	-7	82	103	50	(4,9)
2	2026-01-01 14:06:22.000	13547	446	1114	-16	317.13	2	-9	82	103	50	(3,9)
2	2026-01-01 14:06:23.000	13582	406	1029	-16	359.47	0	-9	82	103	50	(3,8)
2	2026-01-01 14:06:24.000	13617	490	962	-16	337.59	-2	-10	82	103	50	(4,8)
2	2026-01-01 14:06:25.000	13652	525	894	-16	20.73	0	-9	82	103	50	(4,7)
2	2026-01-01 14:06:26.000	13687	469	865	-8	35.27	2	-7	82	103	50	(4,7)
2	2026-01-01 14:06:27.000	13722	434	922	0	1.27	2	-5	82	103	46	(3,7)
2	2026-01-01 14:06:28.000	13757	480	1000	0	343.9	2	-3	82	103	46	(4,8)
2	2026-01-01 14:06:29.000	13792	486	916	0	354.14	4	-2	82	103	46	(4,7)
2	2026-01-01 14:06:30.000	13827	541	922	0	310.35	5	-3	82	103	46	(4,7)
2	2026-01-01 14:06:31.000	13862	567	962	0	354.6	5	-4	74	103	42	(4,8)
2	2026-01-01 14:06:32.000	13897	603	930	0	344.11	5	-6	74	103	42	(5,7)
2	2026-01-01 14:06:33.000	13932	526	914	32	335.5	7	-8	74	103	42	(4,7)
2	2026-01-01 14:06:34.000	13967	445	895	32	18.69	8	-7	74	103	42	(3,7)
2	2026-01-01 14:06:35.000	14002	458	888	32	19.34	9	-6	74	103	42	(4,7)
2	2026-01-01 14:06:36.000	14037	548	954	32	43.49	10	-5	74	103	40	(4,7)
2	2026-01-01 14:06:37.000	14072	600	978	32	70.96	10	-3	74	103	40	(5,8)
2	2026-01-01 14:06:38.000	14107	533	976	32	36.78	8	-5	74	103	35	(4,8)
2	2026-01-01 14:06:39.000	14142	555	1018	32	56.56	9	-3	74	103	50	(4,8)
2	2026-01-01 14:06:40.000	14177	515	1082	32	29.2	10	-4	74	103	50	(4,8)
2	2026-01-01 14:06:41.000	14212	503	998	32	67.28	9	-2	74	103	50	(4,8)
2	2026-01-01 14:06:42.000	14247	439	1012	32	34.77	10	0	74	103	45	(3,8)
2	2026-01-01 14:06:43.000	14282	416	1012	32	1.57	10	-2	74	103	45	(3,8)
2	2026-01-01 14:06:44.000	14317	436	973	32	339.29	9	-3	74	103	45	(3,8)
2	2026-01-01 14:06:45.000	14352	521	945	32	356.0	8	-3	74	103	45	(4,7)
2	2026-01-01 14:06:46.000	14387	533	949	32	11.81	7	-1	74	103	45	(4,7)
2	2026-01-01 14:06:47.000	14422	576	953	32	355.48	9	-1	74	103	45	(4,7)
2	2026-01-01 14:06:48.000	14457	551	948	32	22.72	8	0	74	103	45	(4,7)
2	2026-01-01 14:06:49.000	14492	630	980	32	28.92	9	-1	74	103	45	(5,8)
2	2026-01-01 14:06:50.000	14527	583	1051	32	54.74	10	1	66	103	45	(5,8)
2	2026-01-01 14:06:51.000	14562	596	970	32	82.37	10	2	66	103	45	(5,8)
2	2026-01-01 14:06:52.000	14597	601	880	32	118.8	10	0	66	103	45	(5,7)
2	2026-01-01 14:06:53.000	14632	538	861	32	114.06	10	-2	66	103	45	(4,7)
2	2026-01-01 14:06:54.000	14667	567	805	8	132.87	9	-1	66	103	45	(4,6)
2	2026-01-01 14:06:55.000	14702	522	805	8	115.36	7	0	66	103	45	(4,6)
2	2026-01-01 14:06:56.000	14737	511	865	8	101.36	9	-2	66	103	42	(4,7)
2	2026-01-01 14:06:57.000	14772	495	802	8	86.34	10	0	66	103	42	(4,6)
2	2026-01-01 14:06:58.000	14807	535	790	8	69.09	10	-2	66	103	42	(4,6)
2	2026-01-01 14:06:59.000	14842	554	810	8	54.77	9	-4	66	103	42	(4,6)
2	2026-01-01 14:07:00.000	14877	562	821	8	84.98	9	-2	66	103	42	(4,6)
2	2026-01-01 14:07:01.000	14912	481	846	8	108.31	9	-1	66	103	42	(4,7)
2	2026-01-01 14:07:02.000	14947	541	758	8	99.62	10	1	66	103	42	(4,6)
2	2026-01-01 14:07:03.000	14982	462	797	8	121.59	10	0	66	103	42	(4,6)
2	2026-01-01 14:07:04.000	15017	462	733	8	132.13	10	-1	66	103	42	(4,6)
2	2026-01-01 14:07:05.000	15052	456	781	128	175.18	10	-3	66	103	42	(4,6)
2	2026-01-01 14:07:06.000	15087	418	718	-16	200.81	10	-5	64	103	40	(3,6)
2	2026-01-01 14:07:07.000	15122	434	745	-16	197.09	9	-5	64	103	40	(3,6)
2	2026-01-01 14:07:08.000	15157	346	713	-16	203.59	10	-4	64	103	40	(3,6)
2	2026-01-01 14:07:09.000	15192	295	655	-16	243.66	10	-3	64	103	40	(2,5)
2	2026-01-01 14:07:10.000	15227	312	732	-16	206.89	10	-5	64	103	40	(2,6)
2	2026-01-01 14:07:11.000	15262	396	656	-16	176.37	10	-5	64	103	40	(3,5)
2	2026-01-01 14:07:12.000	15297	374	604	-16	164.8	10	-7	64	103	40	(3,5)
2	2026-01-01 14:07:13.000	15332	346	631	-16	145.27	9	-7	64	103	40	(3,5)
2	2026-01-01 14:07:14.000	15367	331	666	0	161.89	10	-5	64	103	40	(3,5)
2	2026-01-01 14:07:15.000	15402	335	592	0	147.16	10	-7	64	103	40	(3,5)
2	2026-01-01 14:07:16.000	15437	330	675	0	120.99	10	-7	64	103	39	(3,5)
2	2026-01-01 14:07:17.000	15472	334	674	0	144.69	10	-7	64	103	39	(3,5)
2	2026-01-01 14:07:18.000	15507	288	633	0	113.93	9	-5	64	103	39	(2,5)
2	2026-01-01 14:07:19.000	15542	335	620	128	128.11	10	-5	64	103	50	(3,5)
2	2026-01-01 14:07:20.000	15577	372	545	128	164.37	9	-6	64	103	50	(3,4)
2	2026-01-01 14:07:21.000	15612	355	579	128	162.68	7	-5	64	103	46	(3,5)
2	2026-01-01 14:07:22.000	15647	369	669	128	182.98	8	-7	64	103	46	(3,5)
2	2026-01-01 14:07:23.000	15682	309	722	64	209.08	10	-6	64	103	46	(2,6)
2	2026-01-01 14:07:24.000	15717	315	653	64	243.99	10	-4	64	103	46	(2,5)
2	2026-01-01 14:07:25.000	15752	402	698	64	228.39	10	-2	64	103	46	(3,5)
2	2026-01-01 14:07:26.000	15787	412	764	64	201.64	10	0	64	103	46	(3,6)
2	2026-01-01 14:07:27.000	15822	375	739	64	199.92	10	2	64	103	46	(3,6)
2	2026-01-01 14:07:28.000	15857	383	675	64	217.87	8	1	64	103	46	(3,5)
2	2026-01-01 14:07:29.000	15892	295	711	64	235.94	6	3	64	103	46	(2,6)
2	2026-01-01 14:07:30.000	15927	282	761	64	192.98	8	5	64	106	46	(2,6)
2	2026-01-01 14:07:31.000	15962	213	850	64	200.22	6	7	64	106	46	(2,7)
2	2026-01-01 14:07:32.000	15997	247	836	64	206.61	7	8	64	106	46	(2,7)
2	2026-01-01 14:07:33.000	16032	210	863	64	201.7	6	7	64	106	46	(2,7)
2	2026-01-01 14:07:34.000	16067	191	871	40	167.29	4	9	64	106	46	(1,7)
2	2026-01-01 14:07:35.000	16102	274	882	40	177.24	5	8	64	106	46	(2,7)
2	2026-01-01 14:07:36.000	16137	184	855	40	202.8	7	9	64	106	46	(1,7)
2	2026-01-01 14:07:37.000	16172	136	824	40	175.16	9	9	64	106	46	(1,6)
2	2026-01-01 14:07:38.000	16207	171	911	40	137.57	8	9	64	106	46	(1,7)
2	2026-01-01 14:07:39.000	16242	127	836	40	123.23	9	8	64	106	46	(1,7)
2	2026-01-01 14:07:40.000	16277	130	783	40	161.47	8	9	64	106	46	(1,6)
2	2026-01-01 14:07:41.000	16312	138	872	40	139.14	6	8	64	106	46	(1,7)
2	2026-01-01 14:07:42.000	16347	94	823	40	163.28	6	7	64	106	46	(1,6)
2	2026-01-01 14:07:43.000	16382	38	825	40	131.55	4	5	64	106	46	(0,6)
2	2026-01-01 14:07:44.000	16417	13	767	40	162.7	5	7	64	106	46	(0,6)
2	2026-01-01 14:07:45.000	16452	64	682	40	194.09	4	9	57	106	46	(0,5)
2	2026-01-01 14:07:46.000	16487	-22	624	40	219.13	6	10	57	106	46	(0,5)
2	2026-01-01 14:07:47.000	16522	-4	681	40	263.77	7	10	57	106	46	(0,5)
2	2026-01-01 14:07:48.000	16557	22	592	40	270.04	7	8	57	106	46	(0,5)
2	2026-01-01 14:07:49.000	16592	-53	637	40	257.22	8	10	57	106	46	(0,5)
2	2026-01-01 14:07:50.000	16627	-17	594	40	295.58	6	10	57	106	46	(0,5)
2	2026-01-01 14:07:51.000	16662	-101	545	40	281.61	5	8	57	106	46	(-1,4)
2	2026-01-01 14:07:52.000	16697	-125	565	40	278.05	5	10	57	106	46	(-1,4)
2	2026-01-01 14:07:53.000	16732	-204	593	40	262.87	4	10	55	106	46	(-2,5)
2	2026-01-01 14:07:54.000	16767	-235	594	40	259.5	2	9	55	106	46	(-2,5)
2	2026-01-01 14:07:55.000	16802	-179	513	40	248.11	2	8	55	106	46	(-1,4)
2	2026-01-01 14:07:56.000	16837	-257	504	40	255.68	4	7	55	106	44	(-2,4)
2	2026-01-01 14:07:57.000	16872	-208	453	0	282.21	5	9	53	106	44	(-2,4)
2	2026-01-01 14:07:58.000	16907	-197	384	0	273.59	3	9	53	106	44	(-2,3)
2	2026-01-01 14:07:59.000	16942	-254	423	0	241.83	1	8	53	106	44	(-2,3)
2	2026-01-01 14:08:00.000	16977	-206	397	0	256.64	1	9	53	106	44	(-2,3)
2	2026-01-01 14:08:01.000	17012	-199	480	0	235.53	2	9	53	106	44	(-2,4)
2	2026-01-01 14:08:02.000	17047	-109	545	0	197.91	2	7	53	106	44	(-1,4)
2	2026-01-01 14:08:03.000	17082	-65	533	0	218.18	1	6	53	106	44	(-1,4)
2	2026-01-01 14:08:04.000	17117	-35	459	0	184.26	-1	7	53	106	44	(0,4)
2	2026-01-01 14:08:05.000	17152	-3	493	0	197.94	-3	9	53	106	44	(0,4)
2	2026-01-01 14:08:06.000	17187	4	559	0	189.5	-3	10	53	106	44	(0,4)
2	2026-01-01 14:08:07.000	17222	-54	615	0	210.71	-3	10	53	106	44	(0,5)
2	2026-01-01 14:08:08.000	17257	16	665	0	249.85	-2	10	53	106	39	(0,5)
2	2026-01-01 14:08:09.000	17292	-43	701	0	253.54	-4	10	53	106	39	(0,5)
2	2026-01-01 14:08:10.000	17327	-82	779	0	255.63	-2	9	53	106	39	(-1,6)
2	2026-01-01 14:08:11.000	17362	-167	714	0	252.01	-4	10	53	106	34	(-1,6)
2	2026-01-01 14:08:12.000	17397	-140	788	0	232.82	-5	9	71	106	34	(-1,6)
2	2026-01-01 14:08:13.000	17432	-113	786	0	205.39	-4	9	71	106	33	(-1,6)
2	2026-01-01 14:08:14.000	17467	-140	848	0	182.94	-5	9	71	106	33	(-1,7)
2	2026-01-01 14:08:15.000	17502	-82	840	0	223.27	-3	9	71	106	28	(-1,7)
2	2026-01-01 14:08:16.000	17537	-113	770	0	220.01	-3	10	71	106	28	(-1,6)
2	2026-01-01 14:08:17.000	17572	-104	783	0	261.86	-4	10	71	106	28	(-1,6)
2	2026-01-01 14:08:18.000	17607	-134	793	0	218.27	-6	10	71	106	28	(-1,6)
2	2026-01-01 14:08:19.000	17642	-78	745	0	229.95	-8	10	71	106	28	(-1,6)
2	2026-01-01 14:08:20.000	17677	-164	800	0	239.48	-9	9	71	106	28	(-1,6)
2	2026-01-01 14:08:21.000	17712	-194	845	0	222.62	-7	8	71	106	28	(-2,7)
2	2026-01-01 14:08:22.000	17747	-259	896	0	195.88	-9	8	71	106	28	(-2,7)
2	2026-01-01 14:08:23.000	17782	-271	971	0	232.79	-10	10	71	106	28	(-2,8)
2	2026-01-01 14:08:24.000	17817	-308	973	0	190.03	-9	10	70	106	28	(-2,8)
2	2026-01-01 14:08:25.000	17852	-244	1021	0	217.74	-9	8	70	106	28	(-2,8)
2	2026-01-01 14:08:26.000	17887	-283	954	0	228.61	-9	8	70	106	28	(-2,7)
2	2026-01-01 14:08:27.000	17922	-299	1007	0	251.62	-9	8	70	106	28	(-2,8)
2	2026-01-01 14:08:28.000	17957	-371	1021	16	258.77	-9	10	70	106	28	(-3,8)
2	2026-01-01 14:08:29.000	17992	-377	975	16	292.55	-9	8	70	106	28	(-3,8)
2	2026-01-01 14:08:30.000	18027	-299	1004	16	277.46	-10	7	70	106	28	(-2,8)
2	2026-01-01 14:08:31.000	18062	-349	971	16	299.01	-10	8	70	106	28	(-3,8)
2	2026-01-01 14:08:32.000	18097	-329	1037	16	286.28	-8	7	70	106	28	(-3,8)
2	2026-01-01 14:08:33.000	18132	-331	967	-8	245.19	-7	5	70	106	28	(-3,8)
2	2026-01-01 14:08:34.000	18167	-298	947	-8	274.21	-8	3	70	106	26	(-2,7)
2	2026-01-01 14:08:35.000	18202	-365	972	-8	249.01	-8	4	70	106	26	(-3,8)
2	2026-01-01 14:08:36.000	18237	-418	936	-8	234.19	-6	3	70	106	26	(-3,7)
2	2026-01-01 14:08:37.000	18272	-381	927	-8	268.34	-7	3	70	106	26	(-3,7)
2	2026-01-01 14:08:38.000	18307	-341	893	-8	294.4	-6	1	70	106	26	(-3,7)
2	2026-01-01 14:08:39.000	18342	-429	901	-8	282.58	-4	2	70	106	26	(-3,7)
2	2026-01-01 14:08:40.000	18377	-517	861	-8	301.71	-5	1	70	106	26	(-4,7)
2	2026-01-01 14:08:41.000	18412	-487	873	-8	337.06	-7	-1	70	106	26	(-4,7)
2	2026-01-01 14:08:42.000	18447	-500	791	-8	301.66	-9	-3	70	106	26	(-4,6)
2	2026-01-01 14:08:43.000	18482	-558	851	-8	281.26	-7	-4	68	106	24	(-4,7)
2	2026-01-01 14:08:44.000	18517	-643	822	-8	282.69	-9	-5	68	106	24	(-5,6)
2	2026-01-01 14:08:45.000	18552	-627	790	-8	247.44	-9	-7	68	106	24	(-5,6)
2	2026-01-01 14:08:46.000	18587	-692	812	-8	262.52	-8	-8	68	106	24	(-5,6)
2	2026-01-01 14:08:47.000	18622	-634	848	-8	236.41	-6	-8	68	106	24	(-5,7)
2	2026-01-01 14:08:48.000	18657	-642	804	-8	250.79	-5	-9	68	106	21	(-5,6)
2	2026-01-01 14:08:49.000	18692	-553	788	8	275.48	-6	-8	68	106	21	(-4,6)
2	2026-01-01 14:08:50.000	18727	-463	850	8	249.18	-4	-8	68	106	21	(-4,7)
2	2026-01-01 14:08:51.000	18762	-514	887	-8	284.72	-6	-8	68	106	21	(-4,7)
2	2026-01-01 14:08:52.000	18797	-469	844	-8	267.93	-6	-6	68	106	21	(-4,7)
2	2026-01-01 14:08:53.000	18832	-530	764	-8	284.05	-4	-8	68	106	43	(-4,6)
2	2026-01-01 14:08:54.000	18867	-490	806	-8	268.56	-5	-6	68	106	43	(-4,6)
2	2026-01-01 14:08:55.000	18902	-402	795	-8	283.04	-5	-4	68	106	43	(-3,6)
2	2026-01-01 14:08:56.000	18937	-461	788	64	286.41	-6	-4	68	106	43	(-4,6)
2	2026-01-01 14:08:57.000	18972	-510	858	64	278.04	-8	-2	68	106	43	(-4,7)
2	2026-01-01 14:08:58.000	19007	-436	775	64	250.16	-8	-1	63	106	43	(-3,6)
2	2026-01-01 14:08:59.000	19042	-367	811	64	236.97	-7	1	62	106	43	(-3,6)
2	2026-01-01 14:09:00.000	19077	-309	836	64	276.5	-6	0	62	106	43	(-2,7)
2	2026-01-01 14:09:01.000	19112	-247	756	64	279.25	-6	1	56	106	43	(-2,6)
2	2026-01-01 14:09:02.000	19147	-308	710	64	237.17	-6	3	56	106	43	(-2,6)
2	2026-01-01 14:09:03.000	19182	-316	780	64	259.36	-4	4	69	106	43	(-2,6)
2	2026-01-01 14:09:04.000	19217	-337	785	64	288.9	-2	5	69	106	43	(-3,6)
2	2026-01-01 14:09:05.000	19252	-297	817	64	255.98	-2	5	69	106	43	(-2,6)
2	2026-01-01 14:09:06.000	19287	-235	870	64	235.53	-1	6	69	106	43	(-2,7)
2	2026-01-01 14:09:07.000	19322	-240	941	0	232.96	-3	7	69	106	43	(-2,7)
2	2026-01-01 14:09:08.000	19357	-245	938	0	256.43	-5	8	69	106	43	(-2,7)
2	2026-01-01 14:09:09.000	19392	-172	997	0	297.49	-4	10	69	106	39	(-1,8)
2	2026-01-01 14:09:10.000	19427	-156	978	0	253.28	-2	10	69	106	39	(-1,8)
2	2026-01-01 14:09:11.000	19462	-236	1047	0	283.31	-3	10	69	106	39	(-2,8)
2	2026-01-01 14:09:12.000	19497	-174	1054	0	301.08	-4	10	69	106	39	(-1,8)
2	2026-01-01 14:09:13.000	19532	-185	1007	0	273.63	-6	10	69	106	39	(-1,8)
2	2026-01-01 14:09:14.000	19567	-118	1028	0	286.85	-4	8	69	106	39	(-1,8)
2	2026-01-01 14:09:15.000	19602	-159	1015	0	293.31	-5	7	69	106	39	(-1,8)
2	2026-01-01 14:09:16.000	19637	-114	927	0	332.39	-4	5	69	106	39	(-1,7)
2	2026-01-01 14:09:17.000	19672	-130	883	0	309.56	-2	4	69	106	39	(-1,7)
2	2026-01-01 14:09:18.000	19707	-204	802	0	336.26	-3	3	69	106	39	(-2,6)
2	2026-01-01 14:09:19.000	19742	-222	861	0	302.2	-4	4	69	106	39	(-2,7)
2	2026-01-01 14:09:20.000	19777	-188	927	0	265.09	-5	4	69	106	39	(-1,7)
2	2026-01-01 14:09:21.000	19812	-175	872	0	247.82	-5	3	69	106	39	(-1,7)
2	2026-01-01 14:09:22.000	19847	-110	804	0	245.19	-5	5	69	106	39	(-1,6)
2	2026-01-01 14:09:23.000	19882	-30	766	0	249.3	-7	6	69	106	39	(0,6)
2	2026-01-01 14:09:24.000	19917	-65	751	0	219.4	-5	4	69	106	36	(-1,6)
2	2026-01-01 14:09:25.000	19952	-93	830	0	184.4	-6	3	69	106	36	(-1,6)
2	2026-01-01 14:09:26.000	19987	-147	835	0	227.28	-6	4	63	106	36	(-1,7)
2	2026-01-01 14:09:27.000	20022	-136	783	0	227.38	-7	4	59	106	36	(-1,6)
2	2026-01-01 14:09:28.000	20057	-200	796	0	206.02	-7	4	59	106	36	(-2,6)
2	2026-01-01 14:09:29.000	20092	-278	809	0	238.29	-5	6	59	106	36	(-2,6)
2	2026-01-01 14:09:30.000	20127	-238	791	0	277.62	-3	4	59	106	35	(-2,6)
2	2026-01-01 14:09:31.000	20162	-222	732	0	298.17	-1	3	59	106	35	(-2,6)
2	2026-01-01 14:09:32.000	20197	-168	676	0	279.21	-1	1	59	106	35	(-1,5)
2	2026-01-01 14:09:33.000	20232	-163	602	0	236.84	0	0	59	106	33	(-1,5)
2	2026-01-01 14:09:34.000	20267	-123	539	0	202.49	-2	-2	59	106	33	(-1,4)
2	2026-01-01 14:09:35.000	20302	-105	579	0	186.34	-1	-2	59	106	33	(-1,5)
2	2026-01-01 14:09:36.000	20337	-149	611	0	219.04	0	-4	59	106	33	(-1,5)
2	2026-01-01 14:09:37.000	20372	-126	626	0	223.19	0	-5	59	106	33	(-1,5)
2	2026-01-01 14:09:38.000	20407	-65	588	0	242.99	1	-4	59	106	28	(-1,5)
2	2026-01-01 14:09:39.000	20442	-99	668	0	235.4	2	-5	59	106	28	(-1,5)
2	2026-01-01 14:09:40.000	20477	-181	716	0	247.2	1	-5	59	106	24	(-1,6)
2	2026-01-01 14:09:41.000	20512	-185	806	0	288.96	-1	-7	59	106	24	(-1,6)
2	2026-01-01 14:09:42.000	20547	-106	717	0	295.4	0	-7	51	106	24	(-1,6)
2	2026-01-01 14:09:43.000	20582	-54	770	0	317.6	2	-9	51	106	24	(0,6)
2	2026-01-01 14:09:44.000	20617	32	718	128	308.47	3	-7	51	106	24	(0,6)
2	2026-01-01 14:09:45.000	20652	35	682	128	314.33	3	-7	51	106	24	(0,5)
2	2026-01-01 14:09:46.000	20687	-17	727	128	278.96	3	-6	51	106	24	(0,6)
2	2026-01-01 14:09:47.000	20722	-41	674	128	310.0	2	-4	51	106	24	(0,5)
2	2026-01-01 14:09:48.000	20757	-82	601	128	350.66	4	-3	51	106	24	(-1,5)
2	2026-01-01 14:09:49.000	20792	-13	549	128	342.02	4	-3	51	106	24	(0,4)
2	2026-01-01 14:09:50.000	20827	-77	475	24	334.59	2	-4	51	106	24	(-1,4)
2	2026-01-01 14:09:51.000	20862	-42	403	24	293.83	3	-6	51	106	24	(0,3)
2	2026-01-01 14:09:52.000	20897	-58	450	24	287.07	3	-7	51	106	24	(0,4)
2	2026-01-01 14:09:53.000	20932	-110	474	24	304.58	1	-6	51	106	24	(-1,4)
2	2026-01-01 14:09:54.000	20967	-178	513	24	319.59	2	-5	51	106	24	(-1,4)
2	2026-01-01 14:09:55.000	21002	-218	569	56	286.35	2	-6	51	106	24	(-2,4)
2	2026-01-01 14:09:56.000	21037	-167	499	56	327.18	0	-8	51	106	22	(-1,4)
2	2026-01-01 14:09:57.000	21072	-115	459	-16	314.56	2	-9	51	106	22	(-1,4)
2	2026-01-01 14:09:58.000	21107	-190	399	-16	352.13	2	-10	51	106	22	(-1,3)
2	2026-01-01 14:09:59.000	21142	-159	462	-16	23.19	1	-10	51	106	22	(-1,4)
2	2026-01-01 14:10:00.000	21177	-204	425	-16	357.46	3	-10	71	106	22	(-2,3)
2	2026-01-01 14:10:01.000	21212	-204	490	-16	342.27	1	-10	71	106	22	(-2,4)
2	2026-01-01 14:10:02.000	21247	-128	564	-16	25.64	0	-10	71	106	22	(-1,4)
2	2026-01-01 14:10:03.000	21282	-146	503	-16	33.1	-2	-9	71	106	22	(-1,4)
2	2026-01-01 14:10:04.000	21317	-222	579	-16	75.62	-2	-9	71	106	22	(-2,5)
2	2026-01-01 14:10:05.000	21352	-157	570	-16	37.17	0	-9	71	106	22	(-1,4)
2	2026-01-01 14:10:06.000	21387	-84	639	-16	9.84	2	-10	66	106	22	(-1,5)
2	2026-01-01 14:10:07.000	21422	-47	563	-16	339.88	3	-10	66	106	22	(0,4)
2	2026-01-01 14:10:08.000	21457	-111	605	-16	319.84	4	-9	66	106	21	(-1,5)
2	2026-01-01 14:10:09.000	21492	-187	670	-16	291.99	3	-8	66	106	21	(-1,5)
2	2026-01-01 14:10:10.000	21527	-115	592	-16	318.88	2	-6	66	106	21	(-1,5)
2	2026-01-01 14:10:11.000	21562	-185	546	-16	301.69	1	-6	66	106	21	(-1,4)
2	2026-01-01 14:10:12.000	21597	-98	527	-16	292.25	0	-7	66	106	21	(-1,4)
2	2026-01-01 14:10:13.000	21632	-136	614	-16	277.08	1	-9	66	106	21	(-1,5)
2	2026-01-01 14:10:14.000	21667	-202	566	-16	286.67	-1	-9	66	106	16	(-2,4)
2	2026-01-01 14:10:15.000	21702	-122	627	-16	245.93	1	-8	66	106	16	(-1,5)
2	2026-01-01 14:10:16.000	21737	-123	694	-16	207.28	0	-9	66	106	16	(-1,5)
2	2026-01-01 14:10:17.000	21772	-89	660	128	166.52	1	-7	66	106	16	(-1,5)
2	2026-01-01 14:10:18.000	21807	-158	577	128	149.87	0	-6	66	106	16	(-1,5)
2	2026-01-01 14:10:19.000	21842	-87	572	128	135.82	0	-8	66	106	16	(-1,4)
2	2026-01-01 14:10:20.000	21877	-39	635	128	105.93	0	-9	66	106	16	(0,5)
2	2026-01-01 14:10:21.000	21912	-11	590	128	81.14	0	-10	66	106	16	(0,5)
2	2026-01-01 14:10:22.000	21947	-97	675	128	108.97	2	-10	66	106	16	(-1,5)
2	2026-01-01 14:10:23.000	21982	-118	624	32	75.15	1	-10	66	106	16	(-1,5)
2	2026-01-01 14:10:24.000	22017	-45	595	32	98.86	2	-10	66	106	16	(0,5)
2	2026-01-01 14:10:25.000	22052	-45	524	32	92.75	4	-10	66	106	12	(0,4)
2	2026-01-01 14:10:26.000	22087	39	502	32	114.45	5	-10	66	106	12	(0,4)
2	2026-01-01 14:10:27.000	22122	40	415	32	136.38	7	-10	66	106	9	(0,3)
2	2026-01-01 14:10:28.000	22157	111	473	32	127.15	8	-8	66	106	9	(1,4)
2	2026-01-01 14:10:29.000	22192	176	415	32	163.75	7	-7	66	106	9	(1,3)
2	2026-01-01 14:10:30.000	22227	96	445	32	187.11	7	-9	66	106	7	(1,3)
2	2026-01-01 14:10:31.000	22262	122	415	32	182.4	9	-9	66	106	7	(1,3)
2	2026-01-01 14:10:32.000	22297	165	489	32	218.69	8	-10	64	106	7	(1,4)
2	2026-01-01 14:10:33.000	22332	169	554	32	191.3	6	-8	64	106	7	(1,4)
2	2026-01-01 14:10:34.000	22367	208	632	32	188.63	4	-9	64	106	3	(2,5)
2	2026-01-01 14:10:35.000	22402	239	549	0	154.93	5	-9	64	106	3	(2,4)
2	2026-01-01 14:10:36.000	22437	290	633	0	190.55	4	-9	64	106	3	(2,5)
2	2026-01-01 14:10:37.000	22472	325	624	32	195.05	4	-10	64	106	3	(3,5)
2	2026-01-01 14:10:38.000	22507	398	609	32	208.08	3	-10	64	106	3	(3,5)
2	2026-01-01 14:10:39.000	22542	317	604	32	183.53	5	-10	64	106	3	(2,5)
2	2026-01-01 14:10:40.000	22577	395	519	32	170.45	5	-8	64	106	3	(3,4)
2	2026-01-01 14:10:41.000	22612	432	510	32	209.54	6	-6	80	106	3	(3,4)
2	2026-01-01 14:10:42.000	22647	440	582	32	192.97	8	-6	80	106	3	(3,5)
2	2026-01-01 14:10:43.000	22682	355	639	32	237.29	7	-5	80	106	3	(3,5)
2	2026-01-01 14:10:44.000	22717	370	578	32	263.3	5	-4	80	106	3	(3,5)
2	2026-01-01 14:10:45.000	22752	315	594	32	223.62	3	-4	80	106	3	(2,5)
2	2026-01-01 14:10:46.000	22787	321	618	32	234.15	3	-4	80	106	3	(3,5)
2	2026-01-01 14:10:47.000	22822	253	696	32	216.02	4	-2	80	106	3	(2,5)
2	2026-01-01 14:10:48.000	22857	307	699	32	228.08	2	-1	80	106	3	(2,5)
2	2026-01-01 14:10:49.000	22892	235	782	32	195.13	4	-2	80	106	3	(2,6)
2	2026-01-01 14:10:50.000	22927	249	745	32	196.74	4	0	80	106	3	(2,6)
2	2026-01-01 14:10:51.000	22962	223	793	32	162.2	6	-1	80	106	3	(2,6)
2	2026-01-01 14:10:52.000	22997	181	787	32	153.76	5	-2	80	106	3	(1,6)
2	2026-01-01 14:10:53.000	23032	101	800	32	176.11	4	0	80	106	3	(1,6)
2	2026-01-01 14:10:54.000	23067	56	787	32	196.47	3	-1	80	106	3	(0,6)
2	2026-01-01 14:10:55.000	23102	96	826	32	167.56	1	-2	80	106	3	(1,6)
2	2026-01-01 14:10:56.000	23137	58	812	32	150.08	-1	0	80	106	3	(0,6)
2	2026-01-01 14:10:57.000	23172	4	821	32	167.92	-2	2	80	106	3	(0,6)
2	2026-01-01 14:10:58.000	23207	-11	801	32	138.68	-2	4	80	106	3	(0,6)
2	2026-01-01 14:10:59.000	23242	-86	711	32	111.25	-1	5	80	106	3	(-1,6)
2	2026-01-01 14:11:00.000	23277	-48	691	32	89.49	-3	6	80	106	3	(0,5)
2	2026-01-01 14:11:01.000	23312	36	614	32	83.15	-3	7	80	106	3	(0,5)
2	2026-01-01 14:11:02.000	23347	17	649	0	91.34	-1	5	80	106	3	(0,5)
2	2026-01-01 14:11:03.000	23382	-32	676	0	53.63	1	4	80	106	3	(0,5)
2	2026-01-01 14:11:04.000	23417	-8	732	0	14.59	3	3	80	106	3	(0,6)
2	2026-01-01 14:11:05.000	23452	74	656	0	345.87	4	2	80	106	3	(1,5)
2	2026-01-01 14:11:06.000	23487	-16	745	0	11.57	2	0	80	106	3	(0,6)
2	2026-01-01 14:11:07.000	23522	4	691	0	47.23	4	-2	80	106	3	(0,5)
2	2026-01-01 14:11:08.000	23557	36	727	0	71.39	2	-3	80	106	3	(0,6)
2	2026-01-01 14:11:09.000	23592	92	731	0	71.31	3	-3	80	106	3	(1,6)
2	2026-01-01 14:11:10.000	23627	173	798	0	32.29	4	-4	80	106	1	(1,6)
2	2026-01-01 14:11:11.000	23662	98	871	0	25.36	3	-6	80	106	1	(1,7)
2	2026-01-01 14:11:12.000	23697	176	817	0	62.52	3	-6	80	106	1	(1,6)
2	2026-01-01 14:11:13.000	23732	144	754	0	67.91	4	-4	80	106	1	(1,6)
2	2026-01-01 14:11:14.000	23767	131	728	0	46.56	4	-5	80	106	1	(1,6)
2	2026-01-01 14:11:15.000	23802	169	786	0	66.48	5	-7	80	106	1	(1,6)
2	2026-01-01 14:11:16.000	23837	247	812	64	104.13	5	-7	80	106	1	(2,6)
2	2026-01-01 14:11:17.000	23872	255	735	0	71.98	5	-7	77	106	1	(2,6)
2	2026-01-01 14:11:18.000	23907	308	707	0	116.17	6	-7	77	106	1	(2,6)
2	2026-01-01 14:11:19.000	23942	329	795	0	111.78	8	-8	77	106	1	(3,6)
2	2026-01-01 14:11:20.000	23977	258	836	0	138.69	8	-7	77	106	1	(2,7)
2	2026-01-01 14:11:21.000	24012	309	867	0	106.4	7	-5	77	106	1	(2,7)
2	2026-01-01 14:11:22.000	24047	293	952	0	63.76	8	-3	72	106	1	(2,7)
2	2026-01-01 14:11:23.000	24082	360	913	0	33.34	8	-5	72	106	0	(3,7)
2	2026-01-01 14:11:24.000	24117	299	826	0	29.55	8	-6	72	106	0	(2,6)
2	2026-01-01 14:11:25.000	24152	340	761	40	347.66	9	-7	72	106	0	(3,6)
2	2026-01-01 14:11:26.000	24187	359	709	0	353.75	9	-8	72	106	0	(3,6)
2	2026-01-01 14:11:27.000	24222	270	738	24	320.39	10	-8	72	106	0	(2,6)
2	2026-01-01 14:11:28.000	24257	244	721	24	312.13	8	-6	72	106	0	(2,6)
2	2026-01-01 14:11:29.000	24292	292	784	0	327.24	10	-5	72	106	0	(2,6)
2	2026-01-01 14:11:30.000	24327	241	730	0	302.96	8	-4	72	106	0	(2,6)
2	2026-01-01 14:11:31.000	24362	219	642	0	315.25	10	-3	72	106	0	(2,5)
2	2026-01-01 14:11:32.000	24397	204	632	0	346.82	9	-3	72	106	0	(2,5)
2	2026-01-01 14:11:33.000	24432	159	716	0	12.56	10	-5	72	106	0	(1,6)
2	2026-01-01 14:11:34.000	24467	180	747	0	42.21	9	-5	72	106	0	(1,6)
2	2026-01-01 14:11:35.000	24502	259	663	0	25.39	7	-7	66	106	0	(2,5)
2	2026-01-01 14:11:36.000	24537	301	673	0	357.73	9	-9	66	106	21	(2,5)
2	2026-01-01 14:11:37.000	24572	312	739	0	327.98	10	-10	66	106	21	(2,6)
2	2026-01-01 14:11:38.000	24607	331	663	0	313.32	8	-10	66	106	21	(3,5)
2	2026-01-01 14:11:39.000	24642	308	628	0	338.41	8	-10	66	106	21	(2,5)
2	2026-01-01 14:11:40.000	24677	361	578	0	328.34	9	-10	66	106	21	(3,5)
2	2026-01-01 14:11:41.000	24712	343	642	128	332.97	10	-8	66	106	21	(3,5)
2	2026-01-01 14:11:42.000	24747	271	627	128	326.16	8	-7	66	106	21	(2,5)
2	2026-01-01 14:11:43.000	24782	251	640	128	295.42	10	-9	66	106	21	(2,5)
2	2026-01-01 14:11:44.000	24817	301	651	128	270.41	8	-10	66	106	21	(2,5)
2	2026-01-01 14:11:45.000	24852	262	598	128	292.18	6	-9	66	106	17	(2,5)
2	2026-01-01 14:11:46.000	24887	240	590	128	327.78	6	-10	65	106	17	(2,5)
2	2026-01-01 14:11:47.000	24922	206	679	128	5.6	8	-10	65	106	16	(2,5)
2	2026-01-01 14:11:48.000	24957	259	633	128	331.63	8	-10	65	106	16	(2,5)
2	2026-01-01 14:11:49.000	24992	217	638	128	304.43	10	-8	65	106	16	(2,5)
2	2026-01-01 14:11:50.000	25027	296	703	128	335.98	10	-8	65	106	16	(2,5)
2	2026-01-01 14:11:51.000	25062	345	790	128	9.42	10	-7	65	106	16	(3,6)
2	2026-01-01 14:11:52.000	25097	310	789	128	329.58	10	-9	65	106	16	(2,6)
2	2026-01-01 14:11:53.000	25132	388	725	128	289.51	10	-8	65	106	16	(3,6)
2	2026-01-01 14:11:54.000	25167	315	649	128	268.71	10	-10	65	106	16	(2,5)
2	2026-01-01 14:11:55.000	25202	347	644	128	253.07	10	-9	65	106	16	(3,5)
2	2026-01-01 14:11:56.000	25237	307	628	128	232.56	9	-10	65	106	16	(2,5)
2	2026-01-01 14:11:57.000	25272	232	688	128	195.15	7	-9	65	106	16	(2,5)
2	2026-01-01 14:11:58.000	25307	149	753	128	176.82	7	-8	55	106	16	(1,6)
2	2026-01-01 14:11:59.000	25342	110	714	128	185.65	5	-10	55	106	16	(1,6)
2	2026-01-01 14:12:00.000	25377	68	663	0	166.19	3	-8	51	106	16	(1,5)
2	2026-01-01 14:12:01.000	25412	144	637	0	204.61	5	-10	51	106	16	(1,5)
2	2026-01-01 14:12:02.000	25447	154	727	0	166.89	3	-10	51	106	16	(1,6)
2	2026-01-01 14:12:03.000	25482	207	700	0	178.77	1	-9	51	106	16	(2,5)
2	2026-01-01 14:12:04.000	25517	173	669	0	192.12	-1	-8	51	106	16	(1,5)
2	2026-01-01 14:12:05.000	25552	126	690	0	193.06	-2	-9	51	106	14	(1,5)
2	2026-01-01 14:12:06.000	25587	180	633	16	194.74	-4	-8	51	106	14	(1,5)
2	2026-01-01 14:12:07.000	25622	129	545	64	203.15	-2	-6	51	106	9	(1,4)
2	2026-01-01 14:12:08.000	25657	54	617	64	199.66	0	-5	51	106	9	(0,5)
2	2026-01-01 14:12:09.000	25692	19	592	64	186.87	2	-3	51	106	24	(0,5)
2	2026-01-01 14:12:10.000	25727	-45	574	64	161.19	0	-1	51	106	24	(0,4)
2	2026-01-01 14:12:11.000	25762	16	511	64	152.88	2	-3	51	106	24	(0,4)
2	2026-01-01 14:12:12.000	25797	-41	464	56	193.97	2	-4	51	106	24	(0,4)
2	2026-01-01 14:12:13.000	25832	-21	523	56	181.76	3	-3	51	106	24	(0,4)
2	2026-01-01 14:12:14.000	25867	45	463	56	193.82	5	-5	51	106	24	(0,4)
2	2026-01-01 14:12:15.000	25902	72	426	56	189.83	7	-3	51	106	24	(1,3)
2	2026-01-01 14:12:16.000	25937	135	485	56	156.54	8	-3	44	106	24	(1,4)
2	2026-01-01 14:12:17.000	25972	123	533	56	151.69	6	-4	44	106	24	(1,4)
2	2026-01-01 14:12:18.000	26007	204	518	56	148.4	8	-6	44	106	24	(2,4)
2	2026-01-01 14:12:19.000	26042	177	570	56	192.09	8	-5	44	106	24	(1,4)
2	2026-01-01 14:12:20.000	26077	258	480	-8	188.51	6	-3	44	106	24	(2,4)
2	2026-01-01 14:12:21.000	26112	279	506	-8	178.01	6	-5	44	106	24	(2,4)
2	2026-01-01 14:12:22.000	26147	282	562	8	140.61	4	-6	44	106	24	(2,4)
2	2026-01-01 14:12:23.000	26182	276	585	8	171.62	3	-5	39	106	24	(2,5)
2	2026-01-01 14:12:24.000	26217	286	647	8	165.53	4	-5	39	106	24	(2,5)
2	2026-01-01 14:12:25.000	26252	204	640	8	161.37	3	-4	39	106	24	(2,5)
2	2026-01-01 14:12:26.000	26287	193	652	8	198.68	2	-3	39	106	38	(2,5)
2	2026-01-01 14:12:27.000	26322	282	703	8	226.58	2	-5	39	106	38	(2,5)
2	2026-01-01 14:12:28.000	26357	270	784	8	190.61	3	-5	34	106	38	(2,6)
2	2026-01-01 14:12:29.000	26392	244	821	40	185.84	5	-5	34	106	38	(2,6)
2	2026-01-01 14:12:30.000	26427	293	859	40	164.4	4	-5	34	106	38	(2,7)
2	2026-01-01 14:12:31.000	26462	236	890	0	131.26	6	-3	34	106	38	(2,7)
2	2026-01-01 14:12:32.000	26497	151	975	0	147.08	8	-5	34	106	36	(1,8)
2	2026-01-01 14:12:33.000	26532	103	1014	0	140.61	8	-5	34	106	36	(1,8)
2	2026-01-01 14:12:34.000	26567	182	1095	0	153.47	9	-4	34	106	36	(1,9)
2	2026-01-01 14:12:35.000	26602	105	1152	0	148.52	9	-3	34	106	36	(1,9)
2	2026-01-01 14:12:36.000	26637	165	1097	0	107.71	9	-5	34	106	36	(1,9)
2	2026-01-01 14:12:37.000	26672	192	1032	0	95.37	8	-5	34	106	36	(2,8)
2	2026-01-01 14:12:38.000	26707	251	944	0	76.04	10	-3	34	106	36	(2,7)
2	2026-01-01 14:12:39.000	26742	212	956	0	79.85	10	-3	34	106	36	(2,7)
2	2026-01-01 14:12:40.000	26777	244	877	0	54.74	10	-1	34	106	36	(2,7)
2	2026-01-01 14:12:41.000	26812	161	910	0	47.32	10	1	34	106	36	(1,7)
2	2026-01-01 14:12:42.000	26847	235	974	128	74.44	10	1	43	106	36	(2,8)
2	2026-01-01 14:12:43.000	26882	293	912	128	102.0	10	-1	43	106	36	(2,7)
2	2026-01-01 14:12:44.000	26917	307	965	128	60.13	9	-3	43	106	36	(2,8)
2	2026-01-01 14:12:45.000	26952	227	991	128	22.12	7	-4	43	106	36	(2,8)
2	2026-01-01 14:12:46.000	26987	195	985	128	37.01	9	-3	43	106	36	(2,8)
2	2026-01-01 14:12:47.000	27022	233	966	128	359.51	9	-3	43	106	36	(2,8)
2	2026-01-01 14:12:48.000	27057	293	934	128	28.37	10	-2	43	106	35	(2,7)
2	2026-01-01 14:12:49.000	27092	267	939	128	17.39	9	-1	43	106	30	(2,7)
2	2026-01-01 14:12:50.000	27127	274	884	128	11.8	10	1	43	106	30	(2,7)
2	2026-01-01 14:12:51.000	27162	322	968	128	4.62	9	1	43	106	30	(3,8)
2	2026-01-01 14:12:52.000	27197	265	993	128	0.57	7	2	43	106	25	(2,8)
2	2026-01-01 14:12:53.000	27232	210	964	32	324.5	7	3	43	106	25	(2,8)
2	2026-01-01 14:12:54.000	27267	265	891	40	319.98	8	5	43	106	25	(2,7)
2	2026-01-01 14:12:55.000	27302	257	903	40	347.14	6	4	43	106	25	(2,7)
2	2026-01-01 14:12:56.000	27337	312	985	40	359.17	8	3	43	106	25	(2,8)
2	2026-01-01 14:12:57.000	27372	319	1070	0	323.62	10	1	43	106	25	(2,8)
2	2026-01-01 14:12:58.000	27407	347	1083	0	305.47	10	1	43	106	25	(3,8)
2	2026-01-01 14:12:59.000	27442	396	1087	0	305.31	10	0	43	106	25	(3,8)
2	2026-01-01 14:13:00.000	27477	397	1083	40	270.96	10	0	43	106	25	(3,8)
2	2026-01-01 14:13:01.000	27512	369	1159	40	226.11	10	-2	43	106	25	(3,9)
2	2026-01-01 14:13:02.000	27547	443	1211	40	245.77	8	-3	43	106	25	(3,9)
2	2026-01-01 14:13:03.000	27582	400	1129	40	271.77	9	-5	43	106	25	(3,9)
2	2026-01-01 14:13:04.000	27617	471	1079	40	254.27	10	-6	43	106	25	(4,8)
2	2026-01-01 14:13:05.000	27652	418	1009	40	233.45	8	-7	43	106	25	(3,8)
2	2026-01-01 14:13:06.000	27687	353	1078	40	188.52	6	-8	43	106	25	(3,8)
2	2026-01-01 14:13:07.000	27722	386	1130	40	162.67	6	-7	43	106	25	(3,9)
2	2026-01-01 14:13:08.000	27757	385	1074	40	198.58	8	-5	43	106	24	(3,8)
2	2026-01-01 14:13:09.000	27792	435	1010	40	240.87	7	-7	41	106	24	(3,8)
2	2026-01-01 14:13:10.000	27827	467	979	40	235.65	8	-5	41	106	24	(4,8)
2	2026-01-01 14:13:11.000	27862	441	1007	40	215.39	9	-5	41	106	24	(3,8)
2	2026-01-01 14:13:12.000	27897	444	930	40	249.58	10	-6	41	106	24	(3,7)
2	2026-01-01 14:13:13.000	27932	452	900	40	207.01	10	-5	41	106	24	(4,7)
2	2026-01-01 14:13:14.000	27967	539	812	40	223.58	10	-5	41	106	24	(4,6)
2	2026-01-01 14:13:15.000	28002	557	747	40	238.1	9	-5	41	106	24	(4,6)
2	2026-01-01 14:13:16.000	28037	557	738	40	269.83	8	-7	41	106	23	(4,6)
2	2026-01-01 14:13:17.000	28072	512	778	40	230.37	9	-6	41	106	23	(4,6)
2	2026-01-01 14:13:18.000	28107	439	861	40	198.52	10	-8	41	106	23	(3,7)
2	2026-01-01 14:13:19.000	28142	472	898	40	212.45	9	-8	41	106	23	(4,7)
2	2026-01-01 14:13:20.000	28177	423	967	40	256.99	9	-8	41	106	23	(3,8)
2	2026-01-01 14:13:21.000	28212	453	958	0	237.6	10	-8	40	106	20	(4,7)
2	2026-01-01 14:13:22.000	28247	442	895	0	193.56	9	-10	40	106	20	(3,7)
2	2026-01-01 14:13:23.000	28282	452	969	0	178.02	7	-10	40	106	20	(4,8)
2	2026-01-01 14:13:24.000	28317	380	950	0	184.59	7	-10	40	106	20	(3,7)
2	2026-01-01 14:13:25.000	28352	341	954	0	223.13	6	-10	40	106	18	(3,7)
2	2026-01-01 14:13:26.000	28387	280	878	0	260.46	8	-10	40	106	18	(2,7)
2	2026-01-01 14:13:27.000	28422	219	816	0	258.85	7	-9	40	106	18	(2,6)
2	2026-01-01 14:13:28.000	28457	302	756	0	249.97	7	-10	40	106	18	(2,6)
2	2026-01-01 14:13:29.000	28492	266	757	0	207.44	8	-10	40	106	18	(2,6)
2	2026-01-01 14:13:30.000	28527	210	846	0	165.29	8	-10	40	106	18	(2,7)
2	2026-01-01 14:13:31.000	28562	197	778	0	161.71	7	-10	32	106	18	(2,6)
2	2026-01-01 14:13:32.000	28597	112	803	0	125.92	6	-10	32	106	18	(1,6)
2	2026-01-01 14:13:33.000	28632	61	887	-8	86.03	4	-10	32	106	18	(0,7)
2	2026-01-01 14:13:34.000	28667	49	812	-8	75.25	3	-8	32	106	18	(0,6)
2	2026-01-01 14:13:35.000	28702	79	838	-8	89.67	1	-8	32	106	18	(1,7)
2	2026-01-01 14:13:36.000	28737	146	900	-8	71.77	2	-7	32	106	18	(1,7)
2	2026-01-01 14:13:37.000	28772	70	902	-8	78.91	3	-8	45	106	18	(1,7)
2	2026-01-01 14:13:38.000	28807	22	916	-8	98.98	4	-7	45	106	18	(0,7)
2	2026-01-01 14:13:39.000	28842	32	964	-8	71.4	4	-5	45	106	18	(0,8)
2	2026-01-01 14:13:40.000	28877	-4	1004	-8	109.95	4	-5	45	106	18	(0,8)
2	2026-01-01 14:13:41.000	28912	64	1017	-8	126.52	5	-4	45	106	18	(0,8)
2	2026-01-01 14:13:42.000	28947	-25	930	-8	165.08	7	-5	45	106	18	(0,7)
2	2026-01-01 14:13:43.000	28982	-4	1008	-8	135.81	7	-6	45	106	18	(0,8)
2	2026-01-01 14:13:44.000	29017	-43	954	-8	107.45	5	-4	45	106	18	(0,7)
2	2026-01-01 14:13:45.000	29052	37	969	-8	146.03	3	-4	45	106	14	(0,8)
2	2026-01-01 14:13:46.000	29087	124	950	-8	185.53	4	-3	45	106	13	(1,7)
2	2026-01-01 14:13:47.000	29122	57	946	-8	180.3	5	-1	45	106	13	(0,7)
2	2026-01-01 14:13:48.000	29157	76	928	-8	199.84	4	-2	45	106	12	(1,7)
2	2026-01-01 14:13:49.000	29192	89	882	-8	186.21	2	-1	45	106	12	(1,7)
2	2026-01-01 14:13:50.000	29227	124	891	-8	173.79	4	0	45	106	12	(1,7)
2	2026-01-01 14:13:51.000	29262	145	932	-8	215.74	6	1	45	106	12	(1,7)
2	2026-01-01 14:13:52.000	29297	178	1013	-8	178.01	5	-1	45	106	12	(1,8)
2	2026-01-01 14:13:53.000	29332	268	1088	-8	136.55	7	1	45	106	12	(2,8)
2	2026-01-01 14:13:54.000	29367	260	1169	-8	119.96	9	-1	45	106	12	(2,9)
2	2026-01-01 14:13:55.000	29402	218	1213	-8	115.71	9	-1	45	106	7	(2,9)
2	2026-01-01 14:13:56.000	29437	277	1126	-8	72.74	10	-2	45	106	7	(2,9)
2	2026-01-01 14:13:57.000	29472	312	1202	-8	80.78	9	-3	45	106	7	(2,9)
2	2026-01-01 14:13:58.000	29507	290	1204	-8	101.02	10	-4	45	106	7	(2,9)
2	2026-01-01 14:13:59.000	29542	373	1203	-8	95.12	8	-5	45	106	4	(3,9)
2	2026-01-01 14:14:00.000	29577	405	1139	-8	122.84	8	-3	45	106	4	(3,9)
2	2026-01-01 14:14:01.000	29612	362	1114	-8	107.14	9	-3	45	106	4	(3,9)
2	2026-01-01 14:14:02.000	29647	438	1100	-8	82.19	10	-5	45	106	4	(3,9)
2	2026-01-01 14:14:03.000	29682	349	1107	-8	92.79	10	-7	45	106	4	(3,9)
2	2026-01-01 14:14:04.000	29717	367	1120	-8	94.43	10	-5	45	106	4	(3,9)
2	2026-01-01 14:14:05.000	29752	311	1204	-8	52.38	9	-5	45	106	4	(2,9)
2	2026-01-01 14:14:06.000	29787	356	1251	-8	22.85	10	-3	45	106	4	(3,10)
2	2026-01-01 14:14:07.000	29822	386	1332	64	43.88	9	-5	45	106	4	(3,10)
2	2026-01-01 14:14:08.000	29857	336	1407	64	60.02	8	-3	45	106	4	(3,11)
2	2026-01-01 14:14:09.000	29892	367	1420	64	102.37	7	-1	45	106	4	(3,11)
2	2026-01-01 14:14:10.000	29927	450	1382	64	144.65	7	-2	45	106	4	(4,11)
2	2026-01-01 14:14:11.000	29962	539	1319	64	118.0	7	0	45	106	4	(4,10)
2	2026-01-01 14:14:12.000	29997	458	1392	64	94.32	8	-1	45	106	4	(4,11)
2	2026-01-01 14:14:13.000	30032	469	1306	64	76.17	10	-2	45	106	4	(4,10)
2	2026-01-01 14:14:14.000	30067	518	1369	64	85.21	9	0	45	106	4	(4,11)
2	2026-01-01 14:14:15.000	30102	435	1341	64	118.08	10	-1	45	106	4	(3,10)
2	2026-01-01 14:14:16.000	30137	462	1311	64	134.93	10	0	45	106	4	(4,10)
2	2026-01-01 14:14:17.000	30172	528	1315	64	135.1	10	2	45	106	4	(4,10)
2	2026-01-01 14:14:18.000	30207	605	1291	64	170.34	10	2	38	106	4	(5,10)
2	2026-01-01 14:14:19.000	30242	610	1305	64	162.62	10	0	38	106	4	(5,10)
2	2026-01-01 14:14:20.000	30277	681	1264	64	159.06	10	0	38	106	4	(5,10)
2	2026-01-01 14:14:21.000	30312	759	1241	0	162.51	10	1	38	106	4	(6,10)
2	2026-01-01 14:14:22.000	30347	678	1238	0	196.13	8	-1	38	106	1	(5,10)
2	2026-01-01 14:14:23.000	30382	708	1259	0	188.5	7	-2	38	106	1	(6,10)
2	2026-01-01 14:14:24.000	30417	741	1273	0	158.08	6	0	38	106	0	(6,10)
2	2026-01-01 14:14:25.000	30452	713	1316	0	198.79	4	-1	38	106	0	(6,10)
2	2026-01-01 14:14:26.000	30487	693	1240	0	224.14	2	-1	38	106	0	(5,10)
2	2026-01-01 14:14:27.000	30522	717	1256	0	181.26	0	-1	38	106	0	(6,10)
2	2026-01-01 14:14:28.000	30557	634	1245	0	224.36	2	1	38	106	0	(5,10)
2	2026-01-01 14:14:29.000	30592	592	1247	24	209.12	0	1	38	106	0	(5,10)
2	2026-01-01 14:14:30.000	30627	576	1306	24	227.16	2	2	38	106	0	(4,10)
2	2026-01-01 14:14:31.000	30662	606	1283	24	263.62	4	1	38	106	0	(5,10)
2	2026-01-01 14:14:32.000	30697	661	1272	24	228.75	3	1	38	106	0	(5,10)
2	2026-01-01 14:14:33.000	30732	659	1209	24	200.85	5	2	38	106	0	(5,9)
2	2026-01-01 14:14:34.000	30767	662	1167	24	191.32	4	4	38	106	0	(5,9)
2	2026-01-01 14:14:35.000	30802	617	1144	24	180.66	2	6	38	106	0	(5,9)
2	2026-01-01 14:14:36.000	30837	707	1200	24	141.21	1	5	38	106	0	(6,9)
2	2026-01-01 14:14:37.000	30872	776	1163	24	113.74	2	3	38	106	0	(6,9)
2	2026-01-01 14:14:38.000	30907	704	1118	32	114.12	4	4	38	106	0	(6,9)
2	2026-01-01 14:14:39.000	30942	661	1148	32	117.03	5	2	38	106	0	(5,9)
2	2026-01-01 14:14:40.000	30977	662	1109	32	136.74	3	2	38	106	0	(5,9)
2	2026-01-01 14:14:41.000	31012	662	1089	32	171.07	5	1	38	106	0	(5,9)
2	2026-01-01 14:14:42.000	31047	665	1062	32	194.01	3	1	38	106	14	(5,8)
2	2026-01-01 14:14:43.000	31082	635	1041	32	236.02	3	-1	38	106	14	(5,8)
2	2026-01-01 14:14:44.000	31117	611	979	0	277.56	1	1	38	106	14	(5,8)
2	2026-01-01 14:14:45.000	31152	532	1016	0	249.15	-1	1	38	106	14	(4,8)
2	2026-01-01 14:14:46.000	31187	516	1105	0	250.41	-1	3	38	106	14	(4,9)
2	2026-01-01 14:14:47.000	31222	513	1149	0	237.98	1	2	38	106	14	(4,9)
2	2026-01-01 14:14:48.000	31257	443	1093	24	257.29	3	1	38	106	23	(3,9)
2	2026-01-01 14:14:49.000	31292	519	1147	24	299.91	2	0	38	106	23	(4,9)
2	2026-01-01 14:14:50.000	31327	605	1160	24	278.6	2	-1	38	106	23	(5,9)
2	2026-01-01 14:14:51.000	31362	669	1185	24	317.0	3	1	38	106	19	(5,9)
2	2026-01-01 14:14:52.000	31397	734	1122	24	354.99	5	2	38	106	19	(6,9)
2	2026-01-01 14:14:53.000	31432	751	1193	24	351.81	3	1	38	106	19	(6,9)
2	2026-01-01 14:14:54.000	31467	828	1104	24	315.47	1	2	38	106	42	(6,9)
2	2026-01-01 14:14:55.000	31502	917	1142	24	340.03	3	3	38	106	42	(7,9)
2	2026-01-01 14:14:56.000	31537	891	1161	24	338.24	5	4	38	106	42	(7,9)
2	2026-01-01 14:14:57.000	31572	906	1216	24	345.94	4	6	38	106	42	(7,10)
2	2026-01-01 14:14:58.000	31607	874	1268	24	311.52	4	4	38	106	42	(7,10)
2	2026-01-01 14:14:59.000	31642	867	1336	-16	323.99	2	3	38	106	42	(7,10)
2	2026-01-01 14:15:00.000	31677	797	1276	-16	1.7	1	4	38	106	42	(6,10)
2	2026-01-01 14:15:01.000	31712	830	1358	-16	44.86	1	2	38	106	42	(6,11)
2	2026-01-01 14:15:02.000	31747	768	1415	-16	14.86	-1	2	38	106	42	(6,11)
2	2026-01-01 14:15:03.000	31782	724	1386	-16	41.34	-1	2	38	106	38	(6,11)
2	2026-01-01 14:15:04.000	31817	671	1299	-16	64.88	-3	1	38	106	38	(5,10)
2	2026-01-01 14:15:05.000	31852	696	1273	-16	70.92	-4	0	38	106	38	(5,10)
2	2026-01-01 14:15:06.000	31887	650	1195	-16	29.56	-6	-1	38	106	50	(5,9)
2	2026-01-01 14:15:07.000	31922	619	1243	-16	352.36	-5	1	38	106	50	(5,10)
2	2026-01-01 14:15:08.000	31957	637	1178	-16	354.88	-4	-1	38	106	50	(5,9)
2	2026-01-01 14:15:09.000	31992	702	1097	-16	39.83	-2	-3	38	106	49	(5,9)
2	2026-01-01 14:15:10.000	32027	754	1047	-16	34.33	-4	-5	30	106	49	(6,8)
2	2026-01-01 14:15:11.000	32062	668	961	8	7.22	-4	-7	30	106	49	(5,8)
2	2026-01-01 14:15:12.000	32097	598	1016	8	4.5	-3	-8	30	106	49	(5,8)
2	2026-01-01 14:15:13.000	32132	527	945	8	19.54	-4	-7	30	106	49	(4,7)
2	2026-01-01 14:15:14.000	32167	463	935	8	40.42	-5	-9	30	106	49	(4,7)
2	2026-01-01 14:15:15.000	32202	514	992	8	24.8	-3	-7	30	106	49	(4,8)
2	2026-01-01 14:15:16.000	32237	440	1058	8	353.72	-2	-6	30	106	49	(3,8)
2	2026-01-01 14:15:17.000	32272	387	1124	8	326.01	-1	-7	30	106	49	(3,9)
2	2026-01-01 14:15:18.000	32307	386	1161	8	354.65	1	-5	30	106	49	(3,9)
2	2026-01-01 14:15:19.000	32342	377	1087	0	337.12	1	-5	30	106	49	(3,8)
2	2026-01-01 14:15:20.000	32377	431	1008	0	356.42	-1	-7	30	106	48	(3,8)
2	2026-01-01 14:15:21.000	32412	478	971	0	3.72	-1	-8	30	106	48	(4,8)
2	2026-01-01 14:15:22.000	32447	423	923	0	322.18	-1	-6	30	106	48	(3,7)
2	2026-01-01 14:15:23.000	32482	337	927	0	345.39	1	-7	30	106	48	(3,7)
2	2026-01-01 14:15:24.000	32517	280	911	0	5.79	-1	-8	30	106	48	(2,7)
2	2026-01-01 14:15:25.000	32552	258	856	0	20.78	0	-8	30	106	48	(2,7)
2	2026-01-01 14:15:26.000	32587	295	911	0	57.93	-2	-9	30	106	48	(2,7)
2	2026-01-01 14:15:27.000	32622	253	888	0	90.7	-3	-9	30	106	48	(2,7)
2	2026-01-01 14:15:28.000	32657	321	842	0	89.35	-3	-8	30	106	48	(3,7)
2	2026-01-01 14:15:29.000	32692	341	929	0	59.21	-4	-7	30	106	48	(3,7)
2	2026-01-01 14:15:30.000	32727	342	1004	0	62.08	-3	-9	30	106	44	(3,8)
2	2026-01-01 14:15:31.000	32762	277	1031	40	40.22	-4	-9	30	106	44	(2,8)
2	2026-01-01 14:15:32.000	32797	273	972	40	66.45	-2	-7	30	106	44	(2,8)
2	2026-01-01 14:15:33.000	32832	267	956	40	61.62	-2	-9	30	106	44	(2,7)
2	2026-01-01 14:15:34.000	32867	213	924	40	86.92	-4	-8	29	106	44	(2,7)
2	2026-01-01 14:15:35.000	32902	135	992	40	68.96	-5	-6	29	106	50	(1,8)
2	2026-01-01 14:15:36.000	32937	180	982	40	102.01	-4	-5	29	106	50	(1,8)
2	2026-01-01 14:15:37.000	32972	110	973	40	101.99	-5	-6	29	106	50	(1,8)
2	2026-01-01 14:15:38.000	33007	50	946	40	75.38	-4	-8	24	106	50	(0,7)
2	2026-01-01 14:15:39.000	33042	49	1031	40	112.2	-4	-8	24	106	50	(0,8)
2	2026-01-01 14:15:40.000	33077	-25	1054	40	88.72	-6	-6	24	106	50	(0,8)
2	2026-01-01 14:15:41.000	33112	28	1006	40	114.97	-6	-6	24	106	47	(0,8)
2	2026-01-01 14:15:42.000	33147	17	946	0	75.31	-7	-5	24	106	47	(0,7)
2	2026-01-01 14:15:43.000	33182	82	944	0	74.23	-9	-5	24	106	50	(1,7)
2	2026-01-01 14:15:44.000	33217	1	991	0	84.03	-10	-5	24	106	50	(0,8)
2	2026-01-01 14:15:45.000	33252	-62	909	0	42.43	-10	-6	24	106	50	(0,7)
2	2026-01-01 14:15:46.000	33287	-4	951	0	40.26	-10	-7	24	106	50	(0,7)
2	2026-01-01 14:15:47.000	33322	-8	970	0	3.13	-8	-5	24	106	50	(0,8)
2	2026-01-01 14:15:48.000	33357	-25	939	0	338.24	-8	-5	24	106	50	(0,7)
2	2026-01-01 14:15:49.000	33392	-76	1023	0	347.7	-6	-3	24	106	50	(-1,8)
2	2026-01-01 14:15:50.000	33427	-77	1001	0	325.29	-7	-5	24	106	50	(-1,8)
2	2026-01-01 14:15:51.000	33462	-81	977	0	293.55	-7	-5	24	106	50	(-1,8)
2	2026-01-01 14:15:52.000	33497	-15	1011	0	283.94	-7	-3	24	106	50	(0,8)
2	2026-01-01 14:15:53.000	33532	-24	993	0	325.63	-9	-5	24	106	50	(0,8)
2	2026-01-01 14:15:54.000	33567	14	987	0	355.59	-7	-6	24	106	46	(0,8)
2	2026-01-01 14:15:55.000	33602	88	939	0	354.61	-6	-5	22	106	46	(1,7)
2	2026-01-01 14:15:56.000	33637	119	979	0	5.5	-5	-6	22	106	50	(1,8)
2	2026-01-01 14:15:57.000	33672	112	917	0	342.1	-4	-4	22	106	50	(1,7)
2	2026-01-01 14:15:58.000	33707	197	879	0	2.56	-3	-4	22	106	50	(2,7)
2	2026-01-01 14:15:59.000	33742	124	791	32	11.76	-3	-2	22	106	45	(1,6)
2	2026-01-01 14:16:00.000	33777	196	776	32	47.72	-2	-1	22	106	45	(2,6)
2	2026-01-01 14:16:01.000	33812	108	717	0	45.7	-1	0	22	106	45	(1,6)
2	2026-01-01 14:16:02.000	33847	69	792	0	49.88	-3	-1	22	106	45	(1,6)
2	2026-01-01 14:16:03.000	33882	149	741	0	76.6	-3	-3	22	106	45	(1,6)
2	2026-01-01 14:16:04.000	33917	161	707	-8	100.85	-1	-3	22	106	45	(1,6)
2	2026-01-01 14:16:05.000	33952	240	795	-8	57.19	1	-1	22	106	45	(2,6)
2	2026-01-01 14:16:06.000	33987	300	752	-8	21.33	-1	-3	22	106	45	(2,6)
2	2026-01-01 14:16:07.000	34022	223	713	32	47.94	0	-1	22	106	45	(2,6)
2	2026-01-01 14:16:08.000	34057	148	727	32	16.04	-2	-1	22	106	45	(1,6)
2	2026-01-01 14:16:09.000	34092	78	723	32	24.92	-1	1	22	106	45	(1,6)
2	2026-01-01 14:16:10.000	34127	37	641	32	2.59	0	2	22	106	45	(0,5)
2	2026-01-01 14:16:11.000	34162	-46	641	16	336.9	-1	1	22	106	45	(0,5)
2	2026-01-01 14:16:12.000	34197	-126	558	8	338.34	-1	3	22	106	45	(-1,4)
2	2026-01-01 14:16:13.000	34232	-195	526	8	308.06	0	1	22	106	45	(-2,4)
2	2026-01-01 14:16:14.000	34267	-280	557	8	348.4	2	-1	22	106	45	(-2,4)
2	2026-01-01 14:16:15.000	34302	-233	601	8	12.42	1	-3	22	106	45	(-2,5)
2	2026-01-01 14:16:16.000	34337	-272	534	8	50.72	1	-5	22	106	45	(-2,4)
2	2026-01-01 14:16:17.000	34372	-200	447	8	7.42	0	-7	22	106	45	(-2,3)
2	2026-01-01 14:16:18.000	34407	-270	530	8	14.81	1	-8	22	106	50	(-2,4)
2	2026-01-01 14:16:19.000	34442	-206	450	8	55.15	1	-9	22	106	45	(-2,4)
2	2026-01-01 14:16:20.000	34477	-228	529	8	37.27	0	-9	22	106	45	(-2,4)
2	2026-01-01 14:16:21.000	34512	-254	452	8	37.86	-2	-10	22	106	45	(-2,4)
2	2026-01-01 14:16:22.000	34547	-250	502	8	356.88	-2	-10	22	106	45	(-2,4)
2	2026-01-01 14:16:23.000	34582	-215	556	8	26.29	-3	-10	22	106	45	(-2,4)
2	2026-01-01 14:16:24.000	34617	-224	487	8	39.94	-2	-10	22	106	42	(-2,4)
2	2026-01-01 14:16:25.000	34652	-288	431	8	53.21	-4	-10	22	106	42	(-2,3)
2	2026-01-01 14:16:26.000	34687	-295	423	8	78.87	-5	-8	22	106	42	(-2,3)
2	2026-01-01 14:16:27.000	34722	-383	479	8	51.62	-7	-6	22	106	42	(-3,4)
2	2026-01-01 14:16:28.000	34757	-330	443	8	87.36	-9	-7	22	106	50	(-3,3)
2	2026-01-01 14:16:29.000	34792	-302	479	8	99.82	-9	-6	22	106	50	(-2,4)
2	2026-01-01 14:16:30.000	34827	-302	528	0	123.86	-7	-4	22	106	50	(-2,4)
2	2026-01-01 14:16:31.000	34862	-314	578	0	103.15	-9	-5	22	106	50	(-2,5)
2	2026-01-01 14:16:32.000	34897	-282	506	0	73.91	-9	-5	22	106	50	(-2,4)
2	2026-01-01 14:16:33.000	34932	-356	504	0	117.09	-7	-7	22	106	50	(-3,4)
2	2026-01-01 14:16:34.000	34967	-393	562	40	134.26	-7	-7	22	106	50	(-3,4)
2	2026-01-01 14:16:35.000	35002	-482	562	40	132.04	-9	-7	22	106	50	(-4,4)
2	2026-01-01 14:16:36.000	35037	-411	540	40	117.0	-7	-6	22	106	50	(-3,4)
2	2026-01-01 14:16:37.000	35072	-409	587	40	143.15	-5	-4	18	106	50	(-3,5)
2	2026-01-01 14:16:38.000	35107	-409	656	40	162.68	-7	-3	18	106	50	(-3,5)
2	2026-01-01 14:16:39.000	35142	-425	644	40	131.84	-5	-4	18	106	50	(-3,5)
2	2026-01-01 14:16:40.000	35177	-459	588	64	108.59	-5	-5	18	106	50	(-4,5)
2	2026-01-01 14:16:41.000	35212	-477	609	64	134.32	-3	-5	18	106	50	(-4,5)
2	2026-01-01 14:16:42.000	35247	-431	608	64	92.87	-4	-7	18	106	50	(-3,5)
2	2026-01-01 14:16:43.000	35282	-501	584	64	102.3	-3	-6	18	106	50	(-4,5)
2	2026-01-01 14:16:44.000	35317	-418	623	64	103.3	-1	-8	18	106	50	(-3,5)
2	2026-01-01 14:16:45.000	35352	-498	638	64	144.03	-2	-7	18	106	50	(-4,5)
2	2026-01-01 14:16:46.000	35387	-520	629	64	155.46	-4	-9	18	106	50	(-4,5)
2	2026-01-01 14:16:47.000	35422	-434	676	64	161.41	-5	-10	18	106	50	(-3,5)
2	2026-01-01 14:16:48.000	35457	-352	703	64	140.98	-6	-10	12	106	47	(-3,5)
2	2026-01-01 14:16:49.000	35492	-330	701	64	179.33	-6	-10	12	106	47	(-3,5)
2	2026-01-01 14:16:50.000	35527	-395	656	64	193.49	-8	-10	12	106	47	(-3,5)
2	2026-01-01 14:16:51.000	35562	-467	605	64	233.06	-7	-9	12	106	45	(-4,5)
2	2026-01-01 14:16:52.000	35597	-471	678	64	233.27	-5	-9	12	106	44	(-4,5)
2	2026-01-01 14:16:53.000	35632	-501	622	64	251.51	-7	-10	12	106	44	(-4,5)
2	2026-01-01 14:16:54.000	35667	-556	584	64	209.36	-8	-10	12	106	44	(-4,5)
2	2026-01-01 14:16:55.000	35702	-508	504	64	213.02	-8	-8	12	106	44	(-4,4)
2	2026-01-01 14:16:56.000	35737	-451	549	64	185.32	-7	-9	12	106	44	(-4,4)
2	2026-01-01 14:16:57.000	35772	-456	579	64	215.19	-5	-7	12	106	44	(-4,5)
2	2026-01-01 14:16:58.000	35807	-385	505	64	178.1	-5	-9	12	106	44	(-3,4)
2	2026-01-01 14:16:59.000	35842	-390	427	64	179.98	-5	-10	12	106	44	(-3,3)
2	2026-01-01 14:17:00.000	35877	-424	465	64	186.55	-7	-10	7	106	42	(-3,4)
2	2026-01-01 14:17:01.000	35912	-496	523	64	227.38	-7	-10	7	106	42	(-4,4)
2	2026-01-01 14:17:02.000	35947	-468	579	64	232.0	-6	-10	7	106	42	(-4,5)
2	2026-01-01 14:17:03.000	35982	-385	636	64	243.35	-7	-10	7	106	42	(-3,5)
2	2026-01-01 14:17:04.000	36017	-308	704	64	236.78	-9	-8	7	106	42	(-2,6)
2	2026-01-01 14:17:05.000	36052	-390	639	64	271.22	-7	-8	7	106	42	(-3,5)
2	2026-01-01 14:17:06.000	36087	-348	561	64	241.95	-9	-9	7	106	42	(-3,4)
2	2026-01-01 14:17:07.000	36122	-352	598	64	219.75	-9	-10	7	106	42	(-3,5)
2	2026-01-01 14:17:08.000	36157	-302	649	64	178.21	-7	-10	7	106	42	(-2,5)
2	2026-01-01 14:17:09.000	36192	-392	642	64	162.35	-6	-8	7	106	42	(-3,5)
2	2026-01-01 14:17:10.000	36227	-391	694	64	167.45	-5	-10	7	106	42	(-3,5)
2	2026-01-01 14:17:11.000	36262	-316	735	64	170.93	-3	-10	7	106	42	(-2,6)
2	2026-01-01 14:17:12.000	36297	-253	719	64	146.49	-5	-10	7	106	42	(-2,6)
2	2026-01-01 14:17:13.000	36332	-298	753	64	114.44	-7	-10	7	106	42	(-2,6)
2	2026-01-01 14:17:14.000	36367	-283	753	64	157.59	-9	-9	7	106	42	(-2,6)
2	2026-01-01 14:17:15.000	36402	-209	665	0	193.69	-8	-10	7	106	42	(-2,5)
2	2026-01-01 14:17:16.000	36437	-138	688	0	181.33	-8	-10	3	106	42	(-1,5)
2	2026-01-01 14:17:17.000	36472	-98	666	0	170.43	-6	-10	3	106	42	(-1,5)
2	2026-01-01 14:17:18.000	36507	-107	753	0	169.81	-4	-10	3	106	42	(-1,6)
2	2026-01-01 14:17:19.000	36542	-170	688	0	181.21	-3	-10	3	106	42	(-1,5)
2	2026-01-01 14:17:20.000	36577	-189	690	0	210.52	-2	-8	3	106	42	(-1,5)
2	2026-01-01 14:17:21.000	36612	-109	776	0	167.49	-3	-9	3	106	42	(-1,6)
2	2026-01-01 14:17:22.000	36647	-47	741	0	196.13	-1	-8	3	106	42	(0,6)
2	2026-01-01 14:17:23.000	36682	-128	804	0	195.25	-3	-10	3	106	42	(-1,6)
2	2026-01-01 14:17:24.000	36717	-216	728	128	224.39	-1	-9	3	106	42	(-2,6)
2	2026-01-01 14:17:25.000	36752	-291	709	128	212.94	1	-9	3	106	42	(-2,6)
2	2026-01-01 14:17:26.000	36787	-291	650	128	223.79	-1	-7	3	106	42	(-2,5)
2	2026-01-01 14:17:27.000	36822	-374	719	128	254.31	0	-7	3	106	42	(-3,6)
2	2026-01-01 14:17:28.000	36857	-420	748	128	281.15	-1	-8	3	106	42	(-3,6)
2	2026-01-01 14:17:29.000	36892	-353	816	128	241.81	-2	-6	3	106	42	(-3,6)
2	2026-01-01 14:17:30.000	36927	-337	731	128	272.17	-3	-6	3	106	42	(-3,6)
2	2026-01-01 14:17:31.000	36962	-350	736	128	239.74	-5	-4	3	106	42	(-3,6)
2	2026-01-01 14:17:32.000	36997	-398	782	128	214.04	-3	-4	3	106	42	(-3,6)
2	2026-01-01 14:17:33.000	37032	-454	769	128	188.98	-5	-4	3	106	42	(-4,6)
2	2026-01-01 14:17:34.000	37067	-528	810	0	228.64	-6	-6	3	106	42	(-4,6)
2	2026-01-01 14:17:35.000	37102	-486	788	0	268.92	-7	-5	3	106	42	(-4,6)
2	2026-01-01 14:17:36.000	37137	-396	851	0	276.73	-7	-5	0	106	42	(-3,7)
2	2026-01-01 14:17:37.000	37172	-460	773	0	246.3	-6	-6	17	106	42	(-4,6)
2	2026-01-01 14:17:38.000	37207	-466	799	0	239.83	-6	-8	17	106	42	(-4,6)
2	2026-01-01 14:17:39.000	37242	-509	748	0	225.89	-8	-9	17	106	42	(-4,6)
2	2026-01-01 14:17:40.000	37277	-430	694	0	203.89	-6	-8	17	106	42	(-3,5)
2	2026-01-01 14:17:41.000	37312	-517	607	0	178.13	-4	-9	17	106	42	(-4,5)
2	2026-01-01 14:17:42.000	37347	-536	689	0	172.45	-4	-10	17	106	42	(-4,5)
2	2026-01-01 14:17:43.000	37382	-551	733	0	167.12	-4	-9	17	106	42	(-4,6)
2	2026-01-01 14:17:44.000	37417	-584	675	0	177.22	-5	-10	17	106	42	(-5,5)
2	2026-01-01 14:17:45.000	37452	-632	637	0	180.52	-5	-9	17	106	42	(-5,5)
2	2026-01-01 14:17:46.000	37487	-585	650	0	186.32	-7	-9	17	106	42	(-5,5)
2	2026-01-01 14:17:47.000	37522	-672	561	0	212.62	-6	-7	17	106	42	(-5,4)
2	2026-01-01 14:17:48.000	37557	-658	642	0	168.65	-5	-8	17	106	42	(-5,5)
2	2026-01-01 14:17:49.000	37592	-622	619	0	195.34	-4	-6	17	106	42	(-5,5)
2	2026-01-01 14:17:50.000	37627	-563	615	0	235.82	-2	-5	17	106	42	(-4,5)
2	2026-01-01 14:17:51.000	37662	-528	696	0	249.09	-2	-4	17	106	42	(-4,5)
2	2026-01-01 14:17:52.000	37697	-594	653	0	283.06	-2	-4	17	106	42	(-5,5)
2	2026-01-01 14:17:53.000	37732	-604	651	0	257.23	0	-3	17	106	42	(-5,5)
2	2026-01-01 14:17:54.000	37767	-579	605	8	227.89	-2	-4	17	106	42	(-5,5)
2	2026-01-01 14:17:55.000	37802	-569	667	8	263.11	-3	-4	17	106	42	(-4,5)
2	2026-01-01 14:17:56.000	37837	-487	676	8	293.09	-4	-5	17	106	42	(-4,5)
2	2026-01-01 14:17:57.000	37872	-532	687	0	267.73	-6	-4	17	106	41	(-4,5)
2	2026-01-01 14:17:58.000	37907	-537	755	0	258.86	-6	-2	17	106	41	(-4,6)
2	2026-01-01 14:17:59.000	37942	-479	766	0	286.96	-4	-2	17	106	41	(-4,6)
2	2026-01-01 14:18:00.000	37977	-516	705	0	301.29	-4	-4	17	106	41	(-4,6)
2	2026-01-01 14:18:01.000	38012	-443	644	0	323.93	-3	-3	17	106	41	(-3,5)
2	2026-01-01 14:18:02.000	38047	-375	558	0	318.73	-2	-1	17	106	41	(-3,4)
2	2026-01-01 14:18:03.000	38082	-401	575	0	281.87	-2	0	17	106	50	(-3,4)
2	2026-01-01 14:18:04.000	38117	-323	581	0	301.79	0	-1	17	106	50	(-3,5)
2	2026-01-01 14:18:05.000	38152	-367	625	0	284.84	-2	-3	17	106	50	(-3,5)
2	2026-01-01 14:18:06.000	38187	-399	688	0	260.51	-3	-3	17	106	50	(-3,5)
2	2026-01-01 14:18:07.000	38222	-423	632	0	273.37	-2	-5	17	106	50	(-3,5)
2	2026-01-01 14:18:08.000	38257	-457	698	0	255.2	-4	-6	17	106	50	(-4,5)
2	2026-01-01 14:18:09.000	38292	-370	745	0	221.64	-3	-7	12	106	50	(-3,6)
2	2026-01-01 14:18:10.000	38327	-431	750	0	250.53	-4	-5	32	106	50	(-3,6)
2	2026-01-01 14:18:11.000	38362	-464	763	0	275.21	-6	-7	32	106	50	(-4,6)
2	2026-01-01 14:18:12.000	38397	-453	832	0	242.23	-8	-9	32	106	50	(-4,6)
2	2026-01-01 14:18:13.000	38432	-528	880	0	237.1	-10	-7	32	106	50	(-4,7)
2	2026-01-01 14:18:14.000	38467	-588	808	0	219.94	-10	-7	24	106	50	(-5,6)
2	2026-01-01 14:18:15.000	38502	-550	763	0	183.7	-8	-6	24	106	50	(-4,6)
2	2026-01-01 14:18:16.000	38537	-555	682	0	216.53	-9	-8	24	106	50	(-4,5)
2	2026-01-01 14:18:17.000	38572	-566	758	0	179.23	-10	-6	24	106	50	(-4,6)
2	2026-01-01 14:18:18.000	38607	-504	756	0	143.05	-9	-5	24	106	50	(-4,6)
2	2026-01-01 14:18:19.000	38642	-449	692	0	175.75	-10	-4	24	106	50	(-4,5)
2	2026-01-01 14:18:20.000	38677	-514	628	0	163.67	-10	-2	24	106	49	(-4,5)
2	2026-01-01 14:18:21.000	38712	-430	649	0	152.18	-10	-4	24	106	49	(-3,5)
2	2026-01-01 14:18:22.000	38747	-453	716	8	142.84	-8	-2	15	106	49	(-4,6)
2	2026-01-01 14:18:23.000	38782	-419	752	8	116.52	-6	-4	15	106	49	(-3,6)
2	2026-01-01 14:18:24.000	38817	-351	699	8	138.49	-7	-5	15	106	49	(-3,5)
2	2026-01-01 14:18:25.000	38852	-389	710	8	156.09	-7	-5	15	106	49	(-3,6)
2	2026-01-01 14:18:26.000	38887	-389	682	8	114.12	-6	-3	15	106	50	(-3,5)
2	2026-01-01 14:18:27.000	38922	-371	657	8	142.52	-8	-3	5	106	50	(-3,5)
2	2026-01-01 14:18:28.000	38957	-316	699	8	138.64	-10	-3	5	106	50	(-2,5)
2	2026-01-01 14:18:29.000	38992	-368	623	8	95.89	-9	-3	5	106	50	(-3,5)
2	2026-01-01 14:18:30.000	39027	-334	538	8	73.7	-8	-2	5	106	46	(-3,4)
2	2026-01-01 14:18:31.000	39062	-384	614	8	37.71	-10	-4	5	106	46	(-3,5)
2	2026-01-01 14:18:32.000	39097	-368	596	8	56.79	-10	-5	5	106	46	(-3,5)
2	2026-01-01 14:18:33.000	39132	-402	515	40	39.05	-10	-4	5	106	46	(-3,4)
2	2026-01-01 14:18:34.000	39167	-400	589	40	6.3	-10	-5	5	106	46	(-3,5)
2	2026-01-01 14:18:35.000	39202	-359	639	40	29.87	-9	-6	5	106	46	(-3,5)
2	2026-01-01 14:18:36.000	39237	-299	679	40	13.91	-8	-7	5	106	46	(-2,5)
2	2026-01-01 14:18:37.000	39272	-238	749	128	44.07	-10	-8	5	106	46	(-2,6)
2	2026-01-01 14:18:38.000	39307	-241	818	128	36.98	-10	-10	5	106	45	(-2,6)
2	2026-01-01 14:18:39.000	39342	-186	798	128	36.73	-10	-10	5	106	44	(-1,6)
2	2026-01-01 14:18:40.000	39377	-128	766	128	75.16	-9	-10	5	106	44	(-1,6)
2	2026-01-01 14:18:41.000	39412	-165	743	128	112.36	-10	-10	5	106	44	(-1,6)
2	2026-01-01 14:18:42.000	39447	-202	749	128	146.04	-10	-10	5	106	43	(-2,6)
2	2026-01-01 14:18:43.000	39482	-182	713	128	183.53	-10	-9	5	106	43	(-1,6)
2	2026-01-01 14:18:44.000	39517	-228	791	128	174.14	-10	-7	5	106	41	(-2,6)
2	2026-01-01 14:18:45.000	39552	-213	814	128	143.04	-10	-6	0	103	41	(-2,6)
2	2026-01-01 14:18:46.000	39587	-301	882	16	128.51	-10	-7	0	103	41	(-2,7)
2	2026-01-01 14:18:47.000	39622	-346	895	16	136.57	-10	-7	0	103	41	(-3,7)
2	2026-01-01 14:18:48.000	39657	-278	946	16	142.25	-9	-6	0	103	41	(-2,7)
2	2026-01-01 14:18:49.000	39692	-354	926	0	113.6	-10	-8	0	103	41	(-3,7)
2	2026-01-01 14:18:50.000	39727	-404	992	0	148.32	-10	-6	0	103	41	(-3,8)
2	2026-01-01 14:18:51.000	39762	-428	951	0	154.24	-10	-5	0	103	41	(-3,7)
2	2026-01-01 14:18:52.000	39797	-351	877	0	183.25	-8	-6	0	103	41	(-3,7)
2	2026-01-01 14:18:53.000	39832	-359	837	0	206.51	-6	-4	0	103	41	(-3,7)
2	2026-01-01 14:18:54.000	39867	-366	910	0	212.19	-4	-6	0	103	41	(-3,7)
2	2026-01-01 14:18:55.000	39902	-336	916	0	212.49	-2	-8	0	103	41	(-3,7)
2	2026-01-01 14:18:56.000	39937	-280	879	0	217.98	0	-7	0	103	38	(-2,7)
2	2026-01-01 14:18:57.000	39972	-264	867	0	226.98	-1	-7	0	103	38	(-2,7)
2	2026-01-01 14:18:58.000	40007	-303	794	32	271.16	-2	-9	0	103	38	(-2,6)
2	2026-01-01 14:18:59.000	40042	-379	799	32	305.04	-3	-10	0	103	36	(-3,6)
2	2026-01-01 14:19:00.000	40077	-332	734	32	281.21	-4	-10	0	103	36	(-3,6)
2	2026-01-01 14:19:01.000	40112	-262	761	32	303.57	-6	-10	0	103	35	(-2,6)
2	2026-01-01 14:19:02.000	40147	-279	811	32	277.98	-6	-10	0	103	35	(-2,6)
2	2026-01-01 14:19:03.000	40182	-360	831	64	313.11	-7	-10	0	103	34	(-3,6)
2	2026-01-01 14:19:04.000	40217	-270	818	64	316.72	-8	-8	0	103	34	(-2,6)
2	2026-01-01 14:19:05.000	40252	-278	762	64	341.58	-8	-9	0	103	34	(-2,6)
2	2026-01-01 14:19:06.000	40287	-236	701	64	344.71	-9	-9	0	103	34	(-2,5)
2	2026-01-01 14:19:07.000	40322	-172	789	64	356.02	-10	-8	0	103	29	(-1,6)
2	2026-01-01 14:19:08.000	40357	-168	865	64	339.2	-9	-9	0	103	29	(-1,7)
2	2026-01-01 14:19:09.000	40392	-222	937	64	309.97	-10	-9	0	103	40	(-2,7)
2	2026-01-01 14:19:10.000	40427	-301	1006	64	266.83	-8	-9	0	96	40	(-2,8)
2	2026-01-01 14:19:11.000	40462	-359	1048	64	232.82	-8	-9	0	96	40	(-3,8)
2	2026-01-01 14:19:12.000	40497	-380	1103	0	268.31	-9	-8	0	96	40	(-3,9)
2	2026-01-01 14:19:13.000	40532	-294	1143	0	311.09	-10	-10	0	96	38	(-2,9)
2	2026-01-01 14:19:14.000	40567	-250	1127	0	323.9	-10	-10	0	96	38	(-2,9)
2	2026-01-01 14:19:15.000	40602	-318	1140	0	346.87	-10	-10	0	96	38	(-2,9)
2	2026-01-01 14:19:16.000	40637	-290	1168	0	12.63	-9	-9	0	96	38	(-2,9)
2	2026-01-01 14:19:17.000	40672	-360	1236	0	17.84	-7	-10	0	96	38	(-3,10)
2	2026-01-01 14:19:18.000	40707	-344	1325	0	14.23	-5	-10	0	96	38	(-3,10)
2	2026-01-01 14:19:19.000	40742	-309	1250	0	38.65	-3	-10	0	96	38	(-2,10)
2	2026-01-01 14:19:20.000	40777	-364	1239	0	48.45	-5	-10	0	96	38	(-3,10)
2	2026-01-01 14:19:21.000	40812	-301	1277	0	93.32	-5	-10	0	96	38	(-2,10)
2	2026-01-01 14:19:22.000	40847	-294	1220	0	95.71	-5	-8	0	96	38	(-2,10)
2	2026-01-01 14:19:23.000	40882	-316	1241	0	94.02	-4	-8	0	96	35	(-2,10)
2	2026-01-01 14:19:24.000	40917	-377	1189	0	128.86	-4	-9	0	96	35	(-3,9)
2	2026-01-01 14:19:25.000	40952	-400	1269	0	111.15	-2	-10	0	96	35	(-3,10)
2	2026-01-01 14:19:26.000	40987	-358	1320	0	85.74	0	-9	0	96	35	(-3,10)
2	2026-01-01 14:19:27.000	41022	-269	1231	0	65.03	2	-8	0	96	35	(-2,10)
2	2026-01-01 14:19:28.000	41057	-284	1200	0	105.36	4	-6	0	96	35	(-2,9)
2	2026-01-01 14:19:29.000	41092	-282	1213	0	129.48	6	-4	0	96	35	(-2,9)
2	2026-01-01 14:19:30.000	41127	-263	1124	0	149.46	8	-3	0	106	35	(-2,9)
2	2026-01-01 14:19:31.000	41162	-186	1058	0	114.67	10	-2	0	106	35	(-1,8)
2	2026-01-01 14:19:32.000	41197	-154	1109	0	121.95	10	-1	0	106	35	(-1,9)
2	2026-01-01 14:19:33.000	41232	-136	1154	0	83.62	10	-3	0	106	35	(-1,9)
2	2026-01-01 14:19:34.000	41267	-148	1144	0	116.32	10	-4	0	106	31	(-1,9)
2	2026-01-01 14:19:35.000	41302	-87	1071	0	135.87	8	-4	0	106	50	(-1,8)
2	2026-01-01 14:19:36.000	41337	-101	1143	0	119.57	6	-6	0	106	50	(-1,9)
2	2026-01-01 14:19:37.000	41372	-83	1104	0	102.8	7	-8	0	106	50	(-1,9)
2	2026-01-01 14:19:38.000	41407	-16	1117	0	61.21	5	-8	0	106	47	(0,9)
2	2026-01-01 14:19:39.000	41442	-90	1046	0	87.93	7	-8	0	106	45	(-1,8)
2	2026-01-01 14:19:40.000	41477	-102	1091	0	128.65	5	-6	0	106	45	(-1,9)
2	2026-01-01 14:19:41.000	41512	-113	1041	0	121.92	5	-7	0	106	45	(-1,8)
2	2026-01-01 14:19:42.000	41547	-164	1118	0	126.09	5	-6	0	106	45	(-1,9)
2	2026-01-01 14:19:43.000	41582	-231	1197	0	100.13	4	-8	0	106	45	(-2,9)
2	2026-01-01 14:19:44.000	41617	-171	1131	0	55.67	3	-8	0	106	45	(-1,9)
2	2026-01-01 14:19:45.000	41652	-151	1215	0	52.82	4	-9	0	106	45	(-1,9)
2	2026-01-01 14:19:46.000	41687	-230	1130	0	21.66	3	-10	0	106	45	(-2,9)
2	2026-01-01 14:19:47.000	41722	-299	1103	0	356.68	1	-8	0	106	45	(-2,9)
2	2026-01-01 14:19:48.000	41757	-316	1176	0	4.61	1	-9	0	106	45	(-2,9)
2	2026-01-01 14:19:49.000	41792	-365	1190	0	18.13	1	-8	0	106	45	(-3,9)
2	2026-01-01 14:19:50.000	41827	-350	1175	0	49.73	2	-6	0	106	45	(-3,9)
2	2026-01-01 14:19:51.000	41862	-280	1122	0	94.36	4	-6	0	106	45	(-2,9)
2	2026-01-01 14:19:52.000	41897	-339	1087	0	120.38	3	-8	0	106	45	(-3,8)
2	2026-01-01 14:19:53.000	41932	-378	1098	0	148.97	3	-9	0	106	45	(-3,9)
2	2026-01-01 14:19:54.000	41967	-385	1013	0	192.44	2	-10	0	106	45	(-3,8)
2	2026-01-01 14:19:55.000	42002	-462	967	0	227.22	4	-8	0	106	40	(-4,8)
2	2026-01-01 14:19:56.000	42037	-507	885	0	216.95	6	-8	0	106	50	(-4,7)
2	2026-01-01 14:19:57.000	42072	-534	953	0	189.36	7	-8	0	106	50	(-4,7)
2	2026-01-01 14:19:58.000	42107	-455	1039	0	176.55	9	-6	0	106	50	(-4,8)
2	2026-01-01 14:19:59.000	42142	-433	950	40	220.5	7	-5	0	106	50	(-3,7)
3	2026-01-01 16:00:00.000	177	-871	-946	0	348.52	-6	6	99	91	27	(-7,-7)
3	2026-01-01 16:00:01.000	212	-864	-918	0	356.92	-8	8	99	91	27	(-7,-7)
3	2026-01-01 16:00:02.000	247	-881	-960	0	321.23	-8	7	99	91	27	(-7,-8)
3	2026-01-01 16:00:03.000	282	-860	-887	0	310.94	-8	8	99	91	27	(-7,-7)
3	2026-01-01 16:00:04.000	317	-940	-928	0	276.29	-7	7	99	91	27	(-7,-7)
3	2026-01-01 16:00:05.000	352	-895	-941	0	280.24	-6	5	99	91	23	(-7,-7)
3	2026-01-01 16:00:06.000	387	-891	-932	0	294.86	-7	4	99	91	23	(-7,-7)
3	2026-01-01 16:00:07.000	422	-835	-992	0	260.91	-7	2	99	91	45	(-7,-8)
3	2026-01-01 16:00:08.000	457	-876	-1058	0	281.0	-7	2	99	91	45	(-7,-8)
3	2026-01-01 16:00:09.000	492	-790	-1141	0	277.46	-9	0	99	91	45	(-6,-9)
3	2026-01-01 16:00:10.000	527	-782	-1134	0	318.34	-10	1	99	91	45	(-6,-9)
3	2026-01-01 16:00:11.000	562	-774	-1117	0	280.48	-9	0	99	91	45	(-6,-9)
3	2026-01-01 16:00:12.000	597	-810	-1099	0	299.35	-10	0	99	91	45	(-6,-9)
3	2026-01-01 16:00:13.000	632	-766	-1082	0	332.07	-8	1	99	91	45	(-6,-8)
3	2026-01-01 16:00:14.000	667	-687	-1107	0	345.47	-9	1	99	91	45	(-5,-9)
3	2026-01-01 16:00:15.000	702	-724	-1076	0	333.49	-7	0	99	91	45	(-6,-8)
3	2026-01-01 16:00:16.000	737	-813	-1056	0	313.81	-5	1	99	91	45	(-6,-8)
3	2026-01-01 16:00:17.000	772	-778	-967	0	344.27	-6	0	99	91	41	(-6,-8)
3	2026-01-01 16:00:18.000	807	-729	-1018	0	305.69	-8	2	99	91	41	(-6,-8)
3	2026-01-01 16:00:19.000	842	-691	-976	0	316.6	-7	3	99	91	41	(-5,-8)
3	2026-01-01 16:00:20.000	877	-621	-1046	0	281.37	-6	4	93	91	41	(-5,-8)
3	2026-01-01 16:00:21.000	912	-581	-1093	0	269.81	-6	3	93	91	37	(-5,-9)
3	2026-01-01 16:00:22.000	947	-585	-1119	24	297.95	-8	1	93	91	37	(-5,-9)
3	2026-01-01 16:00:23.000	982	-577	-1148	24	288.6	-6	-1	93	91	37	(-5,-9)
3	2026-01-01 16:00:24.000	1017	-614	-1080	24	311.53	-6	1	93	91	37	(-5,-8)
3	2026-01-01 16:00:25.000	1052	-631	-1102	24	334.23	-6	3	93	91	37	(-5,-9)
3	2026-01-01 16:00:26.000	1087	-659	-1082	24	10.21	-5	4	93	91	37	(-5,-8)
3	2026-01-01 16:00:27.000	1122	-701	-1083	24	20.28	-7	3	93	91	37	(-5,-8)
3	2026-01-01 16:00:28.000	1157	-764	-1042	24	358.87	-7	4	93	91	37	(-6,-8)
3	2026-01-01 16:00:29.000	1192	-744	-983	24	28.72	-8	4	93	91	37	(-6,-8)
3	2026-01-01 16:00:30.000	1227	-790	-932	24	18.13	-9	5	93	91	37	(-6,-7)
3	2026-01-01 16:00:31.000	1262	-726	-991	24	11.24	-7	7	93	91	37	(-6,-8)
3	2026-01-01 16:00:32.000	1297	-748	-1024	24	328.27	-5	8	93	91	37	(-6,-8)
3	2026-01-01 16:00:33.000	1332	-689	-1110	24	349.49	-7	6	93	91	50	(-5,-9)
3	2026-01-01 16:00:34.000	1367	-615	-1146	24	29.73	-8	6	93	91	50	(-5,-9)
3	2026-01-01 16:00:35.000	1402	-673	-1168	24	33.9	-7	7	93	91	50	(-5,-9)
3	2026-01-01 16:00:36.000	1437	-681	-1220	24	72.67	-6	6	93	91	50	(-5,-10)
3	2026-01-01 16:00:37.000	1472	-618	-1228	24	36.37	-5	8	93	91	50	(-5,-10)
3	2026-01-01 16:00:38.000	1507	-565	-1157	128	57.0	-7	7	93	91	50	(-4,-9)
3	2026-01-01 16:00:39.000	1542	-517	-1203	128	37.5	-6	6	93	91	50	(-4,-9)
3	2026-01-01 16:00:40.000	1577	-468	-1271	128	80.51	-4	7	93	91	46	(-4,-10)
3	2026-01-01 16:00:41.000	1612	-524	-1187	128	64.32	-2	5	93	91	46	(-4,-9)
3	2026-01-01 16:00:42.000	1647	-536	-1098	128	42.55	-2	5	93	91	46	(-4,-9)
3	2026-01-01 16:00:43.000	1682	-606	-1148	128	53.05	0	5	93	91	46	(-5,-9)
3	2026-01-01 16:00:44.000	1717	-559	-1160	128	71.24	0	7	93	91	46	(-4,-9)
3	2026-01-01 16:00:45.000	1752	-486	-1228	0	58.77	-1	8	93	91	42	(-4,-10)
3	2026-01-01 16:00:46.000	1787	-550	-1245	0	48.02	-1	9	93	91	38	(-4,-10)
3	2026-01-01 16:00:47.000	1822	-614	-1177	0	69.84	1	10	92	91	38	(-5,-9)
3	2026-01-01 16:00:48.000	1857	-674	-1182	0	63.78	0	10	92	91	38	(-5,-9)
3	2026-01-01 16:00:49.000	1892	-686	-1101	0	63.95	1	10	92	99	38	(-5,-9)
3	2026-01-01 16:00:50.000	1927	-702	-1021	0	74.02	3	9	92	99	38	(-5,-8)
3	2026-01-01 16:00:51.000	1962	-662	-1055	0	31.96	3	7	92	99	38	(-5,-8)
3	2026-01-01 16:00:52.000	1997	-619	-1060	0	53.71	5	7	92	99	38	(-5,-8)
3	2026-01-01 16:00:53.000	2032	-627	-1059	0	56.92	5	8	92	99	38	(-5,-8)
3	2026-01-01 16:00:54.000	2067	-603	-1092	0	29.26	4	7	92	99	38	(-5,-9)
3	2026-01-01 16:00:55.000	2102	-616	-1116	0	8.04	4	6	92	99	38	(-5,-9)
3	2026-01-01 16:00:56.000	2137	-666	-1172	0	352.11	4	5	92	99	38	(-5,-9)
3	2026-01-01 16:00:57.000	2172	-652	-1096	0	34.35	6	4	92	99	34	(-5,-9)
3	2026-01-01 16:00:58.000	2207	-738	-1069	0	38.91	4	2	92	99	34	(-6,-8)
3	2026-01-01 16:00:59.000	2242	-708	-1156	0	58.03	6	1	92	99	31	(-6,-9)
3	2026-01-01 16:01:00.000	2277	-699	-1163	0	87.42	4	1	92	99	30	(-5,-9)
3	2026-01-01 16:01:01.000	2312	-627	-1198	0	121.19	6	0	92	99	30	(-5,-9)
3	2026-01-01 16:01:02.000	2347	-618	-1221	16	152.41	5	-2	92	99	30	(-5,-10)
3	2026-01-01 16:01:03.000	2382	-601	-1207	16	152.33	7	0	92	99	30	(-5,-9)
3	2026-01-01 16:01:04.000	2417	-612	-1183	16	143.29	5	-1	92	99	30	(-5,-9)
3	2026-01-01 16:01:05.000	2452	-667	-1114	16	155.18	6	0	92	99	30	(-5,-9)
3	2026-01-01 16:01:06.000	2487	-624	-1106	16	190.77	6	2	92	99	26	(-5,-9)
3	2026-01-01 16:01:07.000	2522	-702	-1178	16	153.23	4	4	92	99	26	(-5,-9)
3	2026-01-01 16:01:08.000	2557	-736	-1268	16	124.82	4	6	79	99	26	(-6,-10)
3	2026-01-01 16:01:09.000	2592	-656	-1257	16	154.2	6	7	79	99	26	(-5,-10)
3	2026-01-01 16:01:10.000	2627	-692	-1324	16	142.38	5	5	79	99	26	(-5,-10)
3	2026-01-01 16:01:11.000	2662	-754	-1396	16	125.7	7	4	79	99	26	(-6,-11)
3	2026-01-01 16:01:12.000	2697	-710	-1399	16	160.34	8	3	79	99	50	(-6,-11)
3	2026-01-01 16:01:13.000	2732	-648	-1368	40	122.75	9	2	79	99	50	(-5,-11)
3	2026-01-01 16:01:14.000	2767	-631	-1338	40	108.69	7	1	79	99	50	(-5,-10)
3	2026-01-01 16:01:15.000	2802	-587	-1310	40	104.21	8	-1	79	99	50	(-5,-10)
3	2026-01-01 16:01:16.000	2837	-544	-1384	40	105.58	10	1	79	99	50	(-4,-11)
3	2026-01-01 16:01:17.000	2872	-554	-1324	-8	87.36	10	0	79	99	50	(-4,-10)
3	2026-01-01 16:01:18.000	2907	-478	-1356	-8	102.38	10	2	79	99	45	(-4,-11)
3	2026-01-01 16:01:19.000	2942	-524	-1300	-8	114.7	10	1	79	99	45	(-4,-10)
3	2026-01-01 16:01:20.000	2977	-561	-1265	-8	87.9	10	0	79	99	45	(-4,-10)
3	2026-01-01 16:01:21.000	3012	-635	-1308	-8	87.62	10	0	79	99	45	(-5,-10)
3	2026-01-01 16:01:22.000	3047	-564	-1357	-8	124.4	10	0	79	99	45	(-4,-11)
3	2026-01-01 16:01:23.000	3082	-636	-1343	56	120.59	8	-1	79	99	45	(-5,-10)
3	2026-01-01 16:01:24.000	3117	-646	-1295	56	123.93	10	1	79	99	45	(-5,-10)
3	2026-01-01 16:01:25.000	3152	-646	-1376	56	165.18	10	1	79	99	45	(-5,-11)
3	2026-01-01 16:01:26.000	3187	-637	-1294	56	173.23	10	3	79	99	45	(-5,-10)
3	2026-01-01 16:01:27.000	3222	-610	-1316	56	162.65	10	5	79	99	45	(-5,-10)
3	2026-01-01 16:01:28.000	3257	-590	-1283	56	154.36	8	5	79	99	45	(-5,-10)
3	2026-01-01 16:01:29.000	3292	-622	-1318	56	142.13	8	3	79	99	45	(-5,-10)
3	2026-01-01 16:01:30.000	3327	-629	-1361	56	157.87	10	4	79	99	45	(-5,-11)
3	2026-01-01 16:01:31.000	3362	-628	-1392	56	140.08	10	3	79	99	45	(-5,-11)
3	2026-01-01 16:01:32.000	3397	-640	-1380	56	115.3	8	2	79	99	45	(-5,-11)
3	2026-01-01 16:01:33.000	3432	-573	-1422	56	77.69	8	4	79	99	45	(-4,-11)
3	2026-01-01 16:01:34.000	3467	-556	-1373	56	60.52	6	5	79	99	45	(-4,-11)
3	2026-01-01 16:01:35.000	3502	-612	-1339	56	92.52	5	7	79	99	45	(-5,-10)
3	2026-01-01 16:01:36.000	3537	-611	-1382	56	51.46	7	9	79	99	45	(-5,-11)
3	2026-01-01 16:01:37.000	3572	-618	-1447	64	56.84	8	7	79	99	45	(-5,-11)
3	2026-01-01 16:01:38.000	3607	-703	-1420	64	15.88	7	9	79	99	45	(-5,-11)
3	2026-01-01 16:01:39.000	3642	-619	-1453	64	46.4	9	7	79	99	45	(-5,-11)
3	2026-01-01 16:01:40.000	3677	-664	-1524	64	58.0	7	7	79	99	45	(-5,-12)
3	2026-01-01 16:01:41.000	3712	-750	-1460	64	59.02	7	7	73	99	45	(-6,-11)
3	2026-01-01 16:01:42.000	3747	-839	-1434	64	76.49	7	5	73	99	45	(-7,-11)
3	2026-01-01 16:01:43.000	3782	-834	-1486	64	71.2	5	6	73	99	41	(-7,-12)
3	2026-01-01 16:01:44.000	3817	-803	-1509	64	83.78	3	5	73	99	41	(-6,-12)
3	2026-01-01 16:01:45.000	3852	-869	-1436	64	123.69	3	6	73	99	41	(-7,-11)
3	2026-01-01 16:01:46.000	3887	-860	-1471	0	134.81	5	8	73	99	41	(-7,-11)
3	2026-01-01 16:01:47.000	3922	-831	-1393	0	172.63	3	8	73	99	41	(-6,-11)
3	2026-01-01 16:01:48.000	3957	-756	-1375	0	205.3	5	9	73	99	41	(-6,-11)
3	2026-01-01 16:01:49.000	3992	-739	-1388	0	167.77	6	8	73	99	41	(-6,-11)
3	2026-01-01 16:01:50.000	4027	-679	-1426	0	169.98	6	10	70	99	41	(-5,-11)
3	2026-01-01 16:01:51.000	4062	-628	-1338	0	176.49	5	10	63	99	41	(-5,-10)
3	2026-01-01 16:01:52.000	4097	-650	-1265	0	164.08	6	10	63	99	41	(-5,-10)
3	2026-01-01 16:01:53.000	4132	-605	-1187	0	123.48	5	10	63	99	41	(-5,-9)
3	2026-01-01 16:01:54.000	4167	-600	-1235	-16	137.78	4	10	63	99	41	(-5,-10)
3	2026-01-01 16:01:55.000	4202	-632	-1260	32	168.06	3	10	63	99	41	(-5,-10)
3	2026-01-01 16:01:56.000	4237	-719	-1216	32	130.01	5	9	63	99	41	(-6,-10)
3	2026-01-01 16:01:57.000	4272	-720	-1188	32	114.13	6	10	63	99	41	(-6,-9)
3	2026-01-01 16:01:58.000	4307	-725	-1215	32	134.52	4	10	63	99	41	(-6,-9)
3	2026-01-01 16:01:59.000	4342	-725	-1264	32	131.3	5	9	63	99	50	(-6,-10)
3	2026-01-01 16:02:00.000	4377	-690	-1260	32	112.81	6	8	63	99	50	(-5,-10)
3	2026-01-01 16:02:01.000	4412	-644	-1287	32	89.53	6	10	63	99	50	(-5,-10)
3	2026-01-01 16:02:02.000	4447	-710	-1302	32	78.36	7	10	63	99	50	(-6,-10)
3	2026-01-01 16:02:03.000	4482	-766	-1389	32	107.77	5	10	63	99	50	(-6,-11)
3	2026-01-01 16:02:04.000	4517	-829	-1360	32	79.82	7	8	63	99	50	(-6,-11)
3	2026-01-01 16:02:05.000	4552	-788	-1449	32	81.6	9	6	63	99	50	(-6,-11)
3	2026-01-01 16:02:06.000	4587	-767	-1439	32	64.66	9	5	63	99	50	(-6,-11)
3	2026-01-01 16:02:07.000	4622	-707	-1445	40	60.48	8	7	63	99	50	(-6,-11)
3	2026-01-01 16:02:08.000	4657	-669	-1499	40	74.45	8	7	63	99	50	(-5,-12)
3	2026-01-01 16:02:09.000	4692	-602	-1459	40	49.2	7	7	63	99	50	(-5,-11)
3	2026-01-01 16:02:10.000	4727	-581	-1416	40	15.88	7	5	63	99	46	(-5,-11)
3	2026-01-01 16:02:11.000	4762	-531	-1406	40	0.53	9	7	63	99	46	(-4,-11)
3	2026-01-01 16:02:12.000	4797	-534	-1369	40	356.32	7	6	63	99	46	(-4,-11)
3	2026-01-01 16:02:13.000	4832	-580	-1374	40	2.61	7	4	78	99	46	(-5,-11)
3	2026-01-01 16:02:14.000	4867	-495	-1308	40	345.52	9	4	78	99	46	(-4,-10)
3	2026-01-01 16:02:15.000	4902	-450	-1342	40	357.83	9	3	78	99	46	(-4,-10)
3	2026-01-01 16:02:16.000	4937	-441	-1373	40	332.68	10	2	78	99	46	(-3,-11)
3	2026-01-01 16:02:17.000	4972	-453	-1463	40	296.23	8	1	78	99	46	(-4,-11)
3	2026-01-01 16:02:18.000	5007	-524	-1419	40	305.3	9	2	78	99	46	(-4,-11)
3	2026-01-01 16:02:19.000	5042	-470	-1362	40	349.86	8	4	78	99	46	(-4,-11)
3	2026-01-01 16:02:20.000	5077	-444	-1302	0	314.45	9	3	78	99	46	(-3,-10)
3	2026-01-01 16:02:21.000	5112	-449	-1299	0	307.06	10	5	78	99	46	(-4,-10)
3	2026-01-01 16:02:22.000	5147	-378	-1273	0	320.57	9	3	78	99	46	(-3,-10)
3	2026-01-01 16:02:23.000	5182	-346	-1305	0	332.88	9	4	78	99	46	(-3,-10)
3	2026-01-01 16:02:24.000	5217	-285	-1252	0	333.75	7	6	78	99	46	(-2,-10)
3	2026-01-01 16:02:25.000	5252	-315	-1319	0	305.78	6	6	78	99	46	(-2,-10)
3	2026-01-01 16:02:26.000	5287	-366	-1236	0	268.86	4	8	78	99	46	(-3,-10)
3	2026-01-01 16:02:27.000	5322	-298	-1221	0	308.42	3	10	78	99	46	(-2,-10)
3	2026-01-01 16:02:28.000	5357	-270	-1213	0	268.76	5	10	78	99	45	(-2,-9)
3	2026-01-01 16:02:29.000	5392	-203	-1202	0	248.03	6	10	78	99	45	(-2,-9)
3	2026-01-01 16:02:30.000	5427	-158	-1185	0	217.74	8	9	78	99	45	(-1,-9)
3	2026-01-01 16:02:31.000	5462	-97	-1140	0	178.72	6	9	78	99	45	(-1,-9)
3	2026-01-01 16:02:32.000	5497	-166	-1086	0	190.15	8	7	78	99	45	(-1,-8)
3	2026-01-01 16:02:33.000	5532	-87	-1134	128	228.89	6	7	78	99	45	(-1,-9)
3	2026-01-01 16:02:34.000	5567	-98	-1140	128	198.1	5	7	78	99	45	(-1,-9)
3	2026-01-01 16:02:35.000	5602	-147	-1144	8	174.2	5	6	78	99	45	(-1,-9)
3	2026-01-01 16:02:36.000	5637	-169	-1180	8	213.97	7	4	78	99	45	(-1,-9)
3	2026-01-01 16:02:37.000	5672	-95	-1192	8	200.59	8	6	78	99	45	(-1,-9)
3	2026-01-01 16:02:38.000	5707	-10	-1217	8	233.3	6	4	78	99	45	(0,-10)
3	2026-01-01 16:02:39.000	5742	-74	-1255	8	227.77	7	3	78	99	45	(-1,-10)
3	2026-01-01 16:02:40.000	5777	-37	-1288	8	263.51	5	4	78	99	45	(0,-10)
3	2026-01-01 16:02:41.000	5812	5	-1251	8	293.6	5	4	78	99	43	(0,-10)
3	2026-01-01 16:02:42.000	5847	-38	-1308	8	265.37	3	6	78	99	43	(0,-10)
3	2026-01-01 16:02:43.000	5882	-123	-1297	8	267.13	3	7	78	99	43	(-1,-10)
3	2026-01-01 16:02:44.000	5917	-133	-1255	8	300.93	2	6	78	99	43	(-1,-10)
3	2026-01-01 16:02:45.000	5952	-70	-1235	8	290.78	2	8	78	99	43	(-1,-10)
3	2026-01-01 16:02:46.000	5987	-15	-1269	8	303.44	4	7	78	99	43	(0,-10)
3	2026-01-01 16:02:47.000	6022	71	-1270	8	313.77	5	7	78	99	43	(1,-10)
3	2026-01-01 16:02:48.000	6057	72	-1293	8	284.7	7	9	78	99	43	(1,-10)
3	2026-01-01 16:02:49.000	6092	70	-1208	8	272.62	7	9	78	99	43	(1,-9)
3	2026-01-01 16:02:50.000	6127	57	-1150	8	284.77	5	9	78	99	43	(0,-9)
3	2026-01-01 16:02:51.000	6162	130	-1155	8	259.87	7	8	78	99	43	(1,-9)
3	2026-01-01 16:02:52.000	6197	97	-1177	8	269.22	9	8	78	99	43	(1,-9)
3	2026-01-01 16:02:53.000	6232	104	-1149	8	251.72	7	8	78	99	43	(1,-9)
3	2026-01-01 16:02:54.000	6267	183	-1187	8	234.38	5	8	78	99	43	(1,-9)
3	2026-01-01 16:02:55.000	6302	148	-1196	8	223.49	4	10	78	99	43	(1,-9)
3	2026-01-01 16:02:56.000	6337	235	-1281	8	223.48	5	10	78	99	43	(2,-10)
3	2026-01-01 16:02:57.000	6372	221	-1356	0	217.23	6	8	78	99	39	(2,-11)
3	2026-01-01 16:02:58.000	6407	214	-1335	0	254.41	7	10	78	99	39	(2,-10)
3	2026-01-01 16:02:59.000	6442	222	-1320	0	213.57	6	10	78	99	39	(2,-10)
3	2026-01-01 16:03:00.000	6477	207	-1252	0	249.59	8	8	78	99	34	(2,-10)
3	2026-01-01 16:03:01.000	6512	146	-1268	0	258.61	10	9	78	99	33	(1,-10)
3	2026-01-01 16:03:02.000	6547	201	-1328	0	297.67	8	7	78	99	33	(2,-10)
3	2026-01-01 16:03:03.000	6582	234	-1410	0	266.24	10	9	78	99	33	(2,-11)
3	2026-01-01 16:03:04.000	6617	164	-1461	32	304.39	10	9	78	99	33	(1,-11)
3	2026-01-01 16:03:05.000	6652	206	-1418	32	301.77	8	8	78	99	33	(2,-11)
3	2026-01-01 16:03:06.000	6687	148	-1485	16	331.8	10	6	75	99	50	(1,-12)
3	2026-01-01 16:03:07.000	6722	228	-1487	-16	353.81	10	5	75	99	50	(2,-12)
3	2026-01-01 16:03:08.000	6757	243	-1490	-16	348.69	10	3	75	99	50	(2,-12)
3	2026-01-01 16:03:09.000	6792	331	-1497	-16	18.29	10	1	75	99	50	(3,-12)
3	2026-01-01 16:03:10.000	6827	335	-1442	-16	32.68	9	3	75	99	50	(3,-11)
3	2026-01-01 16:03:11.000	6862	333	-1519	-16	63.91	10	2	75	99	50	(3,-12)
3	2026-01-01 16:03:12.000	6897	332	-1453	-16	34.51	10	1	75	99	50	(3,-11)
3	2026-01-01 16:03:13.000	6932	419	-1470	-16	44.5	8	0	75	99	50	(3,-11)
3	2026-01-01 16:03:14.000	6967	451	-1537	-16	57.09	9	-2	75	99	50	(4,-12)
3	2026-01-01 16:03:15.000	7002	413	-1521	-16	99.87	7	-3	75	99	50	(3,-12)
3	2026-01-01 16:03:16.000	7037	489	-1443	-16	66.08	5	-4	75	99	50	(4,-11)
3	2026-01-01 16:03:17.000	7072	423	-1407	-16	79.09	4	-2	75	99	50	(3,-11)
3	2026-01-01 16:03:18.000	7107	353	-1428	-16	90.11	2	-4	75	99	50	(3,-11)
3	2026-01-01 16:03:19.000	7142	353	-1392	-16	106.53	0	-3	75	99	47	(3,-11)
3	2026-01-01 16:03:20.000	7177	398	-1477	-16	74.93	-2	-4	75	99	47	(3,-12)
3	2026-01-01 16:03:21.000	7212	404	-1486	-16	35.5	-1	-2	75	99	47	(3,-12)
3	2026-01-01 16:03:22.000	7247	440	-1536	-16	62.94	0	0	75	99	47	(3,-12)
3	2026-01-01 16:03:23.000	7282	435	-1619	-16	41.52	-1	0	75	99	47	(3,-13)
3	2026-01-01 16:03:24.000	7317	437	-1538	-16	57.18	-2	0	75	99	47	(3,-12)
3	2026-01-01 16:03:25.000	7352	368	-1546	-16	44.54	-2	2	75	99	46	(3,-12)
3	2026-01-01 16:03:26.000	7387	423	-1499	-16	74.55	0	3	75	99	46	(3,-12)
3	2026-01-01 16:03:27.000	7422	345	-1450	-16	91.33	-1	5	75	99	45	(3,-11)
3	2026-01-01 16:03:28.000	7457	366	-1538	-16	75.59	1	3	75	99	45	(3,-12)
3	2026-01-01 16:03:29.000	7492	374	-1512	-16	108.28	3	5	75	99	45	(3,-12)
3	2026-01-01 16:03:30.000	7527	441	-1485	-16	137.53	2	3	75	99	45	(3,-12)
3	2026-01-01 16:03:31.000	7562	488	-1573	-16	144.53	1	2	75	99	45	(4,-12)
3	2026-01-01 16:03:32.000	7597	487	-1589	-16	148.52	3	1	75	99	42	(4,-12)
3	2026-01-01 16:03:33.000	7632	425	-1640	24	160.93	2	1	75	99	42	(3,-13)
3	2026-01-01 16:03:34.000	7667	398	-1729	24	185.2	1	0	75	99	42	(3,-14)
3	2026-01-01 16:03:35.000	7702	313	-1740	24	211.79	1	-1	75	99	42	(2,-14)
3	2026-01-01 16:03:36.000	7737	333	-1679	24	216.25	1	-3	67	99	42	(3,-13)
3	2026-01-01 16:03:37.000	7772	300	-1727	0	255.43	0	-5	67	99	42	(2,-13)
3	2026-01-01 16:03:38.000	7807	255	-1714	0	290.61	1	-4	67	99	40	(2,-13)
3	2026-01-01 16:03:39.000	7842	299	-1796	0	314.47	2	-6	67	99	40	(2,-14)
3	2026-01-01 16:03:40.000	7877	366	-1749	0	338.39	4	-7	67	99	40	(3,-14)
3	2026-01-01 16:03:41.000	7912	316	-1692	0	354.18	5	-6	67	99	40	(2,-13)
3	2026-01-01 16:03:42.000	7947	255	-1680	0	342.11	5	-6	67	99	40	(2,-13)
3	2026-01-01 16:03:43.000	7982	319	-1617	0	302.82	4	-6	67	99	40	(2,-13)
3	2026-01-01 16:03:44.000	8017	346	-1600	0	285.54	5	-6	67	99	40	(3,-12)
3	2026-01-01 16:03:45.000	8052	430	-1636	0	261.02	4	-7	67	99	40	(3,-13)
3	2026-01-01 16:03:46.000	8087	361	-1555	0	219.63	4	-9	67	99	40	(3,-12)
3	2026-01-01 16:03:47.000	8122	404	-1621	0	213.59	6	-8	67	99	40	(3,-13)
3	2026-01-01 16:03:48.000	8157	407	-1615	0	215.17	5	-10	67	99	40	(3,-13)
3	2026-01-01 16:03:49.000	8192	392	-1625	0	256.29	7	-10	67	99	40	(3,-13)
3	2026-01-01 16:03:50.000	8227	472	-1619	0	239.08	6	-10	86	99	38	(4,-13)
3	2026-01-01 16:03:51.000	8262	548	-1683	0	267.65	4	-8	86	99	35	(4,-13)
3	2026-01-01 16:03:52.000	8297	485	-1643	0	304.67	5	-9	86	99	35	(4,-13)
3	2026-01-01 16:03:53.000	8332	534	-1597	0	333.61	6	-9	86	99	34	(4,-12)
3	2026-01-01 16:03:54.000	8367	519	-1567	0	12.67	5	-8	86	99	34	(4,-12)
3	2026-01-01 16:03:55.000	8402	606	-1489	0	339.52	7	-9	86	99	34	(5,-12)
3	2026-01-01 16:03:56.000	8437	663	-1557	0	326.9	5	-9	86	99	34	(5,-12)
3	2026-01-01 16:03:57.000	8472	594	-1482	0	285.56	5	-9	86	99	34	(5,-12)
3	2026-01-01 16:03:58.000	8507	534	-1428	0	255.62	5	-7	86	99	34	(4,-11)
3	2026-01-01 16:03:59.000	8542	558	-1473	0	283.48	7	-5	86	99	34	(4,-12)
3	2026-01-01 16:04:00.000	8577	624	-1474	0	270.56	9	-5	100	99	34	(5,-12)
3	2026-01-01 16:04:01.000	8612	694	-1419	0	311.18	8	-5	100	106	34	(5,-11)
3	2026-01-01 16:04:02.000	8647	645	-1445	0	344.45	7	-5	100	106	34	(5,-11)
3	2026-01-01 16:04:03.000	8682	619	-1424	0	355.12	8	-4	100	106	34	(5,-11)
3	2026-01-01 16:04:04.000	8717	708	-1413	0	323.99	10	-2	100	106	34	(6,-11)
3	2026-01-01 16:04:05.000	8752	772	-1478	0	1.69	9	0	100	106	34	(6,-12)
3	2026-01-01 16:04:06.000	8787	727	-1492	0	34.88	8	-1	94	106	34	(6,-12)
3	2026-01-01 16:04:07.000	8822	758	-1414	0	37.79	8	1	94	106	34	(6,-11)
3	2026-01-01 16:04:08.000	8857	724	-1345	0	43.09	9	0	94	106	50	(6,-11)
3	2026-01-01 16:04:09.000	8892	726	-1285	-8	49.92	8	-2	94	106	46	(6,-10)
3	2026-01-01 16:04:10.000	8927	775	-1217	-8	94.24	8	-3	94	106	46	(6,-10)
3	2026-01-01 16:04:11.000	8962	784	-1239	-8	89.03	9	-5	94	106	46	(6,-10)
3	2026-01-01 16:04:12.000	8997	866	-1175	-8	112.75	10	-6	94	106	46	(7,-9)
3	2026-01-01 16:04:13.000	9032	915	-1213	-8	87.7	10	-6	94	106	46	(7,-9)
3	2026-01-01 16:04:14.000	9067	827	-1261	-8	57.04	10	-5	94	106	46	(6,-10)
3	2026-01-01 16:04:15.000	9102	801	-1230	-8	95.07	10	-4	94	106	46	(6,-10)
3	2026-01-01 16:04:16.000	9137	829	-1181	-8	80.89	8	-3	94	106	46	(6,-9)
3	2026-01-01 16:04:17.000	9172	879	-1176	-8	49.39	7	-1	94	106	43	(7,-9)
3	2026-01-01 16:04:18.000	9207	832	-1169	-8	27.99	6	1	94	106	43	(6,-9)
3	2026-01-01 16:04:19.000	9242	767	-1120	-8	70.08	7	1	94	106	43	(6,-9)
3	2026-01-01 16:04:20.000	9277	827	-1107	-8	27.49	8	2	94	106	43	(6,-9)
3	2026-01-01 16:04:21.000	9312	908	-1122	-8	52.15	6	4	94	106	43	(7,-9)
3	2026-01-01 16:04:22.000	9347	973	-1125	-8	96.49	5	2	94	106	43	(8,-9)
3	2026-01-01 16:04:23.000	9382	1057	-1106	64	82.0	5	1	94	106	41	(8,-9)
3	2026-01-01 16:04:24.000	9417	973	-1128	64	46.32	4	-1	94	106	41	(8,-9)
3	2026-01-01 16:04:25.000	9452	1028	-1093	16	81.51	5	-1	94	106	41	(8,-9)
3	2026-01-01 16:04:26.000	9487	1060	-1079	16	99.03	6	-3	94	106	41	(8,-8)
3	2026-01-01 16:04:27.000	9522	1075	-1117	16	58.33	8	-3	94	106	40	(8,-9)
3	2026-01-01 16:04:28.000	9557	1091	-1028	16	75.43	8	-5	94	106	40	(9,-8)
3	2026-01-01 16:04:29.000	9592	1133	-1112	16	42.33	10	-6	94	106	36	(9,-9)
3	2026-01-01 16:04:30.000	9627	1153	-1149	16	69.54	10	-6	94	106	36	(9,-9)
3	2026-01-01 16:04:31.000	9662	1238	-1062	16	98.16	8	-8	94	106	36	(10,-8)
3	2026-01-01 16:04:32.000	9697	1262	-1012	0	58.44	8	-8	94	106	36	(10,-8)
3	2026-01-01 16:04:33.000	9732	1240	-1097	0	98.94	10	-7	94	106	36	(10,-9)
3	2026-01-01 16:04:34.000	9767	1257	-1152	0	83.47	10	-5	94	106	36	(10,-9)
3	2026-01-01 16:04:35.000	9802	1295	-1142	0	41.48	10	-7	94	106	35	(10,-9)
3	2026-01-01 16:04:36.000	9837	1232	-1088	56	358.87	10	-6	94	106	35	(10,-8)
3	2026-01-01 16:04:37.000	9872	1228	-1096	56	314.76	10	-6	94	106	35	(10,-9)
3	2026-01-01 16:04:38.000	9907	1255	-1132	56	280.93	10	-8	94	106	35	(10,-9)
3	2026-01-01 16:04:39.000	9942	1180	-1154	56	238.87	8	-8	94	106	35	(9,-9)
3	2026-01-01 16:04:40.000	9977	1101	-1225	56	211.87	9	-6	94	106	34	(9,-10)
3	2026-01-01 16:04:41.000	10012	1040	-1291	56	184.34	10	-6	94	106	34	(8,-10)
3	2026-01-01 16:04:42.000	10047	984	-1368	56	214.71	10	-6	94	106	34	(8,-11)
3	2026-01-01 16:04:43.000	10082	976	-1397	56	193.07	9	-5	94	106	34	(8,-11)
3	2026-01-01 16:04:44.000	10117	892	-1315	56	162.54	9	-5	94	106	31	(7,-10)
3	2026-01-01 16:04:45.000	10152	876	-1313	56	151.3	7	-5	94	106	31	(7,-10)
3	2026-01-01 16:04:46.000	10187	937	-1356	56	191.22	5	-5	94	106	31	(7,-11)
3	2026-01-01 16:04:47.000	10222	937	-1387	0	152.07	5	-6	94	106	31	(7,-11)
3	2026-01-01 16:04:48.000	10257	891	-1349	0	115.52	7	-8	94	106	31	(7,-11)
3	2026-01-01 16:04:49.000	10292	934	-1309	0	81.24	6	-10	94	106	31	(7,-10)
3	2026-01-01 16:04:50.000	10327	980	-1334	0	47.38	6	-8	94	106	31	(8,-10)
3	2026-01-01 16:04:51.000	10362	1060	-1313	0	40.54	7	-7	94	106	31	(8,-10)
3	2026-01-01 16:04:52.000	10397	1063	-1234	0	10.03	5	-6	94	106	31	(8,-10)
3	2026-01-01 16:04:53.000	10432	1071	-1146	0	0.1	7	-8	94	106	31	(8,-9)
3	2026-01-01 16:04:54.000	10467	1004	-1117	0	321.3	5	-10	91	106	31	(8,-9)
3	2026-01-01 16:04:55.000	10502	987	-1036	0	325.91	6	-10	91	106	31	(8,-8)
3	2026-01-01 16:04:56.000	10537	916	-1058	0	292.31	4	-10	91	106	31	(7,-8)
3	2026-01-01 16:04:57.000	10572	950	-1084	0	307.91	5	-10	91	106	31	(7,-8)
3	2026-01-01 16:04:58.000	10607	1038	-1088	0	266.05	3	-9	82	106	27	(8,-8)
3	2026-01-01 16:04:59.000	10642	960	-1018	0	237.75	3	-10	82	106	27	(8,-8)
3	2026-01-01 16:05:00.000	10677	968	-1017	0	266.93	4	-10	82	106	27	(8,-8)
3	2026-01-01 16:05:01.000	10712	1003	-953	0	237.47	4	-10	82	106	27	(8,-7)
3	2026-01-01 16:05:02.000	10747	1013	-1020	0	272.61	3	-10	82	106	27	(8,-8)
3	2026-01-01 16:05:03.000	10782	1027	-1077	0	282.68	2	-10	82	106	44	(8,-8)
3	2026-01-01 16:05:04.000	10817	1094	-1134	0	263.23	3	-10	82	106	44	(9,-9)
3	2026-01-01 16:05:05.000	10852	1141	-1095	0	259.5	2	-10	74	106	44	(9,-9)
3	2026-01-01 16:05:06.000	10887	1163	-1167	0	236.16	0	-8	74	106	44	(9,-9)
3	2026-01-01 16:05:07.000	10922	1081	-1252	0	233.88	2	-7	74	106	44	(8,-10)
3	2026-01-01 16:05:08.000	10957	1140	-1240	0	225.99	4	-6	74	106	44	(9,-10)
3	2026-01-01 16:05:09.000	10992	1112	-1284	0	239.03	4	-6	74	106	44	(9,-10)
3	2026-01-01 16:05:10.000	11027	1188	-1243	8	272.67	5	-6	74	106	44	(9,-10)
3	2026-01-01 16:05:11.000	11062	1155	-1214	8	281.79	3	-4	74	106	39	(9,-9)
3	2026-01-01 16:05:12.000	11097	1142	-1148	8	324.42	5	-4	74	106	50	(9,-9)
3	2026-01-01 16:05:13.000	11132	1151	-1074	8	0.56	7	-5	74	106	50	(9,-8)
3	2026-01-01 16:05:14.000	11167	1112	-1108	8	36.25	6	-5	74	106	50	(9,-9)
3	2026-01-01 16:05:15.000	11202	1022	-1062	8	352.45	4	-6	74	106	50	(8,-8)
3	2026-01-01 16:05:16.000	11237	1004	-997	8	314.31	4	-6	74	106	46	(8,-8)
3	2026-01-01 16:05:17.000	11272	929	-1015	8	311.29	6	-4	74	106	46	(7,-8)
3	2026-01-01 16:05:18.000	11307	920	-1036	8	268.51	6	-5	74	106	46	(7,-8)
3	2026-01-01 16:05:19.000	11342	990	-1104	8	266.17	4	-4	74	106	42	(8,-9)
3	2026-01-01 16:05:20.000	11377	987	-1031	8	286.55	6	-5	74	106	50	(8,-8)
3	2026-01-01 16:05:21.000	11412	1010	-995	8	294.57	4	-5	74	106	50	(8,-8)
3	2026-01-01 16:05:22.000	11447	1057	-1055	8	332.85	5	-4	74	106	50	(8,-8)
3	2026-01-01 16:05:23.000	11482	1088	-1035	8	358.77	6	-2	74	106	50	(8,-8)
3	2026-01-01 16:05:24.000	11517	1071	-1106	8	43.73	5	-3	74	106	50	(8,-9)
3	2026-01-01 16:05:25.000	11552	1159	-1072	8	8.98	7	-1	74	106	45	(9,-8)
3	2026-01-01 16:05:26.000	11587	1205	-1077	8	357.28	6	-3	74	106	45	(9,-8)
3	2026-01-01 16:05:27.000	11622	1207	-1141	8	341.84	8	-2	74	106	45	(9,-9)
3	2026-01-01 16:05:28.000	11657	1151	-1231	8	304.07	6	-1	74	106	44	(9,-10)
3	2026-01-01 16:05:29.000	11692	1170	-1166	8	273.97	8	-1	74	106	44	(9,-9)
3	2026-01-01 16:05:30.000	11727	1086	-1227	8	259.51	7	-1	74	106	44	(8,-10)
3	2026-01-01 16:05:31.000	11762	1032	-1316	8	250.34	8	-1	74	106	44	(8,-10)
3	2026-01-01 16:05:32.000	11797	1001	-1324	8	211.26	10	0	74	106	44	(8,-10)
3	2026-01-01 16:05:33.000	11832	1008	-1367	8	212.88	9	2	74	106	44	(8,-11)
3	2026-01-01 16:05:34.000	11867	1021	-1306	8	248.94	8	4	74	106	43	(8,-10)
3	2026-01-01 16:05:35.000	11902	1097	-1284	-16	276.13	7	4	74	106	43	(9,-10)
3	2026-01-01 16:05:36.000	11937	1174	-1228	-16	301.27	9	4	74	106	43	(9,-10)
3	2026-01-01 16:05:37.000	11972	1196	-1206	-16	271.52	8	6	74	106	42	(9,-9)
3	2026-01-01 16:05:38.000	12007	1202	-1231	-16	272.76	6	4	74	106	42	(9,-10)
3	2026-01-01 16:05:39.000	12042	1187	-1148	0	286.7	7	5	74	106	42	(9,-9)
3	2026-01-01 16:05:40.000	12077	1122	-1180	0	328.99	5	7	74	106	50	(9,-9)
3	2026-01-01 16:05:41.000	12112	1134	-1114	0	298.85	4	9	74	106	50	(9,-9)
3	2026-01-01 16:05:42.000	12147	1136	-1040	0	314.11	6	7	74	106	50	(9,-8)
3	2026-01-01 16:05:43.000	12182	1087	-1027	0	328.58	8	9	74	106	50	(8,-8)
3	2026-01-01 16:05:44.000	12217	1048	-995	0	307.19	9	8	74	106	50	(8,-8)
3	2026-01-01 16:05:45.000	12252	1117	-955	0	330.99	7	8	74	106	50	(9,-7)
3	2026-01-01 16:05:46.000	12287	1192	-873	24	318.36	9	7	74	106	50	(9,-7)
3	2026-01-01 16:05:47.000	12322	1156	-784	24	306.19	10	5	74	106	50	(9,-6)
3	2026-01-01 16:05:48.000	12357	1120	-695	24	265.23	10	7	74	106	50	(9,-5)
3	2026-01-01 16:05:49.000	12392	1104	-708	24	309.26	10	8	74	106	50	(9,-6)
3	2026-01-01 16:05:50.000	12427	1153	-727	0	311.27	10	6	74	106	50	(9,-6)
3	2026-01-01 16:05:51.000	12462	1175	-640	0	329.75	10	7	74	106	50	(9,-5)
3	2026-01-01 16:05:52.000	12497	1110	-686	0	340.77	10	8	74	106	50	(9,-5)
3	2026-01-01 16:05:53.000	12532	1111	-629	0	358.16	10	8	74	106	50	(9,-5)
3	2026-01-01 16:05:54.000	12567	1165	-645	0	16.54	8	8	74	106	50	(9,-5)
3	2026-01-01 16:05:55.000	12602	1194	-608	0	338.52	8	8	74	106	50	(9,-5)
3	2026-01-01 16:05:56.000	12637	1178	-557	0	21.75	10	10	74	106	50	(9,-4)
3	2026-01-01 16:05:57.000	12672	1169	-646	0	355.11	10	8	74	106	50	(9,-5)
3	2026-01-01 16:05:58.000	12707	1133	-711	0	314.89	10	8	74	106	50	(9,-6)
3	2026-01-01 16:05:59.000	12742	1145	-625	0	286.17	8	9	74	106	50	(9,-5)
3	2026-01-01 16:06:00.000	12777	1091	-672	0	329.85	8	9	74	106	50	(9,-5)
3	2026-01-01 16:06:01.000	12812	1041	-727	0	333.64	9	8	74	106	50	(8,-6)
3	2026-01-01 16:06:02.000	12847	1064	-669	-16	359.1	10	9	74	106	50	(8,-5)
3	2026-01-01 16:06:03.000	12882	1149	-615	-16	357.54	10	9	74	106	50	(9,-5)
3	2026-01-01 16:06:04.000	12917	1216	-644	-16	359.15	10	8	74	106	50	(10,-5)
3	2026-01-01 16:06:05.000	12952	1131	-699	-16	24.59	10	6	74	106	50	(9,-5)
3	2026-01-01 16:06:06.000	12987	1197	-692	-16	18.66	8	7	74	106	50	(9,-5)
3	2026-01-01 16:06:07.000	13022	1254	-648	-16	59.49	6	9	74	106	50	(10,-5)
3	2026-01-01 16:06:08.000	13057	1212	-731	-16	94.45	5	7	74	106	50	(9,-6)
3	2026-01-01 16:06:09.000	13092	1148	-779	-16	54.95	5	6	74	106	50	(9,-6)
3	2026-01-01 16:06:10.000	13127	1078	-690	-16	15.5	4	7	74	106	50	(8,-5)
3	2026-01-01 16:06:11.000	13162	1036	-601	-16	13.18	4	5	74	106	50	(8,-5)
3	2026-01-01 16:06:12.000	13197	961	-636	-16	347.59	4	4	65	106	50	(8,-5)
3	2026-01-01 16:06:13.000	13232	981	-710	-16	348.91	4	4	65	106	47	(8,-6)
3	2026-01-01 16:06:14.000	13267	930	-678	-16	349.3	6	6	65	106	47	(7,-5)
3	2026-01-01 16:06:15.000	13302	907	-633	0	347.99	5	6	65	106	47	(7,-5)
3	2026-01-01 16:06:16.000	13337	913	-641	0	19.24	4	5	65	106	46	(7,-5)
3	2026-01-01 16:06:17.000	13372	950	-687	0	63.2	3	7	65	106	46	(7,-5)
3	2026-01-01 16:06:18.000	13407	1012	-602	128	71.38	4	9	65	106	46	(8,-5)
3	2026-01-01 16:06:19.000	13442	1061	-591	128	43.03	3	9	65	106	46	(8,-5)
3	2026-01-01 16:06:20.000	13477	1103	-589	128	358.24	5	8	58	106	46	(9,-5)
3	2026-01-01 16:06:21.000	13512	1050	-568	128	345.37	4	7	58	106	41	(8,-4)
3	2026-01-01 16:06:22.000	13547	1096	-545	128	29.83	5	7	58	106	41	(9,-4)
3	2026-01-01 16:06:23.000	13582	1150	-487	128	8.88	5	5	58	106	41	(9,-4)
3	2026-01-01 16:06:24.000	13617	1217	-553	128	7.3	6	3	58	106	41	(10,-4)
3	2026-01-01 16:06:25.000	13652	1243	-603	128	348.86	5	5	58	106	41	(10,-5)
3	2026-01-01 16:06:26.000	13687	1191	-618	128	308.77	5	4	58	106	41	(9,-5)
3	2026-01-01 16:06:27.000	13722	1121	-584	128	276.97	4	5	58	106	41	(9,-5)
3	2026-01-01 16:06:28.000	13757	1156	-674	128	252.6	5	3	58	106	41	(9,-5)
3	2026-01-01 16:06:29.000	13792	1199	-675	128	278.87	6	4	58	106	41	(9,-5)
3	2026-01-01 16:06:30.000	13827	1207	-744	128	252.2	4	6	58	106	41	(9,-6)
3	2026-01-01 16:06:31.000	13862	1165	-674	128	273.05	3	4	58	106	41	(9,-5)
3	2026-01-01 16:06:32.000	13897	1132	-624	0	285.16	2	5	58	106	41	(9,-5)
3	2026-01-01 16:06:33.000	13932	1207	-709	0	308.07	0	7	58	106	39	(9,-6)
3	2026-01-01 16:06:34.000	13967	1146	-641	0	336.13	2	9	58	106	39	(9,-5)
3	2026-01-01 16:06:35.000	14002	1078	-667	0	334.47	4	8	58	106	50	(8,-5)
3	2026-01-01 16:06:36.000	14037	1000	-677	0	290.49	5	7	58	106	50	(8,-5)
3	2026-01-01 16:06:37.000	14072	1018	-696	0	316.03	6	6	58	106	50	(8,-5)
3	2026-01-01 16:06:38.000	14107	1092	-776	0	334.08	6	5	58	106	50	(9,-6)
3	2026-01-01 16:06:39.000	14142	1157	-791	0	331.93	5	3	58	106	50	(9,-6)
3	2026-01-01 16:06:40.000	14177	1147	-751	0	297.18	4	4	58	106	50	(9,-6)
3	2026-01-01 16:06:41.000	14212	1158	-771	0	341.12	6	6	58	106	50	(9,-6)
3	2026-01-01 16:06:42.000	14247	1156	-801	0	18.19	5	8	58	106	50	(9,-6)
3	2026-01-01 16:06:43.000	14282	1099	-828	0	13.3	5	6	58	106	50	(9,-6)
3	2026-01-01 16:06:44.000	14317	1100	-856	0	344.79	3	6	58	106	50	(9,-7)
3	2026-01-01 16:06:45.000	14352	1157	-849	0	355.07	1	5	58	106	48	(9,-7)
3	2026-01-01 16:06:46.000	14387	1181	-856	0	315.46	1	6	58	106	48	(9,-7)
3	2026-01-01 16:06:47.000	14422	1230	-861	0	0.25	0	7	58	106	48	(10,-7)
3	2026-01-01 16:06:48.000	14457	1307	-918	0	0.99	-1	5	58	106	48	(10,-7)
3	2026-01-01 16:06:49.000	14492	1229	-970	0	11.95	-2	5	58	106	48	(10,-8)
3	2026-01-01 16:06:50.000	14527	1144	-885	0	0.12	-2	5	58	106	48	(9,-7)
3	2026-01-01 16:06:51.000	14562	1157	-847	0	13.7	-2	3	58	106	48	(9,-7)
3	2026-01-01 16:06:52.000	14597	1165	-924	0	337.34	-3	3	58	106	48	(9,-7)
3	2026-01-01 16:06:53.000	14632	1113	-978	0	318.01	-2	3	58	106	48	(9,-8)
3	2026-01-01 16:06:54.000	14667	1044	-1041	0	322.94	-1	5	58	106	48	(8,-8)
3	2026-01-01 16:06:55.000	14702	1003	-1086	0	301.38	-3	4	58	106	48	(8,-8)
3	2026-01-01 16:06:56.000	14737	955	-1019	0	322.16	-4	2	58	106	48	(7,-8)
3	2026-01-01 16:06:57.000	14772	883	-1092	0	349.73	-4	2	58	106	48	(7,-9)
3	2026-01-01 16:06:58.000	14807	921	-1090	0	314.72	-5	3	64	106	48	(7,-9)
3	2026-01-01 16:06:59.000	14842	847	-1166	0	294.0	-7	2	64	106	48	(7,-9)
3	2026-01-01 16:07:00.000	14877	770	-1108	0	324.61	-7	4	64	106	48	(6,-9)
3	2026-01-01 16:07:01.000	14912	792	-1167	0	320.75	-5	6	64	106	48	(6,-9)
3	2026-01-01 16:07:02.000	14947	765	-1221	0	305.25	-7	7	64	106	46	(6,-10)
3	2026-01-01 16:07:03.000	14982	692	-1220	0	324.74	-6	5	64	106	46	(5,-10)
3	2026-01-01 16:07:04.000	15017	682	-1243	0	301.7	-8	7	64	106	46	(5,-10)
3	2026-01-01 16:07:05.000	15052	610	-1269	0	264.96	-10	9	64	106	50	(5,-10)
3	2026-01-01 16:07:06.000	15087	576	-1198	0	242.26	-9	10	64	106	50	(4,-9)
3	2026-01-01 16:07:07.000	15122	534	-1168	0	243.99	-10	8	64	106	50	(4,-9)
3	2026-01-01 16:07:08.000	15157	510	-1107	64	213.96	-9	6	64	106	50	(4,-9)
3	2026-01-01 16:07:09.000	15192	600	-1018	64	174.4	-7	6	64	106	50	(5,-8)
3	2026-01-01 16:07:10.000	15227	547	-1018	64	210.56	-6	6	64	106	50	(4,-8)
3	2026-01-01 16:07:11.000	15262	611	-948	64	227.43	-6	4	64	106	50	(5,-7)
3	2026-01-01 16:07:12.000	15297	659	-949	64	220.44	-6	3	64	106	50	(5,-7)
3	2026-01-01 16:07:13.000	15332	570	-864	64	195.6	-7	3	76	106	50	(4,-7)
3	2026-01-01 16:07:14.000	15367	616	-884	64	175.25	-7	2	76	106	50	(5,-7)
3	2026-01-01 16:07:15.000	15402	583	-961	64	157.97	-5	2	76	106	50	(5,-8)
3	2026-01-01 16:07:16.000	15437	670	-1007	64	119.93	-6	4	76	106	50	(5,-8)
3	2026-01-01 16:07:17.000	15472	722	-967	64	76.67	-7	3	76	106	50	(6,-8)
3	2026-01-01 16:07:18.000	15507	664	-955	64	50.36	-8	5	72	106	50	(5,-7)
3	2026-01-01 16:07:19.000	15542	636	-888	64	50.47	-10	7	72	106	50	(5,-7)
3	2026-01-01 16:07:20.000	15577	657	-909	64	94.01	-9	6	72	106	50	(5,-7)
3	2026-01-01 16:07:21.000	15612	726	-926	64	81.14	-10	4	72	106	50	(6,-7)
3	2026-01-01 16:07:22.000	15647	696	-872	64	60.18	-10	4	72	106	50	(5,-7)
3	2026-01-01 16:07:23.000	15682	668	-865	64	65.44	-8	6	72	106	50	(5,-7)
3	2026-01-01 16:07:24.000	15717	682	-888	64	75.6	-10	7	72	106	50	(5,-7)
3	2026-01-01 16:07:25.000	15752	593	-829	64	113.22	-10	8	72	106	50	(5,-6)
3	2026-01-01 16:07:26.000	15787	570	-762	64	77.94	-10	6	72	106	49	(4,-6)
3	2026-01-01 16:07:27.000	15822	568	-711	64	51.24	-8	6	72	106	47	(4,-6)
3	2026-01-01 16:07:28.000	15857	617	-727	8	61.51	-8	7	72	106	47	(5,-6)
3	2026-01-01 16:07:29.000	15892	683	-813	8	19.37	-9	9	72	106	47	(5,-6)
3	2026-01-01 16:07:30.000	15927	604	-791	8	344.56	-8	9	72	106	47	(5,-6)
3	2026-01-01 16:07:31.000	15962	547	-860	8	8.54	-9	10	72	106	45	(4,-7)
3	2026-01-01 16:07:32.000	15997	494	-821	8	26.85	-9	8	72	106	45	(4,-6)
3	2026-01-01 16:07:33.000	16032	526	-785	8	1.68	-8	7	72	106	45	(4,-6)
3	2026-01-01 16:07:34.000	16067	562	-788	8	21.26	-9	8	72	106	45	(4,-6)
3	2026-01-01 16:07:35.000	16102	623	-791	8	29.74	-9	8	72	106	45	(5,-6)
3	2026-01-01 16:07:36.000	16137	534	-781	8	344.94	-9	6	72	106	45	(4,-6)
3	2026-01-01 16:07:37.000	16172	481	-731	56	341.11	-10	5	72	106	45	(4,-6)
3	2026-01-01 16:07:38.000	16207	464	-662	56	7.89	-8	4	72	106	45	(4,-5)
3	2026-01-01 16:07:39.000	16242	509	-739	56	4.34	-8	3	72	106	45	(4,-6)
3	2026-01-01 16:07:40.000	16277	554	-770	56	43.6	-7	1	72	106	45	(4,-6)
3	2026-01-01 16:07:41.000	16312	571	-719	56	60.71	-5	1	72	106	45	(4,-6)
3	2026-01-01 16:07:42.000	16347	510	-707	56	36.93	-6	2	72	106	45	(4,-6)
3	2026-01-01 16:07:43.000	16382	580	-796	56	357.99	-7	3	72	106	45	(5,-6)
3	2026-01-01 16:07:44.000	16417	550	-709	56	343.08	-6	1	72	106	45	(4,-6)
3	2026-01-01 16:07:45.000	16452	555	-684	0	347.42	-7	1	72	106	45	(4,-5)
3	2026-01-01 16:07:46.000	16487	487	-762	0	315.73	-8	2	72	106	45	(4,-6)
3	2026-01-01 16:07:47.000	16522	426	-676	0	328.5	-6	2	72	106	45	(3,-5)
3	2026-01-01 16:07:48.000	16557	414	-647	0	335.75	-6	0	72	106	43	(3,-5)
3	2026-01-01 16:07:49.000	16592	353	-620	0	17.21	-8	0	72	106	43	(3,-5)
3	2026-01-01 16:07:50.000	16627	277	-562	0	1.33	-10	-1	72	106	43	(2,-4)
3	2026-01-01 16:07:51.000	16662	344	-485	0	338.84	-10	1	72	106	43	(3,-4)
3	2026-01-01 16:07:52.000	16697	353	-547	0	313.85	-10	0	72	106	43	(3,-4)
3	2026-01-01 16:07:53.000	16732	361	-551	0	340.86	-10	-2	72	106	39	(3,-4)
3	2026-01-01 16:07:54.000	16767	419	-585	0	312.06	-9	-1	72	106	39	(3,-5)
3	2026-01-01 16:07:55.000	16802	369	-497	0	338.36	-7	-3	72	106	39	(3,-4)
3	2026-01-01 16:07:56.000	16837	452	-479	0	297.95	-7	-4	72	106	39	(4,-4)
3	2026-01-01 16:07:57.000	16872	505	-454	0	277.01	-7	-5	72	106	37	(4,-4)
3	2026-01-01 16:07:58.000	16907	526	-396	0	238.47	-6	-6	72	106	37	(4,-3)
3	2026-01-01 16:07:59.000	16942	576	-486	0	231.14	-7	-8	72	106	33	(4,-4)
3	2026-01-01 16:08:00.000	16977	524	-498	0	254.67	-8	-6	72	106	33	(4,-4)
3	2026-01-01 16:08:01.000	17012	438	-483	0	228.88	-7	-7	72	106	32	(3,-4)
3	2026-01-01 16:08:02.000	17047	467	-426	0	194.15	-6	-8	72	106	32	(4,-3)
3	2026-01-01 16:08:03.000	17082	552	-358	0	231.61	-7	-8	72	106	30	(4,-3)
3	2026-01-01 16:08:04.000	17117	505	-398	0	232.23	-6	-9	72	106	30	(4,-3)
3	2026-01-01 16:08:05.000	17152	528	-343	0	258.56	-7	-10	72	106	30	(4,-3)
3	2026-01-01 16:08:06.000	17187	477	-383	0	229.22	-8	-10	72	106	30	(4,-3)
3	2026-01-01 16:08:07.000	17222	403	-305	0	185.15	-10	-10	72	106	30	(3,-2)
3	2026-01-01 16:08:08.000	17257	490	-320	0	178.93	-10	-9	72	106	30	(4,-2)
3	2026-01-01 16:08:09.000	17292	503	-317	0	179.31	-10	-10	72	106	30	(4,-2)
3	2026-01-01 16:08:10.000	17327	452	-266	0	156.39	-9	-9	72	106	30	(4,-2)
3	2026-01-01 16:08:11.000	17362	498	-324	0	143.09	-8	-10	72	106	30	(4,-3)
3	2026-01-01 16:08:12.000	17397	436	-271	0	172.7	-10	-10	72	106	30	(3,-2)
3	2026-01-01 16:08:13.000	17432	499	-305	0	211.67	-8	-10	72	106	30	(4,-2)
3	2026-01-01 16:08:14.000	17467	519	-280	0	248.49	-8	-10	72	106	30	(4,-2)
3	2026-01-01 16:08:15.000	17502	478	-233	0	234.48	-10	-10	72	106	30	(4,-2)
3	2026-01-01 16:08:16.000	17537	424	-318	-16	217.14	-8	-10	72	106	30	(3,-2)
3	2026-01-01 16:08:17.000	17572	502	-289	-16	230.92	-9	-10	72	106	30	(4,-2)
3	2026-01-01 16:08:18.000	17607	566	-379	-16	205.23	-10	-8	72	106	29	(4,-3)
3	2026-01-01 16:08:19.000	17642	627	-377	-16	192.95	-10	-6	72	106	25	(5,-3)
3	2026-01-01 16:08:20.000	17677	690	-393	-16	154.14	-9	-7	72	106	23	(5,-3)
3	2026-01-01 16:08:21.000	17712	726	-393	-16	181.2	-10	-7	72	106	23	(6,-3)
3	2026-01-01 16:08:22.000	17747	716	-395	-16	136.39	-8	-7	72	106	23	(6,-3)
3	2026-01-01 16:08:23.000	17782	683	-338	-16	181.25	-9	-5	72	106	23	(5,-3)
3	2026-01-01 16:08:24.000	17817	631	-417	-16	137.84	-7	-6	72	106	23	(5,-3)
3	2026-01-01 16:08:25.000	17852	688	-476	-16	106.44	-9	-8	72	106	23	(5,-4)
3	2026-01-01 16:08:26.000	17887	655	-461	-16	139.4	-9	-7	72	106	23	(5,-4)
3	2026-01-01 16:08:27.000	17922	568	-439	-16	119.3	-10	-5	72	106	23	(4,-3)
3	2026-01-01 16:08:28.000	17957	525	-462	-16	108.31	-10	-6	72	106	23	(4,-4)
3	2026-01-01 16:08:29.000	17992	495	-412	-16	86.31	-8	-4	72	106	23	(4,-3)
3	2026-01-01 16:08:30.000	18027	570	-444	-16	71.4	-10	-5	72	106	23	(4,-3)
3	2026-01-01 16:08:31.000	18062	506	-382	-16	45.68	-10	-4	72	106	23	(4,-3)
3	2026-01-01 16:08:32.000	18097	465	-402	-16	22.54	-10	-5	72	106	23	(4,-3)
3	2026-01-01 16:08:33.000	18132	432	-421	-16	6.15	-10	-7	72	106	23	(3,-3)
3	2026-01-01 16:08:34.000	18167	344	-365	-16	32.82	-10	-7	72	106	23	(3,-3)
3	2026-01-01 16:08:35.000	18202	310	-420	-16	357.72	-10	-6	72	106	23	(2,-3)
3	2026-01-01 16:08:36.000	18237	351	-444	-16	15.05	-9	-8	72	106	23	(3,-3)
3	2026-01-01 16:08:37.000	18272	410	-433	-16	36.31	-10	-9	72	106	23	(3,-3)
3	2026-01-01 16:08:38.000	18307	350	-346	-16	9.43	-10	-7	72	106	23	(3,-3)
3	2026-01-01 16:08:39.000	18342	337	-327	-16	21.48	-8	-7	72	106	23	(3,-3)
3	2026-01-01 16:08:40.000	18377	383	-367	8	58.91	-7	-9	72	106	23	(3,-3)
3	2026-01-01 16:08:41.000	18412	294	-437	8	70.83	-8	-8	72	106	23	(2,-3)
3	2026-01-01 16:08:42.000	18447	214	-404	56	57.75	-8	-8	72	106	23	(2,-3)
3	2026-01-01 16:08:43.000	18482	176	-457	56	46.21	-9	-6	72	106	23	(1,-4)
3	2026-01-01 16:08:44.000	18517	236	-396	56	8.34	-7	-6	72	106	23	(2,-3)
3	2026-01-01 16:08:45.000	18552	178	-334	56	336.51	-7	-5	72	106	23	(1,-3)
3	2026-01-01 16:08:46.000	18587	147	-354	56	4.09	-8	-4	72	106	23	(1,-3)
3	2026-01-01 16:08:47.000	18622	155	-420	56	17.48	-6	-4	72	106	23	(1,-3)
3	2026-01-01 16:08:48.000	18657	233	-340	56	46.67	-4	-6	72	106	23	(2,-3)
3	2026-01-01 16:08:49.000	18692	282	-285	56	22.04	-5	-7	72	106	23	(2,-2)
3	2026-01-01 16:08:50.000	18727	203	-244	56	349.03	-7	-7	72	106	23	(2,-2)
3	2026-01-01 16:08:51.000	18762	188	-201	56	311.82	-6	-7	72	106	23	(1,-2)
3	2026-01-01 16:08:52.000	18797	142	-160	56	353.55	-8	-6	72	106	23	(1,-1)
3	2026-01-01 16:08:53.000	18832	78	-241	56	16.39	-9	-6	72	106	23	(1,-2)
3	2026-01-01 16:08:54.000	18867	56	-235	56	4.42	-7	-8	72	106	23	(0,-2)
3	2026-01-01 16:08:55.000	18902	-3	-263	56	330.33	-5	-8	72	106	35	(0,-2)
3	2026-01-01 16:08:56.000	18937	44	-203	56	318.75	-4	-6	72	106	35	(0,-2)
3	2026-01-01 16:08:57.000	18972	56	-198	56	304.04	-3	-7	72	106	35	(0,-2)
3	2026-01-01 16:08:58.000	19007	29	-229	56	322.55	-4	-6	72	106	35	(0,-2)
3	2026-01-01 16:08:59.000	19042	2	-178	56	3.65	-2	-4	72	106	35	(0,-1)
3	2026-01-01 16:09:00.000	19077	-34	-198	-16	27.1	-2	-4	72	106	35	(0,-2)
3	2026-01-01 16:09:01.000	19112	-37	-126	128	27.53	-4	-5	72	106	35	(0,-1)
3	2026-01-01 16:09:02.000	19147	-63	-209	128	53.68	-5	-5	72	106	35	(0,-2)
3	2026-01-01 16:09:03.000	19182	-80	-259	128	83.17	-5	-6	72	106	35	(-1,-2)
3	2026-01-01 16:09:04.000	19217	-47	-189	128	98.96	-6	-5	72	106	35	(0,-1)
3	2026-01-01 16:09:05.000	19252	23	-263	56	114.3	-5	-7	72	106	35	(0,-2)
3	2026-01-01 16:09:06.000	19287	-51	-180	56	87.26	-3	-5	72	106	31	(0,-1)
3	2026-01-01 16:09:07.000	19322	38	-165	56	90.94	-4	-4	72	106	31	(0,-1)
3	2026-01-01 16:09:08.000	19357	36	-166	56	126.85	-2	-2	72	106	31	(0,-1)
3	2026-01-01 16:09:09.000	19392	-7	-209	56	169.41	-1	-1	72	106	31	(0,-2)
3	2026-01-01 16:09:10.000	19427	34	-298	56	129.2	-2	-1	72	106	31	(0,-2)
3	2026-01-01 16:09:11.000	19462	46	-289	56	150.35	-3	-2	72	106	31	(0,-2)
3	2026-01-01 16:09:12.000	19497	32	-252	56	165.22	-5	-3	72	106	31	(0,-2)
3	2026-01-01 16:09:13.000	19532	104	-165	56	157.72	-3	-2	72	106	31	(1,-1)
3	2026-01-01 16:09:14.000	19567	44	-172	56	129.37	-4	-3	72	106	31	(0,-1)
3	2026-01-01 16:09:15.000	19602	49	-239	56	156.26	-2	-2	72	106	31	(0,-2)
3	2026-01-01 16:09:16.000	19637	91	-229	56	128.24	-2	0	72	106	31	(1,-2)
3	2026-01-01 16:09:17.000	19672	169	-170	56	93.86	-3	1	72	106	31	(1,-1)
3	2026-01-01 16:09:18.000	19707	87	-96	56	76.08	-5	3	72	106	31	(1,-1)
3	2026-01-01 16:09:19.000	19742	4	-47	56	120.89	-7	4	72	106	42	(0,0)
3	2026-01-01 16:09:20.000	19777	-78	-112	56	103.92	-9	3	72	106	42	(-1,-1)
3	2026-01-01 16:09:21.000	19812	-89	-158	56	89.15	-9	1	72	106	42	(-1,-1)
3	2026-01-01 16:09:22.000	19847	-90	-139	56	114.56	-10	2	72	106	42	(-1,-1)
3	2026-01-01 16:09:23.000	19882	-102	-130	56	116.55	-10	4	72	106	42	(-1,-1)
3	2026-01-01 16:09:24.000	19917	-35	-121	56	78.68	-10	2	72	106	42	(0,-1)
3	2026-01-01 16:09:25.000	19952	-51	-50	56	109.68	-10	0	72	106	42	(0,0)
3	2026-01-01 16:09:26.000	19987	37	-4	56	106.31	-10	2	72	106	42	(0,0)
3	2026-01-01 16:09:27.000	20022	123	0	56	121.76	-10	4	72	106	42	(1,0)
3	2026-01-01 16:09:28.000	20057	98	-38	0	143.78	-9	4	72	106	42	(1,0)
3	2026-01-01 16:09:29.000	20092	35	-31	0	132.82	-7	2	72	106	37	(0,0)
3	2026-01-01 16:09:30.000	20127	-24	-29	0	109.26	-6	3	72	106	37	(0,0)
3	2026-01-01 16:09:31.000	20162	-33	51	16	112.97	-7	3	72	106	37	(0,0)
3	2026-01-01 16:09:32.000	20197	-16	120	16	80.85	-5	2	72	106	37	(0,1)
3	2026-01-01 16:09:33.000	20232	-18	205	24	63.19	-5	2	72	106	37	(0,2)
3	2026-01-01 16:09:34.000	20267	33	137	24	77.12	-3	0	72	106	36	(0,1)
3	2026-01-01 16:09:35.000	20302	52	226	24	101.0	-1	2	72	106	36	(0,2)
3	2026-01-01 16:09:36.000	20337	82	274	0	71.56	-1	1	72	106	36	(1,2)
3	2026-01-01 16:09:37.000	20372	158	224	0	59.11	-1	3	72	106	36	(1,2)
3	2026-01-01 16:09:38.000	20407	188	158	0	76.03	1	3	72	106	36	(1,1)
3	2026-01-01 16:09:39.000	20442	173	202	0	39.12	-1	4	72	106	36	(1,2)
3	2026-01-01 16:09:40.000	20477	126	112	0	66.22	-3	2	72	106	36	(1,1)
3	2026-01-01 16:09:41.000	20512	39	64	0	110.87	-3	0	72	106	36	(0,0)
3	2026-01-01 16:09:42.000	20547	103	88	0	82.81	-3	2	72	106	36	(1,1)
3	2026-01-01 16:09:43.000	20582	105	71	0	60.37	-4	0	72	106	36	(1,1)
3	2026-01-01 16:09:44.000	20617	180	130	0	70.93	-6	-2	72	106	36	(1,1)
3	2026-01-01 16:09:45.000	20652	225	161	0	71.42	-6	-2	72	106	36	(2,1)
3	2026-01-01 16:09:46.000	20687	251	111	0	64.27	-4	-1	72	106	36	(2,1)
3	2026-01-01 16:09:47.000	20722	314	61	0	95.49	-2	-1	72	106	31	(2,0)
3	2026-01-01 16:09:48.000	20757	264	-6	0	71.41	-2	0	72	106	31	(2,0)
3	2026-01-01 16:09:49.000	20792	230	29	0	68.42	-1	-1	72	106	31	(2,0)
3	2026-01-01 16:09:50.000	20827	280	-52	0	29.23	-3	-2	72	106	31	(2,0)
3	2026-01-01 16:09:51.000	20862	203	-1	0	36.56	-1	-1	72	106	31	(2,0)
3	2026-01-01 16:09:52.000	20897	199	83	0	72.82	0	-2	85	106	31	(2,1)
3	2026-01-01 16:09:53.000	20932	164	33	0	39.62	-1	-1	85	106	31	(1,0)
3	2026-01-01 16:09:54.000	20967	221	-52	0	356.15	-1	-2	85	106	31	(2,0)
3	2026-01-01 16:09:55.000	21002	258	-96	0	35.9	0	-1	85	106	31	(2,-1)
3	2026-01-01 16:09:56.000	21037	308	-132	0	40.69	0	-1	85	106	31	(2,-1)
3	2026-01-01 16:09:57.000	21072	300	-145	0	38.7	-2	-1	85	106	48	(2,-1)
3	2026-01-01 16:09:58.000	21107	328	-230	24	73.82	-4	-2	85	106	48	(3,-2)
3	2026-01-01 16:09:59.000	21142	278	-154	24	43.36	-4	-3	85	106	50	(2,-1)
3	2026-01-01 16:10:00.000	21177	244	-77	24	30.1	-5	-5	85	106	50	(2,-1)
3	2026-01-01 16:10:01.000	21212	207	-27	24	68.07	-7	-5	85	106	50	(2,0)
3	2026-01-01 16:10:02.000	21247	277	-13	24	107.53	-6	-6	85	106	50	(2,0)
3	2026-01-01 16:10:03.000	21282	215	30	24	77.61	-4	-4	85	106	48	(2,0)
3	2026-01-01 16:10:04.000	21317	218	78	24	57.19	-4	-5	85	106	48	(2,1)
3	2026-01-01 16:10:05.000	21352	304	125	24	50.49	-3	-4	85	106	48	(2,1)
3	2026-01-01 16:10:06.000	21387	232	205	24	48.29	-5	-2	85	106	48	(2,2)
3	2026-01-01 16:10:07.000	21422	170	190	24	32.36	-4	-2	85	106	48	(1,1)
3	2026-01-01 16:10:08.000	21457	120	250	24	35.08	-3	-4	85	106	48	(1,2)
3	2026-01-01 16:10:09.000	21492	157	177	24	66.91	-1	-6	85	106	48	(1,1)
3	2026-01-01 16:10:10.000	21527	228	173	0	26.58	-2	-4	85	106	48	(2,1)
3	2026-01-01 16:10:11.000	21562	217	152	0	43.63	-2	-5	85	106	48	(2,1)
3	2026-01-01 16:10:12.000	21597	190	193	0	78.93	-4	-7	85	106	48	(1,2)
3	2026-01-01 16:10:13.000	21632	261	124	0	72.65	-4	-7	85	106	48	(2,1)
3	2026-01-01 16:10:14.000	21667	278	154	0	50.04	-6	-7	85	106	48	(2,1)
3	2026-01-01 16:10:15.000	21702	236	180	0	21.59	-7	-9	85	106	48	(2,1)
3	2026-01-01 16:10:16.000	21737	181	186	0	38.81	-6	-7	85	106	48	(1,1)
3	2026-01-01 16:10:17.000	21772	148	224	0	57.33	-4	-7	85	106	48	(1,2)
3	2026-01-01 16:10:18.000	21807	104	166	0	59.34	-3	-7	85	106	48	(1,1)
3	2026-01-01 16:10:19.000	21842	16	85	0	40.3	-3	-6	85	106	48	(0,1)
3	2026-01-01 16:10:20.000	21877	-66	55	0	34.8	-5	-5	85	106	48	(-1,0)
3	2026-01-01 16:10:21.000	21912	-58	-5	0	356.36	-6	-7	85	106	46	(0,0)
3	2026-01-01 16:10:22.000	21947	-60	-35	0	350.5	-7	-8	85	106	46	(0,0)
3	2026-01-01 16:10:23.000	21982	23	3	0	329.76	-5	-7	85	106	46	(0,0)
3	2026-01-01 16:10:24.000	22017	90	80	0	321.96	-7	-7	85	106	46	(1,1)
3	2026-01-01 16:10:25.000	22052	81	110	0	315.26	-7	-9	85	106	50	(1,1)
3	2026-01-01 16:10:26.000	22087	45	31	0	318.52	-9	-8	85	106	50	(0,0)
3	2026-01-01 16:10:27.000	22122	44	-59	0	338.45	-10	-10	79	106	50	(0,0)
3	2026-01-01 16:10:28.000	22157	34	-82	0	16.96	-9	-8	79	106	50	(0,-1)
3	2026-01-01 16:10:29.000	22192	-56	-113	0	52.27	-7	-10	76	106	50	(0,-1)
3	2026-01-01 16:10:30.000	22227	-99	-24	0	97.08	-5	-8	76	106	50	(-1,0)
3	2026-01-01 16:10:31.000	22262	-123	-41	0	89.6	-3	-7	76	106	50	(-1,0)
3	2026-01-01 16:10:32.000	22297	-155	-101	0	119.23	-3	-5	76	106	50	(-1,-1)
3	2026-01-01 16:10:33.000	22332	-150	-180	0	89.29	-1	-7	76	106	50	(-1,-1)
3	2026-01-01 16:10:34.000	22367	-142	-104	0	84.9	0	-5	76	106	50	(-1,-1)
3	2026-01-01 16:10:35.000	22402	-52	-173	0	84.65	0	-6	76	106	50	(0,-1)
3	2026-01-01 16:10:36.000	22437	31	-259	0	101.29	2	-7	76	106	50	(0,-2)
3	2026-01-01 16:10:37.000	22472	-41	-192	0	94.52	2	-5	76	106	50	(0,-2)
3	2026-01-01 16:10:38.000	22507	17	-157	0	81.92	3	-5	76	106	50	(0,-1)
3	2026-01-01 16:10:39.000	22542	49	-149	0	80.73	2	-6	76	106	50	(0,-1)
3	2026-01-01 16:10:40.000	22577	10	-115	0	89.93	1	-8	76	106	50	(0,-1)
3	2026-01-01 16:10:41.000	22612	45	-130	0	133.77	-1	-6	76	106	50	(0,-1)
3	2026-01-01 16:10:42.000	22647	72	-196	0	164.94	-2	-8	73	106	46	(1,-2)
3	2026-01-01 16:10:43.000	22682	151	-235	0	138.56	-1	-8	73	106	46	(1,-2)
3	2026-01-01 16:10:44.000	22717	68	-159	0	105.01	-2	-10	73	106	46	(1,-1)
3	2026-01-01 16:10:45.000	22752	71	-214	0	65.13	-1	-10	73	106	43	(1,-2)
3	2026-01-01 16:10:46.000	22787	108	-209	0	89.04	-2	-10	73	106	43	(1,-2)
3	2026-01-01 16:10:47.000	22822	50	-244	0	70.84	0	-9	73	106	39	(0,-2)
3	2026-01-01 16:10:48.000	22857	133	-303	-8	43.2	0	-8	73	106	34	(1,-2)
3	2026-01-01 16:10:49.000	22892	136	-304	-8	8.34	2	-9	73	106	34	(1,-2)
3	2026-01-01 16:10:50.000	22927	54	-231	-8	21.6	1	-9	73	106	34	(0,-2)
3	2026-01-01 16:10:51.000	22962	-19	-153	-8	343.63	2	-8	73	106	34	(0,-1)
3	2026-01-01 16:10:52.000	22997	25	-101	-8	354.29	4	-10	73	106	34	(0,-1)
3	2026-01-01 16:10:53.000	23032	56	-62	-8	36.46	4	-8	73	106	34	(0,0)
3	2026-01-01 16:10:54.000	23067	39	-72	-8	355.99	5	-6	73	106	34	(0,-1)
3	2026-01-01 16:10:55.000	23102	117	-101	-8	323.19	6	-5	73	106	34	(1,-1)
3	2026-01-01 16:10:56.000	23137	135	-35	-8	337.29	7	-7	73	106	34	(1,0)
3	2026-01-01 16:10:57.000	23172	53	-43	-8	304.58	5	-6	73	106	34	(0,0)
3	2026-01-01 16:10:58.000	23207	103	-60	-8	299.21	5	-5	73	106	34	(1,0)
3	2026-01-01 16:10:59.000	23242	69	-106	-8	276.35	4	-7	73	106	34	(1,-1)
3	2026-01-01 16:11:00.000	23277	-18	-54	64	276.13	2	-8	73	106	34	(0,0)
3	2026-01-01 16:11:01.000	23312	-98	-128	64	288.81	4	-9	73	106	33	(-1,-1)
3	2026-01-01 16:11:02.000	23347	-17	-46	64	318.24	3	-9	73	106	31	(0,0)
3	2026-01-01 16:11:03.000	23382	20	-125	64	283.92	5	-8	73	106	31	(0,-1)
3	2026-01-01 16:11:04.000	23417	47	-187	64	282.09	4	-10	73	106	31	(0,-1)
3	2026-01-01 16:11:05.000	23452	16	-184	64	322.99	4	-9	73	106	31	(0,-1)
3	2026-01-01 16:11:06.000	23487	-20	-108	64	355.75	3	-7	68	106	31	(0,-1)
3	2026-01-01 16:11:07.000	23522	50	-89	56	352.91	1	-9	68	106	31	(0,-1)
3	2026-01-01 16:11:08.000	23557	8	-120	56	4.02	2	-8	68	106	31	(0,-1)
3	2026-01-01 16:11:09.000	23592	65	-89	56	20.86	2	-6	68	106	26	(1,-1)
3	2026-01-01 16:11:10.000	23627	15	-178	32	15.32	1	-5	68	106	26	(0,-1)
3	2026-01-01 16:11:11.000	23662	-23	-268	32	345.86	1	-3	68	106	26	(0,-2)
3	2026-01-01 16:11:12.000	23697	-44	-326	32	326.0	1	-4	68	106	26	(0,-3)
3	2026-01-01 16:11:13.000	23732	23	-389	32	319.38	2	-6	68	106	26	(0,-3)
3	2026-01-01 16:11:14.000	23767	-57	-417	32	343.97	3	-8	68	106	26	(0,-3)
3	2026-01-01 16:11:15.000	23802	-34	-438	32	23.4	5	-8	68	106	26	(0,-3)
3	2026-01-01 16:11:16.000	23837	15	-407	32	55.44	6	-10	68	106	25	(0,-3)
3	2026-01-01 16:11:17.000	23872	-71	-351	32	94.52	6	-8	68	106	25	(-1,-3)
3	2026-01-01 16:11:18.000	23907	-50	-339	32	127.83	7	-9	68	106	25	(0,-3)
3	2026-01-01 16:11:19.000	23942	-84	-335	32	110.52	6	-7	68	106	25	(-1,-3)
3	2026-01-01 16:11:20.000	23977	-103	-290	32	140.59	7	-5	68	106	25	(-1,-2)
3	2026-01-01 16:11:21.000	24012	-71	-281	32	144.07	9	-4	68	106	25	(-1,-2)
3	2026-01-01 16:11:22.000	24047	-8	-302	32	135.0	7	-6	68	106	25	(0,-2)
3	2026-01-01 16:11:23.000	24082	28	-336	32	156.86	9	-5	68	106	25	(0,-3)
3	2026-01-01 16:11:24.000	24117	72	-303	32	184.94	10	-4	76	106	25	(1,-2)
3	2026-01-01 16:11:25.000	24152	146	-321	32	188.07	8	-6	76	106	25	(1,-3)
3	2026-01-01 16:11:26.000	24187	71	-374	32	151.92	10	-7	76	106	25	(1,-3)
3	2026-01-01 16:11:27.000	24222	97	-435	32	174.79	10	-7	76	106	20	(1,-3)
3	2026-01-01 16:11:28.000	24257	40	-439	32	182.14	9	-8	76	106	20	(0,-3)
3	2026-01-01 16:11:29.000	24292	125	-375	32	221.45	7	-10	76	106	20	(1,-3)
3	2026-01-01 16:11:30.000	24327	133	-416	32	234.43	7	-10	76	106	20	(1,-3)
3	2026-01-01 16:11:31.000	24362	100	-377	32	249.04	7	-9	76	106	20	(1,-3)
3	2026-01-01 16:11:32.000	24397	78	-307	32	238.16	7	-8	76	106	20	(1,-2)
3	2026-01-01 16:11:33.000	24432	-8	-222	32	273.09	9	-9	76	106	20	(0,-2)
3	2026-01-01 16:11:34.000	24467	-50	-223	32	308.67	9	-9	76	106	20	(0,-2)
3	2026-01-01 16:11:35.000	24502	-70	-240	32	329.65	8	-10	76	106	20	(-1,-2)
3	2026-01-01 16:11:36.000	24537	-108	-192	32	327.51	6	-8	76	106	31	(-1,-2)
3	2026-01-01 16:11:37.000	24572	-33	-138	32	302.75	8	-9	76	106	31	(0,-1)
3	2026-01-01 16:11:38.000	24607	40	-173	32	264.79	6	-8	76	106	31	(0,-1)
3	2026-01-01 16:11:39.000	24642	21	-127	32	304.71	5	-6	76	106	31	(0,-1)
3	2026-01-01 16:11:40.000	24677	27	-58	32	311.31	3	-6	76	106	49	(0,0)
3	2026-01-01 16:11:41.000	24712	-27	-131	32	353.38	3	-5	76	106	49	(0,-1)
3	2026-01-01 16:11:42.000	24747	-43	-147	32	335.62	5	-3	76	106	49	(0,-1)
3	2026-01-01 16:11:43.000	24782	2	-193	32	17.01	4	-5	76	106	49	(0,-2)
3	2026-01-01 16:11:44.000	24817	-64	-247	32	338.71	2	-3	76	106	49	(0,-2)
3	2026-01-01 16:11:45.000	24852	-25	-337	32	313.62	4	-2	76	106	49	(0,-3)
3	2026-01-01 16:11:46.000	24887	-39	-266	32	285.18	4	0	76	106	49	(0,-2)
3	2026-01-01 16:11:47.000	24922	-116	-285	32	259.86	4	-1	76	106	49	(-1,-2)
3	2026-01-01 16:11:48.000	24957	-59	-361	32	240.52	5	-3	76	106	49	(0,-3)
3	2026-01-01 16:11:49.000	24992	-76	-382	32	238.72	5	-2	76	106	49	(-1,-3)
3	2026-01-01 16:11:50.000	25027	-100	-471	32	245.72	5	0	76	106	49	(-1,-4)
3	2026-01-01 16:11:51.000	25062	-174	-504	32	241.39	3	-2	76	106	49	(-1,-4)
3	2026-01-01 16:11:52.000	25097	-193	-568	32	198.34	1	-2	76	106	50	(-2,-4)
3	2026-01-01 16:11:53.000	25132	-202	-569	128	225.96	3	-2	76	106	50	(-2,-4)
3	2026-01-01 16:11:54.000	25167	-178	-549	128	215.12	3	-4	76	106	50	(-1,-4)
3	2026-01-01 16:11:55.000	25202	-125	-563	128	252.73	2	-5	76	106	50	(-1,-4)
3	2026-01-01 16:11:56.000	25237	-68	-645	128	291.45	2	-5	76	106	50	(-1,-5)
3	2026-01-01 16:11:57.000	25272	-75	-653	128	280.95	3	-3	76	106	50	(-1,-5)
3	2026-01-01 16:11:58.000	25307	-36	-688	128	288.31	5	-2	76	106	50	(0,-5)
3	2026-01-01 16:11:59.000	25342	-124	-618	128	245.05	5	-2	76	106	50	(-1,-5)
3	2026-01-01 16:12:00.000	25377	-105	-569	128	231.3	5	0	76	106	50	(-1,-4)
3	2026-01-01 16:12:01.000	25412	-189	-596	128	244.0	3	0	76	106	50	(-1,-5)
3	2026-01-01 16:12:02.000	25447	-122	-593	128	253.63	4	-2	76	106	50	(-1,-5)
3	2026-01-01 16:12:03.000	25482	-108	-632	128	216.71	2	-4	76	106	50	(-1,-5)
3	2026-01-01 16:12:04.000	25517	-37	-643	128	240.22	3	-4	76	106	50	(0,-5)
3	2026-01-01 16:12:05.000	25552	-92	-629	128	248.61	4	-3	76	106	50	(-1,-5)
3	2026-01-01 16:12:06.000	25587	-9	-604	128	221.96	4	-1	76	106	50	(0,-5)
3	2026-01-01 16:12:07.000	25622	62	-570	128	218.37	2	1	76	106	50	(0,-4)
3	2026-01-01 16:12:08.000	25657	9	-533	128	206.59	1	2	76	106	50	(0,-4)
3	2026-01-01 16:12:09.000	25692	20	-460	128	199.25	-1	2	76	106	50	(0,-4)
3	2026-01-01 16:12:10.000	25727	-40	-535	128	173.73	1	3	76	106	50	(0,-4)
3	2026-01-01 16:12:11.000	25762	17	-446	128	160.48	2	5	76	106	50	(0,-3)
3	2026-01-01 16:12:12.000	25797	-53	-477	16	160.08	4	6	76	106	50	(0,-4)
3	2026-01-01 16:12:13.000	25832	-119	-469	16	192.19	6	5	76	106	50	(-1,-4)
3	2026-01-01 16:12:14.000	25867	-44	-422	24	230.55	5	5	76	106	50	(0,-3)
3	2026-01-01 16:12:15.000	25902	-9	-406	24	243.75	3	3	76	106	50	(0,-3)
3	2026-01-01 16:12:16.000	25937	13	-432	24	223.89	1	3	76	106	50	(0,-3)
3	2026-01-01 16:12:17.000	25972	58	-443	24	191.53	3	2	76	106	50	(0,-3)
3	2026-01-01 16:12:18.000	26007	86	-513	24	165.09	1	0	76	106	50	(1,-4)
3	2026-01-01 16:12:19.000	26042	73	-458	24	175.95	3	1	76	106	50	(1,-4)
3	2026-01-01 16:12:20.000	26077	-2	-381	24	191.15	3	-1	76	106	50	(0,-3)
3	2026-01-01 16:12:21.000	26112	-45	-369	40	210.99	2	0	76	106	50	(0,-3)
3	2026-01-01 16:12:22.000	26147	-123	-363	40	206.86	1	2	76	106	46	(-1,-3)
3	2026-01-01 16:12:23.000	26182	-158	-316	40	168.82	3	1	76	106	46	(-1,-2)
3	2026-01-01 16:12:24.000	26217	-238	-398	40	173.9	4	0	76	106	50	(-2,-3)
3	2026-01-01 16:12:25.000	26252	-166	-413	40	129.29	4	-2	76	106	50	(-1,-3)
3	2026-01-01 16:12:26.000	26287	-229	-411	40	132.74	4	-1	76	106	50	(-2,-3)
3	2026-01-01 16:12:27.000	26322	-259	-374	40	105.96	2	-2	76	106	50	(-2,-3)
3	2026-01-01 16:12:28.000	26357	-194	-284	40	70.5	1	0	76	106	50	(-2,-2)
3	2026-01-01 16:12:29.000	26392	-151	-334	40	46.22	0	1	76	106	50	(-1,-3)
3	2026-01-01 16:12:30.000	26427	-80	-247	24	69.75	1	0	76	106	50	(-1,-2)
3	2026-01-01 16:12:31.000	26462	-154	-316	24	109.43	3	2	76	106	46	(-1,-2)
3	2026-01-01 16:12:32.000	26497	-172	-406	24	86.9	4	0	76	106	46	(-1,-3)
3	2026-01-01 16:12:33.000	26532	-232	-496	24	60.3	5	2	76	106	46	(-2,-4)
3	2026-01-01 16:12:34.000	26567	-307	-575	24	40.29	6	3	76	106	46	(-2,-4)
3	2026-01-01 16:12:35.000	26602	-345	-516	24	9.55	4	3	76	106	46	(-3,-4)
3	2026-01-01 16:12:36.000	26637	-373	-558	24	11.54	3	1	76	106	46	(-3,-4)
3	2026-01-01 16:12:37.000	26672	-369	-629	24	337.45	2	0	76	106	46	(-3,-5)
3	2026-01-01 16:12:38.000	26707	-437	-555	24	315.03	4	1	76	106	46	(-3,-4)
3	2026-01-01 16:12:39.000	26742	-489	-486	24	316.32	6	3	76	106	46	(-4,-4)
3	2026-01-01 16:12:40.000	26777	-499	-463	24	350.81	4	5	76	106	46	(-4,-4)
3	2026-01-01 16:12:41.000	26812	-469	-384	128	6.21	4	7	76	106	46	(-4,-3)
3	2026-01-01 16:12:42.000	26847	-518	-453	128	329.55	4	7	76	106	46	(-4,-4)
3	2026-01-01 16:12:43.000	26882	-605	-429	128	315.59	3	6	76	106	46	(-5,-3)
3	2026-01-01 16:12:44.000	26917	-639	-454	128	301.75	3	6	76	106	46	(-5,-4)
3	2026-01-01 16:12:45.000	26952	-631	-380	0	263.71	3	6	76	106	46	(-5,-3)
3	2026-01-01 16:12:46.000	26987	-571	-459	0	251.48	1	6	76	106	46	(-4,-4)
3	2026-01-01 16:12:47.000	27022	-514	-468	0	215.36	2	6	76	106	46	(-4,-4)
3	2026-01-01 16:12:48.000	27057	-543	-480	0	206.66	0	7	76	106	46	(-4,-4)
3	2026-01-01 16:12:49.000	27092	-483	-563	0	194.86	2	5	76	106	46	(-4,-4)
3	2026-01-01 16:12:50.000	27127	-490	-640	16	171.0	1	6	76	106	46	(-4,-5)
3	2026-01-01 16:12:51.000	27162	-474	-643	16	157.53	3	7	76	106	46	(-4,-5)
3	2026-01-01 16:12:52.000	27197	-508	-726	16	135.7	2	9	76	106	41	(-4,-6)
3	2026-01-01 16:12:53.000	27232	-461	-722	16	161.06	4	8	76	106	41	(-4,-6)
3	2026-01-01 16:12:54.000	27267	-525	-672	16	164.1	5	8	76	106	41	(-4,-5)
3	2026-01-01 16:12:55.000	27302	-506	-645	24	207.04	5	6	66	106	41	(-4,-5)
3	2026-01-01 16:12:56.000	27337	-437	-718	-16	176.19	4	7	66	106	41	(-3,-6)
3	2026-01-01 16:12:57.000	27372	-456	-645	-16	151.6	2	5	66	106	41	(-4,-5)
3	2026-01-01 16:12:58.000	27407	-383	-681	-16	173.76	3	4	66	106	41	(-3,-5)
3	2026-01-01 16:12:59.000	27442	-304	-645	0	131.74	2	5	66	106	41	(-2,-5)
3	2026-01-01 16:13:00.000	27477	-242	-630	0	160.6	4	7	66	106	41	(-2,-5)
3	2026-01-01 16:13:01.000	27512	-252	-569	0	179.48	5	6	66	106	39	(-2,-4)
3	2026-01-01 16:13:02.000	27547	-189	-646	0	153.79	5	7	66	106	39	(-1,-5)
3	2026-01-01 16:13:03.000	27582	-152	-594	0	121.04	4	7	66	106	39	(-1,-5)
3	2026-01-01 16:13:04.000	27617	-114	-570	0	109.2	6	8	66	106	39	(-1,-4)
3	2026-01-01 16:13:05.000	27652	-101	-550	0	87.52	7	8	66	106	39	(-1,-4)
3	2026-01-01 16:13:06.000	27687	-36	-580	0	77.53	6	6	66	106	39	(0,-5)
3	2026-01-01 16:13:07.000	27722	7	-596	0	87.86	7	6	66	106	39	(0,-5)
3	2026-01-01 16:13:08.000	27757	-59	-640	0	99.24	5	6	66	106	39	(0,-5)
3	2026-01-01 16:13:09.000	27792	-148	-669	0	71.89	5	6	66	106	50	(-1,-5)
3	2026-01-01 16:13:10.000	27827	-154	-619	0	71.21	3	8	64	106	50	(-1,-5)
3	2026-01-01 16:13:11.000	27862	-125	-594	0	101.45	5	7	64	106	50	(-1,-5)
3	2026-01-01 16:13:12.000	27897	-168	-612	0	142.24	6	6	64	106	50	(-1,-5)
3	2026-01-01 16:13:13.000	27932	-89	-689	0	122.48	8	4	64	106	50	(-1,-5)
3	2026-01-01 16:13:14.000	27967	-148	-683	0	147.94	10	2	64	106	50	(-1,-5)
3	2026-01-01 16:13:15.000	28002	-190	-620	0	113.2	8	2	64	106	50	(-1,-5)
3	2026-01-01 16:13:16.000	28037	-244	-701	0	124.13	6	1	64	106	50	(-2,-5)
3	2026-01-01 16:13:17.000	28072	-199	-715	0	93.23	7	0	64	106	50	(-2,-6)
3	2026-01-01 16:13:18.000	28107	-213	-701	64	137.93	9	-2	58	106	50	(-2,-5)
3	2026-01-01 16:13:19.000	28142	-169	-669	64	147.15	7	-2	58	106	50	(-1,-5)
3	2026-01-01 16:13:20.000	28177	-189	-666	64	115.48	7	0	58	106	50	(-1,-5)
3	2026-01-01 16:13:21.000	28212	-258	-597	0	121.93	6	1	58	106	50	(-2,-5)
3	2026-01-01 16:13:22.000	28247	-300	-659	0	86.35	5	2	58	106	50	(-2,-5)
3	2026-01-01 16:13:23.000	28282	-267	-600	0	73.72	4	4	58	106	50	(-2,-5)
3	2026-01-01 16:13:24.000	28317	-245	-591	0	47.77	6	3	58	106	50	(-2,-5)
3	2026-01-01 16:13:25.000	28352	-287	-650	0	27.45	4	3	58	106	49	(-2,-5)
3	2026-01-01 16:13:26.000	28387	-314	-604	0	53.81	5	5	58	106	49	(-2,-5)
3	2026-01-01 16:13:27.000	28422	-342	-521	0	48.95	6	3	58	106	49	(-3,-4)
3	2026-01-01 16:13:28.000	28457	-295	-438	0	5.82	7	4	58	106	49	(-2,-3)
3	2026-01-01 16:13:29.000	28492	-358	-437	0	352.35	7	4	58	106	49	(-3,-3)
3	2026-01-01 16:13:30.000	28527	-283	-423	0	8.54	5	3	58	106	44	(-2,-3)
3	2026-01-01 16:13:31.000	28562	-203	-443	0	38.54	6	5	58	106	40	(-2,-3)
3	2026-01-01 16:13:32.000	28597	-220	-487	0	68.79	8	3	58	106	40	(-2,-4)
3	2026-01-01 16:13:33.000	28632	-170	-475	64	42.1	10	4	68	106	40	(-1,-4)
3	2026-01-01 16:13:34.000	28667	-183	-528	64	73.64	10	2	68	106	40	(-1,-4)
3	2026-01-01 16:13:35.000	28702	-272	-581	64	88.65	8	4	68	106	40	(-2,-5)
3	2026-01-01 16:13:36.000	28737	-351	-647	64	82.45	7	2	68	106	40	(-3,-5)
3	2026-01-01 16:13:37.000	28772	-423	-606	64	125.99	6	4	68	106	40	(-3,-5)
3	2026-01-01 16:13:38.000	28807	-440	-581	64	139.44	8	6	68	106	40	(-3,-5)
3	2026-01-01 16:13:39.000	28842	-466	-622	64	108.27	9	4	68	106	40	(-4,-5)
3	2026-01-01 16:13:40.000	28877	-473	-641	64	122.82	10	2	68	106	40	(-4,-5)
3	2026-01-01 16:13:41.000	28912	-443	-570	64	131.28	9	1	68	106	40	(-3,-4)
3	2026-01-01 16:13:42.000	28947	-406	-523	64	159.03	8	1	68	106	40	(-3,-4)
3	2026-01-01 16:13:43.000	28982	-370	-594	64	141.04	9	-1	68	106	36	(-3,-5)
3	2026-01-01 16:13:44.000	29017	-353	-601	64	125.32	10	-2	68	106	36	(-3,-5)
3	2026-01-01 16:13:45.000	29052	-282	-557	64	106.78	8	-2	68	106	36	(-2,-4)
3	2026-01-01 16:13:46.000	29087	-236	-637	64	119.14	9	-4	68	106	36	(-2,-5)
3	2026-01-01 16:13:47.000	29122	-214	-680	0	110.23	10	-4	68	106	36	(-2,-5)
3	2026-01-01 16:13:48.000	29157	-189	-632	0	152.06	10	-3	68	106	36	(-1,-5)
3	2026-01-01 16:13:49.000	29192	-141	-560	0	190.95	9	-4	68	106	36	(-1,-4)
3	2026-01-01 16:13:50.000	29227	-78	-576	0	153.67	7	-2	68	106	36	(-1,-4)
3	2026-01-01 16:13:51.000	29262	-50	-659	0	195.32	9	0	68	106	36	(0,-5)
3	2026-01-01 16:13:52.000	29297	-41	-716	0	172.57	9	1	68	106	36	(0,-6)
3	2026-01-01 16:13:53.000	29332	-61	-792	0	157.43	10	3	68	106	36	(0,-6)
3	2026-01-01 16:13:54.000	29367	-110	-745	0	180.46	10	4	68	106	36	(-1,-6)
3	2026-01-01 16:13:55.000	29402	-178	-724	0	183.67	10	5	68	106	33	(-1,-6)
3	2026-01-01 16:13:56.000	29437	-213	-763	0	172.55	9	4	68	106	33	(-2,-6)
3	2026-01-01 16:13:57.000	29472	-292	-729	32	168.48	8	6	68	106	33	(-2,-6)
3	2026-01-01 16:13:58.000	29507	-264	-674	32	194.88	7	7	68	106	33	(-2,-5)
3	2026-01-01 16:13:59.000	29542	-175	-639	32	233.85	6	6	68	106	50	(-1,-5)
3	2026-01-01 16:14:00.000	29577	-199	-556	0	249.18	4	6	68	106	50	(-2,-4)
3	2026-01-01 16:14:01.000	29612	-124	-614	0	285.18	4	6	68	106	50	(-1,-5)
3	2026-01-01 16:14:02.000	29647	-51	-644	0	295.23	3	6	68	106	50	(0,-5)
3	2026-01-01 16:14:03.000	29682	-23	-700	0	309.22	1	5	68	106	50	(0,-5)
3	2026-01-01 16:14:04.000	29717	30	-663	0	347.6	3	6	68	106	50	(0,-5)
3	2026-01-01 16:14:05.000	29752	-38	-712	0	350.2	3	7	68	106	50	(0,-6)
3	2026-01-01 16:14:06.000	29787	-10	-741	0	345.68	1	8	68	106	50	(0,-6)
3	2026-01-01 16:14:07.000	29822	53	-770	0	350.2	2	6	68	106	50	(0,-6)
3	2026-01-01 16:14:08.000	29857	105	-708	0	356.53	2	6	68	106	50	(1,-6)
3	2026-01-01 16:14:09.000	29892	17	-793	0	9.36	2	7	68	106	50	(0,-6)
3	2026-01-01 16:14:10.000	29927	79	-735	0	333.26	1	8	63	106	50	(1,-6)
3	2026-01-01 16:14:11.000	29962	11	-821	0	307.95	3	8	63	106	50	(0,-6)
3	2026-01-01 16:14:12.000	29997	64	-866	0	278.09	4	8	63	106	50	(0,-7)
3	2026-01-01 16:14:13.000	30032	75	-874	0	278.31	6	10	63	106	50	(1,-7)
3	2026-01-01 16:14:14.000	30067	163	-954	0	320.23	7	10	63	106	50	(1,-7)
3	2026-01-01 16:14:15.000	30102	186	-1041	0	338.47	9	9	63	106	50	(1,-8)
3	2026-01-01 16:14:16.000	30137	210	-1117	0	330.13	10	7	63	106	50	(2,-9)
3	2026-01-01 16:14:17.000	30172	262	-1192	0	342.04	10	6	63	106	50	(2,-9)
3	2026-01-01 16:14:18.000	30207	352	-1134	0	5.46	10	7	63	106	50	(3,-9)
3	2026-01-01 16:14:19.000	30242	333	-1133	0	325.41	10	6	63	106	50	(3,-9)
3	2026-01-01 16:14:20.000	30277	379	-1195	0	300.82	8	7	63	106	50	(3,-9)
3	2026-01-01 16:14:21.000	30312	398	-1174	24	342.33	6	7	63	106	50	(3,-9)
3	2026-01-01 16:14:22.000	30347	408	-1176	24	15.12	7	9	63	106	50	(3,-9)
3	2026-01-01 16:14:23.000	30382	327	-1206	24	14.01	9	10	63	106	50	(3,-9)
3	2026-01-01 16:14:24.000	30417	347	-1181	24	33.15	10	10	63	106	50	(3,-9)
3	2026-01-01 16:14:25.000	30452	355	-1234	0	15.0	10	10	63	106	50	(3,-10)
3	2026-01-01 16:14:26.000	30487	272	-1190	0	55.66	8	10	63	106	50	(2,-9)
3	2026-01-01 16:14:27.000	30522	324	-1249	0	17.63	7	10	63	106	50	(3,-10)
3	2026-01-01 16:14:28.000	30557	343	-1284	-8	37.05	7	10	63	106	50	(3,-10)
3	2026-01-01 16:14:29.000	30592	407	-1342	56	63.5	7	10	63	106	50	(3,-10)
3	2026-01-01 16:14:30.000	30627	330	-1272	56	41.84	5	8	63	106	50	(3,-10)
3	2026-01-01 16:14:31.000	30662	374	-1213	56	86.34	7	9	63	106	50	(3,-9)
3	2026-01-01 16:14:32.000	30697	389	-1263	56	90.95	6	9	63	106	50	(3,-10)
3	2026-01-01 16:14:33.000	30732	367	-1282	56	60.83	5	8	63	106	50	(3,-10)
3	2026-01-01 16:14:34.000	30767	436	-1203	-16	65.1	4	9	63	106	50	(3,-9)
3	2026-01-01 16:14:35.000	30802	418	-1238	-16	51.02	3	7	63	106	50	(3,-10)
3	2026-01-01 16:14:36.000	30837	361	-1155	-16	78.32	3	9	63	106	50	(3,-9)
3	2026-01-01 16:14:37.000	30872	343	-1233	-16	104.37	4	7	63	106	50	(3,-10)
3	2026-01-01 16:14:38.000	30907	312	-1233	-16	122.56	4	5	63	106	50	(2,-10)
3	2026-01-01 16:14:39.000	30942	233	-1195	-16	137.55	6	4	63	106	50	(2,-9)
3	2026-01-01 16:14:40.000	30977	217	-1140	-16	116.78	4	6	63	106	50	(2,-9)
3	2026-01-01 16:14:41.000	31012	145	-1069	-16	134.52	2	6	63	106	46	(1,-8)
3	2026-01-01 16:14:42.000	31047	79	-980	-16	135.28	2	7	63	106	46	(1,-8)
3	2026-01-01 16:14:43.000	31082	138	-1043	-16	122.8	0	5	63	106	46	(1,-8)
3	2026-01-01 16:14:44.000	31117	144	-1010	-16	140.76	2	5	63	106	50	(1,-8)
3	2026-01-01 16:14:45.000	31152	105	-988	-16	128.11	2	3	63	106	49	(1,-8)
3	2026-01-01 16:14:46.000	31187	58	-1006	128	102.39	2	2	63	106	49	(0,-8)
3	2026-01-01 16:14:47.000	31222	-27	-926	128	100.5	2	1	63	106	49	(0,-7)
3	2026-01-01 16:14:48.000	31257	34	-994	0	128.95	2	2	63	106	49	(0,-8)
3	2026-01-01 16:14:49.000	31292	108	-1054	32	159.25	0	2	63	106	49	(1,-8)
3	2026-01-01 16:14:50.000	31327	116	-1003	0	172.83	-2	2	63	106	49	(1,-8)
3	2026-01-01 16:14:51.000	31362	173	-1076	32	196.56	-1	3	63	106	49	(1,-8)
3	2026-01-01 16:14:52.000	31397	132	-1018	32	166.79	-2	1	63	106	49	(1,-8)
3	2026-01-01 16:14:53.000	31432	159	-1096	32	127.87	-2	-1	63	106	46	(1,-9)
3	2026-01-01 16:14:54.000	31467	110	-1148	16	162.38	0	-3	63	106	43	(1,-9)
3	2026-01-01 16:14:55.000	31502	61	-1145	16	165.0	2	-2	63	106	43	(0,-9)
3	2026-01-01 16:14:56.000	31537	12	-1090	16	151.82	1	-4	63	106	43	(0,-9)
3	2026-01-01 16:14:57.000	31572	-64	-1104	16	180.28	3	-6	63	106	43	(0,-9)
3	2026-01-01 16:14:58.000	31607	-74	-1177	16	195.28	4	-6	63	106	43	(-1,-9)
3	2026-01-01 16:14:59.000	31642	-48	-1157	16	159.35	2	-7	63	106	43	(0,-9)
3	2026-01-01 16:15:00.000	31677	18	-1074	16	125.06	3	-6	63	106	43	(0,-8)
3	2026-01-01 16:15:01.000	31712	-41	-1008	16	95.78	1	-6	63	106	43	(0,-8)
3	2026-01-01 16:15:02.000	31747	-75	-950	16	59.21	-1	-4	63	106	43	(-1,-7)
3	2026-01-01 16:15:03.000	31782	-136	-927	16	24.28	0	-2	63	106	43	(-1,-7)
3	2026-01-01 16:15:04.000	31817	-103	-849	16	67.24	-2	-2	56	106	43	(-1,-7)
3	2026-01-01 16:15:05.000	31852	-130	-827	16	84.52	-3	-4	56	106	43	(-1,-6)
3	2026-01-01 16:15:06.000	31887	-118	-759	16	105.12	-1	-5	47	106	43	(-1,-6)
3	2026-01-01 16:15:07.000	31922	-149	-720	-8	82.18	-1	-6	47	106	43	(-1,-6)
3	2026-01-01 16:15:08.000	31957	-225	-779	-8	82.66	-3	-8	47	106	43	(-2,-6)
3	2026-01-01 16:15:09.000	31992	-307	-733	-8	117.23	-5	-9	47	106	50	(-2,-6)
3	2026-01-01 16:15:10.000	32027	-386	-674	-8	80.59	-5	-7	47	106	50	(-3,-5)
3	2026-01-01 16:15:11.000	32062	-306	-629	-8	77.44	-4	-6	47	106	50	(-2,-5)
3	2026-01-01 16:15:12.000	32097	-364	-668	-8	75.39	-4	-5	47	106	50	(-3,-5)
3	2026-01-01 16:15:13.000	32132	-390	-627	-8	87.62	-5	-6	47	106	50	(-3,-5)
3	2026-01-01 16:15:14.000	32167	-420	-604	-8	111.91	-4	-8	47	106	50	(-3,-5)
3	2026-01-01 16:15:15.000	32202	-335	-641	-8	112.4	-5	-9	47	106	46	(-3,-5)
3	2026-01-01 16:15:16.000	32237	-422	-667	-8	132.99	-7	-10	47	106	46	(-3,-5)
3	2026-01-01 16:15:17.000	32272	-394	-725	-8	120.82	-9	-9	47	106	44	(-3,-6)
3	2026-01-01 16:15:18.000	32307	-393	-654	-8	122.11	-7	-10	47	106	44	(-3,-5)
3	2026-01-01 16:15:19.000	32342	-454	-601	-8	138.85	-8	-8	47	106	41	(-4,-5)
3	2026-01-01 16:15:20.000	32377	-465	-585	0	158.57	-9	-8	47	106	41	(-4,-5)
3	2026-01-01 16:15:21.000	32412	-410	-646	0	192.82	-7	-8	47	106	50	(-3,-5)
3	2026-01-01 16:15:22.000	32447	-434	-632	0	173.46	-7	-7	47	106	45	(-3,-5)
3	2026-01-01 16:15:23.000	32482	-386	-715	0	145.85	-5	-7	47	106	45	(-3,-6)
3	2026-01-01 16:15:24.000	32517	-329	-798	0	118.62	-4	-7	47	106	45	(-3,-6)
3	2026-01-01 16:15:25.000	32552	-350	-716	0	120.71	-5	-6	47	106	45	(-3,-6)
3	2026-01-01 16:15:26.000	32587	-270	-730	0	161.42	-7	-5	47	106	45	(-2,-6)
3	2026-01-01 16:15:27.000	32622	-328	-819	0	189.26	-6	-6	47	106	45	(-3,-6)
3	2026-01-01 16:15:28.000	32657	-251	-808	0	173.34	-8	-4	47	106	45	(-2,-6)
3	2026-01-01 16:15:29.000	32692	-278	-766	0	130.47	-10	-4	47	106	45	(-2,-6)
3	2026-01-01 16:15:30.000	32727	-196	-811	0	168.99	-10	-4	47	106	45	(-2,-6)
3	2026-01-01 16:15:31.000	32762	-199	-845	0	202.39	-10	-3	47	106	45	(-2,-7)
3	2026-01-01 16:15:32.000	32797	-252	-814	0	159.75	-9	-3	47	106	45	(-2,-6)
3	2026-01-01 16:15:33.000	32832	-282	-738	0	170.86	-10	-3	47	106	41	(-2,-6)
3	2026-01-01 16:15:34.000	32867	-302	-671	0	185.54	-10	-5	47	106	41	(-2,-5)
3	2026-01-01 16:15:35.000	32902	-383	-739	0	223.01	-9	-6	47	106	41	(-3,-6)
3	2026-01-01 16:15:36.000	32937	-373	-701	0	231.11	-9	-8	47	106	41	(-3,-5)
3	2026-01-01 16:15:37.000	32972	-433	-672	0	233.05	-9	-9	47	106	41	(-3,-5)
3	2026-01-01 16:15:38.000	33007	-474	-638	0	272.62	-10	-10	47	106	41	(-4,-5)
3	2026-01-01 16:15:39.000	33042	-555	-679	0	284.61	-8	-10	47	106	41	(-4,-5)
3	2026-01-01 16:15:40.000	33077	-600	-740	0	278.78	-8	-10	47	106	41	(-5,-6)
3	2026-01-01 16:15:41.000	33112	-515	-797	0	247.46	-6	-9	47	106	41	(-4,-6)
3	2026-01-01 16:15:42.000	33147	-586	-762	0	211.62	-5	-7	65	106	41	(-5,-6)
3	2026-01-01 16:15:43.000	33182	-521	-709	0	188.72	-6	-5	65	106	41	(-4,-6)
3	2026-01-01 16:15:44.000	33217	-533	-799	0	154.5	-5	-7	65	106	41	(-4,-6)
3	2026-01-01 16:15:45.000	33252	-469	-856	0	171.88	-5	-6	65	106	41	(-4,-7)
3	2026-01-01 16:15:46.000	33287	-525	-877	0	207.84	-7	-7	65	106	38	(-4,-7)
3	2026-01-01 16:15:47.000	33322	-495	-861	0	180.3	-9	-7	65	106	38	(-4,-7)
3	2026-01-01 16:15:48.000	33357	-570	-941	0	211.55	-8	-7	65	106	38	(-4,-7)
3	2026-01-01 16:15:49.000	33392	-518	-1031	0	202.36	-8	-5	65	106	38	(-4,-8)
3	2026-01-01 16:15:50.000	33427	-587	-1080	0	236.22	-10	-6	55	106	38	(-5,-8)
3	2026-01-01 16:15:51.000	33462	-602	-1036	0	252.58	-10	-6	55	106	38	(-5,-8)
3	2026-01-01 16:15:52.000	33497	-619	-1105	0	224.58	-10	-4	55	106	38	(-5,-9)
3	2026-01-01 16:15:53.000	33532	-588	-1039	0	243.22	-10	-4	55	106	38	(-5,-8)
3	2026-01-01 16:15:54.000	33567	-657	-1125	-16	273.9	-10	-2	55	106	38	(-5,-9)
3	2026-01-01 16:15:55.000	33602	-569	-1052	-16	300.83	-10	-4	55	106	38	(-4,-8)
3	2026-01-01 16:15:56.000	33637	-579	-988	-16	258.61	-10	-2	55	106	38	(-5,-8)
3	2026-01-01 16:15:57.000	33672	-612	-901	-16	275.07	-9	-1	55	106	38	(-5,-7)
3	2026-01-01 16:15:58.000	33707	-614	-926	-16	287.34	-10	-1	55	106	38	(-5,-7)
3	2026-01-01 16:15:59.000	33742	-601	-968	-16	331.3	-8	-2	55	106	38	(-5,-8)
3	2026-01-01 16:16:00.000	33777	-682	-955	-16	348.86	-8	-1	55	106	38	(-5,-7)
3	2026-01-01 16:16:01.000	33812	-666	-916	-16	322.47	-9	1	55	106	35	(-5,-7)
3	2026-01-01 16:16:02.000	33847	-750	-1005	-16	297.41	-8	2	55	106	35	(-6,-8)
3	2026-01-01 16:16:03.000	33882	-787	-1086	-16	272.03	-9	2	55	106	35	(-6,-8)
3	2026-01-01 16:16:04.000	33917	-837	-1094	-16	275.82	-9	1	55	106	35	(-7,-9)
3	2026-01-01 16:16:05.000	33952	-789	-1109	-16	282.29	-8	-1	55	106	35	(-6,-9)
3	2026-01-01 16:16:06.000	33987	-740	-1142	-16	246.97	-6	-1	55	106	35	(-6,-9)
3	2026-01-01 16:16:07.000	34022	-777	-1139	-16	210.95	-4	-3	55	106	35	(-6,-9)
3	2026-01-01 16:16:08.000	34057	-837	-1197	0	226.11	-3	-5	55	106	35	(-7,-9)
3	2026-01-01 16:16:09.000	34092	-898	-1212	0	247.81	-1	-5	55	106	33	(-7,-9)
3	2026-01-01 16:16:10.000	34127	-872	-1279	128	203.57	-2	-5	55	106	33	(-7,-10)
3	2026-01-01 16:16:11.000	34162	-902	-1280	128	220.12	0	-4	55	106	33	(-7,-10)
3	2026-01-01 16:16:12.000	34197	-871	-1311	128	243.63	-2	-5	55	106	33	(-7,-10)
3	2026-01-01 16:16:13.000	34232	-824	-1351	128	244.6	-3	-7	54	106	33	(-6,-11)
3	2026-01-01 16:16:14.000	34267	-802	-1310	8	275.54	-2	-7	54	106	33	(-6,-10)
3	2026-01-01 16:16:15.000	34302	-811	-1263	8	238.24	-3	-5	54	106	33	(-6,-10)
3	2026-01-01 16:16:16.000	34337	-758	-1218	8	272.08	-1	-7	54	106	33	(-6,-10)
3	2026-01-01 16:16:17.000	34372	-776	-1275	8	253.99	1	-9	54	106	33	(-6,-10)
3	2026-01-01 16:16:18.000	34407	-771	-1272	8	263.16	2	-10	54	106	33	(-6,-10)
3	2026-01-01 16:16:19.000	34442	-720	-1257	8	224.7	0	-10	54	106	33	(-6,-10)
3	2026-01-01 16:16:20.000	34477	-686	-1189	8	248.45	-2	-8	54	106	32	(-5,-9)
3	2026-01-01 16:16:21.000	34512	-632	-1218	8	258.49	-4	-6	54	106	32	(-5,-10)
3	2026-01-01 16:16:22.000	34547	-572	-1231	8	286.21	-3	-8	54	106	32	(-4,-10)
3	2026-01-01 16:16:23.000	34582	-505	-1252	8	300.98	-1	-10	54	106	32	(-4,-10)
3	2026-01-01 16:16:24.000	34617	-552	-1219	8	260.7	0	-9	54	106	32	(-4,-10)
3	2026-01-01 16:16:25.000	34652	-577	-1168	8	257.26	1	-10	54	106	32	(-5,-9)
3	2026-01-01 16:16:26.000	34687	-499	-1205	16	295.17	1	-10	54	106	50	(-4,-9)
3	2026-01-01 16:16:27.000	34722	-473	-1179	16	289.02	0	-10	54	106	50	(-4,-9)
3	2026-01-01 16:16:28.000	34757	-449	-1246	16	304.54	-2	-10	54	106	50	(-4,-10)
3	2026-01-01 16:16:29.000	34792	-473	-1265	16	305.16	-4	-10	54	106	50	(-4,-10)
3	2026-01-01 16:16:30.000	34827	-544	-1227	16	270.89	-6	-10	54	106	50	(-4,-10)
3	2026-01-01 16:16:31.000	34862	-523	-1169	16	292.93	-5	-8	54	106	50	(-4,-9)
3	2026-01-01 16:16:32.000	34897	-551	-1145	16	270.56	-3	-9	54	106	50	(-4,-9)
3	2026-01-01 16:16:33.000	34932	-474	-1220	16	273.78	-1	-10	54	106	50	(-4,-10)
3	2026-01-01 16:16:34.000	34967	-551	-1294	16	259.69	0	-10	54	106	50	(-4,-10)
3	2026-01-01 16:16:35.000	35002	-588	-1311	16	302.04	-2	-10	54	106	50	(-5,-10)
3	2026-01-01 16:16:36.000	35037	-640	-1399	16	301.62	-1	-10	54	106	50	(-5,-11)
3	2026-01-01 16:16:37.000	35072	-608	-1433	16	336.09	-1	-10	54	106	50	(-5,-11)
3	2026-01-01 16:16:38.000	35107	-571	-1523	16	319.94	-1	-8	54	106	47	(-4,-12)
3	2026-01-01 16:16:39.000	35142	-483	-1509	16	356.59	-3	-6	54	106	45	(-4,-12)
3	2026-01-01 16:16:40.000	35177	-458	-1510	16	333.18	-1	-4	54	106	45	(-4,-12)
3	2026-01-01 16:16:41.000	35212	-518	-1427	16	342.86	-1	-2	54	106	45	(-4,-11)
3	2026-01-01 16:16:42.000	35247	-584	-1478	16	10.98	1	-1	54	106	42	(-5,-12)
3	2026-01-01 16:16:43.000	35282	-599	-1432	16	345.61	0	1	54	106	42	(-5,-11)
3	2026-01-01 16:16:44.000	35317	-617	-1376	16	347.13	-2	2	54	106	39	(-5,-11)
3	2026-01-01 16:16:45.000	35352	-541	-1397	16	341.9	0	3	54	106	39	(-4,-11)
3	2026-01-01 16:16:46.000	35387	-554	-1440	56	338.08	2	3	54	106	39	(-4,-11)
3	2026-01-01 16:16:47.000	35422	-635	-1477	56	332.52	2	3	54	106	39	(-5,-12)
3	2026-01-01 16:16:48.000	35457	-678	-1447	56	348.53	3	2	54	106	39	(-5,-11)
3	2026-01-01 16:16:49.000	35492	-695	-1469	56	333.52	4	1	54	106	39	(-5,-11)
3	2026-01-01 16:16:50.000	35527	-655	-1463	56	354.6	5	1	54	106	39	(-5,-11)
3	2026-01-01 16:16:51.000	35562	-736	-1395	56	312.06	5	2	54	106	39	(-6,-11)
3	2026-01-01 16:16:52.000	35597	-748	-1474	56	307.58	7	0	54	106	39	(-6,-12)
3	2026-01-01 16:16:53.000	35632	-764	-1387	24	330.67	6	1	54	106	39	(-6,-11)
3	2026-01-01 16:16:54.000	35667	-819	-1413	24	340.86	8	0	54	106	39	(-6,-11)
3	2026-01-01 16:16:55.000	35702	-802	-1417	24	357.32	9	1	54	106	39	(-6,-11)
3	2026-01-01 16:16:56.000	35737	-756	-1419	24	331.81	7	0	54	106	38	(-6,-11)
3	2026-01-01 16:16:57.000	35772	-766	-1491	-16	326.72	7	-2	54	106	38	(-6,-12)
3	2026-01-01 16:16:58.000	35807	-720	-1455	-16	351.86	7	-4	54	106	37	(-6,-11)
3	2026-01-01 16:16:59.000	35842	-757	-1476	64	13.02	6	-5	54	106	37	(-6,-12)
3	2026-01-01 16:17:00.000	35877	-729	-1397	64	7.48	4	-5	54	106	37	(-6,-11)
3	2026-01-01 16:17:01.000	35912	-810	-1383	64	46.49	4	-5	54	106	37	(-6,-11)
3	2026-01-01 16:17:02.000	35947	-819	-1337	128	23.9	3	-5	54	106	37	(-6,-10)
3	2026-01-01 16:17:03.000	35982	-764	-1376	128	30.16	5	-5	54	106	35	(-6,-11)
3	2026-01-01 16:17:04.000	36017	-746	-1430	128	32.62	5	-4	54	106	35	(-6,-11)
3	2026-01-01 16:17:05.000	36052	-732	-1389	128	56.35	3	-3	54	106	35	(-6,-11)
3	2026-01-01 16:17:06.000	36087	-701	-1466	128	13.29	4	-1	47	106	35	(-5,-11)
3	2026-01-01 16:17:07.000	36122	-666	-1412	128	343.35	3	0	47	106	35	(-5,-11)
3	2026-01-01 16:17:08.000	36157	-696	-1485	128	302.0	3	1	47	106	30	(-5,-12)
3	2026-01-01 16:17:09.000	36192	-629	-1479	64	333.7	2	0	47	106	30	(-5,-12)
3	2026-01-01 16:17:10.000	36227	-572	-1479	64	12.14	3	-2	47	106	30	(-4,-12)
3	2026-01-01 16:17:11.000	36262	-524	-1470	64	20.22	2	-3	47	106	43	(-4,-11)
3	2026-01-01 16:17:12.000	36297	-466	-1519	64	336.59	1	-2	47	106	43	(-4,-12)
3	2026-01-01 16:17:13.000	36332	-482	-1526	64	333.04	0	-2	47	106	43	(-4,-12)
3	2026-01-01 16:17:14.000	36367	-512	-1613	64	330.64	-2	-1	47	106	43	(-4,-13)
3	2026-01-01 16:17:15.000	36402	-593	-1654	64	318.76	-3	-3	47	106	43	(-5,-13)
3	2026-01-01 16:17:16.000	36437	-662	-1739	64	291.94	-1	-5	47	106	43	(-5,-14)
3	2026-01-01 16:17:17.000	36472	-591	-1778	64	266.48	0	-5	47	106	43	(-5,-14)
3	2026-01-01 16:17:18.000	36507	-523	-1739	64	226.14	0	-5	39	106	43	(-4,-14)
3	2026-01-01 16:17:19.000	36542	-591	-1731	64	190.63	1	-5	39	106	43	(-5,-14)
3	2026-01-01 16:17:20.000	36577	-542	-1728	64	220.41	1	-3	39	106	43	(-4,-14)
3	2026-01-01 16:17:21.000	36612	-550	-1657	-16	265.09	0	-5	39	106	50	(-4,-13)
3	2026-01-01 16:17:22.000	36647	-493	-1613	0	226.1	-2	-3	39	106	50	(-4,-13)
3	2026-01-01 16:17:23.000	36682	-446	-1660	0	198.36	-3	-3	39	106	50	(-3,-13)
3	2026-01-01 16:17:24.000	36717	-424	-1665	0	232.28	-3	-5	39	106	50	(-3,-13)
3	2026-01-01 16:17:25.000	36752	-508	-1711	0	250.12	-1	-6	39	106	50	(-4,-13)
3	2026-01-01 16:17:26.000	36787	-428	-1794	0	282.97	-1	-5	39	106	45	(-3,-14)
3	2026-01-01 16:17:27.000	36822	-441	-1785	0	288.03	-1	-7	39	106	45	(-3,-14)
3	2026-01-01 16:17:28.000	36857	-452	-1762	0	299.49	-2	-7	39	106	45	(-4,-14)
3	2026-01-01 16:17:29.000	36892	-473	-1693	0	323.51	-3	-6	39	106	42	(-4,-13)
3	2026-01-01 16:17:30.000	36927	-401	-1725	0	337.26	-4	-5	39	106	42	(-3,-13)
3	2026-01-01 16:17:31.000	36962	-329	-1721	0	0.14	-3	-6	39	106	42	(-3,-13)
3	2026-01-01 16:17:32.000	36997	-241	-1786	0	5.58	-4	-6	39	106	42	(-2,-14)
3	2026-01-01 16:17:33.000	37032	-178	-1760	0	348.45	-6	-4	39	106	42	(-1,-14)
3	2026-01-01 16:17:34.000	37067	-241	-1754	0	24.28	-5	-4	39	106	42	(-2,-14)
3	2026-01-01 16:17:35.000	37102	-241	-1743	0	2.78	-5	-4	39	106	42	(-2,-14)
3	2026-01-01 16:17:36.000	37137	-241	-1668	0	331.6	-5	-4	39	106	42	(-2,-13)
3	2026-01-01 16:17:37.000	37172	-194	-1617	0	353.61	-5	-4	39	106	42	(-2,-13)
3	2026-01-01 16:17:38.000	37207	-138	-1618	0	313.19	-4	-2	39	106	42	(-1,-13)
3	2026-01-01 16:17:39.000	37242	-164	-1534	0	272.17	-2	-4	39	106	42	(-1,-12)
3	2026-01-01 16:17:40.000	37277	-110	-1485	0	317.03	0	-4	39	106	42	(-1,-12)
3	2026-01-01 16:17:41.000	37312	-102	-1512	0	326.16	1	-5	39	106	42	(-1,-12)
3	2026-01-01 16:17:42.000	37347	-67	-1543	0	285.63	1	-5	39	106	42	(-1,-12)
3	2026-01-01 16:17:43.000	37382	-131	-1599	8	253.33	1	-3	39	106	50	(-1,-12)
3	2026-01-01 16:17:44.000	37417	-210	-1600	8	217.96	-1	-5	39	106	50	(-2,-12)
3	2026-01-01 16:17:45.000	37452	-181	-1562	8	255.13	-2	-4	39	106	50	(-1,-12)
3	2026-01-01 16:17:46.000	37487	-260	-1475	8	281.16	-3	-5	39	106	50	(-2,-12)
3	2026-01-01 16:17:47.000	37522	-183	-1450	64	307.87	-4	-4	39	106	50	(-1,-11)
3	2026-01-01 16:17:48.000	37557	-243	-1405	64	310.59	-3	-4	39	106	50	(-2,-11)
3	2026-01-01 16:17:49.000	37592	-238	-1468	64	346.47	-1	-3	39	106	50	(-2,-11)
3	2026-01-01 16:17:50.000	37627	-298	-1399	64	27.02	0	-2	39	106	50	(-2,-11)
3	2026-01-01 16:17:51.000	37662	-382	-1424	64	67.19	2	0	39	106	50	(-3,-11)
3	2026-01-01 16:17:52.000	37697	-308	-1504	64	111.97	1	-1	37	106	50	(-2,-12)
3	2026-01-01 16:17:53.000	37732	-278	-1545	56	108.14	3	1	37	106	50	(-2,-12)
3	2026-01-01 16:17:54.000	37767	-272	-1622	56	139.86	3	0	37	106	50	(-2,-13)
3	2026-01-01 16:17:55.000	37802	-323	-1588	56	137.55	2	-1	37	106	50	(-3,-12)
3	2026-01-01 16:17:56.000	37837	-279	-1556	56	154.24	0	-1	37	106	46	(-2,-12)
3	2026-01-01 16:17:57.000	37872	-261	-1479	56	147.58	-1	-2	37	106	46	(-2,-12)
3	2026-01-01 16:17:58.000	37907	-322	-1487	56	180.47	-2	-3	37	106	46	(-3,-12)
3	2026-01-01 16:17:59.000	37942	-282	-1435	56	138.71	-2	-1	37	106	46	(-2,-11)
3	2026-01-01 16:18:00.000	37977	-369	-1361	56	143.08	-2	1	37	106	42	(-3,-11)
3	2026-01-01 16:18:01.000	38012	-357	-1288	56	149.95	-3	2	37	106	42	(-3,-10)
3	2026-01-01 16:18:02.000	38047	-279	-1279	56	159.12	-1	3	37	106	50	(-2,-10)
3	2026-01-01 16:18:03.000	38082	-293	-1246	56	131.41	1	4	37	106	50	(-2,-10)
3	2026-01-01 16:18:04.000	38117	-206	-1190	56	171.9	3	2	37	106	50	(-2,-9)
3	2026-01-01 16:18:05.000	38152	-213	-1114	56	171.68	1	0	37	106	50	(-2,-9)
3	2026-01-01 16:18:06.000	38187	-151	-1131	56	155.24	0	0	37	106	50	(-1,-9)
3	2026-01-01 16:18:07.000	38222	-230	-1153	56	177.97	1	-2	37	106	50	(-2,-9)
3	2026-01-01 16:18:08.000	38257	-257	-1075	56	192.32	2	-2	37	106	50	(-2,-8)
3	2026-01-01 16:18:09.000	38292	-266	-1015	56	162.05	3	-4	37	106	50	(-2,-8)
3	2026-01-01 16:18:10.000	38327	-227	-1037	56	171.93	1	-6	37	106	50	(-2,-8)
3	2026-01-01 16:18:11.000	38362	-234	-1061	24	211.55	0	-4	37	106	50	(-2,-8)
3	2026-01-01 16:18:12.000	38397	-152	-1118	24	185.17	-1	-6	37	106	50	(-1,-9)
3	2026-01-01 16:18:13.000	38432	-235	-1183	24	208.2	-3	-8	37	106	50	(-2,-9)
3	2026-01-01 16:18:14.000	38467	-205	-1096	24	186.96	-4	-9	37	106	50	(-2,-9)
3	2026-01-01 16:18:15.000	38502	-202	-1173	24	179.16	-6	-9	37	106	50	(-2,-9)
3	2026-01-01 16:18:16.000	38537	-283	-1127	24	181.19	-4	-7	37	106	50	(-2,-9)
3	2026-01-01 16:18:17.000	38572	-230	-1171	24	217.48	-3	-5	37	106	50	(-2,-9)
3	2026-01-01 16:18:18.000	38607	-306	-1106	24	192.54	-2	-3	37	106	47	(-2,-9)
3	2026-01-01 16:18:19.000	38642	-378	-1028	24	189.24	-1	-5	37	106	47	(-3,-8)
3	2026-01-01 16:18:20.000	38677	-429	-959	24	231.11	-3	-7	37	106	50	(-3,-7)
3	2026-01-01 16:18:21.000	38712	-456	-966	24	225.62	-1	-5	37	106	50	(-4,-8)
3	2026-01-01 16:18:22.000	38747	-368	-1001	24	185.84	0	-7	37	106	50	(-3,-8)
3	2026-01-01 16:18:23.000	38782	-347	-1035	24	193.05	0	-9	37	106	50	(-3,-8)
3	2026-01-01 16:18:24.000	38817	-371	-963	24	170.47	-1	-8	33	106	50	(-3,-8)
3	2026-01-01 16:18:25.000	38852	-426	-1040	24	172.39	1	-10	33	106	50	(-3,-8)
3	2026-01-01 16:18:26.000	38887	-380	-1127	24	180.44	3	-10	33	106	50	(-3,-9)
3	2026-01-01 16:18:27.000	38922	-454	-1083	0	167.03	4	-10	33	106	50	(-4,-8)
3	2026-01-01 16:18:28.000	38957	-533	-1092	0	139.96	6	-10	33	106	50	(-4,-9)
3	2026-01-01 16:18:29.000	38992	-528	-1079	0	95.16	8	-9	33	106	50	(-4,-8)
3	2026-01-01 16:18:30.000	39027	-575	-1143	0	118.71	8	-10	33	106	50	(-4,-9)
3	2026-01-01 16:18:31.000	39062	-638	-1115	0	104.29	8	-9	33	106	50	(-5,-9)
3	2026-01-01 16:18:32.000	39097	-630	-1073	0	82.89	10	-9	38	106	50	(-5,-8)
3	2026-01-01 16:18:33.000	39132	-706	-1064	0	113.14	8	-10	38	106	50	(-6,-8)
3	2026-01-01 16:18:34.000	39167	-663	-1019	0	150.71	10	-10	38	106	50	(-5,-8)
3	2026-01-01 16:18:35.000	39202	-714	-1066	0	145.73	10	-9	38	106	50	(-6,-8)
3	2026-01-01 16:18:36.000	39237	-694	-981	0	109.61	10	-10	38	106	50	(-5,-8)
3	2026-01-01 16:18:37.000	39272	-694	-933	0	113.6	8	-10	38	106	50	(-5,-7)
3	2026-01-01 16:18:38.000	39307	-626	-848	0	111.07	10	-10	38	106	50	(-5,-7)
3	2026-01-01 16:18:39.000	39342	-611	-768	0	127.84	10	-8	38	106	50	(-5,-6)
3	2026-01-01 16:18:40.000	39377	-574	-714	0	91.39	8	-9	38	106	50	(-4,-6)
3	2026-01-01 16:18:41.000	39412	-660	-699	0	54.48	6	-7	38	106	47	(-5,-5)
3	2026-01-01 16:18:42.000	39447	-708	-757	0	93.76	4	-5	38	106	47	(-6,-6)
3	2026-01-01 16:18:43.000	39482	-748	-691	0	75.93	3	-4	38	106	47	(-6,-5)
3	2026-01-01 16:18:44.000	39517	-714	-745	0	110.21	1	-4	38	106	47	(-6,-6)
3	2026-01-01 16:18:45.000	39552	-672	-669	0	84.79	2	-2	38	106	47	(-5,-5)
3	2026-01-01 16:18:46.000	39587	-726	-586	0	55.38	0	-3	38	106	50	(-6,-5)
3	2026-01-01 16:18:47.000	39622	-752	-562	0	69.11	0	-1	38	106	50	(-6,-4)
3	2026-01-01 16:18:48.000	39657	-724	-476	0	94.37	2	0	38	106	50	(-6,-4)
3	2026-01-01 16:18:49.000	39692	-719	-552	0	77.41	3	0	38	106	50	(-6,-4)
3	2026-01-01 16:18:50.000	39727	-736	-488	0	32.69	5	2	35	106	50	(-6,-4)
3	2026-01-01 16:18:51.000	39762	-792	-507	8	46.98	3	1	35	106	50	(-6,-4)
3	2026-01-01 16:18:52.000	39797	-742	-451	8	68.89	2	3	35	106	50	(-6,-4)
3	2026-01-01 16:18:53.000	39832	-700	-462	8	64.29	0	2	35	106	50	(-5,-4)
3	2026-01-01 16:18:54.000	39867	-777	-425	8	104.56	-2	1	35	106	48	(-6,-3)
3	2026-01-01 16:18:55.000	39902	-794	-344	8	95.38	-4	1	35	106	46	(-6,-3)
3	2026-01-01 16:18:56.000	39937	-721	-402	8	101.93	-5	1	35	106	46	(-6,-3)
3	2026-01-01 16:18:57.000	39972	-703	-455	8	60.21	-6	1	35	106	46	(-5,-4)
3	2026-01-01 16:18:58.000	40007	-722	-384	8	36.3	-6	-1	35	106	46	(-6,-3)
3	2026-01-01 16:18:59.000	40042	-704	-471	8	56.37	-4	-2	35	106	46	(-6,-4)
3	2026-01-01 16:19:00.000	40077	-666	-448	8	74.85	-2	-1	35	106	46	(-5,-4)
3	2026-01-01 16:19:01.000	40112	-738	-499	8	86.35	-1	-3	35	106	46	(-6,-4)
3	2026-01-01 16:19:02.000	40147	-673	-546	8	77.16	-3	-3	35	106	46	(-5,-4)
3	2026-01-01 16:19:03.000	40182	-758	-599	8	76.02	-2	-2	35	106	46	(-6,-5)
3	2026-01-01 16:19:04.000	40217	-830	-667	8	76.86	-1	-4	35	106	46	(-6,-5)
3	2026-01-01 16:19:05.000	40252	-755	-654	8	44.32	0	-5	29	106	46	(-6,-5)
3	2026-01-01 16:19:06.000	40287	-690	-607	8	40.67	1	-5	29	106	41	(-5,-5)
3	2026-01-01 16:19:07.000	40322	-632	-540	8	7.03	2	-5	29	106	41	(-5,-4)
3	2026-01-01 16:19:08.000	40357	-561	-486	8	0.38	4	-5	29	106	41	(-4,-4)
3	2026-01-01 16:19:09.000	40392	-585	-465	8	7.84	3	-7	29	106	41	(-5,-4)
3	2026-01-01 16:19:10.000	40427	-536	-469	128	15.08	3	-5	29	106	41	(-4,-4)
3	2026-01-01 16:19:11.000	40462	-564	-497	128	38.9	5	-7	29	106	41	(-4,-4)
3	2026-01-01 16:19:12.000	40497	-650	-453	56	354.34	3	-6	29	106	41	(-5,-4)
3	2026-01-01 16:19:13.000	40532	-576	-486	-8	346.52	2	-8	29	106	41	(-4,-4)
3	2026-01-01 16:19:14.000	40567	-543	-455	-8	7.48	4	-10	29	106	41	(-4,-4)
3	2026-01-01 16:19:15.000	40602	-527	-425	-8	17.21	2	-10	29	106	41	(-4,-3)
3	2026-01-01 16:19:16.000	40637	-533	-459	-8	39.31	0	-9	29	106	41	(-4,-4)
3	2026-01-01 16:19:17.000	40672	-453	-416	-8	23.86	0	-9	29	106	41	(-4,-3)
3	2026-01-01 16:19:18.000	40707	-397	-501	-8	352.48	-2	-9	29	106	41	(-3,-4)
3	2026-01-01 16:19:19.000	40742	-381	-506	56	24.53	-3	-10	29	106	41	(-3,-4)
3	2026-01-01 16:19:20.000	40777	-349	-517	56	343.89	-3	-9	29	106	41	(-3,-4)
3	2026-01-01 16:19:21.000	40812	-346	-443	56	329.55	-2	-7	29	106	36	(-3,-3)
3	2026-01-01 16:19:22.000	40847	-274	-367	56	311.36	-1	-7	29	106	36	(-2,-3)
3	2026-01-01 16:19:23.000	40882	-245	-328	56	324.16	0	-7	29	106	36	(-2,-3)
3	2026-01-01 16:19:24.000	40917	-299	-281	56	331.93	-1	-7	29	106	36	(-2,-2)
3	2026-01-01 16:19:25.000	40952	-321	-340	56	9.79	-3	-6	29	106	34	(-3,-3)
3	2026-01-01 16:19:26.000	40987	-370	-284	56	39.06	-1	-4	29	106	30	(-3,-2)
3	2026-01-01 16:19:27.000	41022	-299	-355	56	75.63	0	-2	29	106	30	(-2,-3)
3	2026-01-01 16:19:28.000	41057	-227	-372	56	36.05	1	0	29	106	30	(-2,-3)
3	2026-01-01 16:19:29.000	41092	-143	-409	56	74.58	1	-2	29	106	30	(-1,-3)
3	2026-01-01 16:19:30.000	41127	-165	-348	56	73.75	2	0	29	106	30	(-1,-3)
3	2026-01-01 16:19:31.000	41162	-81	-314	56	48.3	1	0	29	106	30	(-1,-2)
3	2026-01-01 16:19:32.000	41197	-141	-388	56	48.51	0	0	29	106	30	(-1,-3)
3	2026-01-01 16:19:33.000	41232	-192	-313	56	30.32	0	1	29	106	30	(-2,-2)
3	2026-01-01 16:19:34.000	41267	-160	-276	56	353.26	-2	3	29	106	30	(-1,-2)
3	2026-01-01 16:19:35.000	41302	-127	-334	56	310.74	-3	3	29	106	30	(-1,-3)
3	2026-01-01 16:19:36.000	41337	-45	-328	56	343.66	-1	4	29	106	30	(0,-3)
3	2026-01-01 16:19:37.000	41372	27	-291	56	3.24	-1	4	29	106	30	(0,-2)
3	2026-01-01 16:19:38.000	41407	-6	-225	56	343.53	1	2	29	106	30	(0,-2)
3	2026-01-01 16:19:39.000	41442	25	-233	56	301.18	0	4	29	106	30	(0,-2)
3	2026-01-01 16:19:40.000	41477	14	-248	56	328.9	-1	6	29	106	30	(0,-2)
3	2026-01-01 16:19:41.000	41512	60	-319	56	359.72	-3	6	29	106	30	(0,-2)
3	2026-01-01 16:19:42.000	41547	105	-402	56	359.44	-3	6	29	106	30	(1,-3)
3	2026-01-01 16:19:43.000	41582	78	-402	56	22.53	-5	6	29	106	30	(1,-3)
3	2026-01-01 16:19:44.000	41617	-10	-462	56	27.74	-4	6	24	106	30	(0,-4)
3	2026-01-01 16:19:45.000	41652	7	-408	56	352.72	-6	5	24	106	30	(0,-3)
3	2026-01-01 16:19:46.000	41687	47	-343	56	337.61	-4	6	24	106	50	(0,-3)
3	2026-01-01 16:19:47.000	41722	-30	-312	56	322.83	-5	7	24	106	50	(0,-2)
3	2026-01-01 16:19:48.000	41757	-119	-246	0	283.09	-7	8	24	106	50	(-1,-2)
3	2026-01-01 16:19:49.000	41792	-206	-221	0	263.75	-9	6	24	106	50	(-2,-2)
3	2026-01-01 16:19:50.000	41827	-137	-200	0	301.13	-10	4	24	106	50	(-1,-2)
3	2026-01-01 16:19:51.000	41862	-173	-190	0	296.75	-10	4	24	106	50	(-1,-1)
3	2026-01-01 16:19:52.000	41897	-221	-261	0	293.0	-10	5	24	106	50	(-2,-2)
3	2026-01-01 16:19:53.000	41932	-214	-242	0	251.26	-10	4	24	106	50	(-2,-2)
3	2026-01-01 16:19:54.000	41967	-139	-227	-8	282.77	-8	4	24	106	50	(-1,-2)
3	2026-01-01 16:19:55.000	42002	-186	-230	-8	281.76	-9	5	24	106	50	(-1,-2)
3	2026-01-01 16:19:56.000	42037	-190	-307	-8	239.69	-7	6	24	106	50	(-1,-2)
3	2026-01-01 16:19:57.000	42072	-257	-260	-8	235.92	-7	5	24	106	50	(-2,-2)
3	2026-01-01 16:19:58.000	42107	-344	-304	-8	266.27	-6	6	24	106	50	(-3,-2)
3	2026-01-01 16:19:59.000	42142	-413	-301	-8	222.08	-5	7	24	106	50	(-3,-2)
