1	2026-01-01 12:00:00.000	177	731	-2993	0	1.98	-2	1	87	92	43	(6,-23)
1	2026-01-01 12:00:01.000	212	702	-3092	0	25.27	-1	3	87	92	39	(5,-24)
1	2026-01-01 12:00:02.000	247	669	-3181	0	45.95	-1	5	87	92	39	(5,-25)
1	2026-01-01 12:00:03.000	282	749	-3264	0	5.07	1	4	87	92	39	(6,-26)
1	2026-01-01 12:00:04.000	317	743	-3274	0	338.93	1	3	87	92	39	(6,-26)
1	2026-01-01 12:00:05.000	352	806	-3198	0	344.05	2	3	87	92	39	(6,-25)
1	2026-01-01 12:00:06.000	387	889	-3218	0	318.19	1	5	87	92	39	(7,-25)
1	2026-01-01 12:00:07.000	422	938	-3216	0	305.77	3	6	87	92	39	(7,-25)
1	2026-01-01 12:00:08.000	457	854	-3218	0	295.11	4	8	87	92	39	(7,-25)
1	2026-01-01 12:00:09.000	492	950	-3154	0	280.73	6	8	87	105	39	(7,-25)
1	2026-01-01 12:00:10.000	527	1005	-3204	0	249.48	6	10	100	105	39	(8,-25)
1	2026-01-01 12:00:11.000	562	966	-3290	0	226.16	6	10	100	105	39	(8,-26)
1	2026-01-01 12:00:12.000	597	908	-3323	0	228.65	7	10	100	105	39	(7,-26)
1	2026-01-01 12:00:13.000	632	940	-3308	0	194.54	7	10	100	105	38	(7,-26)
1	2026-01-01 12:00:14.000	667	858	-3277	0	170.96	5	10	100	105	38	(7,-26)
1	2026-01-01 12:00:15.000	702	782	-3353	0	185.27	6	9	100	105	38	(6,-26)
1	2026-01-01 12:00:16.000	737	745	-3404	0	157.39	6	7	100	105	38	(6,-27)
1	2026-01-01 12:00:17.000	772	657	-3338	0	202.33	8	5	100	105	38	(5,-26)
1	2026-01-01 12:00:18.000	807	599	-3341	0	157.52	9	3	100	105	38	(5,-26)
1	2026-01-01 12:00:19.000	842	547	-3366	-8	132.11	10	2	100	105	38	(4,-26)
1	2026-01-01 12:00:20.000	877	494	-3449	-8	140.67	10	0	100	105	38	(4,-27)
1	2026-01-01 12:00:21.000	912	538	-3416	-8	124.14	10	2	100	105	38	(4,-27)
1	2026-01-01 12:00:22.000	947	555	-3357	-8	169.0	8	0	100	105	38	(4,-26)
1	2026-01-01 12:00:23.000	982	495	-3345	-8	199.04	8	0	100	105	38	(4,-26)
1	2026-01-01 12:00:24.000	1017	424	-3418	-8	220.86	7	0	100	105	38	(3,-27)
1	2026-01-01 12:00:25.000	1052	347	-3356	-8	213.98	7	-2	97	105	38	(3,-26)
1	2026-01-01 12:00:26.000	1087	266	-3280	-8	250.33	5	-4	97	105	38	(2,-26)
1	2026-01-01 12:00:27.000	1122	219	-3206	-8	227.79	3	-4	97	105	38	(2,-25)
1	2026-01-01 12:00:28.000	1157	224	-3300	-8	198.93	2	-5	97	105	38	(2,-26)
1	2026-01-01 12:00:29.000	1192	133	-3280	-8	173.95	0	-4	97	105	36	(1,-26)
1	2026-01-01 12:00:30.000	1227	230	-3309	-8	160.55	0	-6	97	105	36	(2,-26)
1	2026-01-01 12:00:31.000	1262	139	-3382	-8	169.24	2	-6	97	105	36	(1,-26)
1	2026-01-01 12:00:32.000	1297	39	-3349	-8	207.55	0	-5	97	105	33	(0,-26)
1	2026-01-01 12:00:33.000	1332	68	-3370	-8	222.57	-2	-5	97	105	33	(1,-26)
1	2026-01-01 12:00:34.000	1367	113	-3393	-8	214.11	-3	-3	97	105	33	(1,-27)
1	2026-01-01 12:00:35.000	1402	134	-3305	24	184.39	-4	-1	97	105	33	(1,-26)
1	2026-01-01 12:00:36.000	1437	155	-3249	56	215.86	-6	-2	97	105	33	(1,-25)
1	2026-01-01 12:00:37.000	1472	254	-3241	56	190.56	-8	-4	97	105	33	(2,-25)
1	2026-01-01 12:00:38.000	1507	297	-3189	56	174.11	-7	-2	97	105	33	(2,-25)
1	2026-01-01 12:00:39.000	1542	312	-3223	56	196.77	-8	-1	97	105	33	(2,-25)
1	2026-01-01 12:00:40.000	1577	297	-3242	0	232.15	-9	-1	97	105	33	(2,-25)
1	2026-01-01 12:00:41.000	1612	249	-3235	0	222.2	-8	-3	97	105	33	(2,-25)
1	2026-01-01 12:00:42.000	1647	256	-3198	0	244.48	-8	-2	97	105	30	(2,-25)
1	2026-01-01 12:00:43.000	1682	275	-3266	0	287.74	-7	-3	97	105	30	(2,-26)
1	2026-01-01 12:00:44.000	1717	241	-3269	0	272.2	-8	-5	97	105	30	(2,-26)
1	2026-01-01 12:00:45.000	1752	332	-3231	0	231.89	-7	-7	97	105	28	(3,-25)
1	2026-01-01 12:00:46.000	1787	271	-3270	0	198.25	-9	-5	97	105	28	(2,-26)
1	2026-01-01 12:00:47.000	1822	250	-3343	0	205.33	-10	-6	97	105	28	(2,-26)
1	2026-01-01 12:00:48.000	1857	328	-3246	0	187.47	-10	-8	97	105	28	(3,-25)
1	2026-01-01 12:00:49.000	1892	393	-3259	0	143.61	-10	-6	97	105	28	(3,-25)
1	2026-01-01 12:00:50.000	1927	459	-3290	0	154.05	-10	-4	97	105	28	(4,-26)
1	2026-01-01 12:00:51.000	1962	474	-3328	0	176.59	-10	-4	97	105	28	(4,-26)
1	2026-01-01 12:00:52.000	1997	445	-3276	0	194.69	-10	-4	93	105	28	(3,-26)
1	2026-01-01 12:00:53.000	2032	349	-3353	0	176.18	-9	-3	93	105	28	(3,-26)
1	2026-01-01 12:00:54.000	2067	339	-3274	0	172.01	-7	-3	93	105	28	(3,-26)
1	2026-01-01 12:00:55.000	2102	428	-3251	0	151.9	-8	-4	93	105	28	(3,-25)
1	2026-01-01 12:00:56.000	2137	509	-3215	-8	118.29	-8	-6	93	105	28	(4,-25)
1	2026-01-01 12:00:57.000	2172	529	-3193	-8	112.93	-6	-6	93	105	28	(4,-25)
1	2026-01-01 12:00:58.000	2207	467	-3149	0	153.35	-8	-7	93	105	28	(4,-25)
1	2026-01-01 12:00:59.000	2242	443	-3099	0	197.46	-7	-6	93	105	28	(3,-24)
1	2026-01-01 12:01:00.000	2277	404	-3155	0	202.14	-9	-7	93	105	28	(3,-25)
1	2026-01-01 12:01:01.000	2312	479	-3196	0	240.29	-8	-9	93	105	28	(4,-25)
1	2026-01-01 12:01:02.000	2347	397	-3281	0	210.22	-8	-10	93	105	28	(3,-26)
1	2026-01-01 12:01:03.000	2382	435	-3255	0	204.62	-8	-8	93	105	28	(3,-25)
1	2026-01-01 12:01:04.000	2417	340	-3160	0	220.12	-6	-6	93	105	28	(3,-25)
1	2026-01-01 12:01:05.000	2452	402	-3135	0	262.34	-4	-5	93	105	28	(3,-24)
1	2026-01-01 12:01:06.000	2487	311	-3119	0	225.27	-3	-3	93	105	23	(2,-24)
1	2026-01-01 12:01:07.000	2522	343	-3127	0	236.3	-5	-4	93	105	23	(3,-24)
1	2026-01-01 12:01:08.000	2557	250	-3066	0	246.1	-4	-6	93	105	23	(2,-24)
1	2026-01-01 12:01:09.000	2592	315	-3127	0	245.95	-3	-8	93	105	23	(2,-24)
1	2026-01-01 12:01:10.000	2627	368	-3097	0	268.12	-2	-9	93	105	23	(3,-24)
1	2026-01-01 12:01:11.000	2662	453	-3121	0	298.49	-4	-9	93	105	23	(4,-24)
1	2026-01-01 12:01:12.000	2697	435	-3173	0	341.76	-3	-8	93	105	23	(3,-25)
1	2026-01-01 12:01:13.000	2732	504	-3107	0	25.04	-2	-7	93	105	23	(4,-24)
1	2026-01-01 12:01:14.000	2767	407	-3023	0	353.01	0	-6	93	105	23	(3,-24)
1	2026-01-01 12:01:15.000	2802	479	-2987	0	342.21	-2	-6	93	105	20	(4,-23)
1	2026-01-01 12:01:16.000	2837	404	-2893	0	354.25	-4	-5	93	105	20	(3,-23)
1	2026-01-01 12:01:17.000	2872	341	-2931	0	357.05	-4	-4	93	105	20	(3,-23)
1	2026-01-01 12:01:18.000	2907	300	-2913	0	9.47	-2	-5	93	105	20	(2,-23)
1	2026-01-01 12:01:19.000	2942	276	-2850	0	51.05	-2	-3	93	105	16	(2,-22)
1	2026-01-01 12:01:20.000	2977	355	-2875	0	8.02	0	-3	93	106	16	(3,-22)
1	2026-01-01 12:01:21.000	3012	345	-2919	0	20.32	-1	-1	93	106	16	(3,-23)
1	2026-01-01 12:01:22.000	3047	357	-3011	0	27.48	-3	-1	93	106	16	(3,-24)
1	2026-01-01 12:01:23.000	3082	385	-3042	0	57.22	-3	1	93	106	16	(3,-24)
1	2026-01-01 12:01:24.000	3117	478	-3085	0	89.64	-5	0	93	106	29	(4,-24)
1	2026-01-01 12:01:25.000	3152	550	-2994	0	105.15	-4	0	93	106	24	(4,-23)
1	2026-01-01 12:01:26.000	3187	615	-3078	0	117.33	-2	-1	93	106	20	(5,-24)
1	2026-01-01 12:01:27.000	3222	549	-3079	0	113.16	-3	1	93	106	20	(4,-24)
1	2026-01-01 12:01:28.000	3257	606	-3075	0	152.67	-5	2	93	106	20	(5,-24)
1	2026-01-01 12:01:29.000	3292	671	-3084	0	113.12	-5	4	93	106	20	(5,-24)
1	2026-01-01 12:01:30.000	3327	656	-3122	0	157.12	-7	2	93	106	20	(5,-24)
1	2026-01-01 12:01:31.000	3362	556	-3152	0	189.37	-8	4	93	106	19	(4,-25)
1	2026-01-01 12:01:32.000	3397	538	-3248	56	160.06	-9	6	93	106	19	(4,-25)
1	2026-01-01 12:01:33.000	3432	595	-3337	56	180.51	-7	5	93	106	19	(5,-26)
1	2026-01-01 12:01:34.000	3467	620	-3255	0	217.38	-6	3	93	106	19	(5,-25)
1	2026-01-01 12:01:35.000	3502	655	-3280	0	213.22	-5	5	93	106	19	(5,-26)
1	2026-01-01 12:01:36.000	3537	670	-3322	0	205.46	-6	6	93	106	19	(5,-26)
1	2026-01-01 12:01:37.000	3572	593	-3401	32	168.85	-5	4	93	106	19	(5,-27)
1	2026-01-01 12:01:38.000	3607	677	-3488	32	211.01	-5	5	93	106	19	(5,-27)
1	2026-01-01 12:01:39.000	3642	606	-3393	32	191.08	-3	5	93	106	19	(5,-27)
1	2026-01-01 12:01:40.000	3677	513	-3447	32	170.67	-1	5	93	106	19	(4,-27)
1	2026-01-01 12:01:41.000	3712	604	-3412	32	145.03	-3	3	93	106	19	(5,-27)
1	2026-01-01 12:01:42.000	3747	544	-3319	32	155.64	-5	2	93	106	19	(4,-26)
1	2026-01-01 12:01:43.000	3782	554	-3391	32	136.13	-7	2	93	106	38	(4,-26)
1	2026-01-01 12:01:44.000	3817	649	-3426	32	117.18	-8	1	93	106	38	(5,-27)
1	2026-01-01 12:01:45.000	3852	650	-3337	0	75.99	-8	-1	93	106	38	(5,-26)
1	2026-01-01 12:01:46.000	3887	593	-3279	0	72.4	-10	-1	93	106	38	(5,-26)
1	2026-01-01 12:01:47.000	3922	549	-3294	0	97.52	-10	-1	93	106	38	(4,-26)
1	2026-01-01 12:01:48.000	3957	475	-3357	0	75.55	-10	-2	93	106	38	(4,-26)
1	2026-01-01 12:01:49.000	3992	489	-3283	0	113.73	-8	0	93	106	38	(4,-26)
1	2026-01-01 12:01:50.000	4027	459	-3232	0	73.78	-7	0	93	106	37	(4,-25)
1	2026-01-01 12:01:51.000	4062	477	-3184	0	78.67	-5	1	93	106	37	(4,-25)
1	2026-01-01 12:01:52.000	4097	492	-3258	0	106.66	-6	-1	93	106	37	(4,-25)
1	2026-01-01 12:01:53.000	4132	548	-3318	0	94.41	-4	1	93	106	37	(4,-26)
1	2026-01-01 12:01:54.000	4167	590	-3245	0	84.2	-4	-1	93	106	35	(5,-25)
1	2026-01-01 12:01:55.000	4202	523	-3193	40	103.0	-4	0	93	106	35	(4,-25)
1	2026-01-01 12:01:56.000	4237	588	-3122	40	96.1	-2	-2	93	106	35	(5,-24)
1	2026-01-01 12:01:57.000	4272	507	-3147	40	127.1	-3	-3	93	106	35	(4,-25)
1	2026-01-01 12:01:58.000	4307	503	-3208	40	96.7	-4	-1	93	106	35	(4,-25)
1	2026-01-01 12:01:59.000	4342	559	-3236	40	119.42	-5	0	93	106	35	(4,-25)
1	2026-01-01 12:02:00.000	4377	577	-3140	40	99.78	-3	1	93	106	35	(5,-25)
1	2026-01-01 12:02:01.000	4412	618	-3214	40	118.8	-2	1	93	106	35	(5,-25)
1	2026-01-01 12:02:02.000	4447	633	-3225	40	157.55	-4	0	93	106	35	(5,-25)
1	2026-01-01 12:02:03.000	4482	570	-3290	40	115.99	-6	0	93	106	35	(4,-26)
1	2026-01-01 12:02:04.000	4517	525	-3352	40	120.39	-8	0	93	106	31	(4,-26)
1	2026-01-01 12:02:05.000	4552	441	-3424	40	150.69	-6	1	93	106	50	(3,-27)
1	2026-01-01 12:02:06.000	4587	447	-3477	32	165.48	-7	3	93	106	50	(3,-27)
1	2026-01-01 12:02:07.000	4622	509	-3478	32	208.78	-6	1	91	106	50	(4,-27)
1	2026-01-01 12:02:08.000	4657	420	-3488	32	212.92	-6	0	91	106	50	(3,-27)
1	2026-01-01 12:02:09.000	4692	329	-3513	32	186.06	-8	1	91	106	50	(3,-27)
1	2026-01-01 12:02:10.000	4727	302	-3522	24	218.65	-10	0	91	106	50	(2,-28)
1	2026-01-01 12:02:11.000	4762	329	-3445	24	218.43	-10	-1	91	106	50	(3,-27)
1	2026-01-01 12:02:12.000	4797	311	-3519	24	180.64	-8	-1	91	106	50	(2,-27)
1	2026-01-01 12:02:13.000	4832	322	-3549	24	193.19	-8	1	91	106	50	(3,-28)
1	2026-01-01 12:02:14.000	4867	377	-3476	0	218.51	-10	0	91	106	48	(3,-27)
1	2026-01-01 12:02:15.000	4902	390	-3381	0	180.43	-10	0	91	106	46	(3,-26)
1	2026-01-01 12:02:16.000	4937	320	-3414	0	205.17	-9	2	91	106	46	(2,-27)
1	2026-01-01 12:02:17.000	4972	264	-3332	24	200.23	-10	3	91	106	46	(2,-26)
1	2026-01-01 12:02:18.000	5007	294	-3375	24	166.16	-10	3	91	106	46	(2,-26)
1	2026-01-01 12:02:19.000	5042	350	-3453	24	127.07	-8	2	91	106	46	(3,-27)
1	2026-01-01 12:02:20.000	5077	365	-3434	24	143.28	-8	0	91	106	46	(3,-27)
1	2026-01-01 12:02:21.000	5112	397	-3495	24	125.65	-10	-2	91	106	46	(3,-27)
1	2026-01-01 12:02:22.000	5147	367	-3563	24	136.91	-10	0	91	106	46	(3,-28)
1	2026-01-01 12:02:23.000	5182	411	-3653	-8	166.18	-8	0	91	106	46	(3,-29)
1	2026-01-01 12:02:24.000	5217	471	-3614	-8	147.25	-10	1	91	106	45	(4,-28)
1	2026-01-01 12:02:25.000	5252	489	-3662	-8	132.86	-9	2	91	106	45	(4,-29)
1	2026-01-01 12:02:26.000	5287	416	-3681	-8	109.62	-7	4	91	106	45	(3,-29)
1	2026-01-01 12:02:27.000	5322	463	-3597	-8	92.77	-8	4	91	106	41	(4,-28)
1	2026-01-01 12:02:28.000	5357	512	-3607	-8	52.14	-9	3	91	106	40	(4,-28)
1	2026-01-01 12:02:29.000	5392	607	-3604	-8	40.08	-9	3	91	106	40	(5,-28)
1	2026-01-01 12:02:30.000	5427	681	-3548	-8	5.77	-9	5	91	106	40	(5,-28)
1	2026-01-01 12:02:31.000	5462	709	-3638	-8	324.85	-7	6	91	106	40	(6,-28)
1	2026-01-01 12:02:32.000	5497	650	-3638	-8	9.0	-5	6	91	106	40	(5,-28)
1	2026-01-01 12:02:33.000	5532	634	-3566	-8	333.87	-7	6	91	106	40	(5,-28)
1	2026-01-01 12:02:34.000	5567	592	-3482	-8	293.49	-5	8	91	106	40	(5,-27)
1	2026-01-01 12:02:35.000	5602	540	-3578	-8	288.18	-3	6	91	106	40	(4,-28)
1	2026-01-01 12:02:36.000	5637	572	-3625	-8	293.66	-5	5	91	106	40	(4,-28)
1	2026-01-01 12:02:37.000	5672	595	-3676	-8	334.82	-5	7	91	106	40	(5,-29)
1	2026-01-01 12:02:38.000	5707	617	-3687	-8	340.27	-4	7	91	106	40	(5,-29)
1	2026-01-01 12:02:39.000	5742	591	-3777	-8	321.16	-4	6	91	106	40	(5,-30)
1	2026-01-01 12:02:40.000	5777	526	-3850	-8	331.57	-2	6	91	106	36	(4,-30)
1	2026-01-01 12:02:41.000	5812	600	-3753	-8	298.94	-1	4	91	106	36	(5,-29)
1	2026-01-01 12:02:42.000	5847	573	-3688	-8	259.26	-1	4	91	106	34	(4,-29)
1	2026-01-01 12:02:43.000	5882	574	-3662	-8	231.03	-2	2	91	106	34	(4,-29)
1	2026-01-01 12:02:44.000	5917	590	-3598	-8	234.93	-2	2	91	106	32	(5,-28)
1	2026-01-01 12:02:45.000	5952	493	-3510	-8	220.27	-2	1	91	106	32	(4,-27)
1	2026-01-01 12:02:46.000	5987	495	-3439	-8	183.85	-2	-1	84	106	32	(4,-27)
1	2026-01-01 12:02:47.000	6022	580	-3393	-8	139.88	-2	1	84	106	32	(5,-27)
1	2026-01-01 12:02:48.000	6057	643	-3418	-8	127.96	-2	-1	84	106	32	(5,-27)
1	2026-01-01 12:02:49.000	6092	713	-3463	-8	151.53	-1	1	84	106	32	(6,-27)
1	2026-01-01 12:02:50.000	6127	753	-3434	-8	124.72	-3	-1	84	106	32	(6,-27)
1	2026-01-01 12:02:51.000	6162	667	-3418	-8	91.6	-1	0	84	106	29	(5,-27)
1	2026-01-01 12:02:52.000	6197	585	-3507	-8	84.73	-2	2	84	106	29	(5,-27)
1	2026-01-01 12:02:53.000	6232	681	-3443	-8	127.78	-3	1	84	106	29	(5,-27)
1	2026-01-01 12:02:54.000	6267	748	-3454	-8	93.46	-1	0	84	106	29	(6,-27)
1	2026-01-01 12:02:55.000	6302	756	-3418	-8	82.59	0	2	84	106	29	(6,-27)
1	2026-01-01 12:02:56.000	6337	852	-3514	-8	59.25	1	4	84	106	25	(7,-27)
1	2026-01-01 12:02:57.000	6372	787	-3486	-8	103.67	0	2	84	106	25	(6,-27)
1	2026-01-01 12:02:58.000	6407	743	-3481	0	85.71	-1	4	84	106	25	(6,-27)
1	2026-01-01 12:02:59.000	6442	821	-3475	0	77.45	1	4	84	106	25	(6,-27)
1	2026-01-01 12:03:00.000	6477	864	-3470	0	119.55	2	2	84	106	25	(7,-27)
1	2026-01-01 12:03:01.000	6512	949	-3522	0	79.19	0	4	84	106	25	(7,-28)
1	2026-01-01 12:03:02.000	6547	902	-3537	0	61.48	-1	5	84	106	25	(7,-28)
1	2026-01-01 12:03:03.000	6582	903	-3576	0	66.17	1	4	84	106	25	(7,-28)
1	2026-01-01 12:03:04.000	6617	997	-3595	0	103.46	-1	5	84	106	25	(8,-28)
1	2026-01-01 12:03:05.000	6652	972	-3656	0	76.11	1	6	84	106	25	(8,-29)
1	2026-01-01 12:03:06.000	6687	989	-3713	0	97.06	2	7	84	106	25	(8,-29)
1	2026-01-01 12:03:07.000	6722	908	-3642	0	56.43	4	5	100	106	25	(7,-28)
1	2026-01-01 12:03:08.000	6757	976	-3618	0	12.85	6	6	100	106	25	(8,-28)
1	2026-01-01 12:03:09.000	6792	903	-3694	0	15.04	7	5	100	106	21	(7,-29)
1	2026-01-01 12:03:10.000	6827	879	-3619	-8	44.57	6	4	100	106	19	(7,-28)
1	2026-01-01 12:03:11.000	6862	923	-3695	-8	80.1	7	4	100	106	19	(7,-29)
1	2026-01-01 12:03:12.000	6897	967	-3627	-8	38.06	7	6	100	106	19	(8,-28)
1	2026-01-01 12:03:13.000	6932	908	-3583	-8	14.7	5	6	100	106	19	(7,-28)
1	2026-01-01 12:03:14.000	6967	998	-3595	-8	334.53	3	8	100	106	19	(8,-28)
1	2026-01-01 12:03:15.000	7002	1098	-3580	-8	333.69	1	8	100	106	14	(9,-28)
1	2026-01-01 12:03:16.000	7037	1019	-3612	-8	302.57	0	6	100	106	11	(8,-28)
1	2026-01-01 12:03:17.000	7072	952	-3690	-8	274.43	0	4	100	106	6	(7,-29)
1	2026-01-01 12:03:18.000	7107	926	-3685	0	264.33	1	2	100	106	6	(7,-29)
1	2026-01-01 12:03:19.000	7142	937	-3715	0	257.23	-1	1	100	106	6	(7,-29)
1	2026-01-01 12:03:20.000	7177	914	-3814	0	297.63	-3	0	100	106	6	(7,-30)
1	2026-01-01 12:03:21.000	7212	890	-3832	0	306.92	-1	-1	100	106	6	(7,-30)
1	2026-01-01 12:03:22.000	7247	873	-3836	0	287.14	1	-2	100	106	6	(7,-30)
1	2026-01-01 12:03:23.000	7282	954	-3883	0	281.61	-1	-1	100	106	6	(7,-30)
1	2026-01-01 12:03:24.000	7317	1022	-3944	0	300.98	-2	-1	100	106	6	(8,-31)
1	2026-01-01 12:03:25.000	7352	931	-3952	0	319.12	-1	1	100	106	6	(7,-31)
1	2026-01-01 12:03:26.000	7387	975	-3887	0	335.1	1	-1	100	106	6	(8,-30)
1	2026-01-01 12:03:27.000	7422	1023	-3811	0	341.87	3	1	100	106	19	(8,-30)
1	2026-01-01 12:03:28.000	7457	944	-3882	0	11.69	3	2	100	106	19	(7,-30)
1	2026-01-01 12:03:29.000	7492	861	-3906	0	330.71	4	2	100	106	19	(7,-31)
1	2026-01-01 12:03:30.000	7527	902	-3966	0	315.5	6	1	100	106	19	(7,-31)
1	2026-01-01 12:03:31.000	7562	917	-3915	0	309.16	8	0	100	106	14	(7,-31)
1	2026-01-01 12:03:32.000	7597	934	-3986	0	287.77	8	-1	100	106	14	(7,-31)
1	2026-01-01 12:03:33.000	7632	878	-3914	0	306.31	9	1	100	106	14	(7,-31)
1	2026-01-01 12:03:34.000	7667	877	-3907	0	314.99	8	3	100	106	14	(7,-31)
1	2026-01-01 12:03:35.000	7702	850	-3972	0	286.82	7	4	100	106	14	(7,-31)
1	2026-01-01 12:03:36.000	7737	917	-3946	0	278.65	9	6	100	106	14	(7,-31)
1	2026-01-01 12:03:37.000	7772	874	-3909	0	259.63	7	6	100	106	14	(7,-31)
1	2026-01-01 12:03:38.000	7807	912	-3816	0	218.37	9	6	100	106	14	(7,-30)
1	2026-01-01 12:03:39.000	7842	879	-3827	0	250.97	7	7	100	106	14	(7,-30)
1	2026-01-01 12:03:40.000	7877	936	-3892	0	276.61	8	6	100	106	14	(7,-30)
1	2026-01-01 12:03:41.000	7912	982	-3924	0	317.32	8	6	100	106	14	(8,-31)
1	2026-01-01 12:03:42.000	7947	1061	-3991	0	294.79	8	5	100	106	14	(8,-31)
1	2026-01-01 12:03:43.000	7982	1076	-4072	0	306.82	9	6	100	106	14	(8,-32)
1	2026-01-01 12:03:44.000	8017	976	-3974	64	338.06	9	8	100	106	14	(8,-31)
1	2026-01-01 12:03:45.000	8052	944	-3992	64	7.62	8	9	100	106	14	(7,-31)
1	2026-01-01 12:03:46.000	8087	848	-4061	64	46.26	6	10	100	106	14	(7,-32)
1	2026-01-01 12:03:47.000	8122	818	-4138	64	60.18	6	9	100	106	14	(6,-32)
1	2026-01-01 12:03:48.000	8157	885	-4215	128	78.51	5	10	100	106	11	(7,-33)
1	2026-01-01 12:03:49.000	8192	907	-4297	0	54.11	6	9	100	106	11	(7,-34)
1	2026-01-01 12:03:50.000	8227	942	-4253	0	9.88	5	7	100	106	11	(7,-33)
1	2026-01-01 12:03:51.000	8262	867	-4318	0	32.6	4	5	100	106	11	(7,-34)
1	2026-01-01 12:03:52.000	8297	920	-4234	0	42.28	6	7	100	106	11	(7,-33)
1	2026-01-01 12:03:53.000	8332	985	-4321	0	67.82	7	7	100	106	10	(8,-34)
1	2026-01-01 12:03:54.000	8367	984	-4276	0	60.7	7	6	100	106	26	(8,-33)
1	2026-01-01 12:03:55.000	8402	985	-4247	0	41.48	5	4	100	106	26	(8,-33)
1	2026-01-01 12:03:56.000	8437	905	-4217	0	79.37	3	4	100	106	26	(7,-33)
1	2026-01-01 12:03:57.000	8472	991	-4256	56	39.58	3	5	100	106	26	(8,-33)
1	2026-01-01 12:03:58.000	8507	1070	-4354	56	9.32	1	4	100	106	26	(8,-34)
1	2026-01-01 12:03:59.000	8542	1167	-4447	56	354.48	1	2	100	106	26	(9,-35)
1	2026-01-01 12:04:00.000	8577	1212	-4505	56	342.57	-1	3	100	106	26	(9,-35)
1	2026-01-01 12:04:01.000	8612	1123	-4485	56	330.33	-3	2	100	106	26	(9,-35)
1	2026-01-01 12:04:02.000	8647	1086	-4479	56	7.75	-4	2	100	106	24	(8,-35)
1	2026-01-01 12:04:03.000	8682	1003	-4460	56	40.7	-6	3	100	106	24	(8,-35)
1	2026-01-01 12:04:04.000	8717	1021	-4466	56	48.95	-4	2	100	106	47	(8,-35)
1	2026-01-01 12:04:05.000	8752	1059	-4478	56	61.18	-6	1	94	106	42	(8,-35)
1	2026-01-01 12:04:06.000	8787	974	-4542	0	80.23	-5	2	94	106	42	(8,-35)
1	2026-01-01 12:04:07.000	8822	908	-4479	-8	109.03	-7	4	94	106	42	(7,-35)
1	2026-01-01 12:04:08.000	8857	923	-4510	-8	85.05	-7	4	94	106	42	(7,-35)
1	2026-01-01 12:04:09.000	8892	914	-4413	-8	58.74	-9	6	94	106	42	(7,-34)
1	2026-01-01 12:04:10.000	8927	897	-4476	-8	21.95	-10	5	94	106	42	(7,-35)
1	2026-01-01 12:04:11.000	8962	939	-4385	0	26.46	-9	6	90	106	42	(7,-34)
1	2026-01-01 12:04:12.000	8997	989	-4419	0	64.03	-10	8	90	106	42	(8,-35)
1	2026-01-01 12:04:13.000	9032	1007	-4507	0	34.15	-10	6	90	106	42	(8,-35)
1	2026-01-01 12:04:14.000	9067	978	-4493	0	68.66	-10	6	90	106	38	(8,-35)
1	2026-01-01 12:04:15.000	9102	941	-4432	0	113.12	-10	8	83	106	38	(7,-35)
1	2026-01-01 12:04:16.000	9137	940	-4463	0	84.31	-8	8	83	106	38	(7,-35)
1	2026-01-01 12:04:17.000	9172	880	-4538	0	61.61	-6	7	83	106	38	(7,-35)
1	2026-01-01 12:04:18.000	9207	824	-4593	0	37.9	-5	7	83	106	38	(6,-36)
1	2026-01-01 12:04:19.000	9242	772	-4567	0	41.69	-6	9	83	106	38	(6,-36)
1	2026-01-01 12:04:20.000	9277	705	-4580	0	61.22	-4	8	83	106	38	(6,-36)
1	2026-01-01 12:04:21.000	9312	623	-4585	0	79.63	-2	8	83	106	38	(5,-36)
1	2026-01-01 12:04:22.000	9347	567	-4504	0	121.81	-1	8	83	106	38	(4,-35)
1	2026-01-01 12:04:23.000	9382	512	-4418	0	76.98	-1	7	83	106	38	(4,-35)
1	2026-01-01 12:04:24.000	9417	575	-4374	0	41.35	1	6	83	106	38	(4,-34)
1	2026-01-01 12:04:25.000	9452	477	-4407	0	15.22	1	7	83	106	38	(4,-34)
1	2026-01-01 12:04:26.000	9487	503	-4411	0	1.83	0	8	83	106	38	(4,-34)
1	2026-01-01 12:04:27.000	9522	408	-4430	0	340.33	-2	8	83	106	38	(3,-35)
1	2026-01-01 12:04:28.000	9557	465	-4407	0	358.74	-2	10	83	106	38	(4,-34)
1	2026-01-01 12:04:29.000	9592	549	-4321	0	2.35	-1	10	83	106	38	(4,-34)
1	2026-01-01 12:04:30.000	9627	471	-4346	0	31.5	-3	10	83	106	38	(4,-34)
1	2026-01-01 12:04:31.000	9662	571	-4345	0	28.88	-5	10	83	106	38	(4,-34)
1	2026-01-01 12:04:32.000	9697	583	-4326	0	7.59	-7	10	83	106	38	(5,-34)
1	2026-01-01 12:04:33.000	9732	541	-4285	0	328.08	-6	10	83	106	38	(4,-33)
1	2026-01-01 12:04:34.000	9767	542	-4203	0	286.2	-6	8	83	106	38	(4,-33)
1	2026-01-01 12:04:35.000	9802	491	-4271	56	245.04	-7	7	83	106	38	(4,-33)
1	2026-01-01 12:04:36.000	9837	490	-4229	56	235.81	-9	5	83	106	38	(4,-33)
1	2026-01-01 12:04:37.000	9872	496	-4291	56	204.14	-8	3	83	106	35	(4,-34)
1	2026-01-01 12:04:38.000	9907	463	-4293	56	218.07	-8	4	83	106	35	(4,-34)
1	2026-01-01 12:04:39.000	9942	539	-4333	56	177.51	-7	4	83	106	35	(4,-34)
1	2026-01-01 12:04:40.000	9977	473	-4357	56	220.19	-9	3	83	106	35	(4,-34)
1	2026-01-01 12:04:41.000	10012	567	-4325	56	253.24	-8	4	83	106	35	(4,-34)
1	2026-01-01 12:04:42.000	10047	511	-4376	56	287.0	-6	2	83	106	35	(4,-34)
1	2026-01-01 12:04:43.000	10082	512	-4314	56	325.08	-5	4	83	106	35	(4,-34)
1	2026-01-01 12:04:44.000	10117	478	-4223	-16	354.86	-5	3	83	106	35	(4,-33)
1	2026-01-01 12:04:45.000	10152	544	-4219	-16	356.05	-6	3	83	106	35	(4,-33)
1	2026-01-01 12:04:46.000	10187	599	-4241	-16	15.2	-7	3	83	106	35	(5,-33)
1	2026-01-01 12:04:47.000	10222	600	-4192	-16	339.41	-5	5	83	106	35	(5,-33)
1	2026-01-01 12:04:48.000	10257	516	-4206	-16	23.36	-7	6	83	106	35	(4,-33)
1	2026-01-01 12:04:49.000	10292	569	-4203	-16	37.81	-8	4	83	106	35	(4,-33)
1	2026-01-01 12:04:50.000	10327	650	-4157	-16	66.25	-10	6	83	106	35	(5,-32)
1	2026-01-01 12:04:51.000	10362	718	-4115	0	37.55	-10	5	83	106	35	(6,-32)
1	2026-01-01 12:04:52.000	10397	708	-4158	0	59.53	-10	4	83	106	35	(6,-32)
1	2026-01-01 12:04:53.000	10432	766	-4240	0	57.03	-8	6	83	106	35	(6,-33)
1	2026-01-01 12:04:54.000	10467	770	-4195	0	92.39	-9	6	83	106	35	(6,-33)
1	2026-01-01 12:04:55.000	10502	671	-4180	0	72.0	-9	4	83	106	30	(5,-33)
1	2026-01-01 12:04:56.000	10537	680	-4158	0	61.5	-8	5	83	106	40	(5,-32)
1	2026-01-01 12:04:57.000	10572	757	-4170	0	44.59	-9	4	83	106	40	(6,-33)
1	2026-01-01 12:04:58.000	10607	791	-4184	0	38.62	-7	6	83	106	40	(6,-33)
1	2026-01-01 12:04:59.000	10642	749	-4227	0	59.07	-6	4	83	106	40	(6,-33)
1	2026-01-01 12:05:00.000	10677	808	-4315	0	67.52	-6	6	83	106	40	(6,-34)
1	2026-01-01 12:05:01.000	10712	760	-4238	56	84.24	-5	5	83	106	40	(6,-33)
1	2026-01-01 12:05:02.000	10747	844	-4180	56	49.83	-7	7	83	106	40	(7,-33)
1	2026-01-01 12:05:03.000	10782	785	-4270	56	54.16	-6	7	83	106	39	(6,-33)
1	2026-01-01 12:05:04.000	10817	708	-4171	56	55.22	-5	6	83	106	39	(6,-33)
1	2026-01-01 12:05:05.000	10852	618	-4197	56	42.64	-7	5	83	106	37	(5,-33)
1	2026-01-01 12:05:06.000	10887	609	-4185	56	83.6	-8	5	83	106	37	(5,-33)
1	2026-01-01 12:05:07.000	10922	616	-4119	56	118.35	-7	6	83	106	32	(5,-32)
1	2026-01-01 12:05:08.000	10957	562	-4063	56	107.52	-5	7	83	106	32	(4,-32)
1	2026-01-01 12:05:09.000	10992	574	-4152	56	68.22	-7	8	79	106	32	(4,-32)
1	2026-01-01 12:05:10.000	11027	643	-4066	56	45.6	-9	9	79	106	32	(5,-32)
1	2026-01-01 12:05:11.000	11062	663	-4040	128	78.84	-10	10	79	106	32	(5,-32)
1	2026-01-01 12:05:12.000	11097	680	-4027	128	105.96	-10	8	79	106	32	(5,-31)
1	2026-01-01 12:05:13.000	11132	722	-3987	16	60.97	-9	6	79	106	32	(6,-31)
1	2026-01-01 12:05:14.000	11167	706	-3944	16	85.04	-10	7	79	106	50	(6,-31)
1	2026-01-01 12:05:15.000	11202	739	-3949	0	103.23	-10	9	79	106	50	(6,-31)
1	2026-01-01 12:05:16.000	11237	694	-3932	0	132.44	-10	10	79	106	50	(5,-31)
1	2026-01-01 12:05:17.000	11272	762	-3882	0	173.5	-9	10	79	106	50	(6,-30)
1	2026-01-01 12:05:18.000	11307	839	-3834	0	144.12	-7	9	79	106	50	(7,-30)
1	2026-01-01 12:05:19.000	11342	809	-3833	0	185.85	-5	8	79	106	50	(6,-30)
1	2026-01-01 12:05:20.000	11377	891	-3745	0	225.04	-3	8	79	106	50	(7,-29)
1	2026-01-01 12:05:21.000	11412	929	-3668	0	237.36	-4	10	79	106	50	(7,-29)
1	2026-01-01 12:05:22.000	11447	937	-3765	0	239.41	-2	10	79	106	50	(7,-29)
1	2026-01-01 12:05:23.000	11482	1013	-3665	0	220.97	-3	8	79	106	50	(8,-29)
1	2026-01-01 12:05:24.000	11517	973	-3635	0	246.56	-1	9	79	106	50	(8,-28)
1	2026-01-01 12:05:25.000	11552	886	-3732	0	268.49	-1	10	79	106	50	(7,-29)
1	2026-01-01 12:05:26.000	11587	925	-3643	0	277.79	-1	10	79	106	50	(7,-28)
1	2026-01-01 12:05:27.000	11622	921	-3733	0	271.36	1	8	79	106	50	(7,-29)
1	2026-01-01 12:05:28.000	11657	973	-3820	0	295.99	0	8	79	106	47	(8,-30)
1	2026-01-01 12:05:29.000	11692	890	-3791	0	265.33	-1	10	79	106	47	(7,-30)
1	2026-01-01 12:05:30.000	11727	911	-3748	0	294.46	1	10	73	106	47	(7,-29)
1	2026-01-01 12:05:31.000	11762	840	-3750	0	272.56	1	10	73	106	47	(7,-29)
1	2026-01-01 12:05:32.000	11797	822	-3719	-16	234.97	1	9	73	106	47	(6,-29)
1	2026-01-01 12:05:33.000	11832	901	-3630	-16	259.74	0	10	73	106	47	(7,-28)
1	2026-01-01 12:05:34.000	11867	865	-3588	-16	221.08	-2	9	73	106	47	(7,-28)
1	2026-01-01 12:05:35.000	11902	766	-3524	-8	240.9	-4	10	73	106	47	(6,-28)
1	2026-01-01 12:05:36.000	11937	861	-3512	-8	230.23	-6	10	73	106	47	(7,-27)
1	2026-01-01 12:05:37.000	11972	837	-3439	-8	265.06	-6	9	73	106	47	(7,-27)
1	2026-01-01 12:05:38.000	12007	883	-3387	-8	255.53	-8	7	73	106	47	(7,-26)
1	2026-01-01 12:05:39.000	12042	824	-3440	-8	230.4	-6	6	73	106	47	(6,-27)
1	2026-01-01 12:05:40.000	12077	889	-3400	-8	191.98	-4	7	73	106	47	(7,-27)
1	2026-01-01 12:05:41.000	12112	861	-3342	-8	153.26	-5	5	73	106	47	(7,-26)
1	2026-01-01 12:05:42.000	12147	804	-3441	-8	136.45	-5	6	73	106	47	(6,-27)
1	2026-01-01 12:05:43.000	12182	818	-3450	-8	161.18	-4	7	73	106	47	(6,-27)
1	2026-01-01 12:05:44.000	12217	905	-3390	-16	123.06	-5	7	73	106	47	(7,-26)
1	2026-01-01 12:05:45.000	12252	871	-3351	-16	158.52	-7	9	73	106	47	(7,-26)
1	2026-01-01 12:05:46.000	12287	899	-3321	-16	121.67	-8	10	69	106	47	(7,-26)
1	2026-01-01 12:05:47.000	12322	844	-3277	-16	162.05	-7	9	69	106	47	(7,-26)
1	2026-01-01 12:05:48.000	12357	838	-3318	-16	120.91	-9	9	69	106	44	(7,-26)
1	2026-01-01 12:05:49.000	12392	927	-3351	-16	127.98	-7	9	69	106	41	(7,-26)
1	2026-01-01 12:05:50.000	12427	930	-3361	-16	156.54	-8	10	66	106	41	(7,-26)
1	2026-01-01 12:05:51.000	12462	868	-3414	-16	125.7	-8	9	66	106	37	(7,-27)
1	2026-01-01 12:05:52.000	12497	933	-3409	0	82.72	-6	8	66	106	37	(7,-27)
1	2026-01-01 12:05:53.000	12532	986	-3365	0	95.1	-4	9	66	106	37	(8,-26)
1	2026-01-01 12:05:54.000	12567	942	-3360	0	104.18	-3	8	66	106	37	(7,-26)
1	2026-01-01 12:05:55.000	12602	993	-3443	0	79.86	-2	10	66	106	37	(8,-27)
1	2026-01-01 12:05:56.000	12637	1014	-3386	0	88.85	-4	9	66	106	37	(8,-26)
1	2026-01-01 12:05:57.000	12672	1047	-3379	56	77.18	-6	10	66	106	37	(8,-26)
1	2026-01-01 12:05:58.000	12707	1055	-3445	56	55.09	-4	8	66	106	47	(8,-27)
1	2026-01-01 12:05:59.000	12742	985	-3412	56	10.73	-2	10	66	106	47	(8,-27)
1	2026-01-01 12:06:00.000	12777	1029	-3419	56	20.8	0	10	66	106	47	(8,-27)
1	2026-01-01 12:06:01.000	12812	1007	-3372	56	6.8	1	10	66	106	47	(8,-26)
1	2026-01-01 12:06:02.000	12847	961	-3342	56	357.85	0	8	66	106	50	(8,-26)
1	2026-01-01 12:06:03.000	12882	1014	-3331	56	320.78	-1	9	66	106	50	(8,-26)
1	2026-01-01 12:06:04.000	12917	928	-3233	56	349.6	-1	10	66	106	50	(7,-25)
1	2026-01-01 12:06:05.000	12952	960	-3155	56	325.45	1	10	63	106	50	(8,-25)
1	2026-01-01 12:06:06.000	12987	1010	-3204	56	327.05	2	10	63	106	50	(8,-25)
1	2026-01-01 12:06:07.000	13022	1065	-3255	56	322.97	2	9	60	106	50	(8,-25)
1	2026-01-01 12:06:08.000	13057	1102	-3208	56	300.49	4	9	60	106	50	(9,-25)
1	2026-01-01 12:06:09.000	13092	1125	-3279	56	278.69	6	7	60	106	50	(9,-26)
1	2026-01-01 12:06:10.000	13127	1204	-3312	24	256.03	8	5	60	106	50	(9,-26)
1	2026-01-01 12:06:11.000	13162	1292	-3361	24	232.17	7	6	60	106	50	(10,-26)
1	2026-01-01 12:06:12.000	13197	1365	-3292	-8	231.51	5	4	60	106	50	(11,-26)
1	2026-01-01 12:06:13.000	13232	1311	-3197	-8	268.95	5	5	60	106	50	(10,-25)
1	2026-01-01 12:06:14.000	13267	1311	-3122	-8	293.78	7	5	71	106	50	(10,-24)
1	2026-01-01 12:06:15.000	13302	1277	-3175	-8	298.15	7	7	71	106	50	(10,-25)
1	2026-01-01 12:06:16.000	13337	1279	-3204	-8	293.72	7	7	71	106	50	(10,-25)
1	2026-01-01 12:06:17.000	13372	1216	-3115	-8	262.18	8	6	71	106	50	(10,-24)
1	2026-01-01 12:06:18.000	13407	1180	-3072	0	294.44	9	6	71	106	50	(9,-24)
1	2026-01-01 12:06:19.000	13442	1172	-3080	0	299.88	9	6	71	106	50	(9,-24)
1	2026-01-01 12:06:20.000	13477	1116	-2981	0	280.49	10	8	71	106	50	(9,-23)
1	2026-01-01 12:06:21.000	13512	1179	-2995	0	273.45	9	7	71	106	50	(9,-23)
1	2026-01-01 12:06:22.000	13547	1244	-2994	0	252.87	9	9	71	106	50	(10,-23)
1	2026-01-01 12:06:23.000	13582	1330	-3034	0	267.45	7	8	71	106	46	(10,-24)
1	2026-01-01 12:06:24.000	13617	1364	-2939	0	312.09	5	9	71	106	46	(11,-23)
1	2026-01-01 12:06:25.000	13652	1297	-2905	32	342.56	6	8	71	106	46	(10,-23)
1	2026-01-01 12:06:26.000	13687	1375	-2867	32	313.49	7	7	71	106	46	(11,-22)
1	2026-01-01 12:06:27.000	13722	1413	-2909	32	340.91	7	8	80	106	46	(11,-23)
1	2026-01-01 12:06:28.000	13757	1506	-2887	32	322.88	5	9	80	106	46	(12,-23)
1	2026-01-01 12:06:29.000	13792	1469	-2946	32	342.22	6	10	80	106	46	(11,-23)
1	2026-01-01 12:06:30.000	13827	1441	-2880	32	4.09	8	10	80	106	46	(11,-22)
1	2026-01-01 12:06:31.000	13862	1466	-2932	32	347.94	8	10	80	106	46	(11,-23)
1	2026-01-01 12:06:32.000	13897	1389	-2994	32	304.27	6	9	80	106	46	(11,-23)
1	2026-01-01 12:06:33.000	13932	1303	-3026	128	329.08	4	8	80	106	44	(10,-24)
1	2026-01-01 12:06:34.000	13967	1391	-3118	128	302.0	5	7	80	106	44	(11,-24)
1	2026-01-01 12:06:35.000	14002	1481	-3078	128	303.89	4	5	80	106	44	(12,-24)
1	2026-01-01 12:06:36.000	14037	1384	-3136	128	330.38	5	5	80	106	44	(11,-24)
1	2026-01-01 12:06:37.000	14072	1481	-3214	128	307.77	4	5	80	106	41	(12,-25)
1	2026-01-01 12:06:38.000	14107	1413	-3190	128	283.71	6	3	80	106	41	(11,-25)
1	2026-01-01 12:06:39.000	14142	1377	-3280	128	282.39	6	2	80	106	41	(11,-26)
1	2026-01-01 12:06:40.000	14177	1418	-3339	128	243.58	6	4	97	106	41	(11,-26)
1	2026-01-01 12:06:41.000	14212	1516	-3281	128	220.08	8	4	97	106	41	(12,-26)
1	2026-01-01 12:06:42.000	14247	1498	-3277	128	232.76	10	4	97	106	41	(12,-26)
1	2026-01-01 12:06:43.000	14282	1423	-3369	128	239.15	10	3	97	106	41	(11,-26)
1	2026-01-01 12:06:44.000	14317	1376	-3302	128	238.37	8	1	97	106	41	(11,-26)
1	2026-01-01 12:06:45.000	14352	1433	-3334	128	240.99	8	-1	97	106	39	(11,-26)
1	2026-01-01 12:06:46.000	14387	1467	-3266	128	218.37	7	-2	97	106	39	(11,-26)
1	2026-01-01 12:06:47.000	14422	1393	-3324	128	244.7	8	-1	97	106	39	(11,-26)
1	2026-01-01 12:06:48.000	14457	1388	-3319	128	268.47	10	-1	97	106	39	(11,-26)
1	2026-01-01 12:06:49.000	14492	1403	-3305	-8	309.86	10	-1	97	106	39	(11,-26)
1	2026-01-01 12:06:50.000	14527	1383	-3400	-8	334.29	9	-2	97	106	39	(11,-27)
1	2026-01-01 12:06:51.000	14562	1322	-3465	-8	313.14	10	-2	97	106	39	(10,-27)
1	2026-01-01 12:06:52.000	14597	1345	-3521	-8	312.09	8	-2	97	106	34	(11,-28)
1	2026-01-01 12:06:53.000	14632	1334	-3510	-8	304.58	6	-2	97	106	30	(10,-27)
1	2026-01-01 12:06:54.000	14667	1315	-3472	-8	310.42	8	-4	97	106	30	(10,-27)
1	2026-01-01 12:06:55.000	14702	1238	-3516	-8	304.29	10	-2	97	106	30	(10,-27)
1	2026-01-01 12:06:56.000	14737	1249	-3418	-8	322.1	10	0	97	106	30	(10,-27)
1	2026-01-01 12:06:57.000	14772	1211	-3500	-8	301.06	10	-1	97	106	30	(9,-27)
1	2026-01-01 12:06:58.000	14807	1278	-3594	-8	325.33	10	1	97	106	30	(10,-28)
1	2026-01-01 12:06:59.000	14842	1353	-3599	-8	294.37	9	0	97	106	30	(11,-28)
1	2026-01-01 12:07:00.000	14877	1340	-3522	-8	321.76	9	-2	97	106	30	(10,-28)
1	2026-01-01 12:07:01.000	14912	1399	-3436	-8	6.07	10	-1	97	106	30	(11,-27)
1	2026-01-01 12:07:02.000	14947	1368	-3523	-8	2.91	9	1	97	106	30	(11,-28)
1	2026-01-01 12:07:03.000	14982	1327	-3526	-8	3.68	9	2	97	106	30	(10,-28)
1	2026-01-01 12:07:04.000	15017	1237	-3563	-8	41.69	10	0	91	106	30	(10,-28)
1	2026-01-01 12:07:05.000	15052	1152	-3503	-8	19.88	10	0	91	106	30	(9,-27)
1	2026-01-01 12:07:06.000	15087	1074	-3417	-8	9.28	10	-1	91	106	30	(8,-27)
1	2026-01-01 12:07:07.000	15122	1088	-3379	-8	336.13	10	-1	91	106	30	(8,-26)
1	2026-01-01 12:07:08.000	15157	1185	-3442	-8	350.2	9	0	91	106	30	(9,-27)
1	2026-01-01 12:07:09.000	15192	1280	-3461	-8	24.41	8	-2	91	106	30	(10,-27)
1	2026-01-01 12:07:10.000	15227	1213	-3514	-8	341.77	7	-4	91	106	42	(9,-27)
1	2026-01-01 12:07:11.000	15262	1241	-3460	-8	338.95	8	-5	91	106	42	(10,-27)
1	2026-01-01 12:07:12.000	15297	1246	-3504	-8	0.77	6	-5	91	106	42	(10,-27)
1	2026-01-01 12:07:13.000	15332	1209	-3495	40	352.2	6	-4	91	106	42	(9,-27)
1	2026-01-01 12:07:14.000	15367	1136	-3480	40	348.33	4	-2	91	106	38	(9,-27)
1	2026-01-01 12:07:15.000	15402	1110	-3468	40	339.15	2	-3	91	106	33	(9,-27)
1	2026-01-01 12:07:16.000	15437	1033	-3384	40	339.21	3	-2	91	106	50	(8,-26)
1	2026-01-01 12:07:17.000	15472	1049	-3461	40	316.72	5	-3	91	106	46	(8,-27)
1	2026-01-01 12:07:18.000	15507	1130	-3463	40	337.13	3	-1	91	106	46	(9,-27)
1	2026-01-01 12:07:19.000	15542	1067	-3518	16	1.36	2	-2	91	106	44	(8,-27)
1	2026-01-01 12:07:20.000	15577	1162	-3554	16	317.46	0	0	91	106	44	(9,-28)
1	2026-01-01 12:07:21.000	15612	1175	-3634	8	326.57	1	1	91	106	44	(9,-28)
1	2026-01-01 12:07:22.000	15647	1083	-3564	8	333.6	-1	0	91	106	44	(8,-28)
1	2026-01-01 12:07:23.000	15682	1126	-3619	8	15.56	1	2	91	106	44	(9,-28)
1	2026-01-01 12:07:24.000	15717	1042	-3645	8	12.94	2	4	91	106	44	(8,-28)
1	2026-01-01 12:07:25.000	15752	964	-3622	8	33.1	4	6	91	106	44	(8,-28)
1	2026-01-01 12:07:26.000	15787	897	-3565	8	38.74	6	6	91	106	44	(7,-28)
1	2026-01-01 12:07:27.000	15822	803	-3546	8	50.03	4	4	91	106	44	(6,-28)
1	2026-01-01 12:07:28.000	15857	866	-3595	8	67.13	3	2	91	106	41	(7,-28)
1	2026-01-01 12:07:29.000	15892	773	-3651	8	39.59	5	4	91	106	41	(6,-29)
1	2026-01-01 12:07:30.000	15927	758	-3633	8	65.15	6	6	91	106	41	(6,-28)
1	2026-01-01 12:07:31.000	15962	833	-3649	8	92.11	5	8	91	106	41	(7,-29)
1	2026-01-01 12:07:32.000	15997	888	-3650	8	63.97	4	10	91	106	41	(7,-29)
1	2026-01-01 12:07:33.000	16032	903	-3673	8	38.43	3	10	91	106	50	(7,-29)
1	2026-01-01 12:07:34.000	16067	851	-3686	8	76.55	5	9	91	106	50	(7,-29)
1	2026-01-01 12:07:35.000	16102	936	-3777	8	72.9	4	8	91	106	46	(7,-30)
1	2026-01-01 12:07:36.000	16137	1032	-3709	16	95.0	2	10	91	106	46	(8,-29)
1	2026-01-01 12:07:37.000	16172	970	-3769	0	74.63	0	10	91	106	46	(8,-29)
1	2026-01-01 12:07:38.000	16207	888	-3790	0	84.82	-1	9	91	106	45	(7,-30)
1	2026-01-01 12:07:39.000	16242	968	-3738	0	120.03	0	8	91	106	45	(8,-29)
1	2026-01-01 12:07:40.000	16277	1061	-3643	0	116.95	2	6	91	106	45	(8,-28)
1	2026-01-01 12:07:41.000	16312	1020	-3686	0	84.88	3	7	91	106	45	(8,-29)
1	2026-01-01 12:07:42.000	16347	1044	-3779	0	45.76	3	8	91	106	45	(8,-30)
1	2026-01-01 12:07:43.000	16382	1027	-3737	0	59.21	4	6	91	106	45	(8,-29)
1	2026-01-01 12:07:44.000	16417	1014	-3784	0	87.47	5	4	91	106	45	(8,-30)
1	2026-01-01 12:07:45.000	16452	1038	-3855	0	95.76	3	6	91	106	44	(8,-30)
1	2026-01-01 12:07:46.000	16487	1021	-3829	0	108.81	5	7	91	106	42	(8,-30)
1	2026-01-01 12:07:47.000	16522	995	-3830	0	119.21	6	9	91	106	42	(8,-30)
1	2026-01-01 12:07:48.000	16557	917	-3781	0	74.94	7	9	91	106	42	(7,-30)
1	2026-01-01 12:07:49.000	16592	845	-3809	0	107.85	9	9	91	106	42	(7,-30)
1	2026-01-01 12:07:50.000	16627	780	-3861	0	112.84	8	10	91	106	50	(6,-30)
1	2026-01-01 12:07:51.000	16662	848	-3850	0	155.59	7	10	91	106	50	(7,-30)
1	2026-01-01 12:07:52.000	16697	864	-3820	0	148.76	9	9	100	106	50	(7,-30)
1	2026-01-01 12:07:53.000	16732	869	-3781	-8	155.63	10	9	100	106	50	(7,-30)
1	2026-01-01 12:07:54.000	16767	888	-3749	-8	117.67	10	9	100	106	45	(7,-29)
1	2026-01-01 12:07:55.000	16802	801	-3762	64	120.83	10	10	100	106	45	(6,-29)
1	2026-01-01 12:07:56.000	16837	710	-3685	64	158.88	10	9	100	106	45	(6,-29)
1	2026-01-01 12:07:57.000	16872	616	-3712	64	157.51	10	10	100	106	45	(5,-29)
1	2026-01-01 12:07:58.000	16907	560	-3661	64	179.02	8	10	100	106	45	(4,-29)
1	2026-01-01 12:07:59.000	16942	481	-3724	64	187.62	6	10	100	106	45	(4,-29)
1	2026-01-01 12:08:00.000	16977	528	-3637	8	218.38	5	9	100	106	45	(4,-28)
1	2026-01-01 12:08:01.000	17012	525	-3563	8	236.89	7	8	92	106	45	(4,-28)
1	2026-01-01 12:08:02.000	17047	561	-3500	8	223.73	5	6	92	106	45	(4,-27)
1	2026-01-01 12:08:03.000	17082	579	-3403	8	239.51	7	7	92	106	45	(5,-27)
1	2026-01-01 12:08:04.000	17117	496	-3500	8	231.52	5	5	92	106	40	(4,-27)
1	2026-01-01 12:08:05.000	17152	549	-3437	8	197.48	7	4	92	106	40	(4,-27)
1	2026-01-01 12:08:06.000	17187	627	-3490	8	175.28	6	2	92	106	40	(5,-27)
1	2026-01-01 12:08:07.000	17222	568	-3391	8	136.94	6	2	92	106	40	(4,-26)
1	2026-01-01 12:08:08.000	17257	624	-3391	8	108.0	7	1	92	106	40	(5,-26)
1	2026-01-01 12:08:09.000	17292	542	-3473	8	114.42	5	-1	92	106	40	(4,-27)
1	2026-01-01 12:08:10.000	17327	621	-3489	8	150.84	5	-2	92	106	40	(5,-27)
1	2026-01-01 12:08:11.000	17362	578	-3589	8	140.44	3	0	92	106	40	(5,-28)
1	2026-01-01 12:08:12.000	17397	571	-3553	8	172.24	1	-2	92	106	40	(4,-28)
1	2026-01-01 12:08:13.000	17432	649	-3554	8	207.92	0	-2	92	106	40	(5,-28)
1	2026-01-01 12:08:14.000	17467	674	-3555	8	168.59	2	-3	92	106	40	(5,-28)
1	2026-01-01 12:08:15.000	17502	758	-3645	8	160.08	0	-3	92	106	40	(6,-28)
1	2026-01-01 12:08:16.000	17537	667	-3557	8	127.83	-1	-5	92	106	40	(5,-28)
1	2026-01-01 12:08:17.000	17572	591	-3541	8	137.84	-3	-5	92	106	40	(5,-28)
1	2026-01-01 12:08:18.000	17607	577	-3453	8	153.89	-4	-4	92	106	40	(5,-27)
1	2026-01-01 12:08:19.000	17642	562	-3537	8	119.76	-2	-5	92	106	40	(4,-28)
1	2026-01-01 12:08:20.000	17677	558	-3438	8	88.96	-4	-3	92	106	40	(4,-27)
1	2026-01-01 12:08:21.000	17712	510	-3502	8	101.54	-3	-4	92	106	40	(4,-27)
1	2026-01-01 12:08:22.000	17747	499	-3495	8	56.95	-5	-4	92	106	40	(4,-27)
1	2026-01-01 12:08:23.000	17782	596	-3435	8	71.29	-6	-3	92	106	40	(5,-27)
1	2026-01-01 12:08:24.000	17817	661	-3442	8	51.95	-8	-5	92	106	40	(5,-27)
1	2026-01-01 12:08:25.000	17852	568	-3418	0	53.29	-9	-6	92	106	40	(4,-27)
1	2026-01-01 12:08:26.000	17887	526	-3493	0	29.63	-10	-6	92	106	36	(4,-27)
1	2026-01-01 12:08:27.000	17922	471	-3494	0	18.25	-8	-5	92	106	31	(4,-27)
1	2026-01-01 12:08:28.000	17957	490	-3477	0	10.89	-9	-7	92	106	31	(4,-27)
1	2026-01-01 12:08:29.000	17992	448	-3555	0	2.94	-7	-5	92	106	27	(4,-28)
1	2026-01-01 12:08:30.000	18027	431	-3544	0	10.09	-8	-6	98	106	23	(3,-28)
1	2026-01-01 12:08:31.000	18062	439	-3509	0	0.58	-6	-8	98	106	23	(3,-27)
1	2026-01-01 12:08:32.000	18097	372	-3518	0	342.2	-5	-9	98	106	23	(3,-27)
1	2026-01-01 12:08:33.000	18132	390	-3421	0	309.68	-7	-8	98	106	22	(3,-27)
1	2026-01-01 12:08:34.000	18167	298	-3446	0	303.01	-7	-6	98	106	19	(2,-27)
1	2026-01-01 12:08:35.000	18202	370	-3453	0	337.93	-9	-4	98	106	19	(3,-27)
1	2026-01-01 12:08:36.000	18237	355	-3492	0	341.49	-10	-5	98	106	19	(3,-27)
1	2026-01-01 12:08:37.000	18272	323	-3464	0	357.71	-10	-5	98	106	19	(3,-27)
1	2026-01-01 12:08:38.000	18307	338	-3406	0	345.85	-8	-5	98	106	19	(3,-27)
1	2026-01-01 12:08:39.000	18342	311	-3487	0	310.69	-7	-6	98	106	19	(2,-27)
1	2026-01-01 12:08:40.000	18377	332	-3499	0	303.5	-5	-7	98	106	19	(3,-27)
1	2026-01-01 12:08:41.000	18412	380	-3512	0	317.52	-5	-6	98	106	19	(3,-27)
1	2026-01-01 12:08:42.000	18447	346	-3554	0	316.1	-5	-7	98	106	19	(3,-28)
1	2026-01-01 12:08:43.000	18482	292	-3610	0	346.64	-3	-7	98	106	19	(2,-28)
1	2026-01-01 12:08:44.000	18517	239	-3658	24	352.26	-3	-7	98	106	19	(2,-29)
1	2026-01-01 12:08:45.000	18552	266	-3562	24	320.35	-5	-6	98	106	19	(2,-28)
1	2026-01-01 12:08:46.000	18587	310	-3476	24	356.97	-3	-7	98	106	19	(2,-27)
1	2026-01-01 12:08:47.000	18622	266	-3462	24	344.13	-2	-5	98	106	19	(2,-27)
1	2026-01-01 12:08:48.000	18657	280	-3389	40	359.57	-4	-3	98	106	19	(2,-26)
1	2026-01-01 12:08:49.000	18692	274	-3391	40	348.13	-5	-2	98	106	19	(2,-26)
1	2026-01-01 12:08:50.000	18727	247	-3450	40	15.64	-4	-1	98	106	17	(2,-27)
1	2026-01-01 12:08:51.000	18762	163	-3399	56	38.69	-2	-1	98	106	17	(1,-27)
1	2026-01-01 12:08:52.000	18797	160	-3425	16	43.54	-3	-2	98	106	16	(1,-27)
1	2026-01-01 12:08:53.000	18832	91	-3358	16	58.47	-3	-1	98	106	16	(1,-26)
1	2026-01-01 12:08:54.000	18867	181	-3366	16	65.77	-5	1	98	106	11	(1,-26)
1	2026-01-01 12:08:55.000	18902	122	-3318	16	26.03	-7	1	98	106	11	(1,-26)
1	2026-01-01 12:08:56.000	18937	96	-3344	16	28.7	-7	-1	98	106	11	(1,-26)
1	2026-01-01 12:08:57.000	18972	65	-3269	16	46.51	-7	-1	98	106	11	(1,-26)
1	2026-01-01 12:08:58.000	19007	6	-3343	16	21.12	-6	-1	98	106	11	(0,-26)
1	2026-01-01 12:08:59.000	19042	12	-3326	16	58.57	-4	-3	98	106	11	(0,-26)
1	2026-01-01 12:09:00.000	19077	107	-3339	16	29.06	-2	-1	98	106	11	(1,-26)
1	2026-01-01 12:09:01.000	19112	27	-3331	16	46.24	-3	-2	98	106	6	(0,-26)
1	2026-01-01 12:09:02.000	19147	-9	-3420	16	7.2	-2	-4	98	106	6	(0,-27)
1	2026-01-01 12:09:03.000	19182	-86	-3483	16	38.33	-2	-6	98	106	6	(-1,-27)
1	2026-01-01 12:09:04.000	19217	-161	-3435	16	62.02	0	-8	98	106	5	(-1,-27)
1	2026-01-01 12:09:05.000	19252	-168	-3357	16	70.06	2	-7	98	106	5	(-1,-26)
1	2026-01-01 12:09:06.000	19287	-237	-3338	16	34.99	0	-7	98	106	5	(-2,-26)
1	2026-01-01 12:09:07.000	19322	-184	-3250	16	18.07	0	-6	98	106	5	(-1,-25)
1	2026-01-01 12:09:08.000	19357	-239	-3347	16	62.96	1	-6	98	106	5	(-2,-26)
1	2026-01-01 12:09:09.000	19392	-150	-3404	16	23.78	3	-8	98	106	5	(-1,-27)
1	2026-01-01 12:09:10.000	19427	-99	-3435	16	46.85	3	-6	98	106	5	(-1,-27)
1	2026-01-01 12:09:11.000	19462	-172	-3504	16	24.41	2	-5	98	106	4	(-1,-27)
1	2026-01-01 12:09:12.000	19497	-99	-3521	16	353.16	3	-3	98	106	4	(-1,-28)
1	2026-01-01 12:09:13.000	19532	-70	-3555	16	356.98	4	-2	98	106	4	(-1,-28)
1	2026-01-01 12:09:14.000	19567	-74	-3542	16	353.35	5	-2	98	106	4	(-1,-28)
1	2026-01-01 12:09:15.000	19602	-6	-3501	16	10.03	7	-1	98	106	4	(0,-27)
1	2026-01-01 12:09:16.000	19637	90	-3529	-8	353.87	9	-1	98	106	4	(1,-28)
1	2026-01-01 12:09:17.000	19672	99	-3541	-8	38.15	10	-3	98	106	3	(1,-28)
1	2026-01-01 12:09:18.000	19707	42	-3636	56	41.61	8	-3	98	106	3	(0,-28)
1	2026-01-01 12:09:19.000	19742	41	-3654	56	48.13	9	-1	98	106	3	(0,-29)
1	2026-01-01 12:09:20.000	19777	34	-3643	56	21.29	10	-1	98	106	3	(0,-28)
1	2026-01-01 12:09:21.000	19812	-9	-3584	0	43.15	10	0	98	106	3	(0,-28)
1	2026-01-01 12:09:22.000	19847	20	-3608	0	37.11	8	0	98	106	3	(0,-28)
1	2026-01-01 12:09:23.000	19882	-33	-3561	0	37.04	6	2	98	106	3	(0,-28)
1	2026-01-01 12:09:24.000	19917	53	-3501	0	357.43	7	4	98	106	3	(0,-27)
1	2026-01-01 12:09:25.000	19952	58	-3533	0	26.57	5	3	98	106	3	(0,-28)
1	2026-01-01 12:09:26.000	19987	82	-3490	0	70.78	5	4	98	106	3	(1,-27)
1	2026-01-01 12:09:27.000	20022	146	-3580	0	112.52	7	3	96	106	3	(1,-28)
1	2026-01-01 12:09:28.000	20057	231	-3645	0	88.77	5	4	96	106	3	(2,-28)
1	2026-01-01 12:09:29.000	20092	191	-3592	0	54.77	6	2	96	106	3	(1,-28)
1	2026-01-01 12:09:30.000	20127	135	-3638	0	97.07	5	0	96	106	3	(1,-28)
1	2026-01-01 12:09:31.000	20162	209	-3675	0	138.76	6	1	96	106	0	(2,-29)
1	2026-01-01 12:09:32.000	20197	173	-3634	0	128.39	4	0	96	106	0	(1,-28)
1	2026-01-01 12:09:33.000	20232	138	-3657	0	91.51	2	1	96	106	0	(1,-29)
1	2026-01-01 12:09:34.000	20267	108	-3737	0	120.6	3	-1	96	106	0	(1,-29)
1	2026-01-01 12:09:35.000	20302	137	-3821	0	107.26	2	-1	96	106	0	(1,-30)
1	2026-01-01 12:09:36.000	20337	139	-3870	0	118.81	1	-3	96	106	0	(1,-30)
1	2026-01-01 12:09:37.000	20372	120	-3855	0	116.86	3	-2	96	106	0	(1,-30)
1	2026-01-01 12:09:38.000	20407	116	-3809	0	92.07	2	-1	96	106	0	(1,-30)
1	2026-01-01 12:09:39.000	20442	118	-3751	0	85.67	1	-3	96	106	0	(1,-29)
1	2026-01-01 12:09:40.000	20477	48	-3794	0	104.89	2	-2	96	106	0	(0,-30)
1	2026-01-01 12:09:41.000	20512	20	-3708	0	120.84	4	-3	96	106	0	(0,-29)
1	2026-01-01 12:09:42.000	20547	95	-3643	0	117.07	4	-1	96	106	0	(1,-28)
1	2026-01-01 12:09:43.000	20582	13	-3719	0	122.2	6	-1	96	106	0	(0,-29)
1	2026-01-01 12:09:44.000	20617	-23	-3690	0	132.97	4	-3	96	106	0	(0,-29)
1	2026-01-01 12:09:45.000	20652	-37	-3671	0	99.84	6	-2	96	106	0	(0,-29)
1	2026-01-01 12:09:46.000	20687	-27	-3699	0	136.09	6	-2	96	106	0	(0,-29)
1	2026-01-01 12:09:47.000	20722	15	-3631	0	148.39	7	-3	96	106	0	(0,-28)
1	2026-01-01 12:09:48.000	20757	-75	-3618	0	135.48	5	-2	96	106	0	(-1,-28)
1	2026-01-01 12:09:49.000	20792	-132	-3527	0	136.27	5	-3	96	106	0	(-1,-28)
1	2026-01-01 12:09:50.000	20827	-169	-3431	24	136.1	6	-5	96	106	0	(-1,-27)
1	2026-01-01 12:09:51.000	20862	-262	-3511	24	132.52	6	-6	96	106	0	(-2,-27)
1	2026-01-01 12:09:52.000	20897	-279	-3424	24	177.5	8	-5	96	106	0	(-2,-27)
1	2026-01-01 12:09:53.000	20932	-225	-3427	24	140.83	6	-3	96	106	0	(-2,-27)
1	2026-01-01 12:09:54.000	20967	-160	-3335	24	181.73	7	-3	96	106	0	(-1,-26)
1	2026-01-01 12:09:55.000	21002	-166	-3304	24	154.72	7	-5	96	106	0	(-1,-26)
1	2026-01-01 12:09:56.000	21037	-105	-3295	24	118.08	6	-4	96	106	0	(-1,-26)
1	2026-01-01 12:09:57.000	21072	-131	-3276	24	112.44	8	-6	96	106	0	(-1,-26)
1	2026-01-01 12:09:58.000	21107	-219	-3235	0	74.33	8	-4	96	106	0	(-2,-25)
1	2026-01-01 12:09:59.000	21142	-123	-3207	0	30.8	10	-6	96	106	0	(-1,-25)
1	2026-01-01 12:10:00.000	21177	-38	-3191	0	53.96	10	-4	96	106	0	(0,-25)
1	2026-01-01 12:10:01.000	21212	34	-3264	40	48.0	10	-4	96	106	0	(0,-26)
1	2026-01-01 12:10:02.000	21247	11	-3206	40	76.18	10	-3	96	106	11	(0,-25)
1	2026-01-01 12:10:03.000	21282	-83	-3253	40	74.48	8	-4	96	106	7	(-1,-25)
1	2026-01-01 12:10:04.000	21317	-154	-3311	40	110.7	9	-6	88	106	7	(-1,-26)
1	2026-01-01 12:10:05.000	21352	-169	-3409	40	74.94	10	-8	88	106	7	(-1,-27)
1	2026-01-01 12:10:06.000	21387	-167	-3385	40	76.14	8	-7	88	106	6	(-1,-26)
1	2026-01-01 12:10:07.000	21422	-251	-3417	40	111.5	8	-5	88	106	25	(-2,-27)
1	2026-01-01 12:10:08.000	21457	-263	-3405	40	87.39	7	-4	88	106	25	(-2,-27)
1	2026-01-01 12:10:09.000	21492	-257	-3333	40	101.12	7	-3	88	106	25	(-2,-26)
1	2026-01-01 12:10:10.000	21527	-313	-3382	40	70.18	8	-4	88	106	25	(-2,-26)
1	2026-01-01 12:10:11.000	21562	-322	-3309	40	39.46	8	-4	88	106	25	(-3,-26)
1	2026-01-01 12:10:12.000	21597	-356	-3322	40	65.1	7	-3	88	106	25	(-3,-26)
1	2026-01-01 12:10:13.000	21632	-344	-3305	40	106.74	5	-5	88	106	20	(-3,-26)
1	2026-01-01 12:10:14.000	21667	-283	-3375	40	140.11	3	-6	88	106	20	(-2,-26)
1	2026-01-01 12:10:15.000	21702	-348	-3444	40	171.49	3	-6	88	106	20	(-3,-27)
1	2026-01-01 12:10:16.000	21737	-353	-3361	40	194.42	1	-6	88	106	20	(-3,-26)
1	2026-01-01 12:10:17.000	21772	-336	-3329	40	220.94	2	-5	79	106	17	(-3,-26)
1	2026-01-01 12:10:18.000	21807	-421	-3329	40	244.27	1	-4	79	106	17	(-3,-26)
1	2026-01-01 12:10:19.000	21842	-414	-3327	40	278.99	3	-4	79	106	17	(-3,-26)
1	2026-01-01 12:10:20.000	21877	-335	-3324	40	274.14	5	-5	79	106	17	(-3,-26)
1	2026-01-01 12:10:21.000	21912	-358	-3403	40	232.47	6	-6	79	106	17	(-3,-27)
1	2026-01-01 12:10:22.000	21947	-325	-3416	40	255.6	8	-6	79	106	17	(-3,-27)
1	2026-01-01 12:10:23.000	21982	-238	-3501	40	286.35	10	-8	79	106	17	(-2,-27)
1	2026-01-01 12:10:24.000	22017	-252	-3541	40	313.83	8	-7	79	106	17	(-2,-28)
1	2026-01-01 12:10:25.000	22052	-180	-3606	40	333.12	8	-5	79	106	17	(-1,-28)
1	2026-01-01 12:10:26.000	22087	-260	-3683	40	293.72	9	-4	79	106	17	(-2,-29)
1	2026-01-01 12:10:27.000	22122	-211	-3656	40	306.0	10	-4	79	106	17	(-2,-29)
1	2026-01-01 12:10:28.000	22157	-278	-3576	40	307.19	10	-3	79	106	17	(-2,-28)
1	2026-01-01 12:10:29.000	22192	-274	-3648	40	273.07	8	-1	79	106	17	(-2,-28)
1	2026-01-01 12:10:30.000	22227	-174	-3598	40	266.03	7	-2	79	106	12	(-1,-28)
1	2026-01-01 12:10:31.000	22262	-151	-3552	40	248.9	5	-1	79	106	12	(-1,-28)
1	2026-01-01 12:10:32.000	22297	-81	-3538	40	217.31	6	0	79	106	12	(-1,-28)
1	2026-01-01 12:10:33.000	22332	7	-3567	40	230.44	4	1	79	106	12	(0,-28)
1	2026-01-01 12:10:34.000	22367	-44	-3509	40	234.2	6	-1	79	106	7	(0,-27)
1	2026-01-01 12:10:35.000	22402	-92	-3547	40	263.88	4	-1	79	106	7	(-1,-28)
1	2026-01-01 12:10:36.000	22437	-81	-3601	40	256.22	2	-1	79	106	7	(-1,-28)
1	2026-01-01 12:10:37.000	22472	-142	-3623	40	296.92	2	-3	79	106	7	(-1,-28)
1	2026-01-01 12:10:38.000	22507	-160	-3657	40	285.71	1	-2	79	106	7	(-1,-29)
1	2026-01-01 12:10:39.000	22542	-192	-3742	40	269.36	2	-4	79	106	2	(-2,-29)
1	2026-01-01 12:10:40.000	22577	-97	-3700	40	283.0	0	-5	79	106	2	(-1,-29)
1	2026-01-01 12:10:41.000	22612	3	-3738	40	286.38	2	-6	71	106	2	(0,-29)
1	2026-01-01 12:10:42.000	22647	-82	-3715	40	265.98	1	-8	71	106	2	(-1,-29)
1	2026-01-01 12:10:43.000	22682	-38	-3798	40	248.04	0	-6	71	106	2	(0,-30)
1	2026-01-01 12:10:44.000	22717	24	-3832	40	291.2	0	-6	71	106	2	(0,-30)
1	2026-01-01 12:10:45.000	22752	79	-3811	0	246.59	-1	-8	71	106	2	(1,-30)
1	2026-01-01 12:10:46.000	22787	-14	-3740	0	241.65	-3	-6	71	106	2	(0,-29)
1	2026-01-01 12:10:47.000	22822	4	-3746	0	280.92	-5	-8	71	106	2	(0,-29)
1	2026-01-01 12:10:48.000	22857	87	-3790	0	257.0	-3	-8	71	106	2	(1,-30)
1	2026-01-01 12:10:49.000	22892	58	-3745	0	257.03	-2	-10	71	106	2	(0,-29)
1	2026-01-01 12:10:50.000	22927	24	-3700	0	289.02	-4	-10	71	106	2	(0,-29)
1	2026-01-01 12:10:51.000	22962	98	-3657	56	323.5	-2	-10	71	106	2	(1,-29)
1	2026-01-01 12:10:52.000	22997	172	-3625	56	320.49	-2	-10	71	106	2	(1,-28)
1	2026-01-01 12:10:53.000	23032	121	-3640	56	282.86	-4	-9	71	106	0	(1,-28)
1	2026-01-01 12:10:54.000	23067	37	-3580	56	294.13	-4	-9	71	106	0	(0,-28)
1	2026-01-01 12:10:55.000	23102	-50	-3595	56	295.9	-5	-9	71	106	0	(0,-28)
1	2026-01-01 12:10:56.000	23137	-54	-3615	56	331.01	-7	-10	71	106	0	(0,-28)
1	2026-01-01 12:10:57.000	23172	-11	-3702	56	312.55	-9	-10	71	106	22	(0,-29)
1	2026-01-01 12:10:58.000	23207	47	-3644	56	276.67	-8	-9	71	106	21	(0,-28)
1	2026-01-01 12:10:59.000	23242	-4	-3598	56	243.01	-10	-7	71	106	21	(0,-28)
1	2026-01-01 12:11:00.000	23277	45	-3587	56	244.19	-10	-7	71	106	21	(0,-28)
1	2026-01-01 12:11:01.000	23312	-53	-3555	56	251.97	-10	-7	71	106	21	(0,-28)
1	2026-01-01 12:11:02.000	23347	-136	-3568	56	224.01	-10	-8	71	106	21	(-1,-28)
1	2026-01-01 12:11:03.000	23382	-152	-3627	56	188.45	-10	-7	71	106	21	(-1,-28)
1	2026-01-01 12:11:04.000	23417	-129	-3539	56	212.6	-10	-8	71	106	20	(-1,-28)
1	2026-01-01 12:11:05.000	23452	-200	-3603	56	193.75	-10	-6	71	106	20	(-2,-28)
1	2026-01-01 12:11:06.000	23487	-214	-3562	56	170.89	-10	-7	71	106	20	(-2,-28)
1	2026-01-01 12:11:07.000	23522	-261	-3584	56	166.94	-10	-7	71	106	20	(-2,-28)
1	2026-01-01 12:11:08.000	23557	-325	-3651	56	193.49	-10	-9	71	106	20	(-3,-29)
1	2026-01-01 12:11:09.000	23592	-377	-3614	56	174.96	-8	-7	71	106	20	(-3,-28)
1	2026-01-01 12:11:10.000	23627	-291	-3694	56	200.58	-7	-8	71	106	20	(-2,-29)
1	2026-01-01 12:11:11.000	23662	-346	-3712	56	219.71	-5	-7	71	106	20	(-3,-29)
1	2026-01-01 12:11:12.000	23697	-390	-3761	56	215.39	-7	-8	71	106	20	(-3,-29)
1	2026-01-01 12:11:13.000	23732	-298	-3840	56	196.95	-9	-9	71	106	20	(-2,-30)
1	2026-01-01 12:11:14.000	23767	-317	-3871	56	186.36	-9	-8	71	106	20	(-2,-30)
1	2026-01-01 12:11:15.000	23802	-359	-3946	56	152.03	-10	-8	71	106	20	(-3,-31)
1	2026-01-01 12:11:16.000	23837	-279	-3892	56	196.85	-10	-9	85	106	20	(-2,-30)
1	2026-01-01 12:11:17.000	23872	-231	-3799	56	210.83	-9	-8	85	106	20	(-2,-30)
1	2026-01-01 12:11:18.000	23907	-199	-3749	56	236.57	-8	-9	85	106	20	(-2,-29)
1	2026-01-01 12:11:19.000	23942	-187	-3734	0	268.33	-7	-10	100	106	20	(-1,-29)
1	2026-01-01 12:11:20.000	23977	-211	-3751	0	276.16	-6	-8	100	106	20	(-2,-29)
1	2026-01-01 12:11:21.000	24012	-211	-3754	0	249.54	-4	-6	100	106	20	(-2,-29)
1	2026-01-01 12:11:22.000	24047	-285	-3682	128	254.3	-6	-7	100	106	20	(-2,-29)
1	2026-01-01 12:11:23.000	24082	-269	-3768	24	242.48	-4	-9	100	106	20	(-2,-29)
1	2026-01-01 12:11:24.000	24117	-317	-3835	24	275.82	-6	-8	100	106	20	(-2,-30)
1	2026-01-01 12:11:25.000	24152	-366	-3934	24	320.02	-5	-8	100	106	20	(-3,-31)
1	2026-01-01 12:11:26.000	24187	-456	-3846	24	283.22	-4	-6	100	106	20	(-4,-30)
1	2026-01-01 12:11:27.000	24222	-493	-3901	24	319.21	-5	-5	100	106	20	(-4,-30)
1	2026-01-01 12:11:28.000	24257	-523	-3841	24	322.61	-6	-6	100	106	20	(-4,-30)
1	2026-01-01 12:11:29.000	24292	-604	-3748	24	287.08	-8	-6	100	106	20	(-5,-29)
1	2026-01-01 12:11:30.000	24327	-617	-3658	24	278.02	-7	-5	100	106	20	(-5,-29)
1	2026-01-01 12:11:31.000	24362	-696	-3618	24	292.15	-6	-7	100	106	20	(-5,-28)
1	2026-01-01 12:11:32.000	24397	-765	-3582	24	313.88	-7	-7	100	106	20	(-6,-28)
1	2026-01-01 12:11:33.000	24432	-752	-3504	24	273.18	-5	-8	100	106	20	(-6,-27)
1	2026-01-01 12:11:34.000	24467	-840	-3407	24	262.15	-3	-10	100	106	19	(-7,-27)
1	2026-01-01 12:11:35.000	24502	-884	-3483	24	288.87	-4	-10	100	106	19	(-7,-27)
1	2026-01-01 12:11:36.000	24537	-931	-3445	24	279.42	-5	-8	100	106	35	(-7,-27)
1	2026-01-01 12:11:37.000	24572	-1015	-3377	24	307.78	-4	-9	100	106	35	(-8,-26)
1	2026-01-01 12:11:38.000	24607	-970	-3434	24	285.46	-6	-7	100	106	35	(-8,-27)
1	2026-01-01 12:11:39.000	24642	-1053	-3449	24	242.05	-6	-6	100	106	45	(-8,-27)
1	2026-01-01 12:11:40.000	24677	-1074	-3489	24	263.46	-4	-8	100	106	45	(-8,-27)
1	2026-01-01 12:11:41.000	24712	-989	-3436	24	307.43	-6	-9	100	106	41	(-8,-27)
1	2026-01-01 12:11:42.000	24747	-1031	-3349	24	292.24	-6	-10	100	106	41	(-8,-26)
1	2026-01-01 12:11:43.000	24782	-998	-3367	24	263.76	-4	-9	100	106	41	(-8,-26)
1	2026-01-01 12:11:44.000	24817	-1054	-3316	24	268.16	-5	-10	100	106	41	(-8,-26)
1	2026-01-01 12:11:45.000	24852	-999	-3353	24	250.44	-4	-10	100	106	41	(-8,-26)
1	2026-01-01 12:11:46.000	24887	-979	-3341	24	243.48	-3	-10	100	106	41	(-8,-26)
1	2026-01-01 12:11:47.000	24922	-927	-3304	24	212.23	-5	-10	100	106	41	(-7,-26)
1	2026-01-01 12:11:48.000	24957	-977	-3365	32	249.68	-6	-9	100	106	41	(-8,-26)
1	2026-01-01 12:11:49.000	24992	-973	-3456	32	294.0	-4	-10	100	106	41	(-8,-27)
1	2026-01-01 12:11:50.000	25027	-892	-3431	32	306.15	-4	-8	100	106	41	(-7,-27)
1	2026-01-01 12:11:51.000	25062	-814	-3361	32	319.23	-4	-10	100	106	41	(-6,-26)
1	2026-01-01 12:11:52.000	25097	-717	-3438	32	332.23	-6	-10	100	106	41	(-6,-27)
1	2026-01-01 12:11:53.000	25132	-640	-3461	32	332.29	-5	-10	100	106	41	(-5,-27)
1	2026-01-01 12:11:54.000	25167	-542	-3473	32	0.57	-7	-8	100	106	50	(-4,-27)
1	2026-01-01 12:11:55.000	25202	-536	-3406	32	341.52	-6	-6	100	106	50	(-4,-27)
1	2026-01-01 12:11:56.000	25237	-589	-3455	32	301.83	-4	-7	100	106	50	(-5,-27)
1	2026-01-01 12:11:57.000	25272	-614	-3534	32	290.82	-5	-9	100	106	49	(-5,-28)
1	2026-01-01 12:11:58.000	25307	-704	-3610	32	264.82	-7	-7	100	106	49	(-6,-28)
1	2026-01-01 12:11:59.000	25342	-718	-3616	32	281.19	-5	-6	100	106	49	(-6,-28)
1	2026-01-01 12:12:00.000	25377	-818	-3600	32	314.53	-5	-8	100	106	49	(-6,-28)
1	2026-01-01 12:12:01.000	25412	-803	-3542	32	331.29	-6	-8	94	106	49	(-6,-28)
1	2026-01-01 12:12:02.000	25447	-844	-3487	32	329.9	-6	-7	94	106	49	(-7,-27)
1	2026-01-01 12:12:03.000	25482	-869	-3432	32	302.46	-8	-6	94	106	49	(-7,-27)
1	2026-01-01 12:12:04.000	25517	-850	-3489	32	338.13	-8	-4	94	106	49	(-7,-27)
1	2026-01-01 12:12:05.000	25552	-767	-3582	32	307.55	-10	-3	94	106	49	(-6,-28)
1	2026-01-01 12:12:06.000	25587	-731	-3520	24	327.84	-10	-4	94	106	49	(-6,-28)
1	2026-01-01 12:12:07.000	25622	-720	-3561	24	302.96	-9	-2	94	106	49	(-6,-28)
1	2026-01-01 12:12:08.000	25657	-740	-3564	-8	309.88	-9	-3	94	106	49	(-6,-28)
1	2026-01-01 12:12:09.000	25692	-671	-3510	-8	318.05	-10	-1	86	106	49	(-5,-27)
1	2026-01-01 12:12:10.000	25727	-699	-3573	-8	340.29	-10	1	86	106	49	(-5,-28)
1	2026-01-01 12:12:11.000	25762	-638	-3618	-8	339.84	-8	2	86	106	49	(-5,-28)
1	2026-01-01 12:12:12.000	25797	-540	-3673	-8	11.95	-9	0	86	106	45	(-4,-29)
1	2026-01-01 12:12:13.000	25832	-447	-3673	-8	2.15	-8	0	86	106	45	(-3,-29)
1	2026-01-01 12:12:14.000	25867	-366	-3696	-8	358.32	-6	-2	86	106	45	(-3,-29)
1	2026-01-01 12:12:15.000	25902	-281	-3649	-8	322.5	-8	-2	86	106	45	(-2,-29)
1	2026-01-01 12:12:16.000	25937	-336	-3736	-8	288.06	-8	-1	86	106	45	(-3,-29)
1	2026-01-01 12:12:17.000	25972	-359	-3660	-8	296.72	-7	0	86	106	41	(-3,-29)
1	2026-01-01 12:12:18.000	26007	-298	-3593	0	291.78	-6	0	86	106	36	(-2,-28)
1	2026-01-01 12:12:19.000	26042	-221	-3503	0	255.29	-5	0	86	106	36	(-2,-27)
1	2026-01-01 12:12:20.000	26077	-218	-3424	0	212.06	-3	-1	86	106	36	(-2,-27)
1	2026-01-01 12:12:21.000	26112	-150	-3494	0	183.32	-5	-2	86	106	36	(-1,-27)
1	2026-01-01 12:12:22.000	26147	-107	-3529	0	214.95	-6	-4	86	106	50	(-1,-28)
1	2026-01-01 12:12:23.000	26182	-7	-3554	0	229.28	-8	-2	86	106	50	(0,-28)
1	2026-01-01 12:12:24.000	26217	62	-3643	0	205.62	-9	-4	86	106	50	(0,-28)
1	2026-01-01 12:12:25.000	26252	70	-3724	0	210.1	-10	-2	86	106	50	(1,-29)
1	2026-01-01 12:12:26.000	26287	22	-3806	0	221.76	-10	0	86	106	50	(0,-30)
1	2026-01-01 12:12:27.000	26322	-39	-3826	0	266.08	-10	1	86	106	45	(0,-30)
1	2026-01-01 12:12:28.000	26357	-47	-3841	0	291.11	-10	-1	86	106	45	(0,-30)
1	2026-01-01 12:12:29.000	26392	-13	-3755	0	324.91	-10	-2	86	106	45	(0,-29)
1	2026-01-01 12:12:30.000	26427	-70	-3774	0	5.09	-10	-4	86	106	45	(-1,-29)
1	2026-01-01 12:12:31.000	26462	-138	-3808	0	320.95	-9	-2	86	106	42	(-1,-30)
1	2026-01-01 12:12:32.000	26497	-131	-3728	0	317.15	-10	0	86	106	42	(-1,-29)
1	2026-01-01 12:12:33.000	26532	-69	-3806	0	357.42	-10	0	86	106	42	(-1,-30)
1	2026-01-01 12:12:34.000	26567	21	-3833	0	2.29	-10	-2	86	106	42	(0,-30)
1	2026-01-01 12:12:35.000	26602	99	-3902	0	353.79	-8	0	86	106	42	(1,-30)
1	2026-01-01 12:12:36.000	26637	9	-3847	0	349.16	-6	2	86	106	42	(0,-30)
1	2026-01-01 12:12:37.000	26672	17	-3821	0	338.28	-6	0	86	106	42	(0,-30)
1	2026-01-01 12:12:38.000	26707	-8	-3854	0	312.46	-6	1	86	106	42	(0,-30)
1	2026-01-01 12:12:39.000	26742	50	-3830	64	272.63	-8	2	83	106	38	(0,-30)
1	2026-01-01 12:12:40.000	26777	81	-3891	64	264.6	-10	4	78	106	38	(1,-30)
1	2026-01-01 12:12:41.000	26812	93	-3823	64	295.14	-10	2	78	106	38	(1,-30)
1	2026-01-01 12:12:42.000	26847	94	-3816	64	317.09	-10	1	78	106	38	(1,-30)
1	2026-01-01 12:12:43.000	26882	168	-3734	64	283.56	-8	2	78	106	38	(1,-29)
1	2026-01-01 12:12:44.000	26917	100	-3795	0	269.53	-10	0	78	106	34	(1,-30)
1	2026-01-01 12:12:45.000	26952	194	-3786	0	246.83	-9	-2	78	106	34	(2,-30)
1	2026-01-01 12:12:46.000	26987	215	-3706	0	272.28	-8	-3	78	106	34	(2,-29)
1	2026-01-01 12:12:47.000	27022	217	-3797	0	251.92	-10	-4	78	106	34	(2,-30)
1	2026-01-01 12:12:48.000	27057	203	-3788	0	250.05	-10	-5	78	106	34	(2,-30)
1	2026-01-01 12:12:49.000	27092	149	-3878	0	205.1	-10	-7	78	106	34	(1,-30)
1	2026-01-01 12:12:50.000	27127	134	-3901	0	170.14	-9	-7	78	106	34	(1,-30)
1	2026-01-01 12:12:51.000	27162	188	-3906	0	146.58	-7	-5	78	106	34	(1,-31)
1	2026-01-01 12:12:52.000	27197	268	-3892	24	184.87	-8	-6	78	106	34	(2,-30)
1	2026-01-01 12:12:53.000	27232	350	-3928	24	220.12	-7	-4	78	106	34	(3,-31)
1	2026-01-01 12:12:54.000	27267	373	-3921	24	222.26	-6	-6	78	106	34	(3,-31)
1	2026-01-01 12:12:55.000	27302	462	-3920	24	221.81	-8	-7	78	106	34	(4,-31)
1	2026-01-01 12:12:56.000	27337	414	-3973	24	177.13	-6	-7	78	106	34	(3,-31)
1	2026-01-01 12:12:57.000	27372	455	-4043	0	147.53	-6	-7	78	106	34	(4,-32)
1	2026-01-01 12:12:58.000	27407	408	-4007	0	112.99	-8	-8	78	106	34	(3,-31)
1	2026-01-01 12:12:59.000	27442	464	-4032	-16	97.21	-9	-7	78	106	34	(4,-32)
1	2026-01-01 12:13:00.000	27477	548	-3942	-16	114.14	-7	-9	78	106	34	(4,-31)
1	2026-01-01 12:13:01.000	27512	609	-3850	-16	104.73	-8	-7	78	106	34	(5,-30)
1	2026-01-01 12:13:02.000	27547	654	-3825	-16	144.63	-9	-8	78	106	34	(5,-30)
1	2026-01-01 12:13:03.000	27582	663	-3863	-16	140.58	-10	-10	78	106	33	(5,-30)
1	2026-01-01 12:13:04.000	27617	566	-3768	-16	170.33	-10	-10	78	106	33	(4,-29)
1	2026-01-01 12:13:05.000	27652	604	-3680	-16	198.97	-10	-10	78	106	33	(5,-29)
1	2026-01-01 12:13:06.000	27687	566	-3766	-16	202.89	-9	-10	78	106	29	(4,-29)
1	2026-01-01 12:13:07.000	27722	524	-3757	-16	192.57	-10	-10	78	106	29	(4,-29)
1	2026-01-01 12:13:08.000	27757	452	-3800	-16	156.73	-9	-10	78	106	29	(4,-30)
1	2026-01-01 12:13:09.000	27792	397	-3791	-16	159.47	-7	-10	78	106	29	(3,-30)
1	2026-01-01 12:13:10.000	27827	424	-3722	-16	147.69	-9	-10	78	106	29	(3,-29)
1	2026-01-01 12:13:11.000	27862	361	-3723	-16	142.9	-10	-10	78	106	29	(3,-29)
1	2026-01-01 12:13:12.000	27897	307	-3627	-16	132.55	-10	-10	78	106	29	(2,-28)
1	2026-01-01 12:13:13.000	27932	314	-3587	-16	132.29	-10	-9	78	106	29	(2,-28)
1	2026-01-01 12:13:14.000	27967	274	-3595	-16	87.54	-10	-10	70	106	29	(2,-28)
1	2026-01-01 12:13:15.000	28002	291	-3659	-16	117.72	-10	-10	70	106	29	(2,-29)
1	2026-01-01 12:13:16.000	28037	378	-3753	-16	135.37	-10	-9	70	106	29	(3,-29)
1	2026-01-01 12:13:17.000	28072	314	-3833	56	112.42	-10	-9	70	106	29	(2,-30)
1	2026-01-01 12:13:18.000	28107	327	-3733	0	125.46	-9	-9	70	106	50	(3,-29)
1	2026-01-01 12:13:19.000	28142	409	-3767	0	163.18	-8	-7	70	106	50	(3,-29)
1	2026-01-01 12:13:20.000	28177	411	-3709	0	123.22	-9	-8	70	106	50	(3,-29)
1	2026-01-01 12:13:21.000	28212	353	-3796	0	150.52	-8	-7	70	106	50	(3,-30)
1	2026-01-01 12:13:22.000	28247	280	-3880	16	124.59	-9	-5	70	106	45	(2,-30)
1	2026-01-01 12:13:23.000	28282	191	-3968	16	107.91	-7	-4	64	106	45	(1,-31)
1	2026-01-01 12:13:24.000	28317	270	-3896	16	71.67	-7	-5	64	106	45	(2,-30)
1	2026-01-01 12:13:25.000	28352	244	-3955	16	40.31	-5	-7	64	106	45	(2,-31)
1	2026-01-01 12:13:26.000	28387	276	-3869	16	50.1	-6	-5	64	106	45	(2,-30)
1	2026-01-01 12:13:27.000	28422	237	-3916	16	94.83	-8	-4	64	106	42	(2,-31)
1	2026-01-01 12:13:28.000	28457	161	-3900	16	78.06	-10	-3	64	106	42	(1,-30)
1	2026-01-01 12:13:29.000	28492	126	-3805	16	111.96	-10	-2	64	106	42	(1,-30)
1	2026-01-01 12:13:30.000	28527	138	-3812	16	113.08	-8	-3	64	106	42	(1,-30)
1	2026-01-01 12:13:31.000	28562	202	-3898	16	134.78	-10	-1	64	106	42	(2,-30)
1	2026-01-01 12:13:32.000	28597	273	-3975	16	121.18	-9	0	64	106	38	(2,-31)
1	2026-01-01 12:13:33.000	28632	257	-4059	16	104.74	-10	1	64	106	36	(2,-32)
1	2026-01-01 12:13:34.000	28667	238	-4014	16	62.56	-10	0	64	106	36	(2,-31)
1	2026-01-01 12:13:35.000	28702	207	-4050	0	74.77	-10	1	64	106	36	(2,-32)
1	2026-01-01 12:13:36.000	28737	120	-4127	0	110.31	-10	0	64	106	36	(1,-32)
1	2026-01-01 12:13:37.000	28772	110	-4050	0	116.64	-10	1	64	106	36	(1,-32)
1	2026-01-01 12:13:38.000	28807	48	-4033	0	155.69	-10	-1	64	106	36	(0,-32)
1	2026-01-01 12:13:39.000	28842	111	-3985	0	119.46	-10	0	64	106	36	(1,-31)
1	2026-01-01 12:13:40.000	28877	14	-3991	16	147.7	-10	2	64	106	36	(0,-31)
1	2026-01-01 12:13:41.000	28912	23	-3958	16	190.36	-10	4	64	106	36	(0,-31)
1	2026-01-01 12:13:42.000	28947	85	-3986	16	208.55	-10	5	64	106	35	(1,-31)
1	2026-01-01 12:13:43.000	28982	112	-3895	16	231.21	-9	3	64	106	35	(1,-30)
1	2026-01-01 12:13:44.000	29017	153	-3898	16	196.51	-10	4	64	106	35	(1,-30)
1	2026-01-01 12:13:45.000	29052	148	-3798	16	171.67	-9	2	64	106	35	(1,-30)
1	2026-01-01 12:13:46.000	29087	51	-3892	16	140.47	-8	0	64	106	35	(0,-30)
1	2026-01-01 12:13:47.000	29122	51	-3943	16	150.93	-9	2	64	106	35	(0,-31)
1	2026-01-01 12:13:48.000	29157	83	-4003	0	145.3	-8	2	64	106	35	(1,-31)
1	2026-01-01 12:13:49.000	29192	65	-4051	-16	108.69	-6	1	64	106	35	(1,-32)
1	2026-01-01 12:13:50.000	29227	155	-3964	-16	75.44	-5	-1	64	106	35	(1,-31)
1	2026-01-01 12:13:51.000	29262	252	-3998	-16	89.78	-6	0	64	106	31	(2,-31)
1	2026-01-01 12:13:52.000	29297	188	-4026	-16	68.36	-8	-2	64	106	30	(1,-31)
1	2026-01-01 12:13:53.000	29332	141	-3951	-16	61.15	-7	-4	64	106	30	(1,-31)
1	2026-01-01 12:13:54.000	29367	71	-3964	-16	105.58	-5	-6	64	106	30	(1,-31)
1	2026-01-01 12:13:55.000	29402	-24	-3932	-16	106.64	-7	-4	64	106	30	(0,-31)
1	2026-01-01 12:13:56.000	29437	-54	-3909	16	79.57	-8	-4	64	106	30	(0,-31)
1	2026-01-01 12:13:57.000	29472	-54	-3983	16	87.1	-9	-4	64	106	30	(0,-31)
1	2026-01-01 12:13:58.000	29507	5	-4056	16	96.76	-9	-4	64	106	30	(0,-32)
1	2026-01-01 12:13:59.000	29542	55	-4052	16	78.17	-7	-4	64	106	30	(0,-32)
1	2026-01-01 12:14:00.000	29577	17	-4134	16	52.54	-8	-4	63	106	30	(0,-32)
1	2026-01-01 12:14:01.000	29612	60	-4218	16	42.24	-8	-5	63	106	30	(0,-33)
1	2026-01-01 12:14:02.000	29647	125	-4211	16	58.63	-10	-3	63	106	27	(1,-33)
1	2026-01-01 12:14:03.000	29682	68	-4158	16	43.05	-10	-2	63	106	27	(1,-32)
1	2026-01-01 12:14:04.000	29717	71	-4249	16	78.67	-10	-3	63	106	27	(1,-33)
1	2026-01-01 12:14:05.000	29752	163	-4261	16	69.71	-10	-3	63	106	27	(1,-33)
1	2026-01-01 12:14:06.000	29787	221	-4335	-16	27.34	-10	-3	63	106	27	(2,-34)
1	2026-01-01 12:14:07.000	29822	122	-4259	-16	60.46	-10	-1	63	106	27	(1,-33)
1	2026-01-01 12:14:08.000	29857	200	-4316	-16	98.7	-9	-1	63	106	27	(2,-34)
1	2026-01-01 12:14:09.000	29892	233	-4281	-16	75.35	-8	-3	63	106	24	(2,-33)
1	2026-01-01 12:14:10.000	29927	195	-4213	-16	88.59	-8	-1	63	106	24	(2,-33)
1	2026-01-01 12:14:11.000	29962	219	-4287	-16	74.23	-7	-2	63	106	24	(2,-33)
1	2026-01-01 12:14:12.000	29997	152	-4331	-16	111.73	-5	-4	63	106	20	(1,-34)
1	2026-01-01 12:14:13.000	30032	217	-4405	-16	79.99	-5	-2	63	106	15	(2,-34)
1	2026-01-01 12:14:14.000	30067	257	-4484	-16	66.89	-5	-4	63	106	15	(2,-35)
1	2026-01-01 12:14:15.000	30102	206	-4509	-16	38.94	-4	-3	63	106	13	(2,-35)
1	2026-01-01 12:14:16.000	30137	119	-4600	-16	45.71	-5	-5	63	106	13	(1,-36)
1	2026-01-01 12:14:17.000	30172	145	-4648	-16	16.1	-6	-5	73	106	13	(1,-36)
1	2026-01-01 12:14:18.000	30207	221	-4687	-16	346.42	-5	-5	73	106	13	(2,-37)
1	2026-01-01 12:14:19.000	30242	188	-4768	-16	316.79	-7	-6	67	106	13	(1,-37)
1	2026-01-01 12:14:20.000	30277	262	-4794	-16	346.97	-9	-4	67	106	13	(2,-37)
1	2026-01-01 12:14:21.000	30312	227	-4725	-16	345.75	-9	-2	61	106	13	(2,-37)
1	2026-01-01 12:14:22.000	30347	155	-4756	-16	2.47	-7	-1	61	106	13	(1,-37)
1	2026-01-01 12:14:23.000	30382	244	-4678	-16	45.07	-8	1	61	106	13	(2,-37)
1	2026-01-01 12:14:24.000	30417	278	-4734	-16	23.95	-6	2	61	106	13	(2,-37)
1	2026-01-01 12:14:25.000	30452	334	-4803	-16	17.96	-4	2	61	106	13	(3,-38)
1	2026-01-01 12:14:26.000	30487	367	-4829	-16	29.1	-3	1	61	106	10	(3,-38)
1	2026-01-01 12:14:27.000	30522	392	-4851	-16	344.56	-5	-1	61	106	10	(3,-38)
1	2026-01-01 12:14:28.000	30557	314	-4769	-16	323.92	-3	-2	61	106	10	(2,-37)
1	2026-01-01 12:14:29.000	30592	316	-4844	-16	359.29	-2	-1	61	106	10	(2,-38)
1	2026-01-01 12:14:30.000	30627	250	-4838	-16	4.18	-3	-1	61	106	10	(2,-38)
1	2026-01-01 12:14:31.000	30662	185	-4804	-16	358.95	-2	-3	61	106	10	(1,-38)
1	2026-01-01 12:14:32.000	30697	91	-4708	-16	351.83	-4	-1	61	106	10	(1,-37)
1	2026-01-01 12:14:33.000	30732	4	-4615	-16	22.89	-2	-1	61	106	10	(0,-36)
1	2026-01-01 12:14:34.000	30767	-11	-4563	-16	346.66	-2	-3	61	106	10	(0,-36)
1	2026-01-01 12:14:35.000	30802	21	-4627	-16	352.24	-4	-4	61	106	10	(0,-36)
1	2026-01-01 12:14:36.000	30837	80	-4551	0	325.3	-6	-3	61	106	10	(1,-36)
1	2026-01-01 12:14:37.000	30872	-6	-4620	0	307.3	-5	-2	61	106	10	(0,-36)
1	2026-01-01 12:14:38.000	30907	4	-4683	0	319.56	-3	-4	61	106	10	(0,-37)
1	2026-01-01 12:14:39.000	30942	74	-4758	0	0.87	-3	-4	61	106	10	(1,-37)
1	2026-01-01 12:14:40.000	30977	91	-4828	16	6.65	-5	-4	61	106	10	(1,-38)
1	2026-01-01 12:14:41.000	31012	176	-4811	16	346.57	-6	-3	61	106	10	(1,-38)
1	2026-01-01 12:14:42.000	31047	243	-4873	16	333.24	-8	-4	61	106	10	(2,-38)
1	2026-01-01 12:14:43.000	31082	308	-4850	16	322.13	-7	-6	61	106	10	(2,-38)
1	2026-01-01 12:14:44.000	31117	356	-4861	16	329.73	-7	-4	61	106	10	(3,-38)
1	2026-01-01 12:14:45.000	31152	450	-4902	16	13.05	-6	-4	61	106	10	(4,-38)
1	2026-01-01 12:14:46.000	31187	365	-4846	0	350.6	-5	-6	61	106	10	(3,-38)
1	2026-01-01 12:14:47.000	31222	299	-4783	0	357.24	-4	-5	61	106	10	(2,-37)
1	2026-01-01 12:14:48.000	31257	348	-4877	0	8.86	-5	-7	61	106	10	(3,-38)
1	2026-01-01 12:14:49.000	31292	295	-4803	0	29.56	-7	-7	61	106	10	(2,-38)
1	2026-01-01 12:14:50.000	31327	230	-4886	0	24.05	-5	-5	61	106	6	(2,-38)
1	2026-01-01 12:14:51.000	31362	214	-4981	0	359.22	-3	-3	61	106	6	(2,-39)
1	2026-01-01 12:14:52.000	31397	261	-5020	0	31.0	-5	-1	61	106	2	(2,-39)
1	2026-01-01 12:14:53.000	31432	169	-5034	0	23.93	-5	-3	61	106	2	(1,-39)
1	2026-01-01 12:14:54.000	31467	195	-5116	0	51.44	-7	-4	61	106	0	(2,-40)
1	2026-01-01 12:14:55.000	31502	236	-5094	0	91.63	-5	-6	61	106	0	(2,-40)
1	2026-01-01 12:14:56.000	31537	150	-5188	0	116.26	-6	-8	61	106	0	(1,-41)
1	2026-01-01 12:14:57.000	31572	160	-5109	0	109.67	-5	-9	61	106	0	(1,-40)
1	2026-01-01 12:14:58.000	31607	119	-5186	0	117.65	-7	-10	61	106	17	(1,-41)
1	2026-01-01 12:14:59.000	31642	33	-5254	0	112.12	-9	-10	61	106	17	(0,-41)
1	2026-01-01 12:15:00.000	31677	-48	-5290	0	151.57	-10	-10	61	106	17	(0,-41)
1	2026-01-01 12:15:01.000	31712	-74	-5223	0	128.55	-10	-8	61	106	17	(-1,-41)
1	2026-01-01 12:15:02.000	31747	-154	-5271	0	165.64	-9	-8	61	106	17	(-1,-41)
1	2026-01-01 12:15:03.000	31782	-76	-5259	0	179.13	-10	-9	61	106	17	(-1,-41)
1	2026-01-01 12:15:04.000	31817	-105	-5203	40	168.68	-10	-10	61	106	17	(-1,-41)
1	2026-01-01 12:15:05.000	31852	-67	-5108	24	154.98	-10	-10	61	106	17	(-1,-40)
1	2026-01-01 12:15:06.000	31887	-58	-5008	24	175.61	-8	-9	61	106	17	(0,-39)
1	2026-01-01 12:15:07.000	31922	-50	-4962	24	195.34	-6	-8	61	106	17	(0,-39)
1	2026-01-01 12:15:08.000	31957	-129	-4999	24	219.76	-6	-8	61	106	17	(-1,-39)
1	2026-01-01 12:15:09.000	31992	-198	-5021	24	225.92	-4	-10	61	106	17	(-2,-39)
1	2026-01-01 12:15:10.000	32027	-243	-5017	24	186.2	-3	-8	61	106	17	(-2,-39)
1	2026-01-01 12:15:11.000	32062	-217	-5085	24	161.66	-3	-8	61	106	17	(-2,-40)
1	2026-01-01 12:15:12.000	32097	-236	-5175	24	166.47	-2	-6	61	106	17	(-2,-40)
1	2026-01-01 12:15:13.000	32132	-183	-5215	64	152.95	0	-8	61	106	17	(-1,-41)
1	2026-01-01 12:15:14.000	32167	-211	-5279	64	110.17	-2	-7	61	106	17	(-2,-41)
1	2026-01-01 12:15:15.000	32202	-217	-5368	64	91.35	-4	-8	61	106	17	(-2,-42)
1	2026-01-01 12:15:16.000	32237	-262	-5372	0	121.11	-2	-8	61	106	17	(-2,-42)
1	2026-01-01 12:15:17.000	32272	-201	-5332	0	142.17	0	-6	61	106	17	(-2,-42)
1	2026-01-01 12:15:18.000	32307	-252	-5285	0	123.55	0	-6	61	106	17	(-2,-41)
1	2026-01-01 12:15:19.000	32342	-165	-5281	0	111.11	-1	-5	61	106	17	(-1,-41)
1	2026-01-01 12:15:20.000	32377	-128	-5319	0	135.99	1	-6	61	106	17	(-1,-42)
1	2026-01-01 12:15:21.000	32412	-191	-5272	0	135.47	2	-4	61	106	17	(-1,-41)
1	2026-01-01 12:15:22.000	32447	-259	-5364	0	165.52	3	-6	61	106	17	(-2,-42)
1	2026-01-01 12:15:23.000	32482	-298	-5282	0	146.93	4	-4	61	106	17	(-2,-41)
1	2026-01-01 12:15:24.000	32517	-294	-5221	0	142.4	4	-3	61	106	17	(-2,-41)
1	2026-01-01 12:15:25.000	32552	-356	-5320	0	150.82	6	-5	61	106	17	(-3,-42)
1	2026-01-01 12:15:26.000	32587	-380	-5294	0	136.52	4	-6	61	106	17	(-3,-41)
1	2026-01-01 12:15:27.000	32622	-470	-5206	0	170.94	3	-7	61	106	17	(-4,-41)
1	2026-01-01 12:15:28.000	32657	-446	-5194	0	146.07	3	-7	61	106	17	(-3,-41)
1	2026-01-01 12:15:29.000	32692	-405	-5164	-8	169.0	1	-8	66	106	17	(-3,-40)
1	2026-01-01 12:15:30.000	32727	-318	-5151	-8	170.88	3	-7	66	106	17	(-2,-40)
1	2026-01-01 12:15:31.000	32762	-383	-5180	-8	191.73	3	-9	66	106	17	(-3,-40)
1	2026-01-01 12:15:32.000	32797	-322	-5092	-8	192.89	3	-8	66	106	17	(-3,-40)
1	2026-01-01 12:15:33.000	32832	-280	-5023	-8	223.27	3	-9	66	106	17	(-2,-39)
1	2026-01-01 12:15:34.000	32867	-260	-5085	-8	221.88	2	-9	66	106	17	(-2,-40)
1	2026-01-01 12:15:35.000	32902	-249	-5168	-8	221.04	1	-10	66	106	17	(-2,-40)
1	2026-01-01 12:15:36.000	32937	-214	-5100	-8	261.93	1	-9	66	106	17	(-2,-40)
1	2026-01-01 12:15:37.000	32972	-239	-5176	-8	236.64	3	-8	66	106	17	(-2,-40)
1	2026-01-01 12:15:38.000	33007	-258	-5107	-8	201.85	2	-7	66	106	17	(-2,-40)
1	2026-01-01 12:15:39.000	33042	-284	-5139	-8	202.53	1	-9	66	106	17	(-2,-40)
1	2026-01-01 12:15:40.000	33077	-282	-5173	-8	239.64	2	-8	66	106	17	(-2,-40)
1	2026-01-01 12:15:41.000	33112	-330	-5074	-8	250.92	1	-6	66	106	17	(-3,-40)
1	2026-01-01 12:15:42.000	33147	-340	-4978	-8	274.86	-1	-6	66	106	17	(-3,-39)
1	2026-01-01 12:15:43.000	33182	-399	-4983	-8	259.69	-2	-6	66	106	17	(-3,-39)
1	2026-01-01 12:15:44.000	33217	-489	-5043	0	240.17	-1	-5	66	106	17	(-4,-39)
1	2026-01-01 12:15:45.000	33252	-570	-5125	0	240.58	-1	-7	66	106	17	(-4,-40)
1	2026-01-01 12:15:46.000	33287	-621	-5070	0	272.91	1	-6	66	106	12	(-5,-40)
1	2026-01-01 12:15:47.000	33322	-698	-5114	0	314.93	1	-5	66	106	8	(-5,-40)
1	2026-01-01 12:15:48.000	33357	-616	-5187	0	310.64	1	-3	66	106	5	(-5,-41)
1	2026-01-01 12:15:49.000	33392	-573	-5244	0	284.33	-1	-5	66	106	5	(-4,-41)
1	2026-01-01 12:15:50.000	33427	-477	-5218	0	262.01	-2	-7	66	106	21	(-4,-41)
1	2026-01-01 12:15:51.000	33462	-438	-5191	0	245.18	0	-6	66	106	21	(-3,-41)
1	2026-01-01 12:15:52.000	33497	-359	-5272	0	233.99	-2	-5	66	106	21	(-3,-41)
1	2026-01-01 12:15:53.000	33532	-416	-5212	0	261.28	-1	-4	66	106	21	(-3,-41)
1	2026-01-01 12:15:54.000	33567	-434	-5155	0	296.34	-1	-2	66	106	21	(-3,-40)
1	2026-01-01 12:15:55.000	33602	-414	-5137	0	270.29	1	-2	66	106	21	(-3,-40)
1	2026-01-01 12:15:56.000	33637	-469	-5199	0	267.64	1	-1	62	106	16	(-4,-41)
1	2026-01-01 12:15:57.000	33672	-480	-5137	0	272.96	0	-3	62	106	16	(-4,-40)
1	2026-01-01 12:15:58.000	33707	-421	-5041	0	264.26	0	-3	62	106	16	(-3,-39)
1	2026-01-01 12:15:59.000	33742	-495	-5109	0	290.98	0	-1	62	106	16	(-4,-40)
1	2026-01-01 12:16:00.000	33777	-542	-5166	0	246.22	2	0	62	106	28	(-4,-40)
1	2026-01-01 12:16:01.000	33812	-512	-5154	0	239.5	0	-1	62	106	28	(-4,-40)
1	2026-01-01 12:16:02.000	33847	-479	-5173	0	242.26	0	-1	62	106	28	(-4,-40)
1	2026-01-01 12:16:03.000	33882	-454	-5096	0	268.27	2	0	62	106	28	(-4,-40)
1	2026-01-01 12:16:04.000	33917	-500	-5039	0	273.65	2	1	62	106	24	(-4,-39)
1	2026-01-01 12:16:05.000	33952	-450	-5060	0	258.21	1	-1	57	106	24	(-4,-40)
1	2026-01-01 12:16:06.000	33987	-480	-5000	0	218.36	-1	-1	57	106	24	(-4,-39)
1	2026-01-01 12:16:07.000	34022	-571	-5006	0	175.96	1	-3	57	106	24	(-4,-39)
1	2026-01-01 12:16:08.000	34057	-508	-4925	8	136.57	-1	-2	57	106	24	(-4,-38)
1	2026-01-01 12:16:09.000	34092	-458	-4841	8	176.56	-1	-3	57	106	19	(-4,-38)
1	2026-01-01 12:16:10.000	34127	-514	-4828	8	135.56	-1	-5	57	106	19	(-4,-38)
1	2026-01-01 12:16:11.000	34162	-584	-4841	8	132.52	1	-5	57	106	19	(-5,-38)
1	2026-01-01 12:16:12.000	34197	-524	-4936	8	156.53	1	-3	57	106	19	(-4,-39)
1	2026-01-01 12:16:13.000	34232	-545	-5023	8	145.67	0	-4	57	106	19	(-4,-39)
1	2026-01-01 12:16:14.000	34267	-467	-5011	8	124.48	0	-4	57	106	19	(-4,-39)
1	2026-01-01 12:16:15.000	34302	-469	-5072	8	127.89	-2	-2	57	106	19	(-4,-40)
1	2026-01-01 12:16:16.000	34337	-379	-5104	8	91.06	0	0	57	106	19	(-3,-40)
1	2026-01-01 12:16:17.000	34372	-329	-5122	8	79.56	-1	1	57	106	42	(-3,-40)
1	2026-01-01 12:16:18.000	34407	-343	-5057	8	115.83	0	1	57	106	42	(-3,-40)
1	2026-01-01 12:16:19.000	34442	-266	-5046	8	136.62	2	3	57	106	42	(-2,-39)
1	2026-01-01 12:16:20.000	34477	-339	-5039	8	129.95	1	5	57	106	42	(-3,-39)
1	2026-01-01 12:16:21.000	34512	-294	-4947	8	97.51	3	4	57	106	42	(-2,-39)
1	2026-01-01 12:16:22.000	34547	-277	-5047	8	111.78	4	3	57	106	42	(-2,-39)
1	2026-01-01 12:16:23.000	34582	-179	-5052	8	67.23	3	5	57	106	42	(-1,-39)
1	2026-01-01 12:16:24.000	34617	-84	-5128	8	57.11	4	4	57	106	42	(-1,-40)
1	2026-01-01 12:16:25.000	34652	-48	-5210	8	43.33	6	5	57	106	42	(0,-41)
1	2026-01-01 12:16:26.000	34687	8	-5157	8	65.98	8	3	57	106	42	(0,-40)
1	2026-01-01 12:16:27.000	34722	-54	-5185	8	48.98	7	4	57	106	42	(0,-41)
1	2026-01-01 12:16:28.000	34757	-133	-5197	8	65.72	5	5	51	106	42	(-1,-41)
1	2026-01-01 12:16:29.000	34792	-66	-5126	8	56.88	3	6	51	106	42	(-1,-40)
1	2026-01-01 12:16:30.000	34827	16	-5141	8	87.85	3	7	51	106	42	(0,-40)
1	2026-01-01 12:16:31.000	34862	97	-5090	8	66.06	1	7	51	106	38	(1,-40)
1	2026-01-01 12:16:32.000	34897	172	-5096	8	43.77	-1	9	51	106	50	(1,-40)
1	2026-01-01 12:16:33.000	34932	224	-5168	40	30.92	-1	7	51	106	50	(2,-40)
1	2026-01-01 12:16:34.000	34967	241	-5092	40	41.47	-1	7	51	106	47	(2,-40)
1	2026-01-01 12:16:35.000	35002	326	-5029	40	69.59	-2	9	51	106	47	(3,-39)
1	2026-01-01 12:16:36.000	35037	410	-4962	56	91.44	-3	9	51	106	47	(3,-39)
1	2026-01-01 12:16:37.000	35072	405	-4916	56	89.0	-4	7	51	106	47	(3,-38)
1	2026-01-01 12:16:38.000	35107	374	-5015	56	80.64	-5	7	51	106	47	(3,-39)
1	2026-01-01 12:16:39.000	35142	455	-5032	56	55.54	-6	5	51	106	47	(4,-39)
1	2026-01-01 12:16:40.000	35177	358	-5045	56	41.19	-5	7	51	106	47	(3,-39)
1	2026-01-01 12:16:41.000	35212	266	-4976	56	72.9	-5	8	51	106	47	(2,-39)
1	2026-01-01 12:16:42.000	35247	281	-4904	56	69.96	-5	8	51	106	47	(2,-38)
1	2026-01-01 12:16:43.000	35282	371	-4879	56	114.04	-5	10	51	106	47	(3,-38)
1	2026-01-01 12:16:44.000	35317	345	-4934	56	146.88	-7	10	51	106	47	(3,-39)
1	2026-01-01 12:16:45.000	35352	442	-4942	56	158.6	-7	10	51	106	47	(3,-39)
1	2026-01-01 12:16:46.000	35387	535	-4924	56	139.37	-6	10	66	106	47	(4,-38)
1	2026-01-01 12:16:47.000	35422	583	-4857	56	131.99	-8	10	66	106	47	(5,-38)
1	2026-01-01 12:16:48.000	35457	488	-4874	56	141.88	-6	10	66	106	47	(4,-38)
1	2026-01-01 12:16:49.000	35492	518	-4925	56	173.41	-5	10	66	106	47	(4,-38)
1	2026-01-01 12:16:50.000	35527	425	-4973	56	180.39	-5	8	66	106	47	(3,-39)
1	2026-01-01 12:16:51.000	35562	365	-5011	56	176.99	-3	8	65	106	47	(3,-39)
1	2026-01-01 12:16:52.000	35597	448	-4974	56	142.88	-2	8	65	106	47	(4,-39)
1	2026-01-01 12:16:53.000	35632	441	-4972	56	162.37	-1	6	65	106	47	(3,-39)
1	2026-01-01 12:16:54.000	35667	434	-4967	56	176.46	-3	5	65	106	47	(3,-39)
1	2026-01-01 12:16:55.000	35702	527	-5001	56	162.28	-2	4	65	106	45	(4,-39)
1	2026-01-01 12:16:56.000	35737	483	-5007	56	168.0	-2	2	65	106	45	(4,-39)
1	2026-01-01 12:16:57.000	35772	420	-4952	56	149.31	-3	1	65	106	45	(3,-39)
1	2026-01-01 12:16:58.000	35807	423	-4930	56	159.97	-1	3	65	106	45	(3,-39)
1	2026-01-01 12:16:59.000	35842	457	-4907	56	130.76	0	2	63	106	45	(4,-38)
1	2026-01-01 12:17:00.000	35877	448	-4880	56	127.1	-2	1	63	106	45	(4,-38)
1	2026-01-01 12:17:01.000	35912	518	-4972	24	117.96	-3	1	63	106	45	(4,-39)
1	2026-01-01 12:17:02.000	35947	563	-4939	24	95.28	-5	2	63	106	45	(4,-39)
1	2026-01-01 12:17:03.000	35982	531	-4898	24	75.25	-7	4	63	106	45	(4,-38)
1	2026-01-01 12:17:04.000	36017	625	-4850	-8	73.21	-8	6	63	106	43	(5,-38)
1	2026-01-01 12:17:05.000	36052	678	-4826	56	55.2	-6	5	63	106	43	(5,-38)
1	2026-01-01 12:17:06.000	36087	578	-4862	56	78.11	-4	6	63	106	43	(5,-38)
1	2026-01-01 12:17:07.000	36122	565	-4892	56	94.12	-2	5	63	106	38	(4,-38)
1	2026-01-01 12:17:08.000	36157	481	-4798	56	88.0	-3	4	63	106	38	(4,-37)
1	2026-01-01 12:17:09.000	36192	459	-4770	56	70.48	-4	3	63	106	38	(4,-37)
1	2026-01-01 12:17:10.000	36227	402	-4830	56	80.4	-5	4	63	106	38	(3,-38)
1	2026-01-01 12:17:11.000	36262	379	-4836	56	48.44	-5	5	63	106	38	(3,-38)
1	2026-01-01 12:17:12.000	36297	383	-4846	56	61.57	-4	3	63	106	38	(3,-38)
1	2026-01-01 12:17:13.000	36332	365	-4837	56	87.75	-4	1	63	106	38	(3,-38)
1	2026-01-01 12:17:14.000	36367	348	-4752	56	85.92	-5	0	63	106	38	(3,-37)
1	2026-01-01 12:17:15.000	36402	319	-4697	-8	93.67	-4	-1	63	106	36	(2,-37)
1	2026-01-01 12:17:16.000	36437	417	-4610	-8	85.91	-6	-1	63	106	36	(3,-36)
1	2026-01-01 12:17:17.000	36472	452	-4636	-8	102.97	-6	1	63	106	36	(4,-36)
1	2026-01-01 12:17:18.000	36507	399	-4654	-8	100.12	-5	0	63	106	49	(3,-36)
1	2026-01-01 12:17:19.000	36542	400	-4630	-8	126.95	-4	1	63	106	49	(3,-36)
1	2026-01-01 12:17:20.000	36577	425	-4658	-8	133.68	-4	3	63	106	49	(3,-36)
1	2026-01-01 12:17:21.000	36612	444	-4602	-8	147.2	-6	5	63	106	49	(3,-36)
1	2026-01-01 12:17:22.000	36647	362	-4656	-8	160.5	-7	5	63	106	44	(3,-36)
1	2026-01-01 12:17:23.000	36682	266	-4754	-8	135.77	-5	6	63	106	44	(2,-37)
1	2026-01-01 12:17:24.000	36717	349	-4707	-8	104.51	-3	6	63	106	44	(3,-37)
1	2026-01-01 12:17:25.000	36752	266	-4724	-8	137.86	-1	6	63	106	44	(2,-37)
1	2026-01-01 12:17:26.000	36787	201	-4712	-8	103.94	-1	4	63	106	40	(2,-37)
1	2026-01-01 12:17:27.000	36822	252	-4781	-8	67.3	-2	5	63	106	40	(2,-37)
1	2026-01-01 12:17:28.000	36857	343	-4800	-8	59.66	0	5	63	106	50	(3,-38)
1	2026-01-01 12:17:29.000	36892	268	-4810	-8	47.09	1	6	63	106	50	(2,-38)
1	2026-01-01 12:17:30.000	36927	172	-4840	-8	67.76	2	7	72	106	50	(1,-38)
1	2026-01-01 12:17:31.000	36962	224	-4887	-8	100.73	0	5	72	106	50	(2,-38)
1	2026-01-01 12:17:32.000	36997	152	-4946	-8	58.43	-1	5	72	106	49	(1,-39)
1	2026-01-01 12:17:33.000	37032	240	-5010	40	95.65	0	3	72	106	49	(2,-39)
1	2026-01-01 12:17:34.000	37067	168	-4989	40	92.45	1	1	72	106	45	(1,-39)
1	2026-01-01 12:17:35.000	37102	150	-4921	40	96.05	1	0	72	106	45	(1,-38)
1	2026-01-01 12:17:36.000	37137	86	-4964	40	110.38	3	-1	72	106	45	(1,-39)
1	2026-01-01 12:17:37.000	37172	167	-4946	40	125.53	3	-1	72	106	45	(1,-39)
1	2026-01-01 12:17:38.000	37207	258	-4948	40	137.4	5	-3	72	106	45	(2,-39)
1	2026-01-01 12:17:39.000	37242	281	-4925	40	169.59	3	-1	72	106	45	(2,-38)
1	2026-01-01 12:17:40.000	37277	371	-4954	40	183.58	4	-3	72	106	45	(3,-39)
1	2026-01-01 12:17:41.000	37312	442	-4967	40	207.28	5	-5	72	106	41	(3,-39)
1	2026-01-01 12:17:42.000	37347	524	-4992	40	173.64	3	-3	72	106	41	(4,-39)
1	2026-01-01 12:17:43.000	37382	460	-4918	32	148.61	5	-4	72	106	36	(4,-38)
1	2026-01-01 12:17:44.000	37417	402	-4923	32	117.9	4	-2	72	106	36	(3,-38)
1	2026-01-01 12:17:45.000	37452	353	-4952	32	77.3	6	-1	72	106	36	(3,-39)
1	2026-01-01 12:17:46.000	37487	272	-4988	32	96.05	6	-3	72	106	36	(2,-39)
1	2026-01-01 12:17:47.000	37522	367	-5026	32	86.26	7	-4	72	106	36	(3,-39)
1	2026-01-01 12:17:48.000	37557	298	-4941	32	107.83	6	-3	72	106	35	(2,-39)
1	2026-01-01 12:17:49.000	37592	395	-4881	32	116.69	8	-5	72	106	35	(3,-38)
1	2026-01-01 12:17:50.000	37627	305	-4884	32	147.11	8	-5	72	106	35	(2,-38)
1	2026-01-01 12:17:51.000	37662	338	-4958	32	110.08	8	-6	72	106	35	(3,-39)
1	2026-01-01 12:17:52.000	37697	252	-4895	32	74.55	9	-5	72	106	35	(2,-38)
1	2026-01-01 12:17:53.000	37732	173	-4992	32	38.65	9	-5	72	106	31	(1,-39)
1	2026-01-01 12:17:54.000	37767	228	-4960	32	71.98	10	-4	72	106	30	(2,-39)
1	2026-01-01 12:17:55.000	37802	276	-4888	32	90.82	9	-4	72	106	30	(2,-38)
1	2026-01-01 12:17:56.000	37837	278	-4828	32	112.82	10	-6	72	106	30	(2,-38)
1	2026-01-01 12:17:57.000	37872	364	-4812	32	144.26	10	-8	72	106	30	(3,-38)
1	2026-01-01 12:17:58.000	37907	460	-4871	32	118.11	10	-8	72	106	30	(4,-38)
1	2026-01-01 12:17:59.000	37942	450	-4814	32	121.55	8	-8	72	106	26	(4,-38)
1	2026-01-01 12:18:00.000	37977	543	-4817	32	94.74	9	-9	72	106	26	(4,-38)
1	2026-01-01 12:18:01.000	38012	491	-4769	32	77.69	7	-10	72	106	26	(4,-37)
1	2026-01-01 12:18:02.000	38047	573	-4716	32	115.01	5	-10	72	106	26	(4,-37)
1	2026-01-01 12:18:03.000	38082	618	-4795	32	99.16	5	-8	72	106	24	(5,-37)
1	2026-01-01 12:18:04.000	38117	575	-4783	32	112.47	4	-9	68	106	24	(4,-37)
1	2026-01-01 12:18:05.000	38152	580	-4836	32	143.78	6	-10	68	106	24	(5,-38)
1	2026-01-01 12:18:06.000	38187	574	-4843	32	179.79	6	-9	68	106	24	(4,-38)
1	2026-01-01 12:18:07.000	38222	622	-4911	32	143.48	5	-7	68	106	24	(5,-38)
1	2026-01-01 12:18:08.000	38257	579	-4892	32	122.7	5	-5	68	106	48	(5,-38)
1	2026-01-01 12:18:09.000	38292	567	-4870	32	155.79	7	-7	68	106	48	(4,-38)
1	2026-01-01 12:18:10.000	38327	577	-4790	32	179.58	9	-6	68	106	48	(5,-37)
1	2026-01-01 12:18:11.000	38362	513	-4694	32	183.14	10	-5	68	106	47	(4,-37)
1	2026-01-01 12:18:12.000	38397	599	-4753	32	204.07	10	-4	68	106	47	(5,-37)
1	2026-01-01 12:18:13.000	38432	521	-4829	32	244.23	8	-4	68	106	47	(4,-38)
1	2026-01-01 12:18:14.000	38467	511	-4884	32	262.88	6	-4	68	106	47	(4,-38)
1	2026-01-01 12:18:15.000	38502	603	-4960	-8	265.03	6	-3	68	106	47	(5,-39)
1	2026-01-01 12:18:16.000	38537	601	-4982	-8	222.52	4	-3	68	106	47	(5,-39)
1	2026-01-01 12:18:17.000	38572	525	-4908	-8	259.65	3	-3	68	106	47	(4,-38)
1	2026-01-01 12:18:18.000	38607	584	-4999	-8	298.83	4	-5	68	106	45	(5,-39)
1	2026-01-01 12:18:19.000	38642	611	-5050	-8	308.14	3	-7	68	106	45	(5,-39)
1	2026-01-01 12:18:20.000	38677	527	-5064	-8	285.3	1	-5	68	106	41	(4,-40)
1	2026-01-01 12:18:21.000	38712	560	-5141	-8	300.02	3	-7	68	106	41	(4,-40)
1	2026-01-01 12:18:22.000	38747	574	-5046	-8	272.84	3	-8	68	106	36	(4,-39)
1	2026-01-01 12:18:23.000	38782	601	-4949	-8	253.69	4	-8	68	106	36	(5,-39)
1	2026-01-01 12:18:24.000	38817	545	-4885	-16	236.92	6	-6	68	106	32	(4,-38)
1	2026-01-01 12:18:25.000	38852	575	-4891	0	253.22	8	-7	68	106	30	(4,-38)
1	2026-01-01 12:18:26.000	38887	478	-4980	0	291.21	10	-5	64	106	30	(4,-39)
1	2026-01-01 12:18:27.000	38922	436	-4985	0	328.79	9	-4	64	106	30	(3,-39)
1	2026-01-01 12:18:28.000	38957	503	-4897	0	6.03	9	-5	57	106	30	(4,-38)
1	2026-01-01 12:18:29.000	38992	413	-4819	0	30.07	7	-4	57	106	30	(3,-38)
1	2026-01-01 12:18:30.000	39027	355	-4730	0	8.16	9	-4	57	106	30	(3,-37)
1	2026-01-01 12:18:31.000	39062	306	-4808	0	13.08	7	-3	57	106	30	(2,-38)
1	2026-01-01 12:18:32.000	39097	401	-4731	0	40.66	6	-5	57	106	25	(3,-37)
1	2026-01-01 12:18:33.000	39132	486	-4750	0	359.6	5	-6	57	106	25	(4,-37)
1	2026-01-01 12:18:34.000	39167	425	-4776	0	0.1	6	-5	57	106	25	(3,-37)
1	2026-01-01 12:18:35.000	39202	398	-4734	0	329.6	8	-3	57	106	23	(3,-37)
1	2026-01-01 12:18:36.000	39237	307	-4798	0	5.74	8	-3	56	106	21	(2,-37)
1	2026-01-01 12:18:37.000	39272	346	-4880	0	322.52	6	-1	56	106	21	(3,-38)
1	2026-01-01 12:18:38.000	39307	402	-4916	0	308.58	5	0	56	106	21	(3,-38)
1	2026-01-01 12:18:39.000	39342	367	-4975	16	296.71	4	1	56	106	21	(3,-39)
1	2026-01-01 12:18:40.000	39377	370	-4968	16	331.23	4	0	56	106	21	(3,-39)
1	2026-01-01 12:18:41.000	39412	332	-5013	16	350.37	6	-1	56	106	21	(3,-39)
1	2026-01-01 12:18:42.000	39447	396	-5035	16	324.58	7	-1	56	106	21	(3,-39)
1	2026-01-01 12:18:43.000	39482	351	-5049	16	329.24	5	-2	56	106	21	(3,-39)
1	2026-01-01 12:18:44.000	39517	441	-4975	16	334.94	4	-2	56	106	21	(3,-39)
1	2026-01-01 12:18:45.000	39552	421	-4919	16	13.91	3	-1	56	106	20	(3,-38)
1	2026-01-01 12:18:46.000	39587	344	-4939	16	52.75	1	-1	56	106	20	(3,-39)
1	2026-01-01 12:18:47.000	39622	330	-4859	16	23.52	2	0	56	106	15	(3,-38)
1	2026-01-01 12:18:48.000	39657	390	-4839	16	41.51	4	2	56	106	15	(3,-38)
1	2026-01-01 12:18:49.000	39692	387	-4818	16	30.65	2	1	50	106	15	(3,-38)
1	2026-01-01 12:18:50.000	39727	373	-4897	0	65.44	4	1	50	106	15	(3,-38)
1	2026-01-01 12:18:51.000	39762	347	-4815	0	91.79	3	1	50	106	15	(3,-38)
1	2026-01-01 12:18:52.000	39797	296	-4784	0	72.01	3	1	50	106	15	(2,-37)
1	2026-01-01 12:18:53.000	39832	282	-4874	0	51.56	4	2	50	106	15	(2,-38)
1	2026-01-01 12:18:54.000	39867	186	-4897	0	40.82	2	4	50	106	15	(1,-38)
1	2026-01-01 12:18:55.000	39902	267	-4910	0	7.74	3	5	50	106	15	(2,-38)
1	2026-01-01 12:18:56.000	39937	196	-5005	0	35.7	3	7	50	106	15	(2,-39)
1	2026-01-01 12:18:57.000	39972	281	-5102	0	56.99	1	5	50	106	15	(2,-40)
1	2026-01-01 12:18:58.000	40007	337	-5171	0	17.04	1	3	50	106	11	(3,-40)
1	2026-01-01 12:18:59.000	40042	249	-5088	0	339.19	0	2	50	106	11	(2,-40)
1	2026-01-01 12:19:00.000	40077	164	-5075	0	310.83	0	4	50	106	11	(1,-40)
1	2026-01-01 12:19:01.000	40112	111	-5093	0	333.9	-2	3	50	106	11	(1,-40)
1	2026-01-01 12:19:02.000	40147	199	-5132	0	336.65	-2	3	50	106	8	(2,-40)
1	2026-01-01 12:19:03.000	40182	292	-5122	0	298.85	-4	5	50	106	8	(2,-40)
1	2026-01-01 12:19:04.000	40217	365	-5206	0	305.07	-4	7	50	106	8	(3,-41)
1	2026-01-01 12:19:05.000	40252	323	-5156	0	275.42	-2	6	50	106	8	(3,-40)
1	2026-01-01 12:19:06.000	40287	262	-5220	0	296.83	-1	7	50	106	8	(2,-41)
1	2026-01-01 12:19:07.000	40322	273	-5151	0	333.31	-1	5	42	106	30	(2,-40)
1	2026-01-01 12:19:08.000	40357	313	-5180	0	308.81	-2	5	42	106	30	(2,-40)
1	2026-01-01 12:19:09.000	40392	295	-5100	0	306.71	-4	3	42	106	27	(2,-40)
1	2026-01-01 12:19:10.000	40427	370	-5042	0	300.32	-4	3	42	106	27	(3,-39)
1	2026-01-01 12:19:11.000	40462	274	-5028	0	288.62	-3	1	42	106	27	(2,-39)
1	2026-01-01 12:19:12.000	40497	316	-5041	0	295.57	-2	1	42	106	27	(2,-39)
1	2026-01-01 12:19:13.000	40532	276	-5078	0	294.55	0	3	40	106	27	(2,-40)
1	2026-01-01 12:19:14.000	40567	291	-5079	0	319.51	0	1	40	106	27	(2,-40)
1	2026-01-01 12:19:15.000	40602	349	-5056	0	325.08	0	1	40	106	27	(3,-40)
1	2026-01-01 12:19:16.000	40637	403	-5126	0	306.69	-1	3	40	106	27	(3,-40)
1	2026-01-01 12:19:17.000	40672	355	-5190	56	288.34	-1	3	40	106	27	(3,-41)
1	2026-01-01 12:19:18.000	40707	449	-5210	56	253.04	1	4	40	106	27	(4,-41)
1	2026-01-01 12:19:19.000	40742	432	-5169	56	250.97	-1	2	40	106	27	(3,-40)
1	2026-01-01 12:19:20.000	40777	496	-5197	56	235.14	1	0	40	106	27	(4,-41)
1	2026-01-01 12:19:21.000	40812	422	-5164	56	204.84	0	-1	40	106	27	(3,-40)
1	2026-01-01 12:19:22.000	40847	337	-5130	56	197.31	1	1	40	106	27	(3,-40)
1	2026-01-01 12:19:23.000	40882	298	-5216	56	210.34	1	0	40	106	27	(2,-41)
1	2026-01-01 12:19:24.000	40917	326	-5235	56	194.41	0	-1	40	106	27	(3,-41)
1	2026-01-01 12:19:25.000	40952	236	-5284	56	202.48	2	-3	40	106	27	(2,-41)
1	2026-01-01 12:19:26.000	40987	273	-5383	56	239.84	1	-4	40	106	27	(2,-42)
1	2026-01-01 12:19:27.000	41022	256	-5417	56	230.18	1	-5	40	106	27	(2,-42)
1	2026-01-01 12:19:28.000	41057	255	-5490	56	252.03	-1	-7	40	106	27	(2,-43)
1	2026-01-01 12:19:29.000	41092	273	-5577	56	265.34	-1	-7	40	106	25	(2,-44)
1	2026-01-01 12:19:30.000	41127	357	-5578	56	285.14	-2	-6	40	106	25	(3,-44)
1	2026-01-01 12:19:31.000	41162	414	-5651	56	319.73	-3	-8	40	106	25	(3,-44)
1	2026-01-01 12:19:32.000	41197	338	-5738	56	307.86	-1	-9	40	106	25	(3,-45)
1	2026-01-01 12:19:33.000	41232	315	-5802	56	286.5	-3	-10	40	106	25	(2,-45)
1	2026-01-01 12:19:34.000	41267	259	-5899	56	251.64	-5	-9	40	106	20	(2,-46)
1	2026-01-01 12:19:35.000	41302	175	-5898	128	267.66	-6	-10	40	106	20	(1,-46)
1	2026-01-01 12:19:36.000	41337	259	-5876	128	240.9	-6	-10	40	106	20	(2,-46)
1	2026-01-01 12:19:37.000	41372	270	-5833	128	281.59	-8	-8	40	106	20	(2,-46)
1	2026-01-01 12:19:38.000	41407	211	-5838	128	295.87	-7	-6	40	106	20	(2,-46)
1	2026-01-01 12:19:39.000	41442	307	-5864	128	264.16	-6	-6	40	106	17	(2,-46)
1	2026-01-01 12:19:40.000	41477	372	-5845	128	259.72	-6	-6	40	106	17	(3,-46)
1	2026-01-01 12:19:41.000	41512	433	-5755	128	229.07	-6	-4	40	106	13	(3,-45)
1	2026-01-01 12:19:42.000	41547	343	-5722	0	193.42	-4	-2	40	106	13	(3,-45)
1	2026-01-01 12:19:43.000	41582	344	-5689	0	207.54	-4	0	40	106	13	(3,-44)
1	2026-01-01 12:19:44.000	41617	427	-5789	0	242.92	-5	-1	40	106	13	(3,-45)
1	2026-01-01 12:19:45.000	41652	465	-5726	0	206.62	-5	-2	40	106	13	(4,-45)
1	2026-01-01 12:19:46.000	41687	395	-5718	0	246.65	-5	-1	35	106	13	(3,-45)
1	2026-01-01 12:19:47.000	41722	305	-5645	24	245.87	-3	1	35	106	13	(2,-44)
1	2026-01-01 12:19:48.000	41757	363	-5656	24	286.3	-2	3	35	106	10	(3,-44)
1	2026-01-01 12:19:49.000	41792	448	-5573	40	298.11	-4	2	35	106	10	(4,-44)
1	2026-01-01 12:19:50.000	41827	505	-5568	40	261.66	-3	1	35	106	8	(4,-44)
1	2026-01-01 12:19:51.000	41862	542	-5501	40	281.85	-1	2	35	106	8	(4,-43)
1	2026-01-01 12:19:52.000	41897	551	-5573	40	298.66	1	2	35	106	8	(4,-44)
1	2026-01-01 12:19:53.000	41932	462	-5596	40	270.1	0	3	35	106	8	(4,-44)
1	2026-01-01 12:19:54.000	41967	397	-5663	40	291.73	-2	2	35	106	3	(3,-44)
1	2026-01-01 12:19:55.000	42002	324	-5656	40	289.36	-2	4	35	106	3	(3,-44)
1	2026-01-01 12:19:56.000	42037	286	-5721	40	255.25	-1	6	35	106	3	(2,-45)
1	2026-01-01 12:19:57.000	42072	335	-5716	0	220.68	-3	5	35	106	2	(3,-45)
1	2026-01-01 12:19:58.000	42107	370	-5814	0	202.98	-3	7	35	106	2	(3,-45)
1	2026-01-01 12:19:59.000	42142	314	-5815	0	207.75	-4	5	35	106	2	(2,-45)
2	2026-01-01 14:00:00.000	177	-87	69	0	347.93	-5	-3	87	100	44	(-1,1)
2	2026-01-01 14:00:01.000	212	-130	160	0	24.6	-4	-1	87	100	44	(-1,1)
2	2026-01-01 14:00:02.000	247	-103	257	0	346.36	-2	-1	87	100	44	(-1,2)
2	2026-01-01 14:00:03.000	282	-132	275	0	359.87	-2	0	87	100	44	(-1,2)
2	2026-01-01 14:00:04.000	317	-39	351	0	7.93	-1	1	87	100	44	(0,3)
2	2026-01-01 14:00:05.000	352	-7	408	0	19.76	-1	3	87	100	44	(0,3)
2	2026-01-01 14:00:06.000	387	-59	397	0	62.27	-2	5	87	100	44	(0,3)
2	2026-01-01 14:00:07.000	422	38	473	0	43.82	0	4	87	100	44	(0,4)
2	2026-01-01 14:00:08.000	457	-10	526	0	69.91	0	3	87	100	44	(0,4)
2	2026-01-01 14:00:09.000	492	27	513	0	38.08	2	4	87	100	42	(0,4)
2	2026-01-01 14:00:10.000	527	43	553	0	45.61	2	5	87	100	42	(0,4)
2	2026-01-01 14:00:11.000	562	42	533	0	11.36	3	6	87	100	42	(0,4)
2	2026-01-01 14:00:12.000	597	142	457	0	49.67	3	5	100	100	42	(1,4)
2	2026-01-01 14:00:13.000	632	103	416	0	24.51	3	6	100	100	37	(1,3)
2	2026-01-01 14:00:14.000	667	101	368	0	28.27	2	5	100	100	37	(1,3)
2	2026-01-01 14:00:15.000	702	62	385	0	38.13	3	4	95	100	37	(0,3)
2	2026-01-01 14:00:16.000	737	21	310	0	69.39	4	3	95	100	50	(0,2)
2	2026-01-01 14:00:17.000	772	32	344	40	55.19	3	4	95	100	50	(0,3)
2	2026-01-01 14:00:18.000	807	35	297	40	29.81	4	3	95	100	50	(0,2)
2	2026-01-01 14:00:19.000	842	100	375	40	350.63	6	2	95	100	50	(1,3)
2	2026-01-01 14:00:20.000	877	111	340	40	336.97	7	0	95	100	50	(1,3)
2	2026-01-01 14:00:21.000	912	20	337	40	324.78	9	-1	95	100	49	(0,3)
2	2026-01-01 14:00:22.000	947	-42	312	40	292.53	9	0	95	100	48	(0,2)
2	2026-01-01 14:00:23.000	982	-69	352	40	289.85	10	-1	95	100	47	(-1,3)
2	2026-01-01 14:00:24.000	1017	-138	451	40	286.48	9	1	95	100	45	(-1,4)
2	2026-01-01 14:00:25.000	1052	-110	480	40	322.01	10	-1	95	100	45	(-1,4)
2	2026-01-01 14:00:26.000	1087	-148	496	40	292.78	10	0	95	100	50	(-1,4)
2	2026-01-01 14:00:27.000	1122	-75	589	40	283.33	10	1	95	100	50	(-1,5)
2	2026-01-01 14:00:28.000	1157	-41	593	40	253.35	10	1	95	100	50	(0,5)
2	2026-01-01 14:00:29.000	1192	-45	569	40	241.98	10	2	95	100	50	(0,4)
2	2026-01-01 14:00:30.000	1227	-44	531	40	209.78	9	2	95	100	50	(0,4)
2	2026-01-01 14:00:31.000	1262	-131	493	40	250.08	8	3	95	100	50	(-1,4)
2	2026-01-01 14:00:32.000	1297	-78	468	40	237.01	9	1	95	100	50	(-1,4)
2	2026-01-01 14:00:33.000	1332	-176	393	40	205.14	10	0	95	100	46	(-1,3)
2	2026-01-01 14:00:34.000	1367	-188	452	40	189.53	10	1	95	100	46	(-1,4)
2	2026-01-01 14:00:35.000	1402	-159	369	40	234.41	10	3	95	100	46	(-1,3)
2	2026-01-01 14:00:36.000	1437	-102	367	40	214.23	9	1	95	100	46	(-1,3)
2	2026-01-01 14:00:37.000	1472	-62	412	40	192.19	8	2	93	100	46	(0,3)
2	2026-01-01 14:00:38.000	1507	-133	332	40	207.44	7	3	93	100	46	(-1,3)
2	2026-01-01 14:00:39.000	1542	-72	402	40	191.83	9	3	93	100	46	(-1,3)
2	2026-01-01 14:00:40.000	1577	-61	425	40	171.33	8	1	93	100	46	(0,3)
2	2026-01-01 14:00:41.000	1612	-124	467	40	146.45	8	-1	93	100	46	(-1,4)
2	2026-01-01 14:00:42.000	1647	-117	512	0	131.26	9	0	93	100	46	(-1,4)
2	2026-01-01 14:00:43.000	1682	-178	518	32	128.85	10	1	93	100	46	(-1,4)
2	2026-01-01 14:00:44.000	1717	-218	491	32	105.74	10	2	93	100	45	(-2,4)
2	2026-01-01 14:00:45.000	1752	-180	500	0	105.08	8	1	93	106	45	(-1,4)
2	2026-01-01 14:00:46.000	1787	-258	410	0	74.95	8	3	93	106	43	(-2,3)
2	2026-01-01 14:00:47.000	1822	-331	378	0	83.35	9	4	93	106	43	(-3,3)
2	2026-01-01 14:00:48.000	1857	-304	433	0	58.49	10	2	93	106	43	(-2,3)
2	2026-01-01 14:00:49.000	1892	-237	513	0	86.81	10	2	93	106	43	(-2,4)
2	2026-01-01 14:00:50.000	1927	-317	428	0	94.7	9	0	93	106	43	(-2,3)
2	2026-01-01 14:00:51.000	1962	-234	451	0	88.88	10	-1	93	106	43	(-2,4)
2	2026-01-01 14:00:52.000	1997	-241	391	0	79.05	10	-3	93	106	43	(-2,3)
2	2026-01-01 14:00:53.000	2032	-226	325	0	107.47	10	-3	93	106	43	(-2,3)
2	2026-01-01 14:00:54.000	2067	-220	248	0	106.29	9	-3	93	106	43	(-2,2)
2	2026-01-01 14:00:55.000	2102	-311	345	0	62.12	8	-2	93	106	43	(-2,3)
2	2026-01-01 14:00:56.000	2137	-374	330	0	78.35	7	-3	93	106	43	(-3,3)
2	2026-01-01 14:00:57.000	2172	-277	417	0	105.38	6	-2	93	106	50	(-2,3)
2	2026-01-01 14:00:58.000	2207	-259	472	0	111.85	7	-1	93	106	50	(-2,4)
2	2026-01-01 14:00:59.000	2242	-258	439	0	67.24	9	-1	99	106	50	(-2,3)
2	2026-01-01 14:01:00.000	2277	-219	445	0	23.71	9	1	99	106	50	(-2,3)
2	2026-01-01 14:01:01.000	2312	-183	514	0	28.42	10	0	99	106	50	(-1,4)
2	2026-01-01 14:01:02.000	2347	-263	498	0	41.63	8	1	99	106	50	(-2,4)
2	2026-01-01 14:01:03.000	2382	-254	450	0	62.26	9	0	99	106	50	(-2,4)
2	2026-01-01 14:01:04.000	2417	-354	411	0	23.2	8	-2	99	106	50	(-3,3)
2	2026-01-01 14:01:05.000	2452	-324	342	0	21.51	10	-1	99	106	50	(-3,3)
2	2026-01-01 14:01:06.000	2487	-266	438	0	344.29	10	-3	99	106	50	(-2,3)
2	2026-01-01 14:01:07.000	2522	-279	437	0	10.63	10	-5	99	106	50	(-2,3)
2	2026-01-01 14:01:08.000	2557	-189	395	0	40.73	10	-7	99	106	50	(-1,3)
2	2026-01-01 14:01:09.000	2592	-241	295	32	47.12	8	-6	99	106	50	(-2,2)
2	2026-01-01 14:01:10.000	2627	-208	338	32	71.07	6	-4	99	106	49	(-2,3)
2	2026-01-01 14:01:11.000	2662	-229	375	32	100.06	6	-5	99	106	49	(-2,3)
2	2026-01-01 14:01:12.000	2697	-258	362	32	131.54	7	-6	99	106	50	(-2,3)
2	2026-01-01 14:01:13.000	2732	-176	285	32	164.8	7	-7	99	106	50	(-1,2)
2	2026-01-01 14:01:14.000	2767	-129	239	-8	172.2	5	-8	99	106	50	(-1,2)
2	2026-01-01 14:01:15.000	2802	-53	278	-8	153.95	7	-6	99	106	50	(0,2)
2	2026-01-01 14:01:16.000	2837	36	191	-16	121.27	7	-6	99	106	50	(0,1)
2	2026-01-01 14:01:17.000	2872	-1	111	-16	106.33	9	-4	99	106	50	(0,1)
2	2026-01-01 14:01:18.000	2907	87	185	-16	107.2	8	-5	94	106	50	(1,1)
2	2026-01-01 14:01:19.000	2942	143	255	-16	97.16	9	-6	94	106	50	(1,2)
2	2026-01-01 14:01:20.000	2977	223	262	-16	75.11	10	-8	92	106	50	(2,2)
2	2026-01-01 14:01:21.000	3012	294	225	0	42.03	10	-10	92	106	50	(2,2)
2	2026-01-01 14:01:22.000	3047	360	178	0	61.58	10	-10	90	106	50	(3,1)
2	2026-01-01 14:01:23.000	3082	365	174	0	75.94	10	-10	90	106	50	(3,1)
2	2026-01-01 14:01:24.000	3117	390	144	0	70.31	9	-9	90	106	50	(3,1)
2	2026-01-01 14:01:25.000	3152	318	117	0	37.97	8	-8	90	106	50	(2,1)
2	2026-01-01 14:01:26.000	3187	269	193	0	70.72	7	-7	90	106	50	(2,2)
2	2026-01-01 14:01:27.000	3222	225	234	0	71.59	8	-6	90	106	50	(2,2)
2	2026-01-01 14:01:28.000	3257	130	150	0	77.64	8	-5	90	106	50	(1,1)
2	2026-01-01 14:01:29.000	3292	165	96	0	89.11	10	-3	89	106	50	(1,1)
2	2026-01-01 14:01:30.000	3327	252	74	0	108.99	9	-5	89	106	50	(2,1)
2	2026-01-01 14:01:31.000	3362	176	71	0	106.46	10	-5	89	106	50	(1,1)
2	2026-01-01 14:01:32.000	3397	219	-25	0	123.54	9	-4	89	106	50	(2,0)
2	2026-01-01 14:01:33.000	3432	293	15	0	118.25	7	-6	89	106	50	(2,0)
2	2026-01-01 14:01:34.000	3467	308	-32	0	81.66	7	-4	89	106	50	(2,0)
2	2026-01-01 14:01:35.000	3502	329	44	0	61.6	6	-6	89	106	50	(3,0)
2	2026-01-01 14:01:36.000	3537	251	72	0	69.06	6	-8	89	106	50	(2,1)
2	2026-01-01 14:01:37.000	3572	311	118	0	25.98	4	-10	89	106	50	(2,1)
2	2026-01-01 14:01:38.000	3607	328	33	0	40.53	3	-10	89	106	50	(3,0)
2	2026-01-01 14:01:39.000	3642	267	109	0	1.23	3	-9	89	106	50	(2,1)
2	2026-01-01 14:01:40.000	3677	221	27	0	330.06	1	-10	89	106	50	(2,0)
2	2026-01-01 14:01:41.000	3712	205	42	0	299.23	3	-8	89	106	50	(2,0)
2	2026-01-01 14:01:42.000	3747	171	97	0	273.5	3	-8	89	106	50	(1,1)
2	2026-01-01 14:01:43.000	3782	248	29	0	309.58	5	-10	89	106	50	(2,0)
2	2026-01-01 14:01:44.000	3817	280	-25	0	313.09	4	-10	89	106	50	(2,0)
2	2026-01-01 14:01:45.000	3852	266	9	0	316.47	6	-10	89	106	50	(2,0)
2	2026-01-01 14:01:46.000	3887	298	-54	0	327.71	5	-10	89	106	50	(2,0)
2	2026-01-01 14:01:47.000	3922	383	-147	0	290.23	3	-10	89	106	50	(3,-1)
2	2026-01-01 14:01:48.000	3957	448	-152	0	250.39	4	-8	89	106	50	(4,-1)
2	2026-01-01 14:01:49.000	3992	540	-178	0	228.86	6	-8	89	106	50	(4,-1)
2	2026-01-01 14:01:50.000	4027	568	-119	0	254.81	5	-8	89	106	47	(4,-1)
2	2026-01-01 14:01:51.000	4062	630	-132	0	217.79	6	-8	89	106	47	(5,-1)
2	2026-01-01 14:01:52.000	4097	612	-138	0	232.31	8	-9	89	106	47	(5,-1)
2	2026-01-01 14:01:53.000	4132	565	-177	0	224.22	6	-8	89	106	47	(4,-1)
2	2026-01-01 14:01:54.000	4167	497	-261	0	184.69	8	-9	89	106	47	(4,-2)
2	2026-01-01 14:01:55.000	4202	557	-174	0	162.97	6	-9	89	106	47	(4,-1)
2	2026-01-01 14:01:56.000	4237	622	-258	0	153.94	5	-7	89	106	47	(5,-2)
2	2026-01-01 14:01:57.000	4272	598	-318	0	110.8	5	-6	89	106	47	(5,-2)
2	2026-01-01 14:01:58.000	4307	616	-408	0	139.79	5	-8	89	106	47	(5,-3)
2	2026-01-01 14:01:59.000	4342	619	-450	0	159.69	3	-9	89	106	47	(5,-4)
2	2026-01-01 14:02:00.000	4377	597	-445	0	185.98	4	-8	89	106	45	(5,-3)
2	2026-01-01 14:02:01.000	4412	639	-367	0	186.07	4	-9	89	106	45	(5,-3)
2	2026-01-01 14:02:02.000	4447	613	-292	0	198.58	4	-10	89	106	45	(5,-2)
2	2026-01-01 14:02:03.000	4482	663	-312	0	233.1	6	-10	89	106	45	(5,-2)
2	2026-01-01 14:02:04.000	4517	702	-400	0	242.68	7	-10	89	106	45	(5,-3)
2	2026-01-01 14:02:05.000	4552	706	-492	0	262.78	6	-10	89	106	45	(6,-4)
2	2026-01-01 14:02:06.000	4587	710	-393	0	267.51	7	-8	89	106	50	(6,-3)
2	2026-01-01 14:02:07.000	4622	638	-353	0	234.02	7	-7	89	106	50	(5,-3)
2	2026-01-01 14:02:08.000	4657	568	-268	0	270.73	7	-5	89	106	50	(4,-2)
2	2026-01-01 14:02:09.000	4692	622	-350	0	298.5	5	-5	89	106	50	(5,-3)
2	2026-01-01 14:02:10.000	4727	672	-415	0	321.59	5	-7	89	106	50	(5,-3)
2	2026-01-01 14:02:11.000	4762	657	-429	-8	314.23	6	-7	89	106	50	(5,-3)
2	2026-01-01 14:02:12.000	4797	756	-443	-8	290.62	6	-9	89	106	48	(6,-3)
2	2026-01-01 14:02:13.000	4832	705	-529	-8	292.44	4	-10	89	106	46	(6,-4)
2	2026-01-01 14:02:14.000	4867	795	-575	-8	256.44	2	-10	89	106	46	(6,-4)
2	2026-01-01 14:02:15.000	4902	819	-515	-8	287.71	4	-10	89	106	46	(6,-4)
2	2026-01-01 14:02:16.000	4937	780	-538	64	323.38	2	-10	89	106	46	(6,-4)
2	2026-01-01 14:02:17.000	4972	784	-627	64	297.46	4	-10	89	106	50	(6,-5)
2	2026-01-01 14:02:18.000	5007	828	-579	64	316.14	6	-10	81	106	50	(6,-5)
2	2026-01-01 14:02:19.000	5042	887	-519	64	309.0	8	-8	81	106	50	(7,-4)
2	2026-01-01 14:02:20.000	5077	920	-544	64	277.07	9	-10	81	106	50	(7,-4)
2	2026-01-01 14:02:21.000	5112	965	-486	64	303.38	10	-10	81	106	50	(8,-4)
2	2026-01-01 14:02:22.000	5147	968	-442	64	308.76	9	-9	81	106	50	(8,-3)
2	2026-01-01 14:02:23.000	5182	1032	-429	64	279.41	10	-10	81	106	50	(8,-3)
2	2026-01-01 14:02:24.000	5217	1065	-494	64	293.57	10	-10	76	106	50	(8,-4)
2	2026-01-01 14:02:25.000	5252	1121	-483	64	279.29	9	-8	76	106	50	(9,-4)
2	2026-01-01 14:02:26.000	5287	1221	-443	64	268.71	9	-10	76	106	50	(10,-3)
2	2026-01-01 14:02:27.000	5322	1256	-463	64	275.14	8	-10	76	106	50	(10,-4)
2	2026-01-01 14:02:28.000	5357	1225	-403	64	311.05	8	-8	94	106	50	(10,-3)
2	2026-01-01 14:02:29.000	5392	1139	-474	64	341.09	9	-10	94	106	50	(9,-4)
2	2026-01-01 14:02:30.000	5427	1055	-478	64	343.59	7	-10	94	106	50	(8,-4)
2	2026-01-01 14:02:31.000	5462	1005	-429	64	24.04	6	-8	94	106	50	(8,-3)
2	2026-01-01 14:02:32.000	5497	1058	-457	64	14.2	7	-7	94	106	50	(8,-4)
2	2026-01-01 14:02:33.000	5532	981	-367	64	47.72	5	-5	94	106	50	(8,-3)
2	2026-01-01 14:02:34.000	5567	886	-366	64	87.02	3	-5	94	106	48	(7,-3)
2	2026-01-01 14:02:35.000	5602	969	-423	64	60.25	3	-5	94	106	48	(8,-3)
2	2026-01-01 14:02:36.000	5637	889	-369	64	29.96	2	-7	94	106	48	(7,-3)
2	2026-01-01 14:02:37.000	5672	877	-373	64	355.87	4	-5	94	106	46	(7,-3)
2	2026-01-01 14:02:38.000	5707	813	-372	0	337.33	4	-7	94	106	46	(6,-3)
2	2026-01-01 14:02:39.000	5742	849	-445	0	15.82	5	-6	94	106	44	(7,-3)
2	2026-01-01 14:02:40.000	5777	886	-499	0	340.03	6	-4	94	106	44	(7,-4)
2	2026-01-01 14:02:41.000	5812	845	-405	0	333.37	8	-3	94	106	44	(7,-3)
2	2026-01-01 14:02:42.000	5847	752	-419	0	308.98	8	-2	94	106	44	(6,-3)
2	2026-01-01 14:02:43.000	5882	774	-340	0	269.47	6	-1	94	106	50	(6,-3)
2	2026-01-01 14:02:44.000	5917	710	-419	0	283.78	7	1	94	106	50	(6,-3)
2	2026-01-01 14:02:45.000	5952	808	-434	0	287.29	7	-1	94	106	50	(6,-3)
2	2026-01-01 14:02:46.000	5987	854	-499	0	271.76	6	-3	94	106	50	(7,-4)
2	2026-01-01 14:02:47.000	6022	909	-461	0	252.75	7	-1	91	106	50	(7,-4)
2	2026-01-01 14:02:48.000	6057	919	-377	0	261.59	6	1	91	106	50	(7,-3)
2	2026-01-01 14:02:49.000	6092	980	-461	0	274.85	8	3	91	106	50	(8,-4)
2	2026-01-01 14:02:50.000	6127	971	-516	0	251.02	9	1	91	106	50	(8,-4)
2	2026-01-01 14:02:51.000	6162	968	-417	0	213.04	10	1	91	106	50	(8,-3)
2	2026-01-01 14:02:52.000	6197	979	-388	0	212.79	10	3	91	106	50	(8,-3)
2	2026-01-01 14:02:53.000	6232	1053	-354	0	167.85	10	3	91	106	50	(8,-3)
2	2026-01-01 14:02:54.000	6267	1050	-268	0	178.61	10	4	91	106	50	(8,-2)
2	2026-01-01 14:02:55.000	6302	1018	-304	0	150.04	10	4	91	106	50	(8,-2)
2	2026-01-01 14:02:56.000	6337	1092	-268	0	171.58	9	3	91	106	50	(9,-2)
2	2026-01-01 14:02:57.000	6372	1079	-265	24	141.38	10	1	91	106	50	(8,-2)
2	2026-01-01 14:02:58.000	6407	1126	-322	24	132.71	10	0	91	106	50	(9,-3)
2	2026-01-01 14:02:59.000	6442	1169	-241	24	122.92	10	-2	91	106	50	(9,-2)
2	2026-01-01 14:03:00.000	6477	1262	-217	24	147.49	10	-2	91	106	50	(10,-2)
2	2026-01-01 14:03:01.000	6512	1190	-194	24	156.4	10	-4	91	106	50	(9,-2)
2	2026-01-01 14:03:02.000	6547	1190	-216	24	119.34	10	-5	91	106	50	(9,-2)
2	2026-01-01 14:03:03.000	6582	1211	-130	24	150.46	9	-4	91	106	50	(9,-1)
2	2026-01-01 14:03:04.000	6617	1183	-33	32	176.79	8	-6	91	106	50	(9,0)
2	2026-01-01 14:03:05.000	6652	1237	54	32	206.93	10	-8	85	106	50	(10,0)
2	2026-01-01 14:03:06.000	6687	1221	96	32	234.75	9	-9	85	106	50	(10,1)
2	2026-01-01 14:03:07.000	6722	1234	67	32	216.62	10	-7	85	106	50	(10,1)
2	2026-01-01 14:03:08.000	6757	1242	60	32	243.32	10	-5	85	106	50	(10,0)
2	2026-01-01 14:03:09.000	6792	1227	-34	32	210.57	8	-4	85	106	50	(10,0)
2	2026-01-01 14:03:10.000	6827	1187	-101	32	223.41	7	-6	85	106	50	(9,-1)
2	2026-01-01 14:03:11.000	6862	1220	-149	32	235.42	8	-8	85	106	50	(10,-1)
2	2026-01-01 14:03:12.000	6897	1278	-66	32	234.57	9	-6	85	106	50	(10,-1)
2	2026-01-01 14:03:13.000	6932	1216	25	32	190.15	9	-5	85	106	50	(10,0)
2	2026-01-01 14:03:14.000	6967	1160	106	32	194.05	10	-6	85	106	50	(9,1)
2	2026-01-01 14:03:15.000	7002	1219	29	32	154.36	8	-6	85	106	50	(10,0)
2	2026-01-01 14:03:16.000	7037	1255	-29	32	178.38	8	-8	85	106	50	(10,0)
2	2026-01-01 14:03:17.000	7072	1298	31	32	157.29	8	-8	85	106	46	(10,0)
2	2026-01-01 14:03:18.000	7107	1384	-43	32	147.61	10	-9	85	106	44	(11,0)
2	2026-01-01 14:03:19.000	7142	1451	6	32	189.61	9	-7	85	106	44	(11,0)
2	2026-01-01 14:03:20.000	7177	1376	93	32	183.05	10	-8	85	106	44	(11,1)
2	2026-01-01 14:03:21.000	7212	1455	55	32	209.09	10	-8	85	106	44	(11,0)
2	2026-01-01 14:03:22.000	7247	1411	-4	32	236.83	10	-7	85	106	44	(11,0)
2	2026-01-01 14:03:23.000	7282	1357	10	32	246.16	10	-9	85	106	44	(11,0)
2	2026-01-01 14:03:24.000	7317	1451	44	32	283.12	10	-8	85	106	44	(11,0)
2	2026-01-01 14:03:25.000	7352	1384	-18	32	240.64	10	-9	85	106	44	(11,0)
2	2026-01-01 14:03:26.000	7387	1293	-107	32	219.52	9	-10	85	106	44	(10,-1)
2	2026-01-01 14:03:27.000	7422	1370	-18	32	239.5	9	-10	85	106	44	(11,0)
2	2026-01-01 14:03:28.000	7457	1274	-47	32	282.52	7	-10	85	106	44	(10,0)
2	2026-01-01 14:03:29.000	7492	1227	39	32	288.87	7	-10	85	106	44	(10,0)
2	2026-01-01 14:03:30.000	7527	1150	16	32	261.77	7	-10	85	106	44	(9,0)
2	2026-01-01 14:03:31.000	7562	1103	91	0	270.18	8	-10	85	106	44	(9,1)
2	2026-01-01 14:03:32.000	7597	1122	183	0	284.6	9	-9	85	106	39	(9,1)
2	2026-01-01 14:03:33.000	7632	1207	170	0	299.15	10	-10	85	106	39	(9,1)
2	2026-01-01 14:03:34.000	7667	1217	167	0	284.51	10	-10	85	106	39	(10,1)
2	2026-01-01 14:03:35.000	7702	1142	90	0	265.11	10	-10	85	106	36	(9,1)
2	2026-01-01 14:03:36.000	7737	1115	86	0	231.7	9	-8	85	106	36	(9,1)
2	2026-01-01 14:03:37.000	7772	1069	169	0	246.73	7	-10	85	106	32	(8,1)
2	2026-01-01 14:03:38.000	7807	1077	160	0	251.2	7	-10	85	106	32	(8,1)
2	2026-01-01 14:03:39.000	7842	1013	183	0	289.92	6	-10	85	106	27	(8,1)
2	2026-01-01 14:03:40.000	7877	1023	192	0	322.49	7	-10	85	106	24	(8,2)
2	2026-01-01 14:03:41.000	7912	979	271	0	341.42	6	-10	85	106	24	(8,2)
2	2026-01-01 14:03:42.000	7947	987	249	0	352.48	7	-10	85	106	24	(8,2)
2	2026-01-01 14:03:43.000	7982	914	184	0	22.79	7	-9	85	106	24	(7,1)
2	2026-01-01 14:03:44.000	8017	820	272	0	49.12	5	-10	85	106	24	(6,2)
2	2026-01-01 14:03:45.000	8052	852	196	0	77.23	7	-10	85	106	24	(7,2)
2	2026-01-01 14:03:46.000	8087	802	226	0	36.05	8	-10	85	106	21	(6,2)
2	2026-01-01 14:03:47.000	8122	827	202	0	9.01	10	-10	78	106	21	(6,2)
2	2026-01-01 14:03:48.000	8157	836	282	0	2.66	10	-9	74	106	21	(7,2)
2	2026-01-01 14:03:49.000	8192	776	294	0	40.64	10	-8	74	106	19	(6,2)
2	2026-01-01 14:03:50.000	8227	684	208	0	83.82	10	-10	74	106	19	(5,2)
2	2026-01-01 14:03:51.000	8262	734	232	0	98.81	8	-9	74	106	19	(6,2)
2	2026-01-01 14:03:52.000	8297	827	311	0	131.02	6	-7	74	106	19	(6,2)
2	2026-01-01 14:03:53.000	8332	882	339	0	89.43	6	-5	74	106	19	(7,3)
2	2026-01-01 14:03:54.000	8367	947	255	0	62.31	7	-6	74	106	19	(7,2)
2	2026-01-01 14:03:55.000	8402	885	210	0	60.96	8	-8	74	106	19	(7,2)
2	2026-01-01 14:03:56.000	8437	956	261	0	69.52	7	-6	74	106	19	(7,2)
2	2026-01-01 14:03:57.000	8472	1025	196	0	26.89	6	-5	74	106	18	(8,2)
2	2026-01-01 14:03:58.000	8507	949	235	0	66.82	4	-5	74	106	18	(7,2)
2	2026-01-01 14:03:59.000	8542	886	163	0	29.34	6	-4	74	106	18	(7,1)
2	2026-01-01 14:04:00.000	8577	925	165	0	64.81	4	-6	74	106	18	(7,1)
2	2026-01-01 14:04:01.000	8612	937	194	0	53.45	3	-4	74	106	18	(7,2)
2	2026-01-01 14:04:02.000	8647	885	191	0	59.16	1	-5	74	106	18	(7,1)
2	2026-01-01 14:04:03.000	8682	827	244	0	74.5	3	-5	74	106	18	(6,2)
2	2026-01-01 14:04:04.000	8717	795	155	0	82.5	4	-7	74	106	14	(6,1)
2	2026-01-01 14:04:05.000	8752	740	179	0	63.07	6	-8	74	106	10	(6,1)
2	2026-01-01 14:04:06.000	8787	714	242	0	22.13	7	-9	74	106	10	(6,2)
2	2026-01-01 14:04:07.000	8822	620	210	0	17.91	9	-8	74	106	10	(5,2)
2	2026-01-01 14:04:08.000	8857	714	172	0	47.2	9	-6	74	106	10	(6,1)
2	2026-01-01 14:04:09.000	8892	750	250	0	47.37	10	-5	74	106	10	(6,2)
2	2026-01-01 14:04:10.000	8927	797	167	0	40.61	10	-3	74	106	10	(6,1)
2	2026-01-01 14:04:11.000	8962	866	260	0	84.45	9	-3	74	106	10	(7,2)
2	2026-01-01 14:04:12.000	8997	853	207	8	127.74	10	-5	74	106	10	(7,2)
2	2026-01-01 14:04:13.000	9032	945	184	8	127.34	10	-5	74	106	10	(7,1)
2	2026-01-01 14:04:14.000	9067	947	100	8	124.65	10	-4	74	106	10	(7,1)
2	2026-01-01 14:04:15.000	9102	1008	10	8	128.85	10	-2	74	106	9	(8,0)
2	2026-01-01 14:04:16.000	9137	934	-33	8	159.43	10	0	74	106	9	(7,0)
2	2026-01-01 14:04:17.000	9172	935	45	8	170.1	9	2	74	106	6	(7,0)
2	2026-01-01 14:04:18.000	9207	863	-24	8	180.33	9	0	74	106	6	(7,0)
2	2026-01-01 14:04:19.000	9242	852	-95	-8	141.66	10	-2	74	106	6	(7,-1)
2	2026-01-01 14:04:20.000	9277	933	-30	-8	107.98	9	-1	74	106	1	(7,0)
2	2026-01-01 14:04:21.000	9312	867	-54	-8	110.72	10	-1	74	106	1	(7,0)
2	2026-01-01 14:04:22.000	9347	878	-44	56	110.49	10	1	74	106	1	(7,0)
2	2026-01-01 14:04:23.000	9382	915	-137	56	116.9	10	1	74	106	15	(7,-1)
2	2026-01-01 14:04:24.000	9417	881	-134	56	150.73	9	1	74	106	11	(7,-1)
2	2026-01-01 14:04:25.000	9452	869	-176	56	189.01	10	3	74	106	11	(7,-1)
2	2026-01-01 14:04:26.000	9487	946	-108	56	186.67	10	4	74	106	11	(7,-1)
2	2026-01-01 14:04:27.000	9522	941	-80	56	215.04	8	2	79	106	6	(7,-1)
2	2026-01-01 14:04:28.000	9557	1023	-54	56	259.29	9	3	79	106	6	(8,0)
2	2026-01-01 14:04:29.000	9592	1037	-120	56	303.77	7	3	79	106	6	(8,-1)
2	2026-01-01 14:04:30.000	9627	1072	-156	56	279.36	5	2	79	106	6	(8,-1)
2	2026-01-01 14:04:31.000	9662	1113	-167	56	321.99	3	3	79	106	6	(9,-1)
2	2026-01-01 14:04:32.000	9697	1096	-203	56	309.58	2	5	79	106	6	(9,-2)
2	2026-01-01 14:04:33.000	9732	1185	-266	56	342.87	3	5	79	106	6	(9,-2)
2	2026-01-01 14:04:34.000	9767	1280	-178	56	3.65	5	7	79	106	6	(10,-1)
2	2026-01-01 14:04:35.000	9802	1350	-203	56	16.71	4	6	79	106	6	(11,-2)
2	2026-01-01 14:04:36.000	9837	1340	-121	56	332.84	2	7	79	106	6	(10,-1)
2	2026-01-01 14:04:37.000	9872	1338	-66	56	17.33	1	5	79	106	6	(10,-1)
2	2026-01-01 14:04:38.000	9907	1241	-157	56	49.54	0	5	79	106	6	(10,-1)
2	2026-01-01 14:04:39.000	9942	1158	-149	56	35.62	0	7	79	106	6	(9,-1)
2	2026-01-01 14:04:40.000	9977	1150	-73	56	356.56	-1	9	79	106	6	(9,-1)
2	2026-01-01 14:04:41.000	10012	1214	-21	56	322.66	-1	8	79	106	6	(9,0)
2	2026-01-01 14:04:42.000	10047	1264	14	56	323.96	1	9	79	106	6	(10,0)
2	2026-01-01 14:04:43.000	10082	1190	-16	56	354.54	0	10	79	106	6	(9,0)
2	2026-01-01 14:04:44.000	10117	1134	-48	56	321.44	1	10	79	106	6	(9,0)
2	2026-01-01 14:04:45.000	10152	1199	20	0	325.91	0	8	79	106	6	(9,0)
2	2026-01-01 14:04:46.000	10187	1153	-38	0	294.02	2	10	73	106	6	(9,0)
2	2026-01-01 14:04:47.000	10222	1060	-8	0	324.74	0	8	73	106	6	(8,0)
2	2026-01-01 14:04:48.000	10257	1055	-10	0	351.46	0	7	73	106	6	(8,0)
2	2026-01-01 14:04:49.000	10292	1085	83	0	310.72	-2	9	73	106	6	(8,1)
2	2026-01-01 14:04:50.000	10327	1158	8	0	268.86	0	9	73	106	6	(9,0)
2	2026-01-01 14:04:51.000	10362	1248	58	0	257.98	0	9	73	106	6	(10,0)
2	2026-01-01 14:04:52.000	10397	1166	-39	0	294.43	0	7	73	106	6	(9,0)
2	2026-01-01 14:04:53.000	10432	1180	-1	0	278.59	0	5	73	106	17	(9,0)
2	2026-01-01 14:04:54.000	10467	1220	-50	0	260.06	1	6	73	106	17	(10,0)
2	2026-01-01 14:04:55.000	10502	1258	-40	0	265.29	3	5	73	106	17	(10,0)
2	2026-01-01 14:04:56.000	10537	1165	-46	0	292.54	1	5	73	106	12	(9,0)
2	2026-01-01 14:04:57.000	10572	1098	-36	0	326.85	-1	3	73	106	12	(9,0)
2	2026-01-01 14:04:58.000	10607	1018	5	0	358.78	-3	3	73	106	12	(8,0)
2	2026-01-01 14:04:59.000	10642	948	22	0	357.58	-1	3	73	106	12	(7,0)
2	2026-01-01 14:05:00.000	10677	885	-7	0	320.85	1	5	73	106	12	(7,0)
2	2026-01-01 14:05:01.000	10712	804	8	0	280.66	3	7	73	106	12	(6,0)
2	2026-01-01 14:05:02.000	10747	878	-17	0	269.21	5	7	82	106	12	(7,0)
2	2026-01-01 14:05:03.000	10782	959	30	0	225.84	6	5	82	106	12	(7,0)
2	2026-01-01 14:05:04.000	10817	913	-36	0	205.9	7	4	82	106	12	(7,0)
2	2026-01-01 14:05:05.000	10852	827	-114	0	204.59	7	2	82	106	12	(6,-1)
2	2026-01-01 14:05:06.000	10887	826	-76	0	242.77	8	0	82	106	12	(6,-1)
2	2026-01-01 14:05:07.000	10922	755	-29	0	231.23	6	-2	82	106	10	(6,0)
2	2026-01-01 14:05:08.000	10957	713	-17	0	191.02	4	-2	82	106	35	(6,0)
2	2026-01-01 14:05:09.000	10992	742	29	0	216.69	4	-4	82	106	35	(6,0)
2	2026-01-01 14:05:10.000	11027	788	-17	0	249.56	6	-2	82	106	35	(6,0)
2	2026-01-01 14:05:11.000	11062	724	4	0	222.76	8	0	82	106	32	(6,0)
2	2026-01-01 14:05:12.000	11097	793	60	0	214.05	8	2	82	106	32	(6,0)
2	2026-01-01 14:05:13.000	11132	888	21	0	199.42	8	4	82	106	32	(7,0)
2	2026-01-01 14:05:14.000	11167	938	61	0	174.13	9	3	82	106	32	(7,0)
2	2026-01-01 14:05:15.000	11202	999	37	0	165.66	8	4	82	106	32	(8,0)
2	2026-01-01 14:05:16.000	11237	1057	22	0	152.38	8	5	82	106	32	(8,0)
2	2026-01-01 14:05:17.000	11272	984	-68	0	151.78	8	5	82	106	31	(8,-1)
2	2026-01-01 14:05:18.000	11307	983	-144	0	160.88	9	7	82	106	31	(8,-1)
2	2026-01-01 14:05:19.000	11342	1045	-238	0	152.43	8	6	82	106	31	(8,-2)
2	2026-01-01 14:05:20.000	11377	1115	-304	0	123.83	6	4	82	106	27	(9,-2)
2	2026-01-01 14:05:21.000	11412	1096	-376	0	109.18	4	2	82	106	27	(9,-3)
2	2026-01-01 14:05:22.000	11447	1082	-468	128	103.61	5	4	82	106	27	(8,-4)
2	2026-01-01 14:05:23.000	11482	1154	-475	128	116.56	5	6	82	106	27	(9,-4)
2	2026-01-01 14:05:24.000	11517	1251	-391	128	72.66	4	6	82	106	27	(10,-3)
2	2026-01-01 14:05:25.000	11552	1167	-473	128	76.51	6	6	82	106	27	(9,-4)
2	2026-01-01 14:05:26.000	11587	1155	-379	128	99.01	8	6	82	106	23	(9,-3)
2	2026-01-01 14:05:27.000	11622	1058	-315	128	55.74	10	8	82	106	23	(8,-2)
2	2026-01-01 14:05:28.000	11657	1157	-237	128	91.33	10	6	82	106	23	(9,-2)
2	2026-01-01 14:05:29.000	11692	1205	-159	128	133.02	10	6	82	106	23	(9,-1)
2	2026-01-01 14:05:30.000	11727	1146	-97	128	119.33	8	5	82	106	23	(9,-1)
2	2026-01-01 14:05:31.000	11762	1093	-48	128	79.83	10	5	82	106	23	(9,0)
2	2026-01-01 14:05:32.000	11797	1181	-140	128	86.25	8	3	82	106	23	(9,-1)
2	2026-01-01 14:05:33.000	11832	1211	-176	128	63.12	10	4	82	106	23	(9,-1)
2	2026-01-01 14:05:34.000	11867	1227	-191	128	86.0	10	4	82	106	23	(10,-1)
2	2026-01-01 14:05:35.000	11902	1324	-183	128	69.05	10	6	82	106	37	(10,-1)
2	2026-01-01 14:05:36.000	11937	1314	-150	128	40.84	10	6	82	106	37	(10,-1)
2	2026-01-01 14:05:37.000	11972	1271	-68	0	63.52	10	5	82	106	37	(10,-1)
2	2026-01-01 14:05:38.000	12007	1202	-35	0	70.07	10	7	76	106	37	(9,0)
2	2026-01-01 14:05:39.000	12042	1242	5	0	32.41	10	7	76	106	37	(10,0)
2	2026-01-01 14:05:40.000	12077	1153	86	0	351.94	10	9	76	106	37	(9,1)
2	2026-01-01 14:05:41.000	12112	1208	25	0	352.71	10	10	76	106	37	(9,0)
2	2026-01-01 14:05:42.000	12147	1143	-32	0	12.72	8	10	73	106	37	(9,0)
2	2026-01-01 14:05:43.000	12182	1212	-93	8	333.05	7	9	73	106	37	(9,-1)
2	2026-01-01 14:05:44.000	12217	1219	-101	8	340.0	5	7	73	106	37	(10,-1)
2	2026-01-01 14:05:45.000	12252	1301	-23	8	308.44	3	7	73	106	37	(10,0)
2	2026-01-01 14:05:46.000	12287	1211	75	8	331.77	3	6	73	106	36	(9,1)
2	2026-01-01 14:05:47.000	12322	1223	91	8	328.14	5	5	73	106	36	(10,1)
2	2026-01-01 14:05:48.000	12357	1229	165	8	2.65	7	3	73	106	36	(10,1)
2	2026-01-01 14:05:49.000	12392	1159	72	8	341.38	9	2	73	106	36	(9,1)
2	2026-01-01 14:05:50.000	12427	1166	96	40	297.64	8	0	73	106	36	(9,1)
2	2026-01-01 14:05:51.000	12462	1125	175	40	288.1	6	1	73	106	36	(9,1)
2	2026-01-01 14:05:52.000	12497	1192	84	40	282.79	6	1	73	106	36	(9,1)
2	2026-01-01 14:05:53.000	12532	1257	138	40	271.71	4	1	73	106	33	(10,1)
2	2026-01-01 14:05:54.000	12567	1262	208	40	239.08	4	0	73	106	33	(10,2)
2	2026-01-01 14:05:55.000	12602	1298	296	40	238.45	6	-2	73	106	33	(10,2)
2	2026-01-01 14:05:56.000	12637	1366	349	40	244.83	6	-4	73	106	33	(11,3)
2	2026-01-01 14:05:57.000	12672	1313	342	40	259.84	6	-3	73	106	31	(10,3)
2	2026-01-01 14:05:58.000	12707	1340	345	40	217.35	6	-1	73	106	31	(10,3)
2	2026-01-01 14:05:59.000	12742	1356	347	40	225.17	7	-1	73	106	31	(11,3)
2	2026-01-01 14:06:00.000	12777	1367	341	40	230.96	7	-2	73	106	31	(11,3)
2	2026-01-01 14:06:01.000	12812	1338	273	40	193.07	8	-3	73	106	31	(10,2)
2	2026-01-01 14:06:02.000	12847	1260	260	40	164.76	8	-1	73	106	31	(10,2)
2	2026-01-01 14:06:03.000	12882	1163	276	40	198.07	6	-2	73	106	31	(9,2)
2	2026-01-01 14:06:04.000	12917	1233	243	40	211.63	6	-4	73	106	31	(10,2)
2	2026-01-01 14:06:05.000	12952	1316	157	40	207.38	6	-5	73	106	44	(10,1)
2	2026-01-01 14:06:06.000	12987	1307	99	40	175.17	7	-3	73	106	44	(10,1)
2	2026-01-01 14:06:07.000	13022	1396	44	40	169.13	7	-3	73	106	44	(11,0)
2	2026-01-01 14:06:08.000	13057	1460	-15	40	202.41	8	-4	73	106	44	(11,0)
2	2026-01-01 14:06:09.000	13092	1475	-82	40	209.36	9	-3	73	106	44	(12,-1)
2	2026-01-01 14:06:10.000	13127	1414	-70	32	248.28	7	-3	73	106	44	(11,-1)
2	2026-01-01 14:06:11.000	13162	1330	-91	32	220.05	6	-4	73	106	44	(10,-1)
2	2026-01-01 14:06:12.000	13197	1425	-90	32	222.67	4	-5	73	106	44	(11,-1)
2	2026-01-01 14:06:13.000	13232	1457	8	32	212.84	4	-6	73	106	44	(11,0)
2	2026-01-01 14:06:14.000	13267	1514	-2	32	242.29	3	-6	73	106	44	(12,0)
2	2026-01-01 14:06:15.000	13302	1462	31	32	251.59	2	-4	73	106	44	(11,0)
2	2026-01-01 14:06:16.000	13337	1395	-11	32	244.68	2	-5	73	106	44	(11,0)
2	2026-01-01 14:06:17.000	13372	1450	16	32	270.6	1	-4	73	106	40	(11,0)
2	2026-01-01 14:06:18.000	13407	1440	81	32	301.67	2	-6	73	106	40	(11,1)
2	2026-01-01 14:06:19.000	13442	1521	176	32	280.27	3	-5	73	106	40	(12,1)
2	2026-01-01 14:06:20.000	13477	1457	117	32	318.03	2	-6	73	106	40	(11,1)
2	2026-01-01 14:06:21.000	13512	1540	187	32	2.21	4	-7	73	106	40	(12,1)
2	2026-01-01 14:06:22.000	13547	1535	254	32	321.65	4	-8	73	106	40	(12,2)
2	2026-01-01 14:06:23.000	13582	1449	223	32	312.36	2	-6	67	106	40	(11,2)
2	2026-01-01 14:06:24.000	13617	1431	161	32	268.58	0	-4	67	106	40	(11,1)
2	2026-01-01 14:06:25.000	13652	1515	182	32	282.7	-1	-2	67	106	40	(12,1)
2	2026-01-01 14:06:26.000	13687	1509	104	32	276.23	-2	-4	67	106	50	(12,1)
2	2026-01-01 14:06:27.000	13722	1560	58	32	284.41	0	-3	67	106	50	(12,0)
2	2026-01-01 14:06:28.000	13757	1630	-39	32	245.81	1	-4	67	106	48	(13,0)
2	2026-01-01 14:06:29.000	13792	1633	-21	32	248.69	2	-2	67	106	48	(13,0)
2	2026-01-01 14:06:30.000	13827	1553	33	32	292.35	3	-3	67	106	48	(12,0)
2	2026-01-01 14:06:31.000	13862	1612	54	32	305.74	5	-1	67	106	48	(13,0)
2	2026-01-01 14:06:32.000	13897	1541	108	32	268.99	5	-2	67	106	48	(12,1)
2	2026-01-01 14:06:33.000	13932	1472	45	32	228.1	4	-3	67	106	48	(12,0)
2	2026-01-01 14:06:34.000	13967	1444	67	0	183.72	6	-2	67	106	48	(11,1)
2	2026-01-01 14:06:35.000	14002	1490	81	0	192.1	7	-2	67	106	48	(12,1)
2	2026-01-01 14:06:36.000	14037	1474	-11	0	149.17	5	-2	67	106	48	(12,0)
2	2026-01-01 14:06:37.000	14072	1421	7	0	143.9	6	0	67	106	48	(11,0)
2	2026-01-01 14:06:38.000	14107	1440	91	0	99.61	6	2	67	106	48	(11,1)
2	2026-01-01 14:06:39.000	14142	1497	65	0	137.07	4	2	67	106	48	(12,1)
2	2026-01-01 14:06:40.000	14177	1473	49	0	159.9	5	1	67	106	48	(12,0)
2	2026-01-01 14:06:41.000	14212	1404	50	0	166.15	5	3	67	106	48	(11,0)
2	2026-01-01 14:06:42.000	14247	1451	19	0	200.08	5	2	67	106	48	(11,0)
2	2026-01-01 14:06:43.000	14282	1458	-49	0	209.57	5	4	67	106	48	(11,0)
2	2026-01-01 14:06:44.000	14317	1421	-109	64	173.9	5	2	67	106	45	(11,-1)
2	2026-01-01 14:06:45.000	14352	1370	-136	64	185.62	7	2	67	106	45	(11,-1)
2	2026-01-01 14:06:46.000	14387	1341	-91	64	179.58	5	2	67	106	45	(10,-1)
2	2026-01-01 14:06:47.000	14422	1275	8	64	144.91	5	0	67	106	45	(10,0)
2	2026-01-01 14:06:48.000	14457	1335	81	64	175.47	7	0	67	106	45	(10,1)
2	2026-01-01 14:06:49.000	14492	1376	57	64	147.5	7	0	67	106	45	(11,0)
2	2026-01-01 14:06:50.000	14527	1322	5	64	177.09	6	0	67	106	45	(10,0)
2	2026-01-01 14:06:51.000	14562	1389	-68	64	133.78	7	-1	67	106	45	(11,-1)
2	2026-01-01 14:06:52.000	14597	1297	-27	64	160.01	9	-3	67	106	45	(10,0)
2	2026-01-01 14:06:53.000	14632	1364	-105	64	173.2	7	-4	67	106	43	(11,-1)
2	2026-01-01 14:06:54.000	14667	1322	-68	64	199.66	5	-5	67	106	43	(10,-1)
2	2026-01-01 14:06:55.000	14702	1414	-82	64	220.34	4	-4	67	106	43	(11,-1)
2	2026-01-01 14:06:56.000	14737	1348	-98	64	211.46	3	-6	67	106	43	(11,-1)
2	2026-01-01 14:06:57.000	14772	1419	-89	64	236.96	1	-8	67	106	43	(11,-1)
2	2026-01-01 14:06:58.000	14807	1510	-175	64	207.58	1	-9	67	106	43	(12,-1)
2	2026-01-01 14:06:59.000	14842	1453	-215	64	165.19	1	-8	67	106	43	(11,-2)
2	2026-01-01 14:07:00.000	14877	1376	-199	64	184.78	3	-10	67	106	43	(11,-2)
2	2026-01-01 14:07:01.000	14912	1445	-160	64	181.42	4	-10	67	106	43	(11,-1)
2	2026-01-01 14:07:02.000	14947	1498	-214	32	219.72	2	-8	67	106	43	(12,-2)
2	2026-01-01 14:07:03.000	14982	1527	-298	32	190.91	1	-8	67	106	43	(12,-2)
2	2026-01-01 14:07:04.000	15017	1612	-209	32	159.18	1	-6	67	106	43	(13,-2)
2	2026-01-01 14:07:05.000	15052	1524	-279	32	161.97	-1	-8	67	106	43	(12,-2)
2	2026-01-01 14:07:06.000	15087	1540	-367	32	194.63	-3	-10	67	106	43	(12,-3)
2	2026-01-01 14:07:07.000	15122	1504	-290	32	181.58	-1	-8	67	106	43	(12,-2)
2	2026-01-01 14:07:08.000	15157	1467	-334	32	186.76	0	-8	67	106	43	(11,-3)
2	2026-01-01 14:07:09.000	15192	1532	-337	32	218.26	0	-6	67	106	43	(12,-3)
2	2026-01-01 14:07:10.000	15227	1436	-359	32	218.46	0	-5	67	106	50	(11,-3)
2	2026-01-01 14:07:11.000	15262	1532	-330	24	235.05	2	-4	67	106	50	(12,-3)
2	2026-01-01 14:07:12.000	15297	1585	-241	24	218.54	1	-5	67	106	50	(12,-2)
2	2026-01-01 14:07:13.000	15332	1592	-321	24	253.26	0	-7	67	106	50	(12,-3)
2	2026-01-01 14:07:14.000	15367	1565	-392	24	214.68	-1	-5	67	106	50	(12,-3)
2	2026-01-01 14:07:15.000	15402	1524	-381	24	191.67	1	-4	67	106	50	(12,-3)
2	2026-01-01 14:07:16.000	15437	1534	-385	24	153.51	0	-6	67	106	50	(12,-3)
2	2026-01-01 14:07:17.000	15472	1628	-475	24	112.44	-1	-4	67	106	50	(13,-4)
2	2026-01-01 14:07:18.000	15507	1572	-375	24	74.3	-2	-6	67	106	50	(12,-3)
2	2026-01-01 14:07:19.000	15542	1599	-373	0	56.12	-1	-4	67	106	50	(12,-3)
2	2026-01-01 14:07:20.000	15577	1598	-428	0	62.42	-3	-6	67	106	50	(12,-3)
2	2026-01-01 14:07:21.000	15612	1570	-426	0	84.82	-2	-5	67	106	50	(12,-3)
2	2026-01-01 14:07:22.000	15647	1515	-507	0	57.22	-1	-6	67	106	50	(12,-4)
2	2026-01-01 14:07:23.000	15682	1560	-410	0	89.79	0	-4	67	106	50	(12,-3)
2	2026-01-01 14:07:24.000	15717	1607	-334	0	92.2	2	-4	67	106	50	(13,-3)
2	2026-01-01 14:07:25.000	15752	1695	-258	0	114.27	3	-6	67	106	50	(13,-2)
2	2026-01-01 14:07:26.000	15787	1595	-276	0	126.13	2	-8	67	106	50	(12,-2)
2	2026-01-01 14:07:27.000	15822	1601	-219	0	96.51	4	-9	67	106	50	(13,-2)
2	2026-01-01 14:07:28.000	15857	1559	-274	0	127.46	5	-10	67	106	50	(12,-2)
2	2026-01-01 14:07:29.000	15892	1563	-183	0	89.95	4	-9	67	106	50	(12,-1)
2	2026-01-01 14:07:30.000	15927	1489	-220	0	84.02	5	-8	67	106	50	(12,-2)
2	2026-01-01 14:07:31.000	15962	1428	-295	0	99.59	4	-6	67	106	50	(11,-2)
2	2026-01-01 14:07:32.000	15997	1411	-214	0	139.0	6	-5	67	106	49	(11,-2)
2	2026-01-01 14:07:33.000	16032	1353	-313	0	151.13	6	-3	67	106	47	(11,-2)
2	2026-01-01 14:07:34.000	16067	1282	-296	0	188.77	7	-2	67	106	47	(10,-2)
2	2026-01-01 14:07:35.000	16102	1227	-208	0	204.57	7	-1	67	106	47	(10,-2)
2	2026-01-01 14:07:36.000	16137	1283	-218	24	211.3	8	-2	67	106	47	(10,-2)
2	2026-01-01 14:07:37.000	16172	1252	-147	24	205.47	7	0	67	106	47	(10,-1)
2	2026-01-01 14:07:38.000	16207	1347	-89	24	197.55	8	-1	67	106	47	(11,-1)
2	2026-01-01 14:07:39.000	16242	1364	-111	24	214.29	10	1	67	106	47	(11,-1)
2	2026-01-01 14:07:40.000	16277	1393	-134	24	179.41	9	3	67	106	47	(11,-1)
2	2026-01-01 14:07:41.000	16312	1390	-160	24	204.29	10	1	67	106	47	(11,-1)
2	2026-01-01 14:07:42.000	16347	1333	-230	24	234.5	8	1	67	106	47	(10,-2)
2	2026-01-01 14:07:43.000	16382	1372	-285	24	213.85	6	-1	67	106	47	(11,-2)
2	2026-01-01 14:07:44.000	16417	1395	-307	24	228.86	4	-1	67	106	47	(11,-2)
2	2026-01-01 14:07:45.000	16452	1355	-404	24	197.31	4	0	67	106	47	(11,-3)
2	2026-01-01 14:07:46.000	16487	1406	-305	24	205.99	5	-2	61	106	47	(11,-2)
2	2026-01-01 14:07:47.000	16522	1416	-291	24	212.24	7	-2	59	106	47	(11,-2)
2	2026-01-01 14:07:48.000	16557	1344	-230	24	234.75	5	-4	59	106	47	(10,-2)
2	2026-01-01 14:07:49.000	16592	1396	-319	24	225.16	4	-2	59	106	47	(11,-2)
2	2026-01-01 14:07:50.000	16627	1332	-220	24	191.5	2	-1	59	106	47	(10,-2)
2	2026-01-01 14:07:51.000	16662	1263	-165	24	147.21	1	-2	59	106	47	(10,-1)
2	2026-01-01 14:07:52.000	16697	1301	-192	24	163.84	2	-2	59	106	47	(10,-2)
2	2026-01-01 14:07:53.000	16732	1202	-167	24	193.58	1	-2	59	106	47	(9,-1)
2	2026-01-01 14:07:54.000	16767	1291	-204	24	184.07	-1	-4	59	106	47	(10,-2)
2	2026-01-01 14:07:55.000	16802	1317	-264	24	177.38	-2	-3	59	106	47	(10,-2)
2	2026-01-01 14:07:56.000	16837	1263	-215	24	192.55	-2	-4	59	106	42	(10,-2)
2	2026-01-01 14:07:57.000	16872	1184	-201	24	153.54	-2	-2	59	106	38	(9,-2)
2	2026-01-01 14:07:58.000	16907	1142	-106	24	141.49	-2	-1	59	106	38	(9,-1)
2	2026-01-01 14:07:59.000	16942	1133	-58	24	123.52	-1	-3	59	106	38	(9,0)
2	2026-01-01 14:08:00.000	16977	1169	-151	24	98.52	0	-1	59	106	38	(9,-1)
2	2026-01-01 14:08:01.000	17012	1178	-242	24	99.69	2	-2	59	106	38	(9,-2)
2	2026-01-01 14:08:02.000	17047	1151	-200	24	93.82	1	-4	59	106	38	(9,-2)
2	2026-01-01 14:08:03.000	17082	1174	-100	24	94.89	1	-5	59	106	38	(9,-1)
2	2026-01-01 14:08:04.000	17117	1262	-78	24	89.73	2	-7	59	106	38	(10,-1)
2	2026-01-01 14:08:05.000	17152	1312	-24	24	96.53	3	-8	59	106	38	(10,0)
2	2026-01-01 14:08:06.000	17187	1240	-112	24	99.43	1	-10	59	106	38	(10,-1)
2	2026-01-01 14:08:07.000	17222	1320	-191	24	103.06	0	-10	59	106	38	(10,-1)
2	2026-01-01 14:08:08.000	17257	1378	-99	24	142.59	2	-10	59	106	38	(11,-1)
2	2026-01-01 14:08:09.000	17292	1440	-18	24	148.98	3	-10	59	106	38	(11,0)
2	2026-01-01 14:08:10.000	17327	1527	19	24	158.81	5	-9	59	106	38	(12,0)
2	2026-01-01 14:08:11.000	17362	1545	-78	24	197.17	6	-10	59	106	35	(12,-1)
2	2026-01-01 14:08:12.000	17397	1572	16	24	230.81	5	-9	59	106	35	(12,0)
2	2026-01-01 14:08:13.000	17432	1664	27	24	262.22	7	-9	59	106	35	(13,0)
2	2026-01-01 14:08:14.000	17467	1566	-68	24	283.63	7	-7	59	106	35	(12,-1)
2	2026-01-01 14:08:15.000	17502	1478	-74	24	267.03	8	-5	59	106	35	(12,-1)
2	2026-01-01 14:08:16.000	17537	1515	18	24	223.89	8	-3	59	106	35	(12,0)
2	2026-01-01 14:08:17.000	17572	1562	-21	0	249.75	6	-5	59	106	35	(12,0)
2	2026-01-01 14:08:18.000	17607	1493	-59	-8	269.86	6	-5	59	106	35	(12,0)
2	2026-01-01 14:08:19.000	17642	1408	-125	-8	251.8	6	-5	59	106	35	(11,-1)
2	2026-01-01 14:08:20.000	17677	1343	-113	-8	213.9	7	-4	59	106	35	(10,-1)
2	2026-01-01 14:08:21.000	17712	1382	-131	-8	256.69	5	-4	59	106	35	(11,-1)
2	2026-01-01 14:08:22.000	17747	1378	-170	-8	264.32	5	-3	59	106	35	(11,-1)
2	2026-01-01 14:08:23.000	17782	1446	-236	-8	294.77	7	-5	59	106	35	(11,-2)
2	2026-01-01 14:08:24.000	17817	1347	-249	-8	332.04	8	-4	59	106	35	(11,-2)
2	2026-01-01 14:08:25.000	17852	1406	-171	-8	328.6	6	-6	59	106	35	(11,-1)
2	2026-01-01 14:08:26.000	17887	1401	-240	-8	286.98	6	-8	68	106	35	(11,-2)
2	2026-01-01 14:08:27.000	17922	1327	-273	-8	299.01	5	-6	68	106	35	(10,-2)
2	2026-01-01 14:08:28.000	17957	1374	-362	-8	291.67	7	-5	68	106	35	(11,-3)
2	2026-01-01 14:08:29.000	17992	1318	-333	-8	294.96	9	-6	68	106	35	(10,-3)
2	2026-01-01 14:08:30.000	18027	1355	-242	-8	330.31	8	-6	68	106	35	(11,-2)
2	2026-01-01 14:08:31.000	18062	1282	-149	-8	319.85	10	-8	68	106	35	(10,-1)
2	2026-01-01 14:08:32.000	18097	1311	-123	-8	293.35	10	-10	68	106	35	(10,-1)
2	2026-01-01 14:08:33.000	18132	1214	-159	-8	256.83	10	-9	68	106	35	(9,-1)
2	2026-01-01 14:08:34.000	18167	1161	-120	-8	223.33	10	-10	68	106	35	(9,-1)
2	2026-01-01 14:08:35.000	18202	1217	-212	-8	243.5	9	-10	68	106	35	(10,-2)
2	2026-01-01 14:08:36.000	18237	1261	-257	-8	212.86	9	-10	68	106	35	(10,-2)
2	2026-01-01 14:08:37.000	18272	1197	-165	-8	192.8	7	-10	68	106	35	(9,-1)
2	2026-01-01 14:08:38.000	18307	1149	-219	128	163.77	9	-9	68	106	35	(9,-2)
2	2026-01-01 14:08:39.000	18342	1156	-294	128	128.48	8	-10	68	106	35	(9,-2)
2	2026-01-01 14:08:40.000	18377	1094	-255	128	119.42	9	-10	68	106	35	(9,-2)
2	2026-01-01 14:08:41.000	18412	1100	-171	128	86.62	8	-9	87	106	35	(9,-1)
2	2026-01-01 14:08:42.000	18447	1126	-209	128	53.91	6	-10	87	106	35	(9,-2)
2	2026-01-01 14:08:43.000	18482	1069	-268	128	17.32	4	-9	87	106	31	(8,-2)
2	2026-01-01 14:08:44.000	18517	975	-304	128	0.78	3	-10	87	106	29	(8,-2)
2	2026-01-01 14:08:45.000	18552	876	-288	128	338.9	1	-9	87	106	29	(7,-2)
2	2026-01-01 14:08:46.000	18587	868	-352	128	302.25	0	-10	87	106	28	(7,-3)
2	2026-01-01 14:08:47.000	18622	889	-406	0	291.08	0	-9	87	106	28	(7,-3)
2	2026-01-01 14:08:48.000	18657	865	-322	0	296.23	1	-7	87	106	28	(7,-3)
2	2026-01-01 14:08:49.000	18692	798	-395	0	260.79	2	-9	87	106	28	(6,-3)
2	2026-01-01 14:08:50.000	18727	885	-340	0	288.0	3	-9	87	106	28	(7,-3)
2	2026-01-01 14:08:51.000	18762	882	-425	0	324.71	2	-8	87	106	28	(7,-3)
2	2026-01-01 14:08:52.000	18797	810	-379	0	282.64	0	-6	87	106	28	(6,-3)
2	2026-01-01 14:08:53.000	18832	810	-324	0	324.21	2	-7	87	106	28	(6,-3)
2	2026-01-01 14:08:54.000	18867	839	-384	0	289.77	3	-9	87	106	28	(7,-3)
2	2026-01-01 14:08:55.000	18902	929	-298	0	289.02	2	-10	98	106	38	(7,-2)
2	2026-01-01 14:08:56.000	18937	961	-302	0	266.4	0	-8	98	106	33	(8,-2)
2	2026-01-01 14:08:57.000	18972	892	-338	0	232.12	2	-10	98	106	33	(7,-3)
2	2026-01-01 14:08:58.000	19007	967	-312	0	205.26	1	-10	98	106	33	(8,-2)
2	2026-01-01 14:08:59.000	19042	869	-274	0	231.82	-1	-9	98	106	33	(7,-2)
2	2026-01-01 14:09:00.000	19077	831	-364	0	191.38	-1	-8	98	106	33	(6,-3)
2	2026-01-01 14:09:01.000	19112	845	-443	0	230.04	-3	-9	98	106	33	(7,-3)
2	2026-01-01 14:09:02.000	19147	824	-505	0	272.59	-4	-7	92	106	33	(6,-4)
2	2026-01-01 14:09:03.000	19182	838	-523	0	261.35	-3	-9	92	106	33	(7,-4)
2	2026-01-01 14:09:04.000	19217	752	-483	0	228.76	-5	-10	92	106	28	(6,-4)
2	2026-01-01 14:09:05.000	19252	783	-469	0	237.44	-6	-10	92	106	28	(6,-4)
2	2026-01-01 14:09:06.000	19287	750	-393	0	221.67	-8	-9	92	106	28	(6,-3)
2	2026-01-01 14:09:07.000	19322	766	-489	0	177.43	-9	-9	92	106	27	(6,-4)
2	2026-01-01 14:09:08.000	19357	827	-506	40	163.57	-10	-10	92	106	23	(6,-4)
2	2026-01-01 14:09:09.000	19392	759	-463	40	140.37	-10	-10	92	106	23	(6,-4)
2	2026-01-01 14:09:10.000	19427	676	-474	8	103.43	-8	-9	85	106	23	(5,-4)
2	2026-01-01 14:09:11.000	19462	673	-389	8	62.58	-8	-9	85	106	23	(5,-3)
2	2026-01-01 14:09:12.000	19497	600	-330	8	25.51	-7	-10	85	106	23	(5,-3)
2	2026-01-01 14:09:13.000	19532	560	-341	8	30.76	-8	-10	85	106	23	(4,-3)
2	2026-01-01 14:09:14.000	19567	631	-395	8	21.24	-9	-9	85	106	23	(5,-3)
2	2026-01-01 14:09:15.000	19602	564	-425	8	64.76	-8	-10	85	106	23	(4,-3)
2	2026-01-01 14:09:16.000	19637	539	-404	0	61.8	-8	-8	85	106	23	(4,-3)
2	2026-01-01 14:09:17.000	19672	567	-360	0	60.3	-6	-8	85	106	23	(4,-3)
2	2026-01-01 14:09:18.000	19707	607	-421	0	100.57	-5	-7	85	106	23	(5,-3)
2	2026-01-01 14:09:19.000	19742	551	-517	0	142.86	-5	-5	85	106	18	(4,-4)
2	2026-01-01 14:09:20.000	19777	591	-597	0	145.67	-6	-3	78	106	18	(5,-5)
2	2026-01-01 14:09:21.000	19812	676	-681	0	148.21	-4	-4	78	106	31	(5,-5)
2	2026-01-01 14:09:22.000	19847	622	-758	0	117.7	-6	-6	78	106	31	(5,-6)
2	2026-01-01 14:09:23.000	19882	535	-779	0	127.72	-8	-5	78	106	31	(4,-6)
2	2026-01-01 14:09:24.000	19917	448	-865	0	100.95	-6	-4	78	106	31	(4,-7)
2	2026-01-01 14:09:25.000	19952	356	-962	0	74.84	-8	-4	78	106	31	(3,-8)
2	2026-01-01 14:09:26.000	19987	362	-1051	0	100.1	-7	-2	78	106	31	(3,-8)
2	2026-01-01 14:09:27.000	20022	446	-1022	0	78.36	-5	-4	78	106	31	(3,-8)
2	2026-01-01 14:09:28.000	20057	398	-1010	0	64.02	-7	-6	78	106	31	(3,-8)
2	2026-01-01 14:09:29.000	20092	488	-1110	0	61.47	-6	-4	78	106	31	(4,-9)
2	2026-01-01 14:09:30.000	20127	416	-1011	0	71.87	-4	-2	78	106	31	(3,-8)
2	2026-01-01 14:09:31.000	20162	441	-913	0	37.73	-4	-1	78	106	31	(3,-7)
2	2026-01-01 14:09:32.000	20197	414	-873	0	354.07	-6	-2	78	106	29	(3,-7)
2	2026-01-01 14:09:33.000	20232	510	-939	0	328.27	-6	-3	78	106	29	(4,-7)
2	2026-01-01 14:09:34.000	20267	500	-923	0	306.63	-5	-1	70	106	29	(4,-7)
2	2026-01-01 14:09:35.000	20302	422	-941	0	266.57	-5	-2	70	106	45	(3,-7)
2	2026-01-01 14:09:36.000	20337	488	-908	0	290.59	-5	-4	70	106	45	(4,-7)
2	2026-01-01 14:09:37.000	20372	461	-870	0	322.56	-3	-5	70	106	45	(4,-7)
2	2026-01-01 14:09:38.000	20407	419	-959	0	290.83	-5	-5	70	106	45	(3,-7)
2	2026-01-01 14:09:39.000	20442	501	-997	0	266.62	-5	-4	70	106	44	(4,-8)
2	2026-01-01 14:09:40.000	20477	508	-1031	0	290.81	-5	-3	70	106	44	(4,-8)
2	2026-01-01 14:09:41.000	20512	490	-941	0	314.65	-3	-3	70	106	44	(4,-7)
2	2026-01-01 14:09:42.000	20547	485	-846	0	320.3	-4	-1	70	106	39	(4,-7)
2	2026-01-01 14:09:43.000	20582	389	-907	0	301.91	-5	0	70	106	39	(3,-7)
2	2026-01-01 14:09:44.000	20617	305	-894	0	266.07	-7	0	70	106	39	(2,-7)
2	2026-01-01 14:09:45.000	20652	328	-824	0	286.11	-5	-1	70	106	39	(3,-6)
2	2026-01-01 14:09:46.000	20687	356	-841	0	304.62	-7	-1	70	106	39	(3,-7)
2	2026-01-01 14:09:47.000	20722	371	-894	0	309.57	-6	-2	70	106	39	(3,-7)
2	2026-01-01 14:09:48.000	20757	393	-977	0	341.94	-7	-3	70	106	39	(3,-8)
2	2026-01-01 14:09:49.000	20792	325	-1022	0	17.32	-7	-1	70	106	39	(3,-8)
2	2026-01-01 14:09:50.000	20827	325	-971	0	33.46	-5	1	70	106	50	(3,-8)
2	2026-01-01 14:09:51.000	20862	372	-964	0	55.26	-4	0	70	106	48	(3,-8)
2	2026-01-01 14:09:52.000	20897	387	-1050	0	76.57	-4	1	70	106	48	(3,-8)
2	2026-01-01 14:09:53.000	20932	487	-1016	0	54.94	-6	0	70	106	48	(4,-8)
2	2026-01-01 14:09:54.000	20967	551	-1079	0	53.33	-7	-1	70	106	48	(4,-8)
2	2026-01-01 14:09:55.000	21002	559	-1137	0	13.48	-6	-3	70	106	48	(4,-9)
2	2026-01-01 14:09:56.000	21037	554	-1193	0	53.08	-7	-5	70	106	48	(4,-9)
2	2026-01-01 14:09:57.000	21072	457	-1269	0	97.8	-5	-3	70	106	50	(4,-10)
2	2026-01-01 14:09:58.000	21107	551	-1365	0	135.74	-4	-2	70	106	50	(4,-11)
2	2026-01-01 14:09:59.000	21142	600	-1415	0	109.53	-6	-2	70	106	50	(5,-11)
2	2026-01-01 14:10:00.000	21177	644	-1444	0	134.95	-5	-3	70	106	46	(5,-11)
2	2026-01-01 14:10:01.000	21212	559	-1504	0	169.24	-5	-3	70	106	46	(4,-12)
2	2026-01-01 14:10:02.000	21247	638	-1564	0	213.46	-6	-2	70	106	46	(5,-12)
2	2026-01-01 14:10:03.000	21282	735	-1520	56	242.0	-8	-2	70	106	46	(6,-12)
2	2026-01-01 14:10:04.000	21317	687	-1470	56	241.03	-8	-2	88	106	50	(5,-11)
2	2026-01-01 14:10:05.000	21352	592	-1527	0	200.04	-8	-1	88	106	50	(5,-12)
2	2026-01-01 14:10:06.000	21387	552	-1469	0	157.98	-8	-1	88	106	50	(4,-11)
2	2026-01-01 14:10:07.000	21422	453	-1527	0	135.0	-9	-2	88	106	50	(4,-12)
2	2026-01-01 14:10:08.000	21457	425	-1543	0	161.66	-10	-2	88	106	50	(3,-12)
2	2026-01-01 14:10:09.000	21492	374	-1450	0	186.47	-10	0	88	106	50	(3,-11)
2	2026-01-01 14:10:10.000	21527	465	-1361	0	189.93	-10	2	88	106	45	(4,-11)
2	2026-01-01 14:10:11.000	21562	465	-1381	0	226.62	-10	4	88	106	45	(4,-11)
2	2026-01-01 14:10:12.000	21597	444	-1331	0	215.07	-9	5	88	106	45	(3,-10)
2	2026-01-01 14:10:13.000	21632	503	-1406	0	222.81	-8	5	88	106	45	(4,-11)
2	2026-01-01 14:10:14.000	21667	524	-1425	0	191.41	-7	5	88	106	50	(4,-11)
2	2026-01-01 14:10:15.000	21702	620	-1467	0	148.79	-9	6	88	106	50	(5,-11)
2	2026-01-01 14:10:16.000	21737	700	-1540	0	109.44	-10	5	88	106	50	(5,-12)
2	2026-01-01 14:10:17.000	21772	676	-1580	64	124.4	-8	3	88	106	50	(5,-12)
2	2026-01-01 14:10:18.000	21807	615	-1657	64	124.55	-8	2	88	106	50	(5,-13)
2	2026-01-01 14:10:19.000	21842	592	-1560	64	128.4	-9	0	88	106	50	(5,-12)
2	2026-01-01 14:10:20.000	21877	642	-1518	-8	122.1	-10	2	88	106	50	(5,-12)
2	2026-01-01 14:10:21.000	21912	704	-1490	-8	147.8	-8	2	88	106	50	(6,-12)
2	2026-01-01 14:10:22.000	21947	707	-1546	-8	104.42	-7	1	88	106	50	(6,-12)
2	2026-01-01 14:10:23.000	21982	627	-1497	-8	94.68	-7	1	86	106	50	(5,-12)
2	2026-01-01 14:10:24.000	22017	720	-1521	-8	89.93	-6	0	86	106	48	(6,-12)
2	2026-01-01 14:10:25.000	22052	642	-1548	-8	96.21	-7	0	85	106	48	(5,-12)
2	2026-01-01 14:10:26.000	22087	644	-1648	-8	74.82	-8	1	85	106	48	(5,-13)
2	2026-01-01 14:10:27.000	22122	548	-1565	0	50.66	-8	-1	85	106	48	(4,-12)
2	2026-01-01 14:10:28.000	22157	470	-1514	0	25.66	-7	-3	85	106	48	(4,-12)
2	2026-01-01 14:10:29.000	22192	441	-1512	0	350.64	-7	-2	85	106	48	(3,-12)
2	2026-01-01 14:10:30.000	22227	343	-1609	0	357.16	-5	-2	85	106	48	(3,-13)
2	2026-01-01 14:10:31.000	22262	293	-1604	0	322.48	-7	-3	85	106	48	(2,-13)
2	2026-01-01 14:10:32.000	22297	282	-1634	0	358.47	-9	-2	85	106	48	(2,-13)
2	2026-01-01 14:10:33.000	22332	374	-1726	0	351.45	-8	-1	85	106	48	(3,-13)
2	2026-01-01 14:10:34.000	22367	357	-1739	0	315.46	-10	0	83	106	48	(3,-14)
2	2026-01-01 14:10:35.000	22402	300	-1766	0	320.89	-10	-2	83	106	48	(2,-14)
2	2026-01-01 14:10:36.000	22437	328	-1767	0	327.42	-10	-3	83	106	48	(3,-14)
2	2026-01-01 14:10:37.000	22472	335	-1724	0	333.53	-9	-4	83	106	47	(3,-13)
2	2026-01-01 14:10:38.000	22507	321	-1766	0	333.61	-10	-2	83	106	47	(3,-14)
2	2026-01-01 14:10:39.000	22542	375	-1862	0	3.78	-10	0	83	106	47	(3,-15)
2	2026-01-01 14:10:40.000	22577	350	-1906	0	359.78	-9	-2	83	106	47	(3,-15)
2	2026-01-01 14:10:41.000	22612	356	-1941	0	35.43	-8	-2	83	106	47	(3,-15)
2	2026-01-01 14:10:42.000	22647	424	-1965	32	69.83	-10	-2	83	106	47	(3,-15)
2	2026-01-01 14:10:43.000	22682	352	-2063	32	94.77	-10	0	83	106	45	(3,-16)
2	2026-01-01 14:10:44.000	22717	338	-2154	32	70.28	-9	-2	83	106	45	(3,-17)
2	2026-01-01 14:10:45.000	22752	341	-2134	32	88.36	-10	-4	83	106	45	(3,-17)
2	2026-01-01 14:10:46.000	22787	439	-2214	32	98.64	-8	-4	83	106	45	(3,-17)
2	2026-01-01 14:10:47.000	22822	459	-2122	32	72.12	-10	-3	83	106	45	(4,-17)
2	2026-01-01 14:10:48.000	22857	365	-2033	32	103.06	-9	-2	83	106	45	(3,-16)
2	2026-01-01 14:10:49.000	22892	280	-2066	32	116.37	-10	-1	83	106	50	(2,-16)
2	2026-01-01 14:10:50.000	22927	195	-1971	32	77.65	-10	-2	83	106	50	(2,-15)
2	2026-01-01 14:10:51.000	22962	291	-1941	0	108.19	-8	-3	83	106	50	(2,-15)
2	2026-01-01 14:10:52.000	22997	214	-1924	0	129.56	-9	-2	83	106	50	(2,-15)
2	2026-01-01 14:10:53.000	23032	297	-1846	0	137.79	-10	-3	83	106	50	(2,-14)
2	2026-01-01 14:10:54.000	23067	225	-1874	0	125.08	-8	-5	83	106	47	(2,-15)
2	2026-01-01 14:10:55.000	23102	125	-1880	0	103.34	-7	-6	83	106	47	(1,-15)
2	2026-01-01 14:10:56.000	23137	203	-1943	0	128.79	-8	-8	83	106	47	(2,-15)
2	2026-01-01 14:10:57.000	23172	265	-1947	0	169.64	-10	-7	83	106	47	(2,-15)
2	2026-01-01 14:10:58.000	23207	262	-1881	0	201.22	-10	-9	83	106	47	(2,-15)
2	2026-01-01 14:10:59.000	23242	360	-1970	0	166.52	-10	-8	83	106	42	(3,-15)
2	2026-01-01 14:11:00.000	23277	300	-1968	0	135.04	-10	-7	83	106	42	(2,-15)
2	2026-01-01 14:11:01.000	23312	369	-2064	0	131.23	-10	-9	83	106	42	(3,-16)
2	2026-01-01 14:11:02.000	23347	376	-2026	0	86.43	-10	-10	83	106	38	(3,-16)
2	2026-01-01 14:11:03.000	23382	418	-2118	0	89.16	-10	-10	83	106	38	(3,-17)
2	2026-01-01 14:11:04.000	23417	389	-2150	0	63.81	-10	-10	83	106	38	(3,-17)
2	2026-01-01 14:11:05.000	23452	309	-2205	0	19.8	-9	-10	83	106	38	(2,-17)
2	2026-01-01 14:11:06.000	23487	358	-2282	0	59.29	-7	-10	74	106	38	(3,-18)
2	2026-01-01 14:11:07.000	23522	414	-2286	0	72.7	-9	-10	74	106	38	(3,-18)
2	2026-01-01 14:11:08.000	23557	404	-2296	0	47.71	-9	-10	74	106	38	(3,-18)
2	2026-01-01 14:11:09.000	23592	366	-2294	0	77.14	-9	-10	74	106	38	(3,-18)
2	2026-01-01 14:11:10.000	23627	398	-2300	0	57.02	-8	-10	74	106	34	(3,-18)
2	2026-01-01 14:11:11.000	23662	433	-2296	32	37.56	-6	-8	74	106	34	(3,-18)
2	2026-01-01 14:11:12.000	23697	398	-2349	32	46.99	-7	-10	74	106	34	(3,-18)
2	2026-01-01 14:11:13.000	23732	447	-2345	32	17.91	-6	-8	74	106	34	(3,-18)
2	2026-01-01 14:11:14.000	23767	410	-2390	32	1.77	-4	-6	74	106	34	(3,-19)
2	2026-01-01 14:11:15.000	23802	313	-2413	32	327.7	-4	-5	74	106	34	(2,-19)
2	2026-01-01 14:11:16.000	23837	367	-2378	32	349.84	-4	-6	79	106	34	(3,-19)
2	2026-01-01 14:11:17.000	23872	369	-2441	32	20.45	-6	-5	79	106	34	(3,-19)
2	2026-01-01 14:11:18.000	23907	287	-2486	128	2.49	-6	-3	79	106	29	(2,-19)
2	2026-01-01 14:11:19.000	23942	263	-2546	128	24.3	-6	-2	69	106	29	(2,-20)
2	2026-01-01 14:11:20.000	23977	249	-2587	128	342.09	-7	-3	69	106	29	(2,-20)
2	2026-01-01 14:11:21.000	24012	181	-2542	128	21.7	-5	-2	69	106	29	(1,-20)
2	2026-01-01 14:11:22.000	24047	102	-2521	128	36.0	-6	-4	69	106	29	(1,-20)
2	2026-01-01 14:11:23.000	24082	195	-2426	128	49.65	-5	-5	69	106	29	(2,-19)
2	2026-01-01 14:11:24.000	24117	276	-2485	128	33.27	-5	-7	69	106	28	(2,-19)
2	2026-01-01 14:11:25.000	24152	340	-2542	128	354.86	-4	-8	69	106	28	(3,-20)
2	2026-01-01 14:11:26.000	24187	399	-2452	128	25.09	-5	-8	69	106	25	(3,-19)
2	2026-01-01 14:11:27.000	24222	369	-2438	128	5.88	-5	-8	69	106	25	(3,-19)
2	2026-01-01 14:11:28.000	24257	285	-2537	128	23.15	-6	-8	69	106	25	(2,-20)
2	2026-01-01 14:11:29.000	24292	207	-2514	128	40.7	-4	-8	69	106	25	(2,-20)
2	2026-01-01 14:11:30.000	24327	125	-2472	128	67.23	-6	-6	69	106	21	(1,-19)
2	2026-01-01 14:11:31.000	24362	196	-2479	128	44.63	-4	-5	69	106	20	(2,-19)
2	2026-01-01 14:11:32.000	24397	177	-2500	128	10.18	-6	-5	65	106	20	(1,-20)
2	2026-01-01 14:11:33.000	24432	227	-2503	128	0.61	-8	-6	65	106	20	(2,-20)
2	2026-01-01 14:11:34.000	24467	295	-2490	40	3.69	-8	-8	65	106	20	(2,-19)
2	2026-01-01 14:11:35.000	24502	247	-2406	40	339.99	-6	-9	65	106	20	(2,-19)
2	2026-01-01 14:11:36.000	24537	160	-2311	40	4.17	-4	-7	65	106	20	(1,-18)
2	2026-01-01 14:11:37.000	24572	213	-2232	40	14.53	-6	-9	65	106	20	(2,-17)
2	2026-01-01 14:11:38.000	24607	209	-2307	40	338.2	-7	-8	65	106	20	(2,-18)
2	2026-01-01 14:11:39.000	24642	276	-2304	40	296.11	-9	-6	65	106	20	(2,-18)
2	2026-01-01 14:11:40.000	24677	298	-2335	40	283.81	-10	-5	65	106	20	(2,-18)
2	2026-01-01 14:11:41.000	24712	218	-2322	40	306.37	-10	-6	65	106	20	(2,-18)
2	2026-01-01 14:11:42.000	24747	222	-2389	40	339.92	-9	-5	77	106	20	(2,-19)
2	2026-01-01 14:11:43.000	24782	311	-2353	40	322.03	-8	-7	77	106	20	(2,-18)
2	2026-01-01 14:11:44.000	24817	311	-2393	40	280.77	-8	-9	77	106	20	(2,-19)
2	2026-01-01 14:11:45.000	24852	213	-2334	40	284.82	-7	-9	77	106	18	(2,-18)
2	2026-01-01 14:11:46.000	24887	147	-2429	40	294.57	-8	-9	77	106	18	(1,-19)
2	2026-01-01 14:11:47.000	24922	194	-2363	40	323.76	-9	-10	77	106	18	(2,-18)
2	2026-01-01 14:11:48.000	24957	263	-2381	40	301.96	-8	-10	77	106	18	(2,-19)
2	2026-01-01 14:11:49.000	24992	220	-2350	40	265.12	-8	-10	77	106	18	(2,-18)
2	2026-01-01 14:11:50.000	25027	315	-2366	40	255.95	-8	-10	77	106	18	(2,-18)
2	2026-01-01 14:11:51.000	25062	312	-2463	40	232.07	-8	-9	77	106	17	(2,-19)
2	2026-01-01 14:11:52.000	25097	315	-2559	40	198.87	-9	-8	77	106	17	(2,-20)
2	2026-01-01 14:11:53.000	25132	273	-2486	40	219.2	-10	-7	77	106	17	(2,-19)
2	2026-01-01 14:11:54.000	25167	218	-2521	40	201.4	-10	-8	77	106	17	(2,-20)
2	2026-01-01 14:11:55.000	25202	142	-2447	40	229.44	-10	-9	77	106	17	(1,-19)
2	2026-01-01 14:11:56.000	25237	205	-2400	40	232.28	-10	-7	77	106	17	(2,-19)
2	2026-01-01 14:11:57.000	25272	165	-2451	40	266.58	-10	-5	77	106	17	(1,-19)
2	2026-01-01 14:11:58.000	25307	262	-2504	40	308.93	-9	-7	77	106	17	(2,-20)
2	2026-01-01 14:11:59.000	25342	209	-2563	40	266.23	-10	-5	77	106	17	(2,-20)
2	2026-01-01 14:12:00.000	25377	162	-2519	40	311.08	-10	-6	77	106	17	(1,-20)
2	2026-01-01 14:12:01.000	25412	158	-2461	40	343.43	-9	-5	77	106	17	(1,-19)
2	2026-01-01 14:12:02.000	25447	224	-2525	40	302.63	-7	-5	77	106	12	(2,-20)
2	2026-01-01 14:12:03.000	25482	195	-2550	40	270.08	-8	-3	77	106	12	(2,-20)
2	2026-01-01 14:12:04.000	25517	177	-2629	40	254.62	-7	-3	77	106	12	(1,-21)
2	2026-01-01 14:12:05.000	25552	94	-2678	40	259.22	-5	-1	77	106	12	(1,-21)
2	2026-01-01 14:12:06.000	25587	154	-2593	40	284.34	-6	0	77	106	12	(1,-20)
2	2026-01-01 14:12:07.000	25622	156	-2617	64	305.05	-8	1	71	106	12	(1,-20)
2	2026-01-01 14:12:08.000	25657	90	-2556	64	285.94	-6	1	71	106	12	(1,-20)
2	2026-01-01 14:12:09.000	25692	111	-2456	64	309.22	-8	2	71	106	12	(1,-19)
2	2026-01-01 14:12:10.000	25727	21	-2494	64	327.81	-9	0	71	106	12	(0,-19)
2	2026-01-01 14:12:11.000	25762	107	-2576	64	308.26	-9	1	71	106	12	(1,-20)
2	2026-01-01 14:12:12.000	25797	198	-2529	64	338.73	-7	2	71	106	12	(2,-20)
2	2026-01-01 14:12:13.000	25832	178	-2549	64	295.01	-5	4	71	106	12	(1,-20)
2	2026-01-01 14:12:14.000	25867	268	-2593	64	337.79	-6	3	71	106	12	(2,-20)
2	2026-01-01 14:12:15.000	25902	252	-2536	64	318.74	-8	1	71	106	12	(2,-20)
2	2026-01-01 14:12:16.000	25937	201	-2485	64	1.24	-9	0	71	106	12	(2,-19)
2	2026-01-01 14:12:17.000	25972	279	-2460	64	322.02	-8	2	71	106	12	(2,-19)
2	2026-01-01 14:12:18.000	26007	263	-2392	64	326.22	-7	0	71	106	12	(2,-19)
2	2026-01-01 14:12:19.000	26042	327	-2398	64	317.29	-7	2	71	106	12	(3,-19)
2	2026-01-01 14:12:20.000	26077	336	-2323	64	312.23	-7	4	71	106	12	(3,-18)
2	2026-01-01 14:12:21.000	26112	287	-2322	-8	339.59	-6	3	71	106	8	(2,-18)
2	2026-01-01 14:12:22.000	26147	362	-2293	-8	331.16	-6	4	71	106	8	(3,-18)
2	2026-01-01 14:12:23.000	26182	287	-2349	-8	309.09	-5	4	70	106	8	(2,-18)
2	2026-01-01 14:12:24.000	26217	361	-2435	-8	296.26	-6	4	70	106	8	(3,-19)
2	2026-01-01 14:12:25.000	26252	417	-2415	0	335.23	-4	6	70	106	8	(3,-19)
2	2026-01-01 14:12:26.000	26287	327	-2329	0	295.94	-4	7	70	106	8	(3,-18)
2	2026-01-01 14:12:27.000	26322	242	-2385	0	255.01	-2	8	70	106	8	(2,-19)
2	2026-01-01 14:12:28.000	26357	196	-2417	56	270.13	-2	6	70	106	8	(2,-19)
2	2026-01-01 14:12:29.000	26392	130	-2448	56	255.43	0	7	70	106	5	(1,-19)
2	2026-01-01 14:12:30.000	26427	120	-2356	56	279.73	1	6	70	106	5	(1,-18)
2	2026-01-01 14:12:31.000	26462	84	-2283	56	236.43	0	8	70	106	5	(1,-18)
2	2026-01-01 14:12:32.000	26497	53	-2346	56	249.99	2	8	70	106	5	(0,-18)
2	2026-01-01 14:12:33.000	26532	24	-2290	0	280.73	2	10	70	106	5	(0,-18)
2	2026-01-01 14:12:34.000	26567	35	-2273	0	268.36	2	10	70	106	5	(0,-18)
2	2026-01-01 14:12:35.000	26602	-14	-2373	0	268.44	4	9	70	106	5	(0,-19)
2	2026-01-01 14:12:36.000	26637	32	-2366	0	237.76	4	7	70	106	5	(0,-18)
2	2026-01-01 14:12:37.000	26672	-26	-2349	0	230.56	6	7	70	106	5	(0,-18)
2	2026-01-01 14:12:38.000	26707	-72	-2281	0	272.56	5	9	70	106	5	(-1,-18)
2	2026-01-01 14:12:39.000	26742	-134	-2306	0	297.66	7	10	70	106	5	(-1,-18)
2	2026-01-01 14:12:40.000	26777	-174	-2372	0	294.08	8	9	70	106	3	(-1,-19)
2	2026-01-01 14:12:41.000	26812	-101	-2326	0	254.17	7	10	70	106	3	(-1,-18)
2	2026-01-01 14:12:42.000	26847	-30	-2285	0	234.42	8	8	70	106	3	(0,-18)
2	2026-01-01 14:12:43.000	26882	21	-2251	0	196.39	8	7	70	106	3	(0,-18)
2	2026-01-01 14:12:44.000	26917	70	-2335	0	180.22	6	7	70	106	3	(1,-18)
2	2026-01-01 14:12:45.000	26952	23	-2306	0	158.95	7	9	70	106	3	(0,-18)
2	2026-01-01 14:12:46.000	26987	74	-2304	0	175.26	6	8	70	106	3	(1,-18)
2	2026-01-01 14:12:47.000	27022	13	-2259	0	188.49	8	6	70	106	3	(0,-18)
2	2026-01-01 14:12:48.000	27057	-86	-2257	0	178.42	6	7	70	106	3	(-1,-18)
2	2026-01-01 14:12:49.000	27092	-44	-2321	0	168.3	5	9	70	106	3	(0,-18)
2	2026-01-01 14:12:50.000	27127	-133	-2359	128	187.55	7	10	70	106	3	(-1,-18)
2	2026-01-01 14:12:51.000	27162	-143	-2283	128	182.7	6	10	70	106	3	(-1,-18)
2	2026-01-01 14:12:52.000	27197	-159	-2296	128	194.59	4	10	70	106	3	(-1,-18)
2	2026-01-01 14:12:53.000	27232	-87	-2207	128	169.62	6	10	70	106	3	(-1,-17)
2	2026-01-01 14:12:54.000	27267	-171	-2229	128	204.52	4	10	70	106	3	(-1,-17)
2	2026-01-01 14:12:55.000	27302	-169	-2192	128	248.67	2	9	70	106	2	(-1,-17)
2	2026-01-01 14:12:56.000	27337	-111	-2178	128	252.06	3	10	70	106	2	(-1,-17)
2	2026-01-01 14:12:57.000	27372	-106	-2157	128	258.77	3	10	70	106	2	(-1,-17)
2	2026-01-01 14:12:58.000	27407	-96	-2202	128	298.15	1	8	70	106	0	(-1,-17)
2	2026-01-01 14:12:59.000	27442	-16	-2261	128	307.28	1	9	70	106	0	(0,-18)
2	2026-01-01 14:13:00.000	27477	28	-2339	128	292.11	-1	8	70	106	0	(0,-18)
2	2026-01-01 14:13:01.000	27512	-55	-2299	128	278.34	0	8	70	106	0	(0,-18)
2	2026-01-01 14:13:02.000	27547	-35	-2218	128	256.25	0	9	70	106	0	(0,-17)
2	2026-01-01 14:13:03.000	27582	54	-2162	-16	221.59	1	9	70	106	0	(0,-17)
2	2026-01-01 14:13:04.000	27617	119	-2189	16	256.8	3	7	70	106	0	(1,-17)
2	2026-01-01 14:13:05.000	27652	196	-2165	16	284.78	5	6	70	106	0	(2,-17)
2	2026-01-01 14:13:06.000	27687	293	-2258	16	312.85	4	5	70	106	0	(2,-18)
2	2026-01-01 14:13:07.000	27722	335	-2310	16	305.26	3	3	70	106	20	(3,-18)
2	2026-01-01 14:13:08.000	27757	306	-2366	16	333.28	4	2	70	106	20	(2,-18)
2	2026-01-01 14:13:09.000	27792	216	-2448	16	9.25	6	4	70	106	20	(2,-19)
2	2026-01-01 14:13:10.000	27827	231	-2391	16	330.74	4	5	70	106	20	(2,-19)
2	2026-01-01 14:13:11.000	27862	248	-2414	16	2.37	4	3	70	106	15	(2,-19)
2	2026-01-01 14:13:12.000	27897	245	-2459	16	323.36	5	2	70	106	15	(2,-19)
2	2026-01-01 14:13:13.000	27932	269	-2384	16	317.84	4	1	70	106	15	(2,-19)
2	2026-01-01 14:13:14.000	27967	169	-2439	16	339.7	6	1	70	106	15	(1,-19)
2	2026-01-01 14:13:15.000	28002	171	-2416	16	307.36	6	3	70	106	15	(1,-19)
2	2026-01-01 14:13:16.000	28037	167	-2329	128	328.87	6	3	70	106	15	(1,-18)
2	2026-01-01 14:13:17.000	28072	199	-2310	128	336.94	7	5	69	106	15	(2,-18)
2	2026-01-01 14:13:18.000	28107	123	-2279	128	309.42	8	6	69	106	15	(1,-18)
2	2026-01-01 14:13:19.000	28142	75	-2230	0	272.01	6	6	69	106	14	(1,-17)
2	2026-01-01 14:13:20.000	28177	115	-2214	0	235.77	8	4	69	106	14	(1,-17)
2	2026-01-01 14:13:21.000	28212	181	-2314	0	203.62	9	6	69	106	14	(1,-18)
2	2026-01-01 14:13:22.000	28247	184	-2406	0	163.37	8	4	69	106	14	(1,-19)
2	2026-01-01 14:13:23.000	28282	119	-2463	16	144.32	6	4	69	106	14	(1,-19)
2	2026-01-01 14:13:24.000	28317	55	-2559	16	107.91	8	6	69	106	14	(0,-20)
2	2026-01-01 14:13:25.000	28352	-37	-2578	16	83.8	8	4	69	106	14	(0,-20)
2	2026-01-01 14:13:26.000	28387	-118	-2649	16	107.04	10	2	69	106	14	(-1,-21)
2	2026-01-01 14:13:27.000	28422	-164	-2709	16	83.93	10	0	69	106	14	(-1,-21)
2	2026-01-01 14:13:28.000	28457	-67	-2733	16	93.78	10	0	64	106	14	(-1,-21)
2	2026-01-01 14:13:29.000	28492	-104	-2722	16	116.31	10	0	64	106	14	(-1,-21)
2	2026-01-01 14:13:30.000	28527	-45	-2702	16	146.04	10	-1	64	106	14	(0,-21)
2	2026-01-01 14:13:31.000	28562	-129	-2734	16	144.95	10	1	64	106	10	(-1,-21)
2	2026-01-01 14:13:32.000	28597	-108	-2634	16	189.29	8	1	64	106	10	(-1,-21)
2	2026-01-01 14:13:33.000	28632	-97	-2550	16	172.89	8	2	64	106	10	(-1,-20)
2	2026-01-01 14:13:34.000	28667	-111	-2459	16	150.38	10	4	64	106	10	(-1,-19)
2	2026-01-01 14:13:35.000	28702	-191	-2519	16	163.06	10	5	64	106	10	(-1,-20)
2	2026-01-01 14:13:36.000	28737	-186	-2479	16	147.63	9	5	64	106	10	(-1,-19)
2	2026-01-01 14:13:37.000	28772	-135	-2416	16	123.9	10	6	64	106	10	(-1,-19)
2	2026-01-01 14:13:38.000	28807	-210	-2416	16	159.63	10	4	64	106	10	(-2,-19)
2	2026-01-01 14:13:39.000	28842	-190	-2340	16	129.57	10	2	62	106	10	(-1,-18)
2	2026-01-01 14:13:40.000	28877	-255	-2342	16	150.44	8	4	62	106	10	(-2,-18)
2	2026-01-01 14:13:41.000	28912	-308	-2360	16	163.26	9	5	62	106	10	(-2,-18)
2	2026-01-01 14:13:42.000	28947	-360	-2307	16	128.06	10	4	62	106	6	(-3,-18)
2	2026-01-01 14:13:43.000	28982	-290	-2387	16	172.48	10	6	62	106	6	(-2,-19)
2	2026-01-01 14:13:44.000	29017	-285	-2313	16	207.49	10	4	62	106	3	(-2,-18)
2	2026-01-01 14:13:45.000	29052	-356	-2311	16	232.33	10	2	62	106	3	(-3,-18)
2	2026-01-01 14:13:46.000	29087	-335	-2241	16	225.07	10	1	62	106	3	(-3,-18)
2	2026-01-01 14:13:47.000	29122	-413	-2155	56	185.65	10	1	62	106	3	(-3,-17)
2	2026-01-01 14:13:48.000	29157	-365	-2088	56	204.59	8	1	62	106	3	(-3,-16)
2	2026-01-01 14:13:49.000	29192	-330	-2045	56	234.36	6	0	62	106	3	(-3,-16)
2	2026-01-01 14:13:50.000	29227	-420	-2082	56	215.64	8	2	62	106	3	(-3,-16)
2	2026-01-01 14:13:51.000	29262	-467	-2101	56	188.41	7	0	62	106	3	(-4,-16)
2	2026-01-01 14:13:52.000	29297	-470	-2186	56	150.6	6	2	62	106	3	(-4,-17)
2	2026-01-01 14:13:53.000	29332	-396	-2207	56	188.96	4	4	62	106	3	(-3,-17)
2	2026-01-01 14:13:54.000	29367	-422	-2284	56	154.69	6	2	62	106	3	(-3,-18)
2	2026-01-01 14:13:55.000	29402	-411	-2263	56	186.11	8	1	62	106	3	(-3,-18)
2	2026-01-01 14:13:56.000	29437	-434	-2206	56	228.46	6	2	62	106	3	(-3,-17)
2	2026-01-01 14:13:57.000	29472	-515	-2125	56	204.84	6	0	62	106	3	(-4,-17)
2	2026-01-01 14:13:58.000	29507	-551	-2137	56	190.18	7	2	62	106	0	(-4,-17)
2	2026-01-01 14:13:59.000	29542	-502	-2099	56	198.93	5	3	62	106	0	(-4,-16)
2	2026-01-01 14:14:00.000	29577	-588	-2192	56	187.16	7	2	62	106	0	(-5,-17)
2	2026-01-01 14:14:01.000	29612	-489	-2163	56	168.82	7	2	62	106	0	(-4,-17)
2	2026-01-01 14:14:02.000	29647	-496	-2257	56	147.13	7	3	62	106	0	(-4,-18)
2	2026-01-01 14:14:03.000	29682	-500	-2227	56	160.48	6	1	62	106	0	(-4,-17)
2	2026-01-01 14:14:04.000	29717	-437	-2222	56	152.3	4	-1	62	106	0	(-3,-17)
2	2026-01-01 14:14:05.000	29752	-494	-2273	56	152.44	5	0	62	106	0	(-4,-18)
2	2026-01-01 14:14:06.000	29787	-522	-2370	56	155.68	7	-1	62	106	0	(-4,-19)
2	2026-01-01 14:14:07.000	29822	-613	-2285	56	178.3	7	-3	62	106	0	(-5,-18)
2	2026-01-01 14:14:08.000	29857	-515	-2305	56	150.78	7	-5	62	106	0	(-4,-18)
2	2026-01-01 14:14:09.000	29892	-541	-2375	56	163.34	5	-4	62	106	0	(-4,-19)
2	2026-01-01 14:14:10.000	29927	-637	-2457	56	120.48	4	-2	62	106	0	(-5,-19)
2	2026-01-01 14:14:11.000	29962	-543	-2533	56	159.16	3	0	62	106	0	(-4,-20)
2	2026-01-01 14:14:12.000	29997	-479	-2503	56	174.83	2	-2	62	106	0	(-4,-20)
2	2026-01-01 14:14:13.000	30032	-461	-2461	56	182.5	0	-3	62	106	0	(-4,-19)
2	2026-01-01 14:14:14.000	30067	-409	-2414	56	138.74	-1	-2	62	106	0	(-3,-19)
2	2026-01-01 14:14:15.000	30102	-315	-2443	56	110.53	-3	0	55	106	0	(-2,-19)
2	2026-01-01 14:14:16.000	30137	-260	-2404	56	104.15	-4	2	55	106	0	(-2,-19)
2	2026-01-01 14:14:17.000	30172	-339	-2402	56	87.8	-3	0	55	106	0	(-3,-19)
2	2026-01-01 14:14:18.000	30207	-383	-2340	56	44.65	-4	0	55	106	0	(-3,-18)
2	2026-01-01 14:14:19.000	30242	-285	-2313	56	77.02	-4	1	55	106	0	(-2,-18)
2	2026-01-01 14:14:20.000	30277	-331	-2336	56	78.13	-4	0	55	106	0	(-3,-18)
2	2026-01-01 14:14:21.000	30312	-404	-2353	56	81.24	-3	2	55	106	0	(-3,-18)
2	2026-01-01 14:14:22.000	30347	-463	-2382	56	51.05	-2	0	55	106	0	(-4,-19)
2	2026-01-01 14:14:23.000	30382	-517	-2426	56	82.4	-2	0	55	106	0	(-4,-19)
2	2026-01-01 14:14:24.000	30417	-506	-2426	56	53.94	-3	2	55	106	0	(-4,-19)
2	2026-01-01 14:14:25.000	30452	-529	-2504	56	45.59	-4	0	55	106	0	(-4,-20)
2	2026-01-01 14:14:26.000	30487	-508	-2603	56	36.25	-2	-1	55	106	0	(-4,-20)
2	2026-01-01 14:14:27.000	30522	-472	-2504	56	75.64	-4	-1	55	106	0	(-4,-20)
2	2026-01-01 14:14:28.000	30557	-414	-2547	56	74.69	-5	-1	55	106	0	(-3,-20)
2	2026-01-01 14:14:29.000	30592	-427	-2551	56	94.08	-6	-2	55	106	24	(-3,-20)
2	2026-01-01 14:14:30.000	30627	-491	-2593	56	49.13	-4	0	55	106	20	(-4,-20)
2	2026-01-01 14:14:31.000	30662	-391	-2557	56	73.28	-3	1	55	106	19	(-3,-20)
2	2026-01-01 14:14:32.000	30697	-318	-2500	56	91.22	-3	0	55	106	19	(-2,-20)
2	2026-01-01 14:14:33.000	30732	-250	-2480	56	104.55	-3	-1	55	106	19	(-2,-19)
2	2026-01-01 14:14:34.000	30767	-336	-2476	56	119.14	-2	1	55	106	19	(-3,-19)
2	2026-01-01 14:14:35.000	30802	-338	-2415	56	148.47	-1	-1	55	106	19	(-3,-19)
2	2026-01-01 14:14:36.000	30837	-403	-2419	56	177.16	-2	-3	55	106	16	(-3,-19)
2	2026-01-01 14:14:37.000	30872	-454	-2514	56	135.76	0	-3	55	106	16	(-4,-20)
2	2026-01-01 14:14:38.000	30907	-375	-2436	56	97.35	-1	-4	55	106	16	(-3,-19)
2	2026-01-01 14:14:39.000	30942	-293	-2470	56	61.64	0	-2	55	106	16	(-2,-19)
2	2026-01-01 14:14:40.000	30977	-358	-2560	56	25.13	-1	0	55	106	16	(-3,-20)
2	2026-01-01 14:14:41.000	31012	-345	-2604	56	58.56	-2	1	55	106	16	(-3,-20)
2	2026-01-01 14:14:42.000	31047	-352	-2532	56	48.86	-3	2	55	106	16	(-3,-20)
2	2026-01-01 14:14:43.000	31082	-381	-2485	56	29.78	-4	1	55	106	16	(-3,-19)
2	2026-01-01 14:14:44.000	31117	-398	-2487	56	32.83	-2	2	55	106	16	(-3,-19)
2	2026-01-01 14:14:45.000	31152	-453	-2435	56	72.85	-1	3	55	106	16	(-4,-19)
2	2026-01-01 14:14:46.000	31187	-520	-2388	56	37.77	-2	1	52	106	16	(-4,-19)
2	2026-01-01 14:14:47.000	31222	-547	-2400	56	80.29	0	-1	52	106	16	(-4,-19)
2	2026-01-01 14:14:48.000	31257	-595	-2442	56	93.77	1	-3	52	106	16	(-5,-19)
2	2026-01-01 14:14:49.000	31292	-582	-2377	56	114.57	0	-4	52	106	16	(-5,-19)
2	2026-01-01 14:14:50.000	31327	-679	-2376	56	87.31	1	-3	52	106	28	(-5,-19)
2	2026-01-01 14:14:51.000	31362	-773	-2464	56	122.53	0	-4	52	106	28	(-6,-19)
2	2026-01-01 14:14:52.000	31397	-821	-2372	56	96.66	2	-5	52	106	28	(-6,-19)
2	2026-01-01 14:14:53.000	31432	-794	-2287	0	118.26	4	-4	52	106	28	(-6,-18)
2	2026-01-01 14:14:54.000	31467	-888	-2244	0	161.95	6	-5	52	106	28	(-7,-18)
2	2026-01-01 14:14:55.000	31502	-933	-2249	0	121.44	4	-3	52	106	25	(-7,-18)
2	2026-01-01 14:14:56.000	31537	-895	-2337	0	95.95	6	-5	52	106	25	(-7,-18)
2	2026-01-01 14:14:57.000	31572	-926	-2376	0	56.69	6	-7	52	106	25	(-7,-19)
2	2026-01-01 14:14:58.000	31607	-895	-2311	0	31.25	4	-7	52	106	21	(-7,-18)
2	2026-01-01 14:14:59.000	31642	-923	-2297	0	356.14	4	-6	52	106	17	(-7,-18)
2	2026-01-01 14:15:00.000	31677	-868	-2263	0	13.6	2	-5	52	106	17	(-7,-18)
2	2026-01-01 14:15:01.000	31712	-940	-2342	0	19.78	4	-4	52	106	17	(-7,-18)
2	2026-01-01 14:15:02.000	31747	-919	-2432	0	39.53	5	-6	52	106	17	(-7,-19)
2	2026-01-01 14:15:03.000	31782	-911	-2449	0	34.11	7	-6	52	106	17	(-7,-19)
2	2026-01-01 14:15:04.000	31817	-939	-2509	0	24.02	9	-7	52	106	14	(-7,-20)
2	2026-01-01 14:15:05.000	31852	-930	-2469	0	22.66	9	-6	48	106	14	(-7,-19)
2	2026-01-01 14:15:06.000	31887	-879	-2426	0	50.66	10	-5	48	106	14	(-7,-19)
2	2026-01-01 14:15:07.000	31922	-903	-2417	0	15.24	10	-5	48	106	14	(-7,-19)
2	2026-01-01 14:15:08.000	31957	-819	-2515	0	27.74	10	-6	48	106	14	(-6,-20)
2	2026-01-01 14:15:09.000	31992	-725	-2487	0	9.07	8	-8	48	106	9	(-6,-19)
2	2026-01-01 14:15:10.000	32027	-788	-2569	0	328.39	9	-10	48	106	9	(-6,-20)
2	2026-01-01 14:15:11.000	32062	-699	-2501	0	326.9	7	-10	48	106	9	(-5,-20)
2	2026-01-01 14:15:12.000	32097	-626	-2453	0	334.33	8	-10	48	106	9	(-5,-19)
2	2026-01-01 14:15:13.000	32132	-571	-2397	0	354.44	8	-10	48	106	9	(-4,-19)
2	2026-01-01 14:15:14.000	32167	-636	-2325	0	343.63	7	-10	48	106	9	(-5,-18)
2	2026-01-01 14:15:15.000	32202	-674	-2266	0	1.94	5	-10	48	106	9	(-5,-18)
2	2026-01-01 14:15:16.000	32237	-753	-2282	0	320.28	7	-10	48	106	4	(-6,-18)
2	2026-01-01 14:15:17.000	32272	-710	-2236	0	339.88	8	-10	48	106	4	(-6,-17)
2	2026-01-01 14:15:18.000	32307	-681	-2208	0	359.11	8	-10	48	106	4	(-5,-17)
2	2026-01-01 14:15:19.000	32342	-719	-2127	0	359.6	8	-9	48	106	4	(-6,-17)
2	2026-01-01 14:15:20.000	32377	-642	-2192	0	28.15	6	-8	48	106	4	(-5,-17)
2	2026-01-01 14:15:21.000	32412	-558	-2165	0	43.44	8	-9	48	106	4	(-4,-17)
2	2026-01-01 14:15:22.000	32447	-581	-2095	0	65.6	6	-10	48	106	4	(-5,-16)
2	2026-01-01 14:15:23.000	32482	-515	-2144	0	86.27	4	-9	48	106	4	(-4,-17)
2	2026-01-01 14:15:24.000	32517	-433	-2049	0	116.2	5	-7	47	106	4	(-3,-16)
2	2026-01-01 14:15:25.000	32552	-420	-2016	16	81.46	3	-5	47	106	4	(-3,-16)
2	2026-01-01 14:15:26.000	32587	-435	-1977	16	115.73	3	-7	47	106	4	(-3,-15)
2	2026-01-01 14:15:27.000	32622	-427	-2055	16	92.55	4	-6	47	106	2	(-3,-16)
2	2026-01-01 14:15:28.000	32657	-510	-2066	16	124.32	5	-4	47	106	2	(-4,-16)
2	2026-01-01 14:15:29.000	32692	-592	-2144	16	82.59	5	-5	47	106	2	(-5,-17)
2	2026-01-01 14:15:30.000	32727	-578	-2086	16	82.94	4	-3	47	106	2	(-5,-16)
2	2026-01-01 14:15:31.000	32762	-491	-2095	16	96.23	5	-2	47	106	0	(-4,-16)
2	2026-01-01 14:15:32.000	32797	-453	-2140	16	88.05	4	0	47	106	0	(-4,-17)
2	2026-01-01 14:15:33.000	32832	-451	-2196	16	96.34	3	1	47	106	0	(-4,-17)
2	2026-01-01 14:15:34.000	32867	-530	-2195	16	140.4	4	2	47	106	0	(-4,-17)
2	2026-01-01 14:15:35.000	32902	-482	-2146	16	117.16	5	2	47	106	0	(-4,-17)
2	2026-01-01 14:15:36.000	32937	-485	-2171	16	74.41	7	3	47	106	0	(-4,-17)
2	2026-01-01 14:15:37.000	32972	-388	-2159	16	39.25	7	1	47	106	0	(-3,-17)
2	2026-01-01 14:15:38.000	33007	-399	-2236	16	42.35	7	2	47	106	0	(-3,-17)
2	2026-01-01 14:15:39.000	33042	-452	-2269	16	21.62	5	4	47	106	0	(-4,-18)
2	2026-01-01 14:15:40.000	33077	-388	-2365	16	46.28	3	3	45	106	0	(-3,-18)
2	2026-01-01 14:15:41.000	33112	-418	-2422	16	52.72	1	4	45	106	0	(-3,-19)
2	2026-01-01 14:15:42.000	33147	-465	-2492	0	64.78	2	6	45	106	0	(-4,-19)
2	2026-01-01 14:15:43.000	33182	-399	-2411	0	57.9	1	7	45	106	0	(-3,-19)
2	2026-01-01 14:15:44.000	33217	-373	-2311	0	75.03	-1	7	45	106	0	(-3,-18)
2	2026-01-01 14:15:45.000	33252	-461	-2227	0	64.27	0	7	45	106	0	(-4,-17)
2	2026-01-01 14:15:46.000	33287	-464	-2160	0	57.89	-2	7	45	106	0	(-4,-17)
2	2026-01-01 14:15:47.000	33322	-514	-2185	0	63.43	-2	9	45	106	0	(-4,-17)
2	2026-01-01 14:15:48.000	33357	-503	-2185	0	93.12	-1	8	45	106	0	(-4,-17)
2	2026-01-01 14:15:49.000	33392	-529	-2223	0	62.44	1	10	45	106	0	(-4,-17)
2	2026-01-01 14:15:50.000	33427	-453	-2237	-16	95.42	2	10	45	106	0	(-4,-17)
2	2026-01-01 14:15:51.000	33462	-485	-2235	-16	92.14	1	10	37	106	0	(-4,-17)
2	2026-01-01 14:15:52.000	33497	-471	-2277	-16	129.46	-1	10	37	106	0	(-4,-18)
2	2026-01-01 14:15:53.000	33532	-428	-2370	-16	90.17	-3	9	37	106	0	(-3,-19)
2	2026-01-01 14:15:54.000	33567	-523	-2302	-16	61.82	-3	9	37	106	0	(-4,-18)
2	2026-01-01 14:15:55.000	33602	-431	-2277	-16	72.66	-4	8	37	106	0	(-3,-18)
2	2026-01-01 14:15:56.000	33637	-461	-2335	-16	63.76	-2	6	37	106	0	(-4,-18)
2	2026-01-01 14:15:57.000	33672	-384	-2422	-16	65.88	-2	4	37	106	0	(-3,-19)
2	2026-01-01 14:15:58.000	33707	-330	-2362	-16	28.15	-1	2	37	106	0	(-3,-18)
2	2026-01-01 14:15:59.000	33742	-252	-2454	-16	66.29	-2	3	37	106	0	(-2,-19)
2	2026-01-01 14:16:00.000	33777	-330	-2384	-16	49.87	-4	2	37	106	0	(-3,-19)
2	2026-01-01 14:16:01.000	33812	-238	-2376	-16	7.45	-6	1	37	106	0	(-2,-19)
2	2026-01-01 14:16:02.000	33847	-279	-2455	-16	16.77	-5	3	37	106	0	(-2,-19)
2	2026-01-01 14:16:03.000	33882	-300	-2470	-16	334.69	-4	1	37	106	0	(-2,-19)
2	2026-01-01 14:16:04.000	33917	-342	-2397	-16	2.04	-3	2	37	106	0	(-3,-19)
2	2026-01-01 14:16:05.000	33952	-314	-2409	16	33.56	-5	2	37	106	0	(-2,-19)
2	2026-01-01 14:16:06.000	33987	-370	-2325	16	9.93	-6	4	37	106	0	(-3,-18)
2	2026-01-01 14:16:07.000	34022	-396	-2274	16	327.12	-8	4	37	106	0	(-3,-18)
2	2026-01-01 14:16:08.000	34057	-439	-2353	16	1.91	-6	4	37	106	0	(-3,-18)
2	2026-01-01 14:16:09.000	34092	-502	-2279	16	9.52	-8	5	37	106	0	(-4,-18)
2	2026-01-01 14:16:10.000	34127	-561	-2249	16	334.56	-7	4	37	106	0	(-4,-18)
2	2026-01-01 14:16:11.000	34162	-510	-2209	16	311.72	-8	2	37	106	0	(-4,-17)
2	2026-01-01 14:16:12.000	34197	-575	-2165	16	312.96	-10	2	32	106	0	(-4,-17)
2	2026-01-01 14:16:13.000	34232	-610	-2195	0	296.57	-10	0	25	106	0	(-5,-17)
2	2026-01-01 14:16:14.000	34267	-547	-2207	0	330.81	-10	0	25	106	0	(-4,-17)
2	2026-01-01 14:16:15.000	34302	-448	-2123	0	356.79	-10	2	25	106	0	(-4,-17)
2	2026-01-01 14:16:16.000	34337	-410	-2094	0	320.46	-10	3	25	106	0	(-3,-16)
2	2026-01-01 14:16:17.000	34372	-439	-2098	0	280.86	-10	2	25	106	0	(-3,-16)
2	2026-01-01 14:16:18.000	34407	-350	-2148	40	297.53	-10	4	25	106	0	(-3,-17)
2	2026-01-01 14:16:19.000	34442	-284	-2069	40	295.63	-8	2	25	106	0	(-2,-16)
2	2026-01-01 14:16:20.000	34477	-373	-2159	40	252.71	-7	1	25	106	0	(-3,-17)
2	2026-01-01 14:16:21.000	34512	-405	-2116	40	240.58	-6	0	25	106	0	(-3,-17)
2	2026-01-01 14:16:22.000	34547	-485	-2021	40	205.49	-4	0	25	106	0	(-4,-16)
2	2026-01-01 14:16:23.000	34582	-549	-1964	40	196.08	-2	1	25	106	0	(-4,-15)
2	2026-01-01 14:16:24.000	34617	-521	-1958	40	218.58	-4	3	25	106	0	(-4,-15)
2	2026-01-01 14:16:25.000	34652	-565	-2052	40	207.09	-3	5	25	106	0	(-4,-16)
2	2026-01-01 14:16:26.000	34687	-479	-2117	40	181.65	-5	4	25	106	0	(-4,-17)
2	2026-01-01 14:16:27.000	34722	-453	-2109	40	155.09	-4	3	25	106	0	(-4,-16)
2	2026-01-01 14:16:28.000	34757	-458	-2162	40	136.68	-5	1	25	106	0	(-4,-17)
2	2026-01-01 14:16:29.000	34792	-459	-2182	40	125.62	-7	1	25	106	0	(-4,-17)
2	2026-01-01 14:16:30.000	34827	-552	-2211	40	129.34	-8	-1	25	106	0	(-4,-17)
2	2026-01-01 14:16:31.000	34862	-461	-2274	40	154.49	-6	-2	25	106	0	(-4,-18)
2	2026-01-01 14:16:32.000	34897	-550	-2307	40	113.98	-6	-4	25	106	0	(-4,-18)
2	2026-01-01 14:16:33.000	34932	-518	-2358	40	70.82	-5	-6	25	106	0	(-4,-18)
2	2026-01-01 14:16:34.000	34967	-462	-2272	40	96.92	-4	-4	25	106	0	(-4,-18)
2	2026-01-01 14:16:35.000	35002	-521	-2338	40	61.5	-6	-4	25	106	0	(-4,-18)
2	2026-01-01 14:16:36.000	35037	-485	-2269	40	25.68	-4	-2	25	106	0	(-4,-18)
2	2026-01-01 14:16:37.000	35072	-523	-2345	40	70.07	-4	-1	25	106	0	(-4,-18)
2	2026-01-01 14:16:38.000	35107	-516	-2293	40	52.53	-3	-3	25	106	0	(-4,-18)
2	2026-01-01 14:16:39.000	35142	-467	-2380	40	42.8	-1	-1	25	106	0	(-4,-19)
2	2026-01-01 14:16:40.000	35177	-519	-2306	40	60.41	0	-1	25	106	0	(-4,-18)
2	2026-01-01 14:16:41.000	35212	-485	-2322	-8	39.5	1	1	25	106	0	(-4,-18)
2	2026-01-01 14:16:42.000	35247	-453	-2224	-8	24.47	1	1	25	106	0	(-4,-17)
2	2026-01-01 14:16:43.000	35282	-430	-2253	-8	69.39	-1	0	25	106	0	(-3,-18)
2	2026-01-01 14:16:44.000	35317	-377	-2174	-8	90.97	-1	-2	25	106	0	(-3,-17)
2	2026-01-01 14:16:45.000	35352	-432	-2247	-8	119.67	0	-1	25	106	0	(-3,-18)
2	2026-01-01 14:16:46.000	35387	-466	-2322	-8	148.91	0	-1	25	106	0	(-4,-18)
2	2026-01-01 14:16:47.000	35422	-413	-2320	-8	150.83	-2	0	25	106	0	(-3,-18)
2	2026-01-01 14:16:48.000	35457	-395	-2386	-8	162.49	0	2	25	106	0	(-3,-19)
2	2026-01-01 14:16:49.000	35492	-329	-2292	-8	200.81	-1	2	25	106	0	(-3,-18)
2	2026-01-01 14:16:50.000	35527	-307	-2215	-8	168.06	0	0	22	106	0	(-2,-17)
2	2026-01-01 14:16:51.000	35562	-231	-2158	-8	170.33	0	-2	22	106	0	(-2,-17)
2	2026-01-01 14:16:52.000	35597	-253	-2255	-8	133.8	1	-2	22	106	0	(-2,-18)
2	2026-01-01 14:16:53.000	35632	-182	-2184	-8	91.57	1	-3	22	106	0	(-1,-17)
2	2026-01-01 14:16:54.000	35667	-111	-2096	-8	92.9	-1	-5	22	106	0	(-1,-16)
2	2026-01-01 14:16:55.000	35702	-162	-2038	-8	96.42	0	-5	22	106	0	(-1,-16)
2	2026-01-01 14:16:56.000	35737	-248	-2008	-8	133.26	-2	-3	22	106	0	(-2,-16)
2	2026-01-01 14:16:57.000	35772	-280	-2062	-8	155.7	-2	-1	22	106	0	(-2,-16)
2	2026-01-01 14:16:58.000	35807	-336	-1964	-8	125.81	-1	1	22	106	0	(-3,-15)
2	2026-01-01 14:16:59.000	35842	-263	-2060	-8	156.03	-2	3	22	106	23	(-2,-16)
2	2026-01-01 14:17:00.000	35877	-173	-2112	-8	135.34	-3	5	22	106	23	(-1,-16)
2	2026-01-01 14:17:01.000	35912	-85	-2078	-8	124.66	-3	3	22	106	23	(-1,-16)
2	2026-01-01 14:17:02.000	35947	-140	-2080	-8	164.6	-4	5	22	106	44	(-1,-16)
2	2026-01-01 14:17:03.000	35982	-78	-2047	-8	192.22	-5	7	22	106	44	(-1,-16)
2	2026-01-01 14:17:04.000	36017	-70	-2075	-8	176.63	-4	9	22	106	44	(-1,-16)
2	2026-01-01 14:17:05.000	36052	-169	-2166	-8	200.21	-2	8	22	106	44	(-1,-17)
2	2026-01-01 14:17:06.000	36087	-99	-2170	-8	201.69	0	9	22	106	44	(-1,-17)
2	2026-01-01 14:17:07.000	36122	-50	-2257	-8	164.34	-2	10	22	106	44	(0,-18)
2	2026-01-01 14:17:08.000	36157	-64	-2257	-8	162.57	-1	8	22	106	44	(0,-18)
2	2026-01-01 14:17:09.000	36192	-66	-2232	-8	177.17	-3	6	22	106	44	(-1,-17)
2	2026-01-01 14:17:10.000	36227	-34	-2249	-8	133.85	-2	8	22	106	44	(0,-18)
2	2026-01-01 14:17:11.000	36262	-10	-2262	-8	116.83	0	7	22	106	44	(0,-18)
2	2026-01-01 14:17:12.000	36297	-68	-2278	-8	143.97	2	9	22	106	44	(-1,-18)
2	2026-01-01 14:17:13.000	36332	-59	-2188	-8	114.48	2	10	22	106	44	(0,-17)
2	2026-01-01 14:17:14.000	36367	-97	-2094	-8	136.86	2	10	22	106	44	(-1,-16)
2	2026-01-01 14:17:15.000	36402	0	-2174	-8	168.38	0	8	22	106	44	(0,-17)
2	2026-01-01 14:17:16.000	36437	-6	-2237	-8	204.97	0	10	22	106	44	(0,-17)
2	2026-01-01 14:17:17.000	36472	-93	-2288	-8	227.23	1	9	22	106	44	(-1,-18)
2	2026-01-01 14:17:18.000	36507	-167	-2251	-8	188.7	0	8	22	106	44	(-1,-18)
2	2026-01-01 14:17:19.000	36542	-211	-2320	-8	223.44	-2	9	22	106	44	(-2,-18)
2	2026-01-01 14:17:20.000	36577	-198	-2283	128	206.62	-3	10	22	106	44	(-2,-18)
2	2026-01-01 14:17:21.000	36612	-225	-2255	128	225.78	-3	9	22	106	44	(-2,-18)
2	2026-01-01 14:17:22.000	36647	-226	-2236	128	218.57	-4	10	22	106	44	(-2,-17)
2	2026-01-01 14:17:23.000	36682	-213	-2247	24	191.54	-4	10	22	106	44	(-2,-18)
2	2026-01-01 14:17:24.000	36717	-167	-2276	24	213.01	-6	8	22	106	44	(-1,-18)
2	2026-01-01 14:17:25.000	36752	-182	-2209	24	227.16	-7	10	22	106	44	(-1,-17)
2	2026-01-01 14:17:26.000	36787	-273	-2243	24	224.13	-9	8	22	106	44	(-2,-18)
2	2026-01-01 14:17:27.000	36822	-354	-2323	24	233.13	-9	9	22	106	39	(-3,-18)
2	2026-01-01 14:17:28.000	36857	-399	-2232	24	274.68	-9	10	22	106	39	(-3,-17)
2	2026-01-01 14:17:29.000	36892	-369	-2208	24	289.89	-7	10	22	106	39	(-3,-17)
2	2026-01-01 14:17:30.000	36927	-465	-2119	24	278.44	-8	10	22	106	39	(-4,-17)
2	2026-01-01 14:17:31.000	36962	-388	-2160	24	233.77	-9	9	22	106	39	(-3,-17)
2	2026-01-01 14:17:32.000	36997	-352	-2152	24	204.5	-10	10	22	106	39	(-3,-17)
2	2026-01-01 14:17:33.000	37032	-337	-2190	24	178.68	-9	10	22	106	39	(-3,-17)
2	2026-01-01 14:17:34.000	37067	-437	-2242	24	163.14	-9	9	22	106	39	(-3,-18)
2	2026-01-01 14:17:35.000	37102	-372	-2285	24	193.59	-7	10	22	106	39	(-3,-18)
2	2026-01-01 14:17:36.000	37137	-395	-2361	24	166.93	-6	10	38	106	39	(-3,-18)
2	2026-01-01 14:17:37.000	37172	-359	-2441	24	153.36	-5	10	38	106	34	(-3,-19)
2	2026-01-01 14:17:38.000	37207	-301	-2527	24	181.16	-5	10	38	106	34	(-2,-20)
2	2026-01-01 14:17:39.000	37242	-309	-2495	24	211.72	-4	10	38	106	34	(-2,-19)
2	2026-01-01 14:17:40.000	37277	-353	-2516	24	214.64	-6	10	38	106	34	(-3,-20)
2	2026-01-01 14:17:41.000	37312	-355	-2568	24	192.96	-8	10	38	106	34	(-3,-20)
2	2026-01-01 14:17:42.000	37347	-260	-2655	24	223.6	-7	9	38	106	34	(-2,-21)
2	2026-01-01 14:17:43.000	37382	-175	-2653	24	186.53	-9	9	38	106	34	(-1,-21)
2	2026-01-01 14:17:44.000	37417	-260	-2675	24	168.24	-10	8	38	106	34	(-2,-21)
2	2026-01-01 14:17:45.000	37452	-220	-2698	24	182.97	-10	10	38	106	34	(-2,-21)
2	2026-01-01 14:17:46.000	37487	-120	-2656	24	204.75	-10	8	38	106	34	(-1,-21)
2	2026-01-01 14:17:47.000	37522	-142	-2581	24	167.13	-10	9	38	106	34	(-1,-20)
2	2026-01-01 14:17:48.000	37557	-219	-2677	24	127.43	-9	10	38	106	34	(-2,-21)
2	2026-01-01 14:17:49.000	37592	-182	-2741	24	120.0	-10	10	38	106	34	(-1,-21)
2	2026-01-01 14:17:50.000	37627	-137	-2642	24	109.33	-9	10	38	106	34	(-1,-21)
2	2026-01-01 14:17:51.000	37662	-92	-2684	24	76.85	-10	10	38	106	34	(-1,-21)
2	2026-01-01 14:17:52.000	37697	-12	-2733	64	46.06	-9	8	38	106	34	(0,-21)
2	2026-01-01 14:17:53.000	37732	-81	-2796	24	55.97	-7	9	38	106	34	(-1,-22)
2	2026-01-01 14:17:54.000	37767	-20	-2764	24	46.92	-9	8	38	106	50	(0,-22)
2	2026-01-01 14:17:55.000	37802	-53	-2749	24	87.83	-9	9	38	106	50	(0,-21)
2	2026-01-01 14:17:56.000	37837	-24	-2765	24	82.04	-7	10	38	106	50	(0,-22)
2	2026-01-01 14:17:57.000	37872	7	-2722	24	81.34	-8	9	38	106	50	(0,-21)
2	2026-01-01 14:17:58.000	37907	-75	-2770	24	71.38	-6	8	38	106	49	(-1,-22)
2	2026-01-01 14:17:59.000	37942	-78	-2868	24	109.37	-7	10	38	106	49	(-1,-22)
2	2026-01-01 14:18:00.000	37977	-174	-2915	24	94.0	-8	10	38	106	49	(-1,-23)
2	2026-01-01 14:18:01.000	38012	-91	-2870	0	75.09	-6	9	38	106	49	(-1,-22)
2	2026-01-01 14:18:02.000	38047	-41	-2879	0	109.53	-4	8	38	106	49	(0,-22)
2	2026-01-01 14:18:03.000	38082	-139	-2837	0	87.56	-3	9	38	106	49	(-1,-22)
2	2026-01-01 14:18:04.000	38117	-197	-2843	0	112.24	-4	10	38	106	49	(-2,-22)
2	2026-01-01 14:18:05.000	38152	-163	-2888	0	81.13	-6	8	38	106	49	(-1,-23)
2	2026-01-01 14:18:06.000	38187	-159	-2825	40	80.7	-5	9	38	106	49	(-1,-22)
2	2026-01-01 14:18:07.000	38222	-174	-2888	40	42.84	-3	10	38	106	49	(-1,-23)
2	2026-01-01 14:18:08.000	38257	-95	-2829	40	41.81	-4	10	38	106	49	(-1,-22)
2	2026-01-01 14:18:09.000	38292	-86	-2816	40	25.9	-3	9	38	106	49	(-1,-22)
2	2026-01-01 14:18:10.000	38327	-95	-2835	40	347.37	-1	10	38	106	49	(-1,-22)
2	2026-01-01 14:18:11.000	38362	-51	-2883	40	333.96	-3	8	38	106	46	(0,-23)
2	2026-01-01 14:18:12.000	38397	-80	-2946	40	300.32	-4	7	38	106	46	(-1,-23)
2	2026-01-01 14:18:13.000	38432	-35	-2886	40	302.11	-2	5	38	106	46	(0,-23)
2	2026-01-01 14:18:14.000	38467	-85	-2910	24	306.93	-4	4	38	106	46	(-1,-23)
2	2026-01-01 14:18:15.000	38502	-97	-2927	24	285.44	-3	2	34	106	46	(-1,-23)
2	2026-01-01 14:18:16.000	38537	-35	-2848	24	252.84	-3	3	34	106	46	(0,-22)
2	2026-01-01 14:18:17.000	38572	18	-2772	24	221.63	-5	1	34	106	46	(0,-22)
2	2026-01-01 14:18:18.000	38607	-61	-2781	24	263.91	-7	0	34	106	46	(0,-22)
2	2026-01-01 14:18:19.000	38642	-80	-2741	24	231.4	-6	0	34	106	46	(-1,-21)
2	2026-01-01 14:18:20.000	38677	11	-2740	24	186.63	-6	0	34	106	46	(0,-21)
2	2026-01-01 14:18:21.000	38712	66	-2711	24	147.45	-4	-2	34	106	43	(1,-21)
2	2026-01-01 14:18:22.000	38747	18	-2639	24	111.48	-5	-2	34	106	43	(0,-21)
2	2026-01-01 14:18:23.000	38782	-13	-2627	24	106.52	-3	-1	34	106	43	(0,-21)
2	2026-01-01 14:18:24.000	38817	50	-2649	24	81.56	-3	-2	34	106	43	(0,-21)
2	2026-01-01 14:18:25.000	38852	99	-2681	24	105.65	-4	-4	34	106	43	(1,-21)
2	2026-01-01 14:18:26.000	38887	117	-2662	-8	71.9	-4	-2	34	106	43	(1,-21)
2	2026-01-01 14:18:27.000	38922	78	-2593	-8	33.36	-2	-2	34	106	43	(1,-20)
2	2026-01-01 14:18:28.000	38957	43	-2667	-8	8.45	-2	-1	34	106	43	(0,-21)
2	2026-01-01 14:18:29.000	38992	101	-2597	-8	351.72	-1	-2	34	106	43	(1,-20)
2	2026-01-01 14:18:30.000	39027	125	-2506	-8	0.52	1	-2	34	106	43	(1,-20)
2	2026-01-01 14:18:31.000	39062	185	-2443	-8	326.1	3	-2	34	106	43	(1,-19)
2	2026-01-01 14:18:32.000	39097	204	-2517	-8	303.75	3	-4	34	106	43	(2,-20)
2	2026-01-01 14:18:33.000	39132	178	-2586	-8	308.79	4	-5	34	106	43	(1,-20)
2	2026-01-01 14:18:34.000	39167	109	-2568	-8	266.07	5	-7	34	106	42	(1,-20)
2	2026-01-01 14:18:35.000	39202	107	-2551	-8	272.62	6	-9	34	106	42	(1,-20)
2	2026-01-01 14:18:36.000	39237	187	-2612	-8	237.51	4	-8	34	106	42	(1,-20)
2	2026-01-01 14:18:37.000	39272	177	-2662	-8	263.66	5	-9	34	106	42	(1,-21)
2	2026-01-01 14:18:38.000	39307	109	-2728	-8	266.72	3	-8	34	106	40	(1,-21)
2	2026-01-01 14:18:39.000	39342	57	-2816	-8	276.04	1	-8	34	106	40	(0,-22)
2	2026-01-01 14:18:40.000	39377	79	-2734	-8	300.51	0	-8	34	106	50	(1,-21)
2	2026-01-01 14:18:41.000	39412	151	-2650	-8	276.06	-2	-7	34	106	50	(1,-21)
2	2026-01-01 14:18:42.000	39447	222	-2644	-8	252.42	-2	-8	34	106	50	(2,-21)
2	2026-01-01 14:18:43.000	39482	231	-2595	-8	216.75	0	-7	34	106	50	(2,-20)
2	2026-01-01 14:18:44.000	39517	227	-2674	-8	254.84	0	-8	34	106	50	(2,-21)
2	2026-01-01 14:18:45.000	39552	321	-2580	-8	238.51	0	-7	34	106	50	(3,-20)
2	2026-01-01 14:18:46.000	39587	294	-2661	24	203.35	0	-7	34	106	47	(2,-21)
2	2026-01-01 14:18:47.000	39622	359	-2597	24	206.94	-1	-5	34	106	47	(3,-20)
2	2026-01-01 14:18:48.000	39657	279	-2631	24	196.32	-1	-4	34	106	47	(2,-21)
2	2026-01-01 14:18:49.000	39692	207	-2684	24	191.18	-3	-6	26	106	47	(2,-21)
2	2026-01-01 14:18:50.000	39727	294	-2638	24	147.13	-2	-8	26	106	47	(2,-21)
2	2026-01-01 14:18:51.000	39762	194	-2615	24	140.03	0	-8	26	106	47	(2,-20)
2	2026-01-01 14:18:52.000	39797	195	-2572	24	99.47	2	-6	26	106	47	(2,-20)
2	2026-01-01 14:18:53.000	39832	197	-2607	24	109.8	2	-6	26	106	47	(2,-20)
2	2026-01-01 14:18:54.000	39867	196	-2507	24	146.85	4	-8	26	106	47	(2,-20)
2	2026-01-01 14:18:55.000	39902	265	-2578	24	165.32	3	-8	26	106	47	(2,-20)
2	2026-01-01 14:18:56.000	39937	201	-2530	24	155.53	4	-6	26	106	45	(2,-20)
2	2026-01-01 14:18:57.000	39972	300	-2543	24	196.26	5	-7	23	106	40	(2,-20)
2	2026-01-01 14:18:58.000	40007	202	-2607	24	229.1	5	-5	23	106	40	(2,-20)
2	2026-01-01 14:18:59.000	40042	103	-2603	24	216.69	7	-7	23	106	40	(1,-20)
2	2026-01-01 14:19:00.000	40077	9	-2662	24	237.78	7	-9	23	106	40	(0,-21)
2	2026-01-01 14:19:01.000	40112	71	-2613	24	256.37	7	-7	19	106	36	(1,-20)
2	2026-01-01 14:19:02.000	40147	20	-2705	24	242.46	8	-9	19	106	36	(0,-21)
2	2026-01-01 14:19:03.000	40182	-57	-2705	24	220.26	6	-9	19	106	36	(0,-21)
2	2026-01-01 14:19:04.000	40217	-41	-2610	24	250.21	4	-7	19	106	36	(0,-20)
2	2026-01-01 14:19:05.000	40252	32	-2548	24	265.35	6	-6	19	106	36	(0,-20)
2	2026-01-01 14:19:06.000	40287	17	-2455	24	308.88	7	-5	32	106	36	(0,-19)
2	2026-01-01 14:19:07.000	40322	96	-2443	24	329.16	9	-5	32	106	36	(1,-19)
2	2026-01-01 14:19:08.000	40357	112	-2391	24	354.31	10	-7	32	106	36	(1,-19)
2	2026-01-01 14:19:09.000	40392	25	-2368	24	35.12	8	-9	32	106	36	(0,-18)
2	2026-01-01 14:19:10.000	40427	69	-2352	24	3.77	7	-7	32	106	36	(1,-18)
2	2026-01-01 14:19:11.000	40462	124	-2323	24	341.97	9	-9	32	106	36	(1,-18)
2	2026-01-01 14:19:12.000	40497	190	-2240	0	14.63	10	-10	32	106	36	(1,-18)
2	2026-01-01 14:19:13.000	40532	242	-2245	0	11.79	10	-9	32	106	36	(2,-18)
2	2026-01-01 14:19:14.000	40567	159	-2174	64	37.47	9	-8	32	106	36	(1,-17)
2	2026-01-01 14:19:15.000	40602	197	-2107	64	74.93	7	-7	32	106	36	(2,-16)
2	2026-01-01 14:19:16.000	40637	161	-2136	64	64.05	9	-8	32	106	36	(1,-17)
2	2026-01-01 14:19:17.000	40672	235	-2236	64	54.95	9	-9	32	106	36	(2,-17)
2	2026-01-01 14:19:18.000	40707	264	-2249	64	31.77	7	-10	32	106	36	(2,-18)
2	2026-01-01 14:19:19.000	40742	300	-2227	64	56.95	7	-10	32	106	50	(2,-17)
2	2026-01-01 14:19:20.000	40777	279	-2291	0	59.6	7	-10	32	106	50	(2,-18)
2	2026-01-01 14:19:21.000	40812	287	-2251	0	62.3	8	-8	32	106	50	(2,-18)
2	2026-01-01 14:19:22.000	40847	206	-2228	0	20.38	6	-9	32	106	50	(2,-17)
2	2026-01-01 14:19:23.000	40882	275	-2295	0	23.98	8	-7	32	106	50	(2,-18)
2	2026-01-01 14:19:24.000	40917	215	-2316	0	30.04	6	-7	32	106	50	(2,-18)
2	2026-01-01 14:19:25.000	40952	175	-2367	0	53.46	7	-9	30	106	50	(1,-18)
2	2026-01-01 14:19:26.000	40987	113	-2462	0	21.7	7	-10	30	106	50	(1,-19)
2	2026-01-01 14:19:27.000	41022	114	-2492	0	24.39	7	-10	30	106	50	(1,-19)
2	2026-01-01 14:19:28.000	41057	180	-2403	0	341.0	8	-10	30	106	50	(1,-19)
2	2026-01-01 14:19:29.000	41092	203	-2367	0	17.77	9	-10	30	106	50	(2,-18)
2	2026-01-01 14:19:30.000	41127	163	-2291	0	22.75	10	-10	30	106	50	(1,-18)
2	2026-01-01 14:19:31.000	41162	121	-2357	24	13.87	10	-10	46	106	49	(1,-18)
2	2026-01-01 14:19:32.000	41197	144	-2286	24	340.78	10	-8	46	106	49	(1,-18)
2	2026-01-01 14:19:33.000	41232	104	-2328	24	359.23	10	-9	46	106	49	(1,-18)
2	2026-01-01 14:19:34.000	41267	155	-2402	24	345.16	10	-10	46	106	49	(1,-19)
2	2026-01-01 14:19:35.000	41302	76	-2430	24	354.3	10	-9	46	106	49	(1,-19)
2	2026-01-01 14:19:36.000	41337	52	-2387	24	22.26	10	-10	46	106	49	(0,-19)
2	2026-01-01 14:19:37.000	41372	28	-2320	24	29.02	8	-10	46	106	49	(0,-18)
2	2026-01-01 14:19:38.000	41407	-29	-2228	24	7.23	9	-9	46	106	49	(0,-17)
2	2026-01-01 14:19:39.000	41442	-33	-2236	24	5.12	8	-7	46	106	49	(0,-17)
2	2026-01-01 14:19:40.000	41477	13	-2324	24	28.78	7	-5	46	106	49	(0,-18)
2	2026-01-01 14:19:41.000	41512	97	-2412	0	34.87	5	-7	46	106	49	(1,-19)
2	2026-01-01 14:19:42.000	41547	29	-2419	0	13.42	6	-8	46	106	49	(0,-19)
2	2026-01-01 14:19:43.000	41582	-46	-2346	0	358.31	6	-10	46	106	49	(0,-18)
2	2026-01-01 14:19:44.000	41617	-21	-2362	0	351.21	4	-10	45	106	49	(0,-18)
2	2026-01-01 14:19:45.000	41652	14	-2274	0	330.77	4	-8	45	106	49	(0,-18)
2	2026-01-01 14:19:46.000	41687	20	-2199	0	323.16	4	-6	45	106	50	(0,-17)
2	2026-01-01 14:19:47.000	41722	116	-2258	0	344.92	3	-5	41	106	50	(1,-18)
2	2026-01-01 14:19:48.000	41757	92	-2242	0	336.51	1	-4	41	106	50	(1,-18)
2	2026-01-01 14:19:49.000	41792	160	-2329	0	355.8	1	-4	41	106	50	(1,-18)
2	2026-01-01 14:19:50.000	41827	153	-2361	0	35.95	2	-3	41	106	47	(1,-18)
2	2026-01-01 14:19:51.000	41862	229	-2373	0	6.66	4	-4	41	106	47	(2,-19)
2	2026-01-01 14:19:52.000	41897	134	-2350	0	342.58	3	-5	41	106	47	(1,-18)
2	2026-01-01 14:19:53.000	41932	109	-2256	0	340.39	2	-6	41	106	47	(1,-18)
2	2026-01-01 14:19:54.000	41967	91	-2338	0	331.36	2	-8	41	106	44	(1,-18)
2	2026-01-01 14:19:55.000	42002	141	-2370	0	343.43	3	-10	41	106	44	(1,-19)
2	2026-01-01 14:19:56.000	42037	61	-2319	0	354.29	3	-10	41	106	44	(0,-18)
2	2026-01-01 14:19:57.000	42072	111	-2396	0	25.29	5	-10	41	106	44	(1,-19)
2	2026-01-01 14:19:58.000	42107	76	-2301	0	67.96	5	-8	41	106	44	(1,-18)
2	2026-01-01 14:19:59.000	42142	86	-2342	0	38.59	3	-7	41	106	44	(1,-18)
3	2026-01-01 16:00:00.000	177	280	-551	0	300.57	-7	1	100	93	30	(2,-4)
3	2026-01-01 16:00:01.000	212	332	-537	0	297.03	-7	2	100	93	30	(3,-4)
3	2026-01-01 16:00:02.000	247	259	-626	0	259.1	-5	0	100	93	30	(2,-5)
3	2026-01-01 16:00:03.000	282	287	-584	0	222.94	-3	2	100	93	30	(2,-5)
3	2026-01-01 16:00:04.000	317	291	-554	0	220.52	-1	0	100	93	30	(2,-4)
3	2026-01-01 16:00:05.000	352	360	-503	0	209.88	-1	-2	100	93	44	(3,-4)
3	2026-01-01 16:00:06.000	387	260	-418	0	222.33	0	-3	100	93	44	(2,-3)
3	2026-01-01 16:00:07.000	422	164	-399	0	223.75	1	-3	100	93	44	(1,-3)
3	2026-01-01 16:00:08.000	457	213	-339	0	267.73	3	-1	100	93	44	(2,-3)
3	2026-01-01 16:00:09.000	492	236	-372	0	273.52	3	0	100	93	44	(2,-3)
3	2026-01-01 16:00:10.000	527	157	-364	0	255.9	4	-2	100	93	44	(1,-3)
3	2026-01-01 16:00:11.000	562	69	-304	0	269.93	2	0	100	93	44	(1,-2)
3	2026-01-01 16:00:12.000	597	30	-207	0	267.2	2	-1	100	93	44	(0,-2)
3	2026-01-01 16:00:13.000	632	36	-280	0	255.61	4	-2	100	93	41	(0,-2)
3	2026-01-01 16:00:14.000	667	18	-374	0	269.85	4	-2	100	93	36	(0,-3)
3	2026-01-01 16:00:15.000	702	63	-348	0	260.98	6	-3	100	93	36	(0,-3)
3	2026-01-01 16:00:16.000	737	97	-392	-16	285.5	6	-4	100	93	36	(1,-3)
3	2026-01-01 16:00:17.000	772	174	-310	-16	265.52	4	-3	100	93	36	(1,-2)
3	2026-01-01 16:00:18.000	807	201	-233	40	238.03	6	-1	100	93	50	(2,-2)
3	2026-01-01 16:00:19.000	842	134	-276	40	273.73	5	-3	100	93	50	(1,-2)
3	2026-01-01 16:00:20.000	877	166	-232	40	295.02	3	-3	100	93	50	(1,-2)
3	2026-01-01 16:00:21.000	912	171	-229	40	288.85	3	-5	100	93	50	(1,-2)
3	2026-01-01 16:00:22.000	947	233	-172	40	246.87	3	-4	100	93	50	(2,-1)
3	2026-01-01 16:00:23.000	982	210	-233	40	203.21	3	-4	100	93	50	(2,-2)
3	2026-01-01 16:00:24.000	1017	228	-273	40	199.79	1	-5	100	93	50	(2,-2)
3	2026-01-01 16:00:25.000	1052	301	-276	40	211.61	0	-4	100	93	50	(2,-2)
3	2026-01-01 16:00:26.000	1087	317	-176	40	237.52	-2	-4	100	93	50	(2,-1)
3	2026-01-01 16:00:27.000	1122	385	-103	40	246.46	-2	-3	100	93	50	(3,-1)
3	2026-01-01 16:00:28.000	1157	305	-132	40	209.85	-3	-3	100	93	50	(2,-1)
3	2026-01-01 16:00:29.000	1192	383	-52	40	185.68	-3	-5	100	93	50	(3,0)
3	2026-01-01 16:00:30.000	1227	429	38	40	165.42	-2	-7	100	93	50	(3,0)
3	2026-01-01 16:00:31.000	1262	524	37	40	144.88	-2	-7	100	93	50	(4,0)
3	2026-01-01 16:00:32.000	1297	430	-7	40	119.21	-1	-7	100	93	50	(3,0)
3	2026-01-01 16:00:33.000	1332	393	48	40	83.8	1	-8	100	93	50	(3,0)
3	2026-01-01 16:00:34.000	1367	391	-48	40	58.97	-1	-10	100	93	50	(3,0)
3	2026-01-01 16:00:35.000	1402	313	27	40	89.26	0	-10	100	93	50	(2,0)
3	2026-01-01 16:00:36.000	1437	228	-2	40	83.93	0	-10	100	93	50	(2,0)
3	2026-01-01 16:00:37.000	1472	197	28	-16	61.64	2	-8	100	93	46	(2,0)
3	2026-01-01 16:00:38.000	1507	210	52	-16	102.11	0	-10	100	93	46	(2,0)
3	2026-01-01 16:00:39.000	1542	245	-22	-16	67.07	-2	-9	100	93	46	(2,0)
3	2026-01-01 16:00:40.000	1577	168	-54	32	47.86	-4	-10	100	93	46	(1,0)
3	2026-01-01 16:00:41.000	1612	254	-50	32	91.51	-4	-8	100	93	50	(2,0)
3	2026-01-01 16:00:42.000	1647	216	-150	32	125.39	-5	-8	100	93	50	(2,-1)
3	2026-01-01 16:00:43.000	1682	299	-222	32	166.54	-6	-7	100	93	50	(2,-2)
3	2026-01-01 16:00:44.000	1717	268	-193	32	166.12	-5	-8	100	93	50	(2,-2)
3	2026-01-01 16:00:45.000	1752	327	-254	32	199.03	-5	-9	100	93	50	(3,-2)
3	2026-01-01 16:00:46.000	1787	278	-323	32	234.54	-5	-7	100	93	50	(2,-3)
3	2026-01-01 16:00:47.000	1822	296	-268	32	200.82	-6	-7	100	93	50	(2,-2)
3	2026-01-01 16:00:48.000	1857	296	-291	32	191.88	-6	-7	95	93	50	(2,-2)
3	2026-01-01 16:00:49.000	1892	255	-238	32	211.44	-5	-9	95	93	50	(2,-2)
3	2026-01-01 16:00:50.000	1927	247	-256	32	177.79	-3	-10	95	93	50	(2,-2)
3	2026-01-01 16:00:51.000	1962	168	-273	32	170.96	-5	-10	95	93	50	(1,-2)
3	2026-01-01 16:00:52.000	1997	103	-351	0	202.95	-3	-10	95	93	50	(1,-3)
3	2026-01-01 16:00:53.000	2032	106	-329	0	169.46	-5	-8	95	93	50	(1,-3)
3	2026-01-01 16:00:54.000	2067	166	-324	0	201.51	-4	-9	95	93	50	(1,-3)
3	2026-01-01 16:00:55.000	2102	100	-389	0	158.4	-2	-7	95	93	50	(1,-3)
3	2026-01-01 16:00:56.000	2137	39	-441	0	150.61	-3	-9	95	93	50	(0,-3)
3	2026-01-01 16:00:57.000	2172	44	-423	0	144.72	-1	-10	95	93	50	(0,-3)
3	2026-01-01 16:00:58.000	2207	80	-485	0	179.41	-1	-10	95	93	50	(1,-4)
3	2026-01-01 16:00:59.000	2242	139	-440	0	163.29	-1	-8	95	93	50	(1,-3)
3	2026-01-01 16:01:00.000	2277	233	-477	0	190.42	1	-8	95	93	50	(2,-4)
3	2026-01-01 16:01:01.000	2312	333	-521	0	165.29	-1	-8	95	93	50	(3,-4)
3	2026-01-01 16:01:02.000	2347	385	-449	0	179.68	-1	-8	95	93	50	(3,-4)
3	2026-01-01 16:01:03.000	2382	328	-458	0	186.63	1	-10	90	93	48	(3,-4)
3	2026-01-01 16:01:04.000	2417	413	-553	0	161.1	2	-9	90	93	48	(3,-4)
3	2026-01-01 16:01:05.000	2452	438	-534	0	185.36	4	-7	90	93	48	(3,-4)
3	2026-01-01 16:01:06.000	2487	355	-490	0	226.91	4	-7	90	93	48	(3,-4)
3	2026-01-01 16:01:07.000	2522	258	-535	0	245.85	5	-6	90	93	46	(2,-4)
3	2026-01-01 16:01:08.000	2557	344	-594	-16	219.33	7	-6	90	93	46	(3,-5)
3	2026-01-01 16:01:09.000	2592	404	-630	-16	263.81	9	-7	90	93	46	(3,-5)
3	2026-01-01 16:01:10.000	2627	438	-679	-16	226.3	10	-5	90	93	46	(3,-5)
3	2026-01-01 16:01:11.000	2662	372	-778	-16	187.06	8	-4	90	93	46	(3,-6)
3	2026-01-01 16:01:12.000	2697	428	-700	-16	180.75	7	-3	90	93	46	(3,-5)
3	2026-01-01 16:01:13.000	2732	421	-780	-16	138.67	5	-5	90	93	46	(3,-6)
3	2026-01-01 16:01:14.000	2767	374	-773	-16	94.63	3	-7	90	93	46	(3,-6)
3	2026-01-01 16:01:15.000	2802	448	-837	-16	128.58	2	-7	90	93	46	(4,-7)
3	2026-01-01 16:01:16.000	2837	355	-782	-16	93.64	1	-5	90	93	46	(3,-6)
3	2026-01-01 16:01:17.000	2872	257	-819	32	67.21	2	-5	90	93	46	(2,-6)
3	2026-01-01 16:01:18.000	2907	164	-744	32	71.41	3	-7	90	93	42	(1,-6)
3	2026-01-01 16:01:19.000	2942	241	-801	32	72.82	5	-6	89	93	42	(2,-6)
3	2026-01-01 16:01:20.000	2977	166	-714	32	92.52	7	-5	89	93	42	(1,-6)
3	2026-01-01 16:01:21.000	3012	149	-686	32	122.89	9	-7	89	93	42	(1,-5)
3	2026-01-01 16:01:22.000	3047	152	-742	32	162.35	9	-6	89	93	39	(1,-6)
3	2026-01-01 16:01:23.000	3082	181	-667	32	156.53	9	-6	89	93	39	(1,-5)
3	2026-01-01 16:01:24.000	3117	231	-763	32	198.78	9	-4	100	93	34	(2,-6)
3	2026-01-01 16:01:25.000	3152	176	-708	32	243.03	9	-5	100	93	34	(1,-6)
3	2026-01-01 16:01:26.000	3187	159	-620	32	269.44	8	-7	100	93	32	(1,-5)
3	2026-01-01 16:01:27.000	3222	116	-716	32	288.21	10	-5	100	93	32	(1,-6)
3	2026-01-01 16:01:28.000	3257	16	-676	32	294.51	8	-4	100	93	32	(0,-5)
3	2026-01-01 16:01:29.000	3292	-38	-747	32	319.41	8	-5	100	93	32	(0,-6)
3	2026-01-01 16:01:30.000	3327	33	-718	32	331.61	6	-6	92	93	32	(0,-6)
3	2026-01-01 16:01:31.000	3362	87	-625	32	344.13	5	-4	92	93	32	(1,-5)
3	2026-01-01 16:01:32.000	3397	41	-592	32	0.03	3	-5	92	93	32	(0,-5)
3	2026-01-01 16:01:33.000	3432	72	-591	32	1.16	5	-3	92	93	32	(1,-5)
3	2026-01-01 16:01:34.000	3467	137	-690	32	358.49	7	-5	92	93	32	(1,-5)
3	2026-01-01 16:01:35.000	3502	155	-615	32	34.54	7	-5	92	93	32	(1,-5)
3	2026-01-01 16:01:36.000	3537	89	-617	32	47.17	6	-4	92	93	32	(1,-5)
3	2026-01-01 16:01:37.000	3572	176	-651	32	24.62	7	-6	92	93	32	(1,-5)
3	2026-01-01 16:01:38.000	3607	194	-596	32	42.98	9	-8	92	93	32	(2,-5)
3	2026-01-01 16:01:39.000	3642	264	-555	32	4.47	9	-7	92	93	32	(2,-4)
3	2026-01-01 16:01:40.000	3677	277	-489	32	19.76	8	-9	92	93	32	(2,-4)
3	2026-01-01 16:01:41.000	3712	341	-429	32	335.0	8	-10	92	93	32	(3,-3)
3	2026-01-01 16:01:42.000	3747	289	-425	32	342.34	6	-10	92	93	32	(2,-3)
3	2026-01-01 16:01:43.000	3782	269	-475	32	311.62	5	-9	92	93	32	(2,-4)
3	2026-01-01 16:01:44.000	3817	204	-543	32	288.73	3	-10	92	93	32	(2,-4)
3	2026-01-01 16:01:45.000	3852	192	-466	32	284.36	3	-10	92	93	32	(2,-4)
3	2026-01-01 16:01:46.000	3887	184	-422	32	264.03	3	-10	92	93	32	(1,-3)
3	2026-01-01 16:01:47.000	3922	257	-335	56	287.06	2	-9	92	93	32	(2,-3)
3	2026-01-01 16:01:48.000	3957	324	-254	56	298.97	4	-10	92	93	29	(3,-2)
3	2026-01-01 16:01:49.000	3992	372	-269	56	258.56	4	-10	84	93	29	(3,-2)
3	2026-01-01 16:01:50.000	4027	331	-204	56	225.88	4	-10	84	93	29	(3,-2)
3	2026-01-01 16:01:51.000	4062	408	-115	56	255.11	6	-10	84	93	29	(3,-1)
3	2026-01-01 16:01:52.000	4097	355	-40	64	226.65	8	-10	84	93	29	(3,0)
3	2026-01-01 16:01:53.000	4132	439	-123	64	267.71	9	-10	84	93	29	(3,-1)
3	2026-01-01 16:01:54.000	4167	460	-182	64	304.82	10	-8	84	93	29	(4,-1)
3	2026-01-01 16:01:55.000	4202	400	-135	64	342.61	8	-6	84	93	29	(3,-1)
3	2026-01-01 16:01:56.000	4237	314	-92	64	308.94	9	-8	84	93	29	(2,-1)
3	2026-01-01 16:01:57.000	4272	296	-67	64	330.12	10	-6	84	93	29	(2,-1)
3	2026-01-01 16:01:58.000	4307	216	-125	64	323.05	10	-8	84	93	29	(2,-1)
3	2026-01-01 16:01:59.000	4342	220	-222	64	354.07	10	-7	84	93	29	(2,-2)
3	2026-01-01 16:02:00.000	4377	165	-230	64	350.56	10	-7	84	93	29	(1,-2)
3	2026-01-01 16:02:01.000	4412	171	-249	64	348.63	10	-7	84	93	29	(1,-2)
3	2026-01-01 16:02:02.000	4447	149	-310	0	339.53	9	-5	84	93	25	(1,-2)
3	2026-01-01 16:02:03.000	4482	49	-323	0	312.16	10	-7	84	93	25	(0,-3)
3	2026-01-01 16:02:04.000	4517	-32	-247	0	342.7	8	-8	84	93	25	(0,-2)
3	2026-01-01 16:02:05.000	4552	2	-299	0	18.48	9	-6	84	93	25	(0,-2)
3	2026-01-01 16:02:06.000	4587	4	-395	0	341.1	9	-8	84	93	25	(0,-3)
3	2026-01-01 16:02:07.000	4622	-96	-318	0	342.4	7	-7	84	93	25	(-1,-2)
3	2026-01-01 16:02:08.000	4657	-123	-404	0	323.05	5	-6	84	93	25	(-1,-3)
3	2026-01-01 16:02:09.000	4692	-202	-333	0	282.89	5	-5	100	93	24	(-2,-3)
3	2026-01-01 16:02:10.000	4727	-117	-388	32	238.95	5	-7	100	93	24	(-1,-3)
3	2026-01-01 16:02:11.000	4762	-209	-468	32	195.03	7	-8	100	93	24	(-2,-4)
3	2026-01-01 16:02:12.000	4797	-146	-510	32	228.16	8	-8	100	93	24	(-1,-4)
3	2026-01-01 16:02:13.000	4832	-77	-437	32	244.4	7	-7	100	93	24	(-1,-3)
3	2026-01-01 16:02:14.000	4867	-103	-527	32	284.11	6	-6	100	93	24	(-1,-4)
3	2026-01-01 16:02:15.000	4902	-90	-519	32	310.77	8	-7	100	93	20	(-1,-4)
3	2026-01-01 16:02:16.000	4937	-109	-532	64	310.44	6	-5	100	93	20	(-1,-4)
3	2026-01-01 16:02:17.000	4972	-139	-563	-8	318.38	8	-7	100	93	20	(-1,-4)
3	2026-01-01 16:02:18.000	5007	-174	-596	-8	303.15	8	-6	100	93	20	(-1,-5)
3	2026-01-01 16:02:19.000	5042	-247	-672	-8	339.27	9	-4	100	93	20	(-2,-5)
3	2026-01-01 16:02:20.000	5077	-191	-631	-8	354.42	10	-2	100	93	20	(-1,-5)
3	2026-01-01 16:02:21.000	5112	-123	-615	-8	14.51	9	-4	100	93	18	(-1,-5)
3	2026-01-01 16:02:22.000	5147	-184	-627	-8	24.96	10	-4	100	93	18	(-1,-5)
3	2026-01-01 16:02:23.000	5182	-161	-587	-8	57.77	10	-2	100	93	18	(-1,-5)
3	2026-01-01 16:02:24.000	5217	-147	-609	-8	47.56	10	-2	100	93	18	(-1,-5)
3	2026-01-01 16:02:25.000	5252	-227	-642	-8	41.24	10	-3	100	93	18	(-2,-5)
3	2026-01-01 16:02:26.000	5287	-213	-633	-8	52.01	9	-2	100	93	18	(-2,-5)
3	2026-01-01 16:02:27.000	5322	-182	-667	-8	86.52	9	-2	90	93	18	(-1,-5)
3	2026-01-01 16:02:28.000	5357	-282	-591	-8	71.07	8	-1	90	93	18	(-2,-5)
3	2026-01-01 16:02:29.000	5392	-250	-537	-8	28.52	9	-2	90	93	18	(-2,-4)
3	2026-01-01 16:02:30.000	5427	-320	-620	-8	71.83	9	-1	90	93	18	(-2,-5)
3	2026-01-01 16:02:31.000	5462	-252	-613	-8	57.0	10	-3	90	93	18	(-2,-5)
3	2026-01-01 16:02:32.000	5497	-289	-700	-8	31.19	10	-4	90	93	18	(-2,-5)
3	2026-01-01 16:02:33.000	5532	-317	-724	-8	27.28	10	-5	90	93	18	(-2,-6)
3	2026-01-01 16:02:34.000	5567	-278	-777	-8	32.46	8	-4	90	93	18	(-2,-6)
3	2026-01-01 16:02:35.000	5602	-294	-746	-8	23.58	10	-2	90	93	13	(-2,-6)
3	2026-01-01 16:02:36.000	5637	-359	-827	-8	63.02	9	-2	90	93	13	(-3,-6)
3	2026-01-01 16:02:37.000	5672	-360	-777	-8	101.03	10	-2	90	93	13	(-3,-6)
3	2026-01-01 16:02:38.000	5707	-451	-793	-8	69.9	10	-1	90	93	13	(-4,-6)
3	2026-01-01 16:02:39.000	5742	-498	-703	56	39.24	8	-2	90	93	13	(-4,-5)
3	2026-01-01 16:02:40.000	5777	-499	-769	56	32.71	9	0	90	93	13	(-4,-6)
3	2026-01-01 16:02:41.000	5812	-598	-740	56	77.17	8	-1	90	93	13	(-5,-6)
3	2026-01-01 16:02:42.000	5847	-642	-772	56	89.56	10	-2	90	93	13	(-5,-6)
3	2026-01-01 16:02:43.000	5882	-693	-706	56	56.18	10	-3	90	93	13	(-5,-6)
3	2026-01-01 16:02:44.000	5917	-613	-657	0	53.46	10	-3	90	93	13	(-5,-5)
3	2026-01-01 16:02:45.000	5952	-634	-576	0	23.15	10	-5	90	93	13	(-5,-4)
3	2026-01-01 16:02:46.000	5987	-619	-559	0	36.58	9	-3	90	93	8	(-5,-4)
3	2026-01-01 16:02:47.000	6022	-554	-542	0	12.54	9	-2	90	93	8	(-4,-4)
3	2026-01-01 16:02:48.000	6057	-527	-451	0	348.08	9	-1	90	93	8	(-4,-4)
3	2026-01-01 16:02:49.000	6092	-451	-439	0	305.69	10	0	90	93	8	(-4,-3)
3	2026-01-01 16:02:50.000	6127	-444	-469	0	263.55	10	-1	90	93	8	(-3,-4)
3	2026-01-01 16:02:51.000	6162	-414	-562	0	280.99	9	1	90	93	8	(-3,-4)
3	2026-01-01 16:02:52.000	6197	-355	-649	0	264.84	10	3	90	93	6	(-3,-5)
3	2026-01-01 16:02:53.000	6232	-372	-646	0	261.09	10	2	90	93	6	(-3,-5)
3	2026-01-01 16:02:54.000	6267	-362	-578	0	271.98	10	4	90	93	6	(-3,-5)
3	2026-01-01 16:02:55.000	6302	-368	-672	0	307.17	10	4	90	93	6	(-3,-5)
3	2026-01-01 16:02:56.000	6337	-375	-699	0	342.95	10	6	90	93	6	(-3,-5)
3	2026-01-01 16:02:57.000	6372	-359	-628	0	7.58	9	4	90	93	5	(-3,-5)
3	2026-01-01 16:02:58.000	6407	-383	-633	0	6.81	8	2	90	93	5	(-3,-5)
3	2026-01-01 16:02:59.000	6442	-416	-615	0	340.03	9	4	90	93	5	(-3,-5)
3	2026-01-01 16:03:00.000	6477	-331	-692	0	5.75	8	3	87	93	5	(-3,-5)
3	2026-01-01 16:03:01.000	6512	-284	-728	0	328.88	8	1	87	93	5	(-2,-6)
3	2026-01-01 16:03:02.000	6547	-235	-683	128	289.38	10	1	87	93	5	(-2,-5)
3	2026-01-01 16:03:03.000	6582	-333	-761	128	294.21	10	2	87	93	5	(-3,-6)
3	2026-01-01 16:03:04.000	6617	-252	-768	128	291.78	10	4	87	93	5	(-2,-6)
3	2026-01-01 16:03:05.000	6652	-226	-807	128	272.91	8	3	87	93	5	(-2,-6)
3	2026-01-01 16:03:06.000	6687	-269	-897	128	236.22	10	1	87	93	0	(-2,-7)
3	2026-01-01 16:03:07.000	6722	-272	-824	128	228.31	8	3	87	93	0	(-2,-6)
3	2026-01-01 16:03:08.000	6757	-201	-869	128	200.61	7	1	87	93	0	(-2,-7)
3	2026-01-01 16:03:09.000	6792	-288	-893	128	243.25	8	2	87	93	0	(-2,-7)
3	2026-01-01 16:03:10.000	6827	-230	-964	128	278.16	10	0	87	93	0	(-2,-8)
3	2026-01-01 16:03:11.000	6862	-135	-1001	128	257.68	9	-2	87	93	0	(-1,-8)
3	2026-01-01 16:03:12.000	6897	-221	-918	128	257.31	10	-2	87	93	0	(-2,-7)
3	2026-01-01 16:03:13.000	6932	-221	-1012	128	287.48	9	-4	87	93	0	(-2,-8)
3	2026-01-01 16:03:14.000	6967	-124	-936	128	310.44	7	-4	87	93	0	(-1,-7)
3	2026-01-01 16:03:15.000	7002	-122	-918	128	267.48	5	-3	87	93	0	(-1,-7)
3	2026-01-01 16:03:16.000	7037	-26	-955	128	242.12	4	-4	87	93	0	(0,-7)
3	2026-01-01 16:03:17.000	7072	41	-1043	128	247.47	2	-4	87	93	0	(0,-8)
3	2026-01-01 16:03:18.000	7107	14	-965	128	251.22	3	-4	87	93	25	(0,-8)
3	2026-01-01 16:03:19.000	7142	48	-982	128	288.42	2	-5	87	93	25	(0,-8)
3	2026-01-01 16:03:20.000	7177	106	-886	128	253.71	0	-6	87	93	25	(1,-7)
3	2026-01-01 16:03:21.000	7212	132	-848	128	259.18	-1	-5	87	93	25	(1,-7)
3	2026-01-01 16:03:22.000	7247	40	-882	128	276.72	1	-7	87	93	25	(0,-7)
3	2026-01-01 16:03:23.000	7282	-35	-882	128	252.5	2	-7	87	93	25	(0,-7)
3	2026-01-01 16:03:24.000	7317	-126	-951	128	230.91	3	-6	85	93	21	(-1,-7)
3	2026-01-01 16:03:25.000	7352	-44	-997	128	249.19	1	-6	85	93	21	(0,-8)
3	2026-01-01 16:03:26.000	7387	-122	-965	128	258.87	2	-8	85	93	21	(-1,-8)
3	2026-01-01 16:03:27.000	7422	-33	-964	128	258.94	2	-9	85	93	21	(0,-8)
3	2026-01-01 16:03:28.000	7457	-65	-1058	128	231.79	3	-10	85	93	21	(-1,-8)
3	2026-01-01 16:03:29.000	7492	-158	-1156	0	207.57	4	-9	85	93	21	(-1,-9)
3	2026-01-01 16:03:30.000	7527	-162	-1106	0	205.01	3	-7	85	93	21	(-1,-9)
3	2026-01-01 16:03:31.000	7562	-127	-1147	0	208.17	2	-6	85	93	21	(-1,-9)
3	2026-01-01 16:03:32.000	7597	-161	-1240	0	233.45	4	-7	85	93	19	(-1,-10)
3	2026-01-01 16:03:33.000	7632	-200	-1270	0	261.91	4	-9	85	93	42	(-2,-10)
3	2026-01-01 16:03:34.000	7667	-154	-1286	0	281.04	3	-8	85	93	42	(-1,-10)
3	2026-01-01 16:03:35.000	7702	-107	-1302	0	262.47	4	-7	85	93	42	(-1,-10)
3	2026-01-01 16:03:36.000	7737	-120	-1359	0	262.52	3	-6	85	93	42	(-1,-11)
3	2026-01-01 16:03:37.000	7772	-151	-1381	0	259.0	4	-7	85	93	42	(-1,-11)
3	2026-01-01 16:03:38.000	7807	-193	-1440	0	252.03	3	-5	85	93	42	(-2,-11)
3	2026-01-01 16:03:39.000	7842	-174	-1398	0	293.97	4	-7	85	93	42	(-1,-11)
3	2026-01-01 16:03:40.000	7877	-205	-1299	0	334.15	3	-9	85	93	42	(-2,-10)
3	2026-01-01 16:03:41.000	7912	-123	-1310	0	358.8	2	-9	85	93	42	(-1,-10)
3	2026-01-01 16:03:42.000	7947	-120	-1242	0	358.08	3	-9	85	93	42	(-1,-10)
3	2026-01-01 16:03:43.000	7982	-196	-1321	0	343.83	4	-8	85	93	42	(-2,-10)
3	2026-01-01 16:03:44.000	8017	-144	-1350	0	305.39	2	-6	83	93	42	(-1,-11)
3	2026-01-01 16:03:45.000	8052	-218	-1301	0	337.46	3	-8	83	93	42	(-2,-10)
3	2026-01-01 16:03:46.000	8087	-131	-1204	0	352.8	4	-9	83	93	42	(-1,-9)
3	2026-01-01 16:03:47.000	8122	-88	-1132	0	23.29	5	-9	83	93	42	(-1,-9)
3	2026-01-01 16:03:48.000	8157	-164	-1192	0	346.08	4	-9	83	93	42	(-1,-9)
3	2026-01-01 16:03:49.000	8192	-107	-1188	0	1.01	6	-10	76	93	42	(-1,-9)
3	2026-01-01 16:03:50.000	8227	-191	-1184	0	343.68	6	-9	76	93	42	(-1,-9)
3	2026-01-01 16:03:51.000	8262	-98	-1093	0	352.11	7	-10	76	93	42	(-1,-9)
3	2026-01-01 16:03:52.000	8297	-6	-1045	-8	327.35	8	-9	76	93	42	(0,-8)
3	2026-01-01 16:03:53.000	8332	78	-1068	-8	331.02	9	-8	76	93	42	(1,-8)
3	2026-01-01 16:03:54.000	8367	79	-1087	-8	325.77	9	-8	76	93	42	(1,-8)
3	2026-01-01 16:03:55.000	8402	106	-1065	-8	332.73	10	-8	76	93	42	(1,-8)
3	2026-01-01 16:03:56.000	8437	63	-1151	-8	307.24	10	-6	76	93	42	(0,-9)
3	2026-01-01 16:03:57.000	8472	-35	-1095	-8	344.18	9	-7	76	93	42	(0,-9)
3	2026-01-01 16:03:58.000	8507	-113	-1085	-8	345.53	8	-7	76	93	42	(-1,-8)
3	2026-01-01 16:03:59.000	8542	-19	-1023	-8	352.26	7	-6	76	93	42	(0,-8)
3	2026-01-01 16:04:00.000	8577	-66	-1074	-8	319.5	8	-4	76	93	42	(-1,-8)
3	2026-01-01 16:04:01.000	8612	-47	-1139	-8	355.07	10	-5	76	93	42	(0,-9)
3	2026-01-01 16:04:02.000	8647	36	-1119	-8	24.27	9	-6	76	93	42	(0,-9)
3	2026-01-01 16:04:03.000	8682	126	-1105	-8	340.28	7	-7	76	93	42	(1,-9)
3	2026-01-01 16:04:04.000	8717	97	-1112	-8	331.15	6	-5	76	93	42	(1,-9)
3	2026-01-01 16:04:05.000	8752	22	-1061	-8	333.29	5	-4	76	93	42	(0,-8)
3	2026-01-01 16:04:06.000	8787	-74	-994	-8	344.8	6	-2	76	93	42	(-1,-8)
3	2026-01-01 16:04:07.000	8822	-56	-936	-8	359.98	8	-3	76	93	42	(0,-7)
3	2026-01-01 16:04:08.000	8857	-23	-901	-8	347.62	10	-2	76	93	42	(0,-7)
3	2026-01-01 16:04:09.000	8892	34	-846	-8	344.81	10	-1	76	93	42	(0,-7)
3	2026-01-01 16:04:10.000	8927	64	-851	-8	7.99	8	1	76	93	50	(0,-7)
3	2026-01-01 16:04:11.000	8962	75	-840	-8	41.91	6	2	76	93	50	(1,-7)
3	2026-01-01 16:04:12.000	8997	95	-917	-8	75.29	7	3	76	93	50	(1,-7)
3	2026-01-01 16:04:13.000	9032	130	-932	-8	46.96	5	2	76	93	50	(1,-7)
3	2026-01-01 16:04:14.000	9067	82	-886	-8	62.86	6	2	76	93	45	(1,-7)
3	2026-01-01 16:04:15.000	9102	88	-894	-8	57.05	6	2	76	93	43	(1,-7)
3	2026-01-01 16:04:16.000	9137	157	-957	-8	78.32	4	0	76	93	43	(1,-7)
3	2026-01-01 16:04:17.000	9172	109	-873	-8	96.72	5	1	76	93	43	(1,-7)
3	2026-01-01 16:04:18.000	9207	179	-873	0	52.18	3	2	76	93	43	(1,-7)
3	2026-01-01 16:04:19.000	9242	269	-934	0	44.38	4	1	76	93	43	(2,-7)
3	2026-01-01 16:04:20.000	9277	326	-942	0	56.09	6	1	76	93	43	(3,-7)
3	2026-01-01 16:04:21.000	9312	332	-968	0	93.47	7	-1	76	93	43	(3,-8)
3	2026-01-01 16:04:22.000	9347	339	-957	0	134.99	6	-1	76	93	43	(3,-7)
3	2026-01-01 16:04:23.000	9382	429	-860	0	160.76	8	-3	76	93	43	(3,-7)
3	2026-01-01 16:04:24.000	9417	377	-847	0	164.57	6	-1	76	93	43	(3,-7)
3	2026-01-01 16:04:25.000	9452	339	-880	0	151.5	7	-1	76	93	43	(3,-7)
3	2026-01-01 16:04:26.000	9487	250	-850	0	183.95	6	-2	76	93	43	(2,-7)
3	2026-01-01 16:04:27.000	9522	348	-891	0	171.2	5	-2	76	93	43	(3,-7)
3	2026-01-01 16:04:28.000	9557	363	-975	0	126.66	4	0	76	93	43	(3,-8)
3	2026-01-01 16:04:29.000	9592	317	-953	0	117.87	6	-2	76	93	43	(2,-7)
3	2026-01-01 16:04:30.000	9627	246	-967	0	76.86	5	-3	76	93	43	(2,-8)
3	2026-01-01 16:04:31.000	9662	309	-923	16	113.12	7	-5	76	93	43	(2,-7)
3	2026-01-01 16:04:32.000	9697	234	-966	16	114.53	8	-7	75	93	43	(2,-8)
3	2026-01-01 16:04:33.000	9732	151	-1019	16	146.53	6	-9	75	93	43	(1,-8)
3	2026-01-01 16:04:34.000	9767	126	-964	16	152.67	4	-7	75	93	43	(1,-8)
3	2026-01-01 16:04:35.000	9802	197	-875	16	180.62	6	-9	75	93	43	(2,-7)
3	2026-01-01 16:04:36.000	9837	234	-973	16	193.4	7	-10	75	93	43	(2,-8)
3	2026-01-01 16:04:37.000	9872	259	-894	16	157.53	7	-10	75	93	43	(2,-7)
3	2026-01-01 16:04:38.000	9907	193	-984	16	163.16	7	-10	75	93	43	(2,-8)
3	2026-01-01 16:04:39.000	9942	219	-992	16	165.15	5	-9	75	93	41	(2,-8)
3	2026-01-01 16:04:40.000	9977	285	-1034	16	202.67	4	-10	75	93	41	(2,-8)
3	2026-01-01 16:04:41.000	10012	326	-1024	16	161.99	2	-10	75	93	41	(3,-8)
3	2026-01-01 16:04:42.000	10047	381	-1068	16	134.6	1	-8	75	93	41	(3,-8)
3	2026-01-01 16:04:43.000	10082	337	-1139	16	160.77	2	-9	75	93	41	(3,-9)
3	2026-01-01 16:04:44.000	10117	386	-1059	16	150.59	0	-10	75	93	39	(3,-8)
3	2026-01-01 16:04:45.000	10152	341	-1051	16	106.12	-1	-10	75	93	39	(3,-8)
3	2026-01-01 16:04:46.000	10187	379	-972	16	67.9	0	-10	75	93	39	(3,-8)
3	2026-01-01 16:04:47.000	10222	350	-928	40	101.68	0	-10	69	93	39	(3,-7)
3	2026-01-01 16:04:48.000	10257	337	-927	40	95.57	1	-10	69	93	39	(3,-7)
3	2026-01-01 16:04:49.000	10292	307	-1007	40	78.03	0	-8	69	93	39	(2,-8)
3	2026-01-01 16:04:50.000	10327	287	-1059	40	93.73	1	-9	69	93	39	(2,-8)
3	2026-01-01 16:04:51.000	10362	287	-1086	40	93.32	-1	-10	69	93	39	(2,-8)
3	2026-01-01 16:04:52.000	10397	221	-986	40	134.89	1	-10	69	93	39	(2,-8)
3	2026-01-01 16:04:53.000	10432	232	-1084	40	159.01	3	-9	69	93	39	(2,-8)
3	2026-01-01 16:04:54.000	10467	298	-1173	40	125.25	4	-8	69	93	38	(2,-9)
3	2026-01-01 16:04:55.000	10502	250	-1251	40	144.76	5	-9	69	93	38	(2,-10)
3	2026-01-01 16:04:56.000	10537	283	-1269	40	166.83	3	-10	69	93	37	(2,-10)
3	2026-01-01 16:04:57.000	10572	343	-1277	40	203.56	2	-10	69	93	37	(3,-10)
3	2026-01-01 16:04:58.000	10607	399	-1218	40	179.26	0	-10	69	93	37	(3,-10)
3	2026-01-01 16:04:59.000	10642	365	-1128	40	154.62	2	-10	69	93	37	(3,-9)
3	2026-01-01 16:05:00.000	10677	396	-1172	40	133.49	4	-9	69	93	37	(3,-9)
3	2026-01-01 16:05:01.000	10712	307	-1079	40	101.86	3	-9	69	93	37	(2,-8)
3	2026-01-01 16:05:02.000	10747	335	-1152	40	115.64	5	-10	69	93	37	(3,-9)
3	2026-01-01 16:05:03.000	10782	432	-1095	40	138.58	6	-8	69	93	37	(3,-9)
3	2026-01-01 16:05:04.000	10817	438	-1141	40	162.63	6	-9	69	93	37	(3,-9)
3	2026-01-01 16:05:05.000	10852	413	-1050	40	134.34	6	-9	69	93	37	(3,-8)
3	2026-01-01 16:05:06.000	10887	397	-1139	40	177.98	8	-10	69	93	50	(3,-9)
3	2026-01-01 16:05:07.000	10922	418	-1128	40	167.15	9	-9	69	93	50	(3,-9)
3	2026-01-01 16:05:08.000	10957	338	-1043	128	182.02	10	-8	69	93	50	(3,-8)
3	2026-01-01 16:05:09.000	10992	264	-1048	128	206.96	10	-9	69	93	50	(2,-8)
3	2026-01-01 16:05:10.000	11027	231	-1092	128	162.3	8	-9	62	93	50	(2,-9)
3	2026-01-01 16:05:11.000	11062	221	-1011	128	158.82	9	-9	62	93	49	(2,-8)
3	2026-01-01 16:05:12.000	11097	179	-1049	128	193.67	9	-10	62	93	48	(1,-8)
3	2026-01-01 16:05:13.000	11132	136	-1074	128	175.8	8	-10	62	93	48	(1,-8)
3	2026-01-01 16:05:14.000	11167	165	-1151	128	206.21	10	-8	62	93	48	(1,-9)
3	2026-01-01 16:05:15.000	11202	192	-1096	128	184.17	10	-9	62	93	48	(2,-9)
3	2026-01-01 16:05:16.000	11237	122	-1155	128	154.24	9	-10	62	93	44	(1,-9)
3	2026-01-01 16:05:17.000	11272	209	-1067	128	188.25	7	-10	62	93	44	(2,-8)
3	2026-01-01 16:05:18.000	11307	165	-1064	128	177.9	8	-10	54	93	44	(1,-8)
3	2026-01-01 16:05:19.000	11342	95	-1118	128	203.77	10	-10	54	93	44	(1,-9)
3	2026-01-01 16:05:20.000	11377	118	-1076	128	229.88	10	-10	54	93	50	(1,-8)
3	2026-01-01 16:05:21.000	11412	128	-1031	128	199.83	10	-8	54	93	50	(1,-8)
3	2026-01-01 16:05:22.000	11447	74	-1080	128	177.54	9	-10	54	93	50	(1,-8)
3	2026-01-01 16:05:23.000	11482	142	-1101	128	220.87	7	-8	54	93	50	(1,-9)
3	2026-01-01 16:05:24.000	11517	216	-1179	128	218.52	8	-6	54	93	50	(2,-9)
3	2026-01-01 16:05:25.000	11552	292	-1174	128	238.91	6	-8	54	93	50	(2,-9)
3	2026-01-01 16:05:26.000	11587	210	-1115	128	216.12	6	-9	54	93	50	(2,-9)
3	2026-01-01 16:05:27.000	11622	155	-1090	128	207.1	8	-8	54	93	50	(1,-9)
3	2026-01-01 16:05:28.000	11657	179	-1125	32	251.96	8	-10	54	93	50	(1,-9)
3	2026-01-01 16:05:29.000	11692	204	-1192	32	224.23	7	-9	46	93	49	(2,-9)
3	2026-01-01 16:05:30.000	11727	189	-1214	16	226.55	9	-10	46	93	49	(1,-9)
3	2026-01-01 16:05:31.000	11762	92	-1292	16	181.78	10	-8	46	93	49	(1,-10)
3	2026-01-01 16:05:32.000	11797	-4	-1313	16	212.31	10	-6	46	93	49	(0,-10)
3	2026-01-01 16:05:33.000	11832	12	-1257	16	251.78	8	-5	46	93	49	(0,-10)
3	2026-01-01 16:05:34.000	11867	29	-1311	16	245.69	7	-6	46	93	49	(0,-10)
3	2026-01-01 16:05:35.000	11902	87	-1291	16	210.01	7	-6	46	93	49	(1,-10)
3	2026-01-01 16:05:36.000	11937	17	-1362	16	226.33	8	-8	46	93	49	(0,-11)
3	2026-01-01 16:05:37.000	11972	67	-1354	16	227.05	9	-10	46	93	49	(1,-11)
3	2026-01-01 16:05:38.000	12007	139	-1300	16	224.73	10	-10	46	93	49	(1,-10)
3	2026-01-01 16:05:39.000	12042	144	-1330	16	204.17	9	-10	46	93	49	(1,-10)
3	2026-01-01 16:05:40.000	12077	144	-1363	16	225.35	9	-8	46	93	49	(1,-11)
3	2026-01-01 16:05:41.000	12112	134	-1303	16	253.18	7	-8	46	93	49	(1,-10)
3	2026-01-01 16:05:42.000	12147	95	-1290	16	252.74	5	-8	41	93	49	(1,-10)
3	2026-01-01 16:05:43.000	12182	80	-1384	16	229.07	7	-8	41	93	50	(1,-11)
3	2026-01-01 16:05:44.000	12217	30	-1298	16	232.1	9	-9	41	93	50	(0,-10)
3	2026-01-01 16:05:45.000	12252	108	-1328	0	260.13	10	-10	41	93	50	(1,-10)
3	2026-01-01 16:05:46.000	12287	53	-1248	0	238.31	10	-10	41	93	50	(0,-10)
3	2026-01-01 16:05:47.000	12322	5	-1297	0	273.49	10	-9	41	93	50	(0,-10)
3	2026-01-01 16:05:48.000	12357	-32	-1342	0	305.06	10	-10	41	93	50	(0,-10)
3	2026-01-01 16:05:49.000	12392	49	-1248	0	311.86	9	-10	41	93	50	(0,-10)
3	2026-01-01 16:05:50.000	12427	123	-1196	0	296.37	10	-10	41	93	50	(1,-9)
3	2026-01-01 16:05:51.000	12462	28	-1187	0	259.22	9	-10	41	93	50	(0,-9)
3	2026-01-01 16:05:52.000	12497	-67	-1199	0	274.4	8	-10	41	93	50	(-1,-9)
3	2026-01-01 16:05:53.000	12532	-57	-1106	0	271.74	9	-10	41	93	50	(0,-9)
3	2026-01-01 16:05:54.000	12567	-133	-1151	0	278.04	8	-9	41	93	50	(-1,-9)
3	2026-01-01 16:05:55.000	12602	-170	-1124	0	270.05	6	-10	40	93	50	(-1,-9)
3	2026-01-01 16:05:56.000	12637	-263	-1115	0	249.11	6	-10	40	93	50	(-2,-9)
3	2026-01-01 16:05:57.000	12672	-313	-1213	0	224.63	6	-8	40	93	50	(-2,-9)
3	2026-01-01 16:05:58.000	12707	-346	-1155	0	191.26	4	-8	40	101	50	(-3,-9)
3	2026-01-01 16:05:59.000	12742	-384	-1066	0	231.6	5	-8	40	101	50	(-3,-8)
3	2026-01-01 16:06:00.000	12777	-341	-998	0	238.13	3	-6	40	101	50	(-3,-8)
3	2026-01-01 16:06:01.000	12812	-440	-916	0	267.37	3	-5	40	101	50	(-3,-7)
3	2026-01-01 16:06:02.000	12847	-385	-863	0	281.62	1	-6	40	101	50	(-3,-7)
3	2026-01-01 16:06:03.000	12882	-418	-963	0	324.69	2	-6	40	101	50	(-3,-8)
3	2026-01-01 16:06:04.000	12917	-488	-1026	0	357.66	1	-8	40	101	48	(-4,-8)
3	2026-01-01 16:06:05.000	12952	-409	-1117	0	20.89	3	-9	40	101	48	(-3,-9)
3	2026-01-01 16:06:06.000	12987	-449	-1203	0	57.75	1	-7	40	101	48	(-4,-9)
3	2026-01-01 16:06:07.000	13022	-497	-1153	0	85.77	3	-6	40	101	48	(-4,-9)
3	2026-01-01 16:06:08.000	13057	-460	-1213	0	84.51	3	-8	40	101	48	(-4,-9)
3	2026-01-01 16:06:09.000	13092	-473	-1266	0	117.88	1	-6	40	101	48	(-4,-10)
3	2026-01-01 16:06:10.000	13127	-563	-1304	0	77.71	1	-4	40	101	48	(-4,-10)
3	2026-01-01 16:06:11.000	13162	-564	-1378	0	93.48	3	-3	40	101	48	(-4,-11)
3	2026-01-01 16:06:12.000	13197	-534	-1332	0	60.74	3	-5	40	101	48	(-4,-10)
3	2026-01-01 16:06:13.000	13232	-546	-1232	0	47.45	5	-5	40	101	47	(-4,-10)
3	2026-01-01 16:06:14.000	13267	-532	-1220	0	72.28	4	-6	40	101	47	(-4,-10)
3	2026-01-01 16:06:15.000	13302	-451	-1290	0	38.64	4	-6	40	101	47	(-4,-10)
3	2026-01-01 16:06:16.000	13337	-425	-1375	0	57.6	2	-8	40	101	47	(-3,-11)
3	2026-01-01 16:06:17.000	13372	-341	-1448	0	51.88	3	-8	40	101	44	(-3,-11)
3	2026-01-01 16:06:18.000	13407	-434	-1505	0	76.76	2	-8	40	101	44	(-3,-12)
3	2026-01-01 16:06:19.000	13442	-497	-1432	0	75.21	1	-7	40	101	44	(-4,-11)
3	2026-01-01 16:06:20.000	13477	-434	-1520	0	35.23	-1	-6	40	101	44	(-3,-12)
3	2026-01-01 16:06:21.000	13512	-487	-1589	0	28.39	-1	-5	40	101	44	(-4,-12)
3	2026-01-01 16:06:22.000	13547	-457	-1676	0	33.84	0	-4	40	106	44	(-4,-13)
3	2026-01-01 16:06:23.000	13582	-535	-1682	0	70.8	-2	-3	40	106	44	(-4,-13)
3	2026-01-01 16:06:24.000	13617	-537	-1771	0	95.86	-1	-1	40	106	44	(-4,-14)
3	2026-01-01 16:06:25.000	13652	-498	-1782	0	109.02	1	1	40	106	43	(-4,-14)
3	2026-01-01 16:06:26.000	13687	-587	-1841	0	100.55	0	0	40	106	43	(-5,-14)
3	2026-01-01 16:06:27.000	13722	-687	-1771	0	115.77	-2	-1	40	106	43	(-5,-14)
3	2026-01-01 16:06:28.000	13757	-652	-1795	0	96.27	0	-2	40	106	43	(-5,-14)
3	2026-01-01 16:06:29.000	13792	-563	-1893	0	100.2	0	-3	40	106	43	(-4,-15)
3	2026-01-01 16:06:30.000	13827	-585	-1923	0	131.54	-1	-2	40	106	43	(-5,-15)
3	2026-01-01 16:06:31.000	13862	-572	-1871	0	157.18	0	-3	40	106	43	(-4,-15)
3	2026-01-01 16:06:32.000	13897	-573	-1837	8	152.31	-1	-3	40	106	43	(-4,-14)
3	2026-01-01 16:06:33.000	13932	-562	-1834	8	135.3	-1	-3	40	106	43	(-4,-14)
3	2026-01-01 16:06:34.000	13967	-566	-1866	8	159.21	1	-1	40	106	43	(-4,-15)
3	2026-01-01 16:06:35.000	14002	-631	-1819	8	184.54	3	-2	40	106	43	(-5,-14)
3	2026-01-01 16:06:36.000	14037	-718	-1862	8	181.64	2	-3	40	106	43	(-6,-15)
3	2026-01-01 16:06:37.000	14072	-741	-1782	8	216.13	3	-2	40	106	43	(-6,-14)
3	2026-01-01 16:06:38.000	14107	-672	-1780	8	229.78	3	-1	40	106	50	(-5,-14)
3	2026-01-01 16:06:39.000	14142	-584	-1847	8	267.27	3	-3	40	106	50	(-5,-14)
3	2026-01-01 16:06:40.000	14177	-565	-1938	8	255.36	2	-4	40	106	50	(-4,-15)
3	2026-01-01 16:06:41.000	14212	-490	-1908	8	249.18	1	-6	40	106	45	(-4,-15)
3	2026-01-01 16:06:42.000	14247	-419	-1840	8	206.13	3	-6	40	106	45	(-3,-14)
3	2026-01-01 16:06:43.000	14282	-471	-1893	8	236.1	1	-6	40	106	45	(-4,-15)
3	2026-01-01 16:06:44.000	14317	-394	-1810	8	195.38	2	-4	39	106	45	(-3,-14)
3	2026-01-01 16:06:45.000	14352	-483	-1901	8	183.11	0	-3	39	106	45	(-4,-15)
3	2026-01-01 16:06:46.000	14387	-491	-1843	8	191.98	2	-2	39	106	45	(-4,-14)
3	2026-01-01 16:06:47.000	14422	-510	-1815	-16	220.93	2	-3	39	106	45	(-4,-14)
3	2026-01-01 16:06:48.000	14457	-458	-1723	-16	189.71	0	-5	39	106	45	(-4,-13)
3	2026-01-01 16:06:49.000	14492	-486	-1709	-16	166.24	1	-7	39	106	45	(-4,-13)
3	2026-01-01 16:06:50.000	14527	-481	-1720	0	157.08	2	-6	39	106	45	(-4,-13)
3	2026-01-01 16:06:51.000	14562	-465	-1737	0	141.93	1	-6	39	106	45	(-4,-14)
3	2026-01-01 16:06:52.000	14597	-449	-1652	32	125.2	-1	-7	39	106	45	(-4,-13)
3	2026-01-01 16:06:53.000	14632	-468	-1634	32	166.32	1	-9	39	106	45	(-4,-13)
3	2026-01-01 16:06:54.000	14667	-507	-1641	32	193.27	0	-10	39	106	45	(-4,-13)
3	2026-01-01 16:06:55.000	14702	-428	-1660	32	235.42	0	-8	39	106	45	(-3,-13)
3	2026-01-01 16:06:56.000	14737	-470	-1752	32	203.73	-2	-6	39	106	45	(-4,-14)
3	2026-01-01 16:06:57.000	14772	-564	-1816	32	223.6	-4	-4	39	106	45	(-4,-14)
3	2026-01-01 16:06:58.000	14807	-652	-1761	32	198.52	-4	-6	39	106	50	(-5,-14)
3	2026-01-01 16:06:59.000	14842	-703	-1742	16	216.57	-4	-6	39	106	50	(-5,-14)
3	2026-01-01 16:07:00.000	14877	-685	-1840	16	246.13	-5	-8	39	106	50	(-5,-14)
3	2026-01-01 16:07:01.000	14912	-625	-1796	32	268.17	-6	-9	39	106	45	(-5,-14)
3	2026-01-01 16:07:02.000	14947	-664	-1889	-8	291.88	-7	-7	39	106	45	(-5,-15)
3	2026-01-01 16:07:03.000	14982	-701	-1806	-8	305.43	-5	-8	39	106	45	(-5,-14)
3	2026-01-01 16:07:04.000	15017	-790	-1808	-8	291.96	-5	-8	39	106	45	(-6,-14)
3	2026-01-01 16:07:05.000	15052	-771	-1903	-8	306.71	-6	-8	34	106	45	(-6,-15)
3	2026-01-01 16:07:06.000	15087	-834	-1836	-8	346.48	-6	-7	34	106	45	(-7,-14)
3	2026-01-01 16:07:07.000	15122	-903	-1793	-8	340.73	-5	-9	32	106	45	(-7,-14)
3	2026-01-01 16:07:08.000	15157	-853	-1822	0	11.71	-3	-10	32	106	45	(-7,-14)
3	2026-01-01 16:07:09.000	15192	-947	-1834	0	50.33	-4	-8	32	106	45	(-7,-14)
3	2026-01-01 16:07:10.000	15227	-929	-1900	0	68.12	-4	-6	32	106	45	(-7,-15)
3	2026-01-01 16:07:11.000	15262	-918	-1993	0	109.89	-3	-6	32	106	45	(-7,-16)
3	2026-01-01 16:07:12.000	15297	-980	-2084	0	96.76	-1	-7	32	106	45	(-8,-16)
3	2026-01-01 16:07:13.000	15332	-893	-2049	0	122.18	0	-7	32	106	45	(-7,-16)
3	2026-01-01 16:07:14.000	15367	-830	-2028	0	94.2	2	-6	32	106	45	(-6,-16)
3	2026-01-01 16:07:15.000	15402	-815	-1973	0	70.69	2	-5	32	106	45	(-6,-15)
3	2026-01-01 16:07:16.000	15437	-817	-1919	0	77.77	1	-5	32	106	45	(-6,-15)
3	2026-01-01 16:07:17.000	15472	-808	-1856	0	84.79	2	-5	32	106	45	(-6,-14)
3	2026-01-01 16:07:18.000	15507	-735	-1947	128	58.95	2	-6	32	106	45	(-6,-15)
3	2026-01-01 16:07:19.000	15542	-776	-1987	128	43.6	3	-6	32	106	45	(-6,-16)
3	2026-01-01 16:07:20.000	15577	-747	-2056	128	8.83	3	-5	32	106	45	(-6,-16)
3	2026-01-01 16:07:21.000	15612	-815	-2121	64	15.94	5	-6	32	106	45	(-6,-17)
3	2026-01-01 16:07:22.000	15647	-721	-2057	64	29.3	6	-6	32	106	45	(-6,-16)
3	2026-01-01 16:07:23.000	15682	-803	-2125	64	44.53	6	-7	32	106	42	(-6,-17)
3	2026-01-01 16:07:24.000	15717	-867	-2108	64	13.75	4	-5	32	106	42	(-7,-16)
3	2026-01-01 16:07:25.000	15752	-920	-2052	64	351.84	4	-4	32	106	42	(-7,-16)
3	2026-01-01 16:07:26.000	15787	-937	-2148	64	342.82	6	-4	32	106	42	(-7,-17)
3	2026-01-01 16:07:27.000	15822	-961	-2211	64	15.05	4	-6	32	106	42	(-8,-17)
3	2026-01-01 16:07:28.000	15857	-927	-2293	64	15.49	2	-8	32	106	42	(-7,-18)
3	2026-01-01 16:07:29.000	15892	-933	-2279	64	57.89	4	-9	32	106	38	(-7,-18)
3	2026-01-01 16:07:30.000	15927	-916	-2285	64	48.5	3	-9	32	106	38	(-7,-18)
3	2026-01-01 16:07:31.000	15962	-934	-2313	64	40.96	3	-9	32	106	38	(-7,-18)
3	2026-01-01 16:07:32.000	15997	-865	-2350	0	47.22	2	-10	32	106	38	(-7,-18)
3	2026-01-01 16:07:33.000	16032	-899	-2330	0	63.89	4	-10	32	106	38	(-7,-18)
3	2026-01-01 16:07:34.000	16067	-852	-2232	0	51.06	2	-9	32	106	50	(-7,-17)
3	2026-01-01 16:07:35.000	16102	-790	-2305	0	49.95	1	-9	32	106	50	(-6,-18)
3	2026-01-01 16:07:36.000	16137	-859	-2356	0	24.6	1	-9	23	106	50	(-7,-18)
3	2026-01-01 16:07:37.000	16172	-849	-2278	0	47.91	-1	-9	23	106	50	(-7,-18)
3	2026-01-01 16:07:38.000	16207	-904	-2190	0	75.18	-3	-9	23	106	47	(-7,-17)
3	2026-01-01 16:07:39.000	16242	-935	-2162	0	40.34	-1	-7	21	106	47	(-7,-17)
3	2026-01-01 16:07:40.000	16277	-887	-2232	0	20.94	1	-8	21	106	43	(-7,-17)
3	2026-01-01 16:07:41.000	16312	-974	-2174	0	57.14	-1	-9	21	106	43	(-8,-17)
3	2026-01-01 16:07:42.000	16347	-935	-2256	0	74.33	1	-9	21	106	43	(-7,-18)
3	2026-01-01 16:07:43.000	16382	-929	-2277	0	115.43	3	-10	21	106	43	(-7,-18)
3	2026-01-01 16:07:44.000	16417	-1004	-2329	0	75.97	1	-10	21	106	43	(-8,-18)
3	2026-01-01 16:07:45.000	16452	-1058	-2290	0	53.54	0	-10	18	106	43	(-8,-18)
3	2026-01-01 16:07:46.000	16487	-1138	-2229	0	30.38	1	-9	15	106	43	(-9,-17)
3	2026-01-01 16:07:47.000	16522	-1126	-2319	0	58.6	3	-8	15	106	43	(-9,-18)
3	2026-01-01 16:07:48.000	16557	-1100	-2256	0	77.14	5	-6	15	106	43	(-9,-18)
3	2026-01-01 16:07:49.000	16592	-1166	-2337	0	35.72	6	-5	15	106	43	(-9,-18)
3	2026-01-01 16:07:50.000	16627	-1262	-2261	0	51.31	6	-7	15	106	43	(-10,-18)
3	2026-01-01 16:07:51.000	16662	-1292	-2315	0	45.21	5	-7	15	106	43	(-10,-18)
3	2026-01-01 16:07:52.000	16697	-1200	-2230	0	86.03	6	-6	15	106	43	(-9,-17)
3	2026-01-01 16:07:53.000	16732	-1153	-2282	0	122.73	5	-4	15	106	43	(-9,-18)
3	2026-01-01 16:07:54.000	16767	-1183	-2336	0	136.3	6	-6	15	106	43	(-9,-18)
3	2026-01-01 16:07:55.000	16802	-1263	-2251	0	129.67	5	-8	15	106	43	(-10,-18)
3	2026-01-01 16:07:56.000	16837	-1243	-2184	0	84.97	5	-10	10	106	43	(-10,-17)
3	2026-01-01 16:07:57.000	16872	-1247	-2155	0	77.42	5	-9	10	106	43	(-10,-17)
3	2026-01-01 16:07:58.000	16907	-1148	-2190	0	82.14	3	-7	10	106	43	(-9,-17)
3	2026-01-01 16:07:59.000	16942	-1058	-2207	0	92.25	2	-9	10	106	43	(-8,-17)
3	2026-01-01 16:08:00.000	16977	-1006	-2202	0	92.06	0	-10	10	106	43	(-8,-17)
3	2026-01-01 16:08:01.000	17012	-1021	-2115	0	49.8	2	-10	10	106	43	(-8,-17)
3	2026-01-01 16:08:02.000	17047	-1002	-2205	0	94.17	3	-8	10	106	38	(-8,-17)
3	2026-01-01 16:08:03.000	17082	-943	-2138	0	114.47	1	-6	10	106	38	(-7,-17)
3	2026-01-01 16:08:04.000	17117	-1025	-2197	0	109.18	0	-8	10	106	38	(-8,-17)
3	2026-01-01 16:08:05.000	17152	-1064	-2271	0	144.97	2	-9	10	106	38	(-8,-18)
3	2026-01-01 16:08:06.000	17187	-992	-2365	0	102.38	4	-9	3	106	38	(-8,-18)
3	2026-01-01 16:08:07.000	17222	-1059	-2448	0	102.45	2	-10	3	106	38	(-8,-19)
3	2026-01-01 16:08:08.000	17257	-997	-2408	0	99.8	0	-9	3	106	38	(-8,-19)
3	2026-01-01 16:08:09.000	17292	-927	-2476	0	141.44	-2	-10	3	106	38	(-7,-19)
3	2026-01-01 16:08:10.000	17327	-935	-2560	0	174.81	-4	-9	3	106	37	(-7,-20)
3	2026-01-01 16:08:11.000	17362	-845	-2544	0	181.22	-4	-9	3	106	37	(-7,-20)
3	2026-01-01 16:08:12.000	17397	-752	-2467	0	178.0	-4	-8	3	106	37	(-6,-19)
3	2026-01-01 16:08:13.000	17432	-711	-2440	0	197.38	-2	-6	3	106	37	(-6,-19)
3	2026-01-01 16:08:14.000	17467	-693	-2372	0	159.26	0	-5	3	106	37	(-5,-19)
3	2026-01-01 16:08:15.000	17502	-722	-2343	32	157.15	-1	-7	3	106	37	(-6,-18)
3	2026-01-01 16:08:16.000	17537	-637	-2386	32	137.4	-3	-6	3	106	37	(-5,-19)
3	2026-01-01 16:08:17.000	17572	-577	-2324	32	163.98	-5	-7	3	106	37	(-5,-18)
3	2026-01-01 16:08:18.000	17607	-616	-2255	32	154.2	-3	-7	3	106	37	(-5,-18)
3	2026-01-01 16:08:19.000	17642	-636	-2291	32	112.0	-5	-5	9	106	37	(-5,-18)
3	2026-01-01 16:08:20.000	17677	-686	-2274	32	117.3	-7	-5	9	106	37	(-5,-18)
3	2026-01-01 16:08:21.000	17712	-714	-2180	32	148.75	-7	-5	9	106	37	(-6,-17)
3	2026-01-01 16:08:22.000	17747	-664	-2238	32	161.74	-5	-3	9	106	37	(-5,-17)
3	2026-01-01 16:08:23.000	17782	-694	-2333	32	185.95	-6	-5	9	106	37	(-5,-18)
3	2026-01-01 16:08:24.000	17817	-623	-2308	8	189.32	-5	-5	9	106	37	(-5,-18)
3	2026-01-01 16:08:25.000	17852	-616	-2343	8	229.91	-7	-3	9	106	37	(-5,-18)
3	2026-01-01 16:08:26.000	17887	-610	-2323	8	192.31	-5	-1	9	106	37	(-5,-18)
3	2026-01-01 16:08:27.000	17922	-542	-2348	8	167.48	-7	-1	9	106	37	(-4,-18)
3	2026-01-01 16:08:28.000	17957	-474	-2383	8	176.55	-5	0	9	106	37	(-4,-19)
3	2026-01-01 16:08:29.000	17992	-461	-2324	8	185.08	-7	1	9	106	37	(-4,-18)
3	2026-01-01 16:08:30.000	18027	-530	-2398	8	223.7	-7	3	9	106	37	(-4,-19)
3	2026-01-01 16:08:31.000	18062	-454	-2401	0	252.1	-7	3	9	106	35	(-4,-19)
3	2026-01-01 16:08:32.000	18097	-504	-2315	0	282.96	-6	3	9	106	35	(-4,-18)
3	2026-01-01 16:08:33.000	18132	-507	-2380	0	266.33	-6	2	9	106	34	(-4,-19)
3	2026-01-01 16:08:34.000	18167	-600	-2383	0	222.37	-8	1	9	106	34	(-5,-19)
3	2026-01-01 16:08:35.000	18202	-633	-2442	0	235.57	-10	1	9	106	34	(-5,-19)
3	2026-01-01 16:08:36.000	18237	-653	-2344	0	228.77	-10	0	9	106	34	(-5,-18)
3	2026-01-01 16:08:37.000	18272	-648	-2265	0	191.45	-10	-1	9	106	34	(-5,-18)
3	2026-01-01 16:08:38.000	18307	-613	-2333	0	211.23	-10	0	9	106	34	(-5,-18)
3	2026-01-01 16:08:39.000	18342	-664	-2399	0	183.77	-10	-1	9	106	34	(-5,-19)
3	2026-01-01 16:08:40.000	18377	-634	-2367	128	141.49	-10	-2	9	106	34	(-5,-18)
3	2026-01-01 16:08:41.000	18412	-642	-2401	128	167.44	-9	-3	9	106	34	(-5,-19)
3	2026-01-01 16:08:42.000	18447	-598	-2402	128	146.25	-9	-3	9	106	29	(-5,-19)
3	2026-01-01 16:08:43.000	18482	-599	-2426	128	150.42	-7	-4	9	106	29	(-5,-19)
3	2026-01-01 16:08:44.000	18517	-533	-2452	128	164.21	-5	-4	9	106	27	(-4,-19)
3	2026-01-01 16:08:45.000	18552	-446	-2502	56	173.49	-5	-4	9	106	27	(-3,-20)
3	2026-01-01 16:08:46.000	18587	-539	-2490	56	179.22	-5	-3	9	106	27	(-4,-19)
3	2026-01-01 16:08:47.000	18622	-584	-2557	56	167.67	-4	-5	9	106	27	(-5,-20)
3	2026-01-01 16:08:48.000	18657	-618	-2589	56	207.08	-2	-3	9	106	27	(-5,-20)
3	2026-01-01 16:08:49.000	18692	-612	-2504	56	185.71	-2	-1	9	106	27	(-5,-20)
3	2026-01-01 16:08:50.000	18727	-668	-2490	56	205.97	0	-3	9	106	27	(-5,-19)
3	2026-01-01 16:08:51.000	18762	-710	-2557	56	237.47	-2	-1	9	106	27	(-6,-20)
3	2026-01-01 16:08:52.000	18797	-711	-2631	56	234.02	-3	0	9	106	27	(-6,-21)
3	2026-01-01 16:08:53.000	18832	-786	-2711	56	203.73	-3	0	9	106	27	(-6,-21)
3	2026-01-01 16:08:54.000	18867	-703	-2657	56	173.3	-4	2	9	106	27	(-5,-21)
3	2026-01-01 16:08:55.000	18902	-604	-2650	56	172.43	-5	3	9	106	27	(-5,-21)
3	2026-01-01 16:08:56.000	18937	-517	-2716	56	191.82	-4	2	9	106	27	(-4,-21)
3	2026-01-01 16:08:57.000	18972	-582	-2719	56	146.95	-6	0	9	106	27	(-5,-21)
3	2026-01-01 16:08:58.000	19007	-512	-2722	56	189.36	-5	2	9	106	27	(-4,-21)
3	2026-01-01 16:08:59.000	19042	-566	-2821	56	194.79	-7	2	9	106	27	(-4,-22)
3	2026-01-01 16:09:00.000	19077	-607	-2802	56	190.23	-5	1	9	106	27	(-5,-22)
3	2026-01-01 16:09:01.000	19112	-575	-2815	56	149.88	-7	1	9	106	27	(-4,-22)
3	2026-01-01 16:09:02.000	19147	-637	-2810	-8	153.85	-9	3	9	106	25	(-5,-22)
3	2026-01-01 16:09:03.000	19182	-588	-2718	-8	196.64	-10	5	9	106	25	(-5,-21)
3	2026-01-01 16:09:04.000	19217	-605	-2660	-8	233.27	-10	3	9	106	25	(-5,-21)
3	2026-01-01 16:09:05.000	19252	-655	-2757	-8	261.98	-10	2	9	106	25	(-5,-22)
3	2026-01-01 16:09:06.000	19287	-712	-2670	-8	242.15	-10	0	9	106	25	(-6,-21)
3	2026-01-01 16:09:07.000	19322	-725	-2596	-8	245.86	-9	0	3	106	25	(-6,-20)
3	2026-01-01 16:09:08.000	19357	-762	-2596	-8	237.97	-8	-1	3	106	24	(-6,-20)
3	2026-01-01 16:09:09.000	19392	-784	-2639	-8	251.58	-9	-3	3	106	24	(-6,-21)
3	2026-01-01 16:09:10.000	19427	-818	-2570	-8	223.99	-8	-2	3	106	24	(-6,-20)
3	2026-01-01 16:09:11.000	19462	-853	-2662	-8	218.73	-7	-1	3	106	24	(-7,-21)
3	2026-01-01 16:09:12.000	19497	-873	-2648	0	198.1	-7	1	3	106	24	(-7,-21)
3	2026-01-01 16:09:13.000	19532	-859	-2589	0	174.35	-9	3	3	106	22	(-7,-20)
3	2026-01-01 16:09:14.000	19567	-849	-2500	0	153.29	-10	1	3	106	22	(-7,-20)
3	2026-01-01 16:09:15.000	19602	-880	-2488	0	108.54	-8	-1	3	106	22	(-7,-19)
3	2026-01-01 16:09:16.000	19637	-945	-2395	0	68.05	-7	1	3	106	22	(-7,-19)
3	2026-01-01 16:09:17.000	19672	-1015	-2459	0	55.83	-7	2	3	106	19	(-8,-19)
3	2026-01-01 16:09:18.000	19707	-1026	-2409	0	21.19	-5	4	3	106	14	(-8,-19)
3	2026-01-01 16:09:19.000	19742	-1001	-2372	0	355.35	-7	4	3	106	14	(-8,-19)
3	2026-01-01 16:09:20.000	19777	-1015	-2305	0	327.37	-8	5	3	106	14	(-8,-18)
3	2026-01-01 16:09:21.000	19812	-1108	-2217	-8	327.22	-7	6	3	106	14	(-9,-17)
3	2026-01-01 16:09:22.000	19847	-1195	-2117	-8	307.22	-6	4	3	106	14	(-9,-17)
3	2026-01-01 16:09:23.000	19882	-1126	-2031	-8	319.54	-5	2	3	106	14	(-9,-16)
3	2026-01-01 16:09:24.000	19917	-1149	-2130	-8	341.05	-4	3	3	106	14	(-9,-17)
3	2026-01-01 16:09:25.000	19952	-1232	-2160	-8	311.39	-3	3	3	106	14	(-10,-17)
3	2026-01-01 16:09:26.000	19987	-1279	-2079	-8	289.63	-4	4	3	106	14	(-10,-16)
3	2026-01-01 16:09:27.000	20022	-1348	-2099	64	295.31	-2	3	3	106	14	(-11,-16)
3	2026-01-01 16:09:28.000	20057	-1382	-2000	64	281.91	-2	5	3	106	10	(-11,-16)
3	2026-01-01 16:09:29.000	20092	-1481	-2025	64	265.32	-1	6	3	106	10	(-12,-16)
3	2026-01-01 16:09:30.000	20127	-1456	-1955	64	305.47	0	7	3	106	10	(-11,-15)
3	2026-01-01 16:09:31.000	20162	-1413	-1965	64	271.79	1	5	3	106	10	(-11,-15)
3	2026-01-01 16:09:32.000	20197	-1388	-1972	64	232.37	0	3	3	106	10	(-11,-15)
3	2026-01-01 16:09:33.000	20232	-1299	-2002	0	200.13	0	3	3	106	10	(-10,-16)
3	2026-01-01 16:09:34.000	20267	-1199	-1929	0	176.02	2	4	3	106	10	(-9,-15)
3	2026-01-01 16:09:35.000	20302	-1150	-2020	0	153.14	3	3	3	106	10	(-9,-16)
3	2026-01-01 16:09:36.000	20337	-1245	-2100	0	117.9	2	2	3	106	10	(-10,-16)
3	2026-01-01 16:09:37.000	20372	-1264	-2105	0	84.91	4	3	3	106	10	(-10,-16)
3	2026-01-01 16:09:38.000	20407	-1248	-2024	0	125.74	4	3	3	106	10	(-10,-16)
3	2026-01-01 16:09:39.000	20442	-1264	-2035	0	167.94	2	2	3	106	10	(-10,-16)
3	2026-01-01 16:09:40.000	20477	-1183	-1945	0	171.29	4	2	3	106	10	(-9,-15)
3	2026-01-01 16:09:41.000	20512	-1126	-1854	0	178.77	2	4	3	106	10	(-9,-14)
3	2026-01-01 16:09:42.000	20547	-1046	-1911	0	187.05	3	5	3	106	10	(-8,-15)
3	2026-01-01 16:09:43.000	20582	-1029	-1963	0	181.12	4	7	3	106	6	(-8,-15)
3	2026-01-01 16:09:44.000	20617	-956	-1905	0	164.27	6	5	0	106	6	(-7,-15)
3	2026-01-01 16:09:45.000	20652	-858	-1912	0	176.59	5	3	0	106	6	(-7,-15)
3	2026-01-01 16:09:46.000	20687	-782	-1966	24	145.14	5	4	0	106	6	(-6,-15)
3	2026-01-01 16:09:47.000	20722	-809	-2018	24	166.0	7	3	0	106	6	(-6,-16)
3	2026-01-01 16:09:48.000	20757	-757	-1925	24	168.44	7	3	0	106	6	(-6,-15)
3	2026-01-01 16:09:49.000	20792	-733	-1954	24	156.65	7	1	0	106	6	(-6,-15)
3	2026-01-01 16:09:50.000	20827	-714	-2048	24	124.23	9	3	0	106	2	(-6,-16)
3	2026-01-01 16:09:51.000	20862	-754	-1975	24	108.8	10	2	0	106	2	(-6,-15)
3	2026-01-01 16:09:52.000	20897	-789	-1963	24	99.6	10	2	0	106	2	(-6,-15)
3	2026-01-01 16:09:53.000	20932	-843	-1964	24	91.17	10	0	0	106	2	(-7,-15)
3	2026-01-01 16:09:54.000	20967	-825	-1883	24	50.76	10	-1	0	106	2	(-6,-15)
3	2026-01-01 16:09:55.000	21002	-913	-1872	24	19.94	9	1	0	106	2	(-7,-15)
3	2026-01-01 16:09:56.000	21037	-965	-1917	24	38.38	10	2	0	106	2	(-8,-15)
3	2026-01-01 16:09:57.000	21072	-1028	-1904	24	24.58	10	0	0	106	2	(-8,-15)
3	2026-01-01 16:09:58.000	21107	-1021	-1832	24	356.4	8	-2	0	106	2	(-8,-14)
3	2026-01-01 16:09:59.000	21142	-1057	-1884	24	346.85	6	-2	0	106	2	(-8,-15)
3	2026-01-01 16:10:00.000	21177	-1134	-1920	24	315.11	7	0	0	106	2	(-9,-15)
3	2026-01-01 16:10:01.000	21212	-1051	-1892	24	291.62	8	1	0	106	2	(-8,-15)
3	2026-01-01 16:10:02.000	21247	-1137	-1838	24	329.06	9	-1	0	106	0	(-9,-14)
3	2026-01-01 16:10:03.000	21282	-1106	-1751	24	1.5	8	-1	0	106	0	(-9,-14)
3	2026-01-01 16:10:04.000	21317	-1038	-1772	24	43.26	7	1	0	106	0	(-8,-14)
3	2026-01-01 16:10:05.000	21352	-972	-1678	24	58.57	8	1	0	106	0	(-8,-13)
3	2026-01-01 16:10:06.000	21387	-953	-1698	24	58.13	8	-1	0	106	0	(-7,-13)
3	2026-01-01 16:10:07.000	21422	-908	-1626	24	47.92	9	0	0	106	0	(-7,-13)
3	2026-01-01 16:10:08.000	21457	-969	-1680	24	54.17	10	0	10	106	0	(-8,-13)
3	2026-01-01 16:10:09.000	21492	-882	-1713	24	39.63	10	-2	10	106	0	(-7,-13)
3	2026-01-01 16:10:10.000	21527	-913	-1796	24	20.26	10	-4	10	106	0	(-7,-14)
3	2026-01-01 16:10:11.000	21562	-968	-1745	24	25.62	10	-5	10	106	0	(-8,-14)
3	2026-01-01 16:10:12.000	21597	-1026	-1690	16	38.04	10	-6	10	106	0	(-8,-13)
3	2026-01-01 16:10:13.000	21632	-1076	-1636	16	357.93	10	-6	10	106	0	(-8,-13)
3	2026-01-01 16:10:14.000	21667	-1164	-1624	16	358.45	10	-8	10	106	0	(-9,-13)
3	2026-01-01 16:10:15.000	21702	-1102	-1645	16	332.39	8	-6	10	106	0	(-9,-13)
3	2026-01-01 16:10:16.000	21737	-1040	-1636	16	302.25	7	-6	10	106	0	(-8,-13)
3	2026-01-01 16:10:17.000	21772	-952	-1696	16	301.16	7	-5	10	106	0	(-7,-13)
3	2026-01-01 16:10:18.000	21807	-866	-1622	16	280.5	8	-7	10	106	0	(-7,-13)
3	2026-01-01 16:10:19.000	21842	-955	-1632	16	244.51	9	-9	10	106	0	(-7,-13)
3	2026-01-01 16:10:20.000	21877	-915	-1634	16	267.71	8	-7	10	106	0	(-7,-13)
3	2026-01-01 16:10:21.000	21912	-1011	-1541	16	244.83	10	-7	10	106	0	(-8,-12)
3	2026-01-01 16:10:22.000	21947	-1089	-1583	16	259.88	10	-6	10	106	0	(-9,-12)
3	2026-01-01 16:10:23.000	21982	-1158	-1582	16	267.02	10	-8	10	106	0	(-9,-12)
3	2026-01-01 16:10:24.000	22017	-1058	-1619	16	278.87	10	-6	10	106	22	(-8,-13)
3	2026-01-01 16:10:25.000	22052	-1030	-1524	0	266.9	9	-8	10	106	22	(-8,-12)
3	2026-01-01 16:10:26.000	22087	-957	-1607	0	248.1	10	-9	10	106	22	(-7,-13)
3	2026-01-01 16:10:27.000	22122	-1029	-1661	0	259.12	9	-10	10	106	22	(-8,-13)
3	2026-01-01 16:10:28.000	22157	-1128	-1583	0	214.63	10	-10	10	106	22	(-9,-12)
3	2026-01-01 16:10:29.000	22192	-1153	-1604	0	217.3	9	-10	10	106	22	(-9,-13)
3	2026-01-01 16:10:30.000	22227	-1176	-1593	0	227.99	9	-9	10	106	18	(-9,-12)
3	2026-01-01 16:10:31.000	22262	-1211	-1680	0	187.18	8	-10	1	106	18	(-9,-13)
3	2026-01-01 16:10:32.000	22297	-1266	-1728	0	157.28	10	-10	1	106	18	(-10,-14)
3	2026-01-01 16:10:33.000	22332	-1307	-1793	0	173.77	8	-8	1	106	18	(-10,-14)
3	2026-01-01 16:10:34.000	22367	-1379	-1868	0	168.07	6	-9	1	106	18	(-11,-15)
3	2026-01-01 16:10:35.000	22402	-1288	-1775	0	130.58	4	-10	1	106	18	(-10,-14)
3	2026-01-01 16:10:36.000	22437	-1387	-1830	0	114.37	3	-8	1	106	33	(-11,-14)
3	2026-01-01 16:10:37.000	22472	-1341	-1854	0	76.9	1	-6	1	106	49	(-10,-14)
3	2026-01-01 16:10:38.000	22507	-1308	-1883	24	102.03	-1	-4	1	106	49	(-10,-15)
3	2026-01-01 16:10:39.000	22542	-1283	-1869	24	62.64	-1	-3	1	106	47	(-10,-15)
3	2026-01-01 16:10:40.000	22577	-1314	-1801	0	44.11	0	-2	0	106	47	(-10,-14)
3	2026-01-01 16:10:41.000	22612	-1352	-1716	0	11.49	2	-1	0	106	46	(-11,-13)
3	2026-01-01 16:10:42.000	22647	-1403	-1751	0	328.98	1	-3	0	106	45	(-11,-14)
3	2026-01-01 16:10:43.000	22682	-1423	-1835	0	289.93	-1	-2	0	106	45	(-11,-14)
3	2026-01-01 16:10:44.000	22717	-1385	-1845	0	329.46	0	-2	0	106	45	(-11,-14)
3	2026-01-01 16:10:45.000	22752	-1371	-1757	16	343.88	0	-4	0	106	45	(-11,-14)
3	2026-01-01 16:10:46.000	22787	-1279	-1787	16	12.77	-2	-6	0	106	45	(-10,-14)
3	2026-01-01 16:10:47.000	22822	-1311	-1743	128	3.68	-2	-7	0	106	45	(-10,-14)
3	2026-01-01 16:10:48.000	22857	-1217	-1833	128	330.29	-1	-6	0	106	45	(-10,-14)
3	2026-01-01 16:10:49.000	22892	-1235	-1885	32	350.86	0	-7	0	106	45	(-10,-15)
3	2026-01-01 16:10:50.000	22927	-1154	-1857	32	350.75	-1	-7	0	106	45	(-9,-15)
3	2026-01-01 16:10:51.000	22962	-1213	-1778	0	26.86	0	-9	0	106	45	(-9,-14)
3	2026-01-01 16:10:52.000	22997	-1177	-1805	0	5.85	1	-9	0	106	45	(-9,-14)
3	2026-01-01 16:10:53.000	23032	-1258	-1764	0	26.82	0	-7	0	106	45	(-10,-14)
3	2026-01-01 16:10:54.000	23067	-1279	-1864	0	66.34	-1	-8	0	106	45	(-10,-15)
3	2026-01-01 16:10:55.000	23102	-1284	-1863	0	83.41	-2	-10	0	106	45	(-10,-15)
3	2026-01-01 16:10:56.000	23137	-1277	-1917	0	118.23	0	-8	0	106	45	(-10,-15)
3	2026-01-01 16:10:57.000	23172	-1308	-1943	0	157.29	0	-9	0	106	45	(-10,-15)
3	2026-01-01 16:10:58.000	23207	-1213	-2023	0	169.15	0	-10	0	106	45	(-9,-16)
3	2026-01-01 16:10:59.000	23242	-1154	-2095	0	135.23	-2	-10	0	106	45	(-9,-16)
3	2026-01-01 16:11:00.000	23277	-1126	-2082	0	105.84	0	-8	0	106	45	(-9,-16)
3	2026-01-01 16:11:01.000	23312	-1134	-2121	24	137.71	2	-10	0	106	45	(-9,-17)
3	2026-01-01 16:11:02.000	23347	-1089	-2176	24	175.28	2	-9	0	106	45	(-9,-17)
3	2026-01-01 16:11:03.000	23382	-1004	-2148	24	138.54	0	-10	0	106	45	(-8,-17)
3	2026-01-01 16:11:04.000	23417	-1026	-2196	24	160.57	1	-10	0	106	45	(-8,-17)
3	2026-01-01 16:11:05.000	23452	-941	-2290	24	149.55	2	-10	0	106	43	(-7,-18)
3	2026-01-01 16:11:06.000	23487	-916	-2237	24	190.57	0	-8	0	106	50	(-7,-17)
3	2026-01-01 16:11:07.000	23522	-1016	-2302	24	211.01	-1	-8	0	106	50	(-8,-18)
3	2026-01-01 16:11:08.000	23557	-1010	-2272	24	252.59	1	-6	0	106	50	(-8,-18)
3	2026-01-01 16:11:09.000	23592	-1074	-2277	24	210.89	3	-6	0	106	50	(-8,-18)
3	2026-01-01 16:11:10.000	23627	-1166	-2362	24	224.15	3	-7	0	106	50	(-9,-18)
3	2026-01-01 16:11:11.000	23662	-1086	-2326	32	261.71	2	-8	0	106	50	(-8,-18)
3	2026-01-01 16:11:12.000	23697	-1070	-2344	32	276.08	4	-8	0	106	50	(-8,-18)
3	2026-01-01 16:11:13.000	23732	-1090	-2317	32	274.09	2	-8	0	106	50	(-9,-18)
3	2026-01-01 16:11:14.000	23767	-1096	-2267	32	248.75	0	-10	0	106	50	(-9,-18)
3	2026-01-01 16:11:15.000	23802	-1085	-2178	32	206.04	-1	-10	0	106	50	(-8,-17)
3	2026-01-01 16:11:16.000	23837	-1131	-2187	32	188.69	1	-9	0	106	50	(-9,-17)
3	2026-01-01 16:11:17.000	23872	-1157	-2254	32	178.74	-1	-7	0	106	48	(-9,-18)
3	2026-01-01 16:11:18.000	23907	-1182	-2339	32	178.89	-1	-5	0	106	48	(-9,-18)
3	2026-01-01 16:11:19.000	23942	-1085	-2323	32	202.63	-2	-4	0	106	48	(-8,-18)
3	2026-01-01 16:11:20.000	23977	-1128	-2299	32	236.42	-2	-3	0	106	48	(-9,-18)
3	2026-01-01 16:11:21.000	24012	-1038	-2258	32	266.07	-3	-3	0	106	48	(-8,-18)
3	2026-01-01 16:11:22.000	24047	-988	-2166	32	278.18	-4	-2	0	106	48	(-8,-17)
3	2026-01-01 16:11:23.000	24082	-961	-2201	32	294.26	-2	-1	0	106	48	(-8,-17)
3	2026-01-01 16:11:24.000	24117	-1061	-2286	32	299.68	-4	0	0	106	48	(-8,-18)
3	2026-01-01 16:11:25.000	24152	-1105	-2209	0	303.59	-3	0	0	106	48	(-9,-17)
3	2026-01-01 16:11:26.000	24187	-1126	-2276	0	323.66	-2	-2	0	106	48	(-9,-18)
3	2026-01-01 16:11:27.000	24222	-1209	-2242	0	332.55	-1	-4	0	106	48	(-9,-18)
3	2026-01-01 16:11:28.000	24257	-1132	-2213	0	291.25	-2	-5	0	106	48	(-9,-17)
3	2026-01-01 16:11:29.000	24292	-1217	-2184	0	319.62	-3	-6	0	106	48	(-10,-17)
3	2026-01-01 16:11:30.000	24327	-1156	-2130	128	357.24	-4	-8	0	106	43	(-9,-17)
3	2026-01-01 16:11:31.000	24362	-1071	-2045	128	36.1	-3	-7	0	106	43	(-8,-16)
3	2026-01-01 16:11:32.000	24397	-1082	-2069	128	20.88	-3	-7	0	106	43	(-8,-16)
3	2026-01-01 16:11:33.000	24432	-985	-1980	128	40.85	-4	-7	0	106	43	(-8,-15)
3	2026-01-01 16:11:34.000	24467	-898	-1888	128	8.02	-2	-5	0	106	43	(-7,-15)
3	2026-01-01 16:11:35.000	24502	-912	-1797	128	33.72	0	-5	0	106	43	(-7,-14)
3	2026-01-01 16:11:36.000	24537	-931	-1736	128	78.63	0	-7	0	106	43	(-7,-14)
3	2026-01-01 16:11:37.000	24572	-888	-1774	128	99.76	1	-7	0	106	43	(-7,-14)
3	2026-01-01 16:11:38.000	24607	-877	-1729	128	84.21	1	-9	0	106	43	(-7,-14)
3	2026-01-01 16:11:39.000	24642	-925	-1713	128	80.8	3	-7	0	106	43	(-7,-13)
3	2026-01-01 16:11:40.000	24677	-949	-1659	24	68.04	5	-5	0	106	43	(-7,-13)
3	2026-01-01 16:11:41.000	24712	-939	-1695	24	92.11	5	-5	0	106	43	(-7,-13)
3	2026-01-01 16:11:42.000	24747	-913	-1658	24	80.0	7	-4	0	106	43	(-7,-13)
3	2026-01-01 16:11:43.000	24782	-838	-1681	24	68.82	5	-6	0	106	43	(-7,-13)
3	2026-01-01 16:11:44.000	24817	-748	-1749	24	105.5	5	-8	0	106	43	(-6,-14)
3	2026-01-01 16:11:45.000	24852	-779	-1670	0	137.06	6	-9	0	106	43	(-6,-13)
3	2026-01-01 16:11:46.000	24887	-811	-1681	0	135.39	4	-8	0	106	43	(-6,-13)
3	2026-01-01 16:11:47.000	24922	-718	-1679	0	134.48	3	-6	0	106	43	(-6,-13)
3	2026-01-01 16:11:48.000	24957	-730	-1688	0	156.32	5	-8	0	106	43	(-6,-13)
3	2026-01-01 16:11:49.000	24992	-819	-1644	0	132.88	7	-8	0	106	43	(-6,-13)
3	2026-01-01 16:11:50.000	25027	-901	-1688	0	106.51	8	-10	0	106	41	(-7,-13)
3	2026-01-01 16:11:51.000	25062	-984	-1637	0	73.09	10	-9	0	106	41	(-8,-13)
3	2026-01-01 16:11:52.000	25097	-960	-1596	0	55.47	10	-7	0	106	41	(-8,-12)
3	2026-01-01 16:11:53.000	25132	-972	-1655	0	54.99	9	-9	0	106	41	(-8,-13)
3	2026-01-01 16:11:54.000	25167	-1008	-1721	0	31.14	7	-8	0	106	37	(-8,-13)
3	2026-01-01 16:11:55.000	25202	-1085	-1675	0	60.44	5	-6	0	106	37	(-8,-13)
3	2026-01-01 16:11:56.000	25237	-1078	-1737	0	31.08	6	-8	0	106	37	(-8,-14)
3	2026-01-01 16:11:57.000	25272	-982	-1682	0	32.95	6	-9	0	101	37	(-8,-13)
3	2026-01-01 16:11:58.000	25307	-1078	-1727	0	55.67	7	-10	0	101	37	(-8,-13)
3	2026-01-01 16:11:59.000	25342	-1004	-1642	0	31.3	7	-10	0	101	35	(-8,-13)
3	2026-01-01 16:12:00.000	25377	-929	-1633	0	63.43	9	-10	0	101	35	(-7,-13)
3	2026-01-01 16:12:01.000	25412	-863	-1563	0	97.14	9	-10	0	101	35	(-7,-12)
3	2026-01-01 16:12:02.000	25447	-855	-1565	0	87.53	8	-9	0	101	35	(-7,-12)
3	2026-01-01 16:12:03.000	25482	-824	-1594	0	72.8	8	-7	0	101	35	(-6,-12)
3	2026-01-01 16:12:04.000	25517	-799	-1602	0	47.48	6	-8	0	101	35	(-6,-13)
3	2026-01-01 16:12:05.000	25552	-793	-1587	0	77.23	7	-8	0	101	31	(-6,-12)
3	2026-01-01 16:12:06.000	25587	-777	-1670	0	43.55	9	-10	0	101	31	(-6,-13)
3	2026-01-01 16:12:07.000	25622	-837	-1585	0	52.49	10	-10	0	101	30	(-7,-12)
3	2026-01-01 16:12:08.000	25657	-810	-1580	40	31.64	10	-9	0	101	30	(-6,-12)
3	2026-01-01 16:12:09.000	25692	-730	-1488	40	21.44	9	-10	0	101	30	(-6,-12)
3	2026-01-01 16:12:10.000	25727	-752	-1445	40	53.47	8	-8	0	101	30	(-6,-11)
3	2026-01-01 16:12:11.000	25762	-833	-1361	40	87.8	9	-7	0	101	30	(-7,-11)
3	2026-01-01 16:12:12.000	25797	-910	-1283	40	75.87	7	-5	0	101	30	(-7,-10)
3	2026-01-01 16:12:13.000	25832	-817	-1335	0	65.4	7	-3	0	101	30	(-6,-10)
3	2026-01-01 16:12:14.000	25867	-813	-1427	0	83.89	7	-4	0	101	28	(-6,-11)
3	2026-01-01 16:12:15.000	25902	-773	-1502	0	123.8	6	-2	0	101	28	(-6,-12)
3	2026-01-01 16:12:16.000	25937	-822	-1437	0	118.75	5	-4	0	101	28	(-6,-11)
3	2026-01-01 16:12:17.000	25972	-761	-1359	0	73.97	3	-2	0	101	28	(-6,-11)
3	2026-01-01 16:12:18.000	26007	-780	-1393	0	64.17	4	-4	0	101	28	(-6,-11)
3	2026-01-01 16:12:19.000	26042	-772	-1353	0	78.01	4	-4	0	101	28	(-6,-11)
3	2026-01-01 16:12:20.000	26077	-831	-1369	0	52.12	2	-6	0	101	28	(-6,-11)
3	2026-01-01 16:12:21.000	26112	-787	-1386	0	53.54	0	-8	0	101	28	(-6,-11)
3	2026-01-01 16:12:22.000	26147	-881	-1468	0	91.01	-2	-10	0	101	28	(-7,-11)
3	2026-01-01 16:12:23.000	26182	-820	-1489	0	111.57	-1	-10	0	101	28	(-6,-12)
3	2026-01-01 16:12:24.000	26217	-867	-1562	0	118.26	-1	-10	0	101	47	(-7,-12)
3	2026-01-01 16:12:25.000	26252	-804	-1598	0	132.19	-2	-8	0	101	47	(-6,-12)
3	2026-01-01 16:12:26.000	26287	-828	-1507	0	88.49	-2	-6	0	101	47	(-6,-12)
3	2026-01-01 16:12:27.000	26322	-742	-1433	0	64.03	0	-8	0	101	47	(-6,-11)
3	2026-01-01 16:12:28.000	26357	-800	-1347	0	66.15	-2	-7	0	101	50	(-6,-11)
3	2026-01-01 16:12:29.000	26392	-780	-1307	0	40.76	0	-5	0	101	50	(-6,-10)
3	2026-01-01 16:12:30.000	26427	-710	-1355	0	52.79	-1	-3	0	101	50	(-6,-11)
3	2026-01-01 16:12:31.000	26462	-779	-1366	0	91.8	-3	-2	0	101	46	(-6,-11)
3	2026-01-01 16:12:32.000	26497	-767	-1352	0	83.34	-5	-2	0	101	46	(-6,-11)
3	2026-01-01 16:12:33.000	26532	-809	-1437	0	121.3	-6	-4	0	101	46	(-6,-11)
3	2026-01-01 16:12:34.000	26567	-736	-1534	64	95.13	-7	-5	0	101	46	(-6,-12)
3	2026-01-01 16:12:35.000	26602	-754	-1547	64	117.69	-8	-4	0	101	46	(-6,-12)
3	2026-01-01 16:12:36.000	26637	-774	-1589	64	113.43	-10	-4	0	101	46	(-6,-12)
3	2026-01-01 16:12:37.000	26672	-792	-1654	64	133.25	-8	-5	0	101	46	(-6,-13)
3	2026-01-01 16:12:38.000	26707	-812	-1566	64	127.2	-10	-7	0	101	46	(-6,-12)
3	2026-01-01 16:12:39.000	26742	-746	-1572	64	87.63	-9	-9	0	101	46	(-6,-12)
3	2026-01-01 16:12:40.000	26777	-789	-1606	64	81.68	-10	-7	0	101	46	(-6,-13)
3	2026-01-01 16:12:41.000	26812	-838	-1530	64	58.38	-10	-6	0	101	46	(-7,-12)
3	2026-01-01 16:12:42.000	26847	-925	-1544	64	20.32	-10	-5	0	101	46	(-7,-12)
3	2026-01-01 16:12:43.000	26882	-1024	-1481	64	353.54	-8	-3	0	101	45	(-8,-12)
3	2026-01-01 16:12:44.000	26917	-941	-1405	64	354.56	-7	-4	0	101	45	(-7,-11)
3	2026-01-01 16:12:45.000	26952	-1035	-1452	64	11.17	-8	-3	0	101	45	(-8,-11)
3	2026-01-01 16:12:46.000	26987	-1087	-1521	64	37.85	-10	-1	0	101	45	(-8,-12)
3	2026-01-01 16:12:47.000	27022	-1057	-1429	64	55.6	-10	-2	0	101	45	(-8,-11)
3	2026-01-01 16:12:48.000	27057	-1065	-1459	64	41.36	-10	0	0	101	45	(-8,-11)
3	2026-01-01 16:12:49.000	27092	-969	-1559	64	0.96	-10	0	0	101	45	(-8,-12)
3	2026-01-01 16:12:50.000	27127	-913	-1657	64	343.71	-10	0	0	101	45	(-7,-13)
3	2026-01-01 16:12:51.000	27162	-846	-1722	64	307.03	-8	1	0	101	45	(-7,-13)
3	2026-01-01 16:12:52.000	27197	-872	-1662	64	280.96	-8	2	0	101	50	(-7,-13)
3	2026-01-01 16:12:53.000	27232	-860	-1717	64	282.82	-8	4	0	101	50	(-7,-13)
3	2026-01-01 16:12:54.000	27267	-956	-1676	128	264.23	-9	3	0	101	48	(-7,-13)
3	2026-01-01 16:12:55.000	27302	-901	-1764	128	265.63	-8	3	0	101	46	(-7,-14)
3	2026-01-01 16:12:56.000	27337	-943	-1840	128	226.13	-9	1	0	101	46	(-7,-14)
3	2026-01-01 16:12:57.000	27372	-951	-1859	128	208.67	-7	1	0	95	46	(-7,-15)
3	2026-01-01 16:12:58.000	27407	-1032	-1764	128	239.05	-5	1	0	95	46	(-8,-14)
3	2026-01-01 16:12:59.000	27442	-1086	-1765	128	274.24	-7	-1	0	95	46	(-8,-14)
3	2026-01-01 16:13:00.000	27477	-1002	-1768	128	309.45	-5	-3	0	95	46	(-8,-14)
3	2026-01-01 16:13:01.000	27512	-1046	-1831	128	346.28	-5	-2	0	95	46	(-8,-14)
3	2026-01-01 16:13:02.000	27547	-1078	-1741	128	324.16	-6	-2	0	95	46	(-8,-14)
3	2026-01-01 16:13:03.000	27582	-1172	-1798	128	301.11	-4	-2	0	95	46	(-9,-14)
3	2026-01-01 16:13:04.000	27617	-1213	-1842	128	315.24	-2	-2	0	95	46	(-9,-14)
3	2026-01-01 16:13:05.000	27652	-1169	-1801	128	332.79	-4	-3	0	95	46	(-9,-14)
3	2026-01-01 16:13:06.000	27687	-1257	-1771	128	340.58	-4	-4	0	95	44	(-10,-14)
3	2026-01-01 16:13:07.000	27722	-1272	-1860	128	12.17	-3	-5	0	95	44	(-10,-15)
3	2026-01-01 16:13:08.000	27757	-1311	-1947	128	349.41	-1	-5	0	95	44	(-10,-15)
3	2026-01-01 16:13:09.000	27792	-1268	-1989	128	349.93	-2	-6	0	95	44	(-10,-16)
3	2026-01-01 16:13:10.000	27827	-1303	-2036	128	358.58	-1	-6	0	95	42	(-10,-16)
3	2026-01-01 16:13:11.000	27862	-1240	-2071	128	27.48	1	-5	0	95	42	(-10,-16)
3	2026-01-01 16:13:12.000	27897	-1147	-2102	128	66.85	1	-7	0	95	40	(-9,-16)
3	2026-01-01 16:13:13.000	27932	-1204	-2176	8	27.19	2	-6	0	95	40	(-9,-17)
3	2026-01-01 16:13:14.000	27967	-1122	-2274	8	344.85	3	-6	0	95	40	(-9,-18)
3	2026-01-01 16:13:15.000	28002	-1029	-2321	8	342.95	3	-5	0	95	40	(-8,-18)
3	2026-01-01 16:13:16.000	28037	-1009	-2354	0	307.26	1	-5	0	95	40	(-8,-18)
3	2026-01-01 16:13:17.000	28072	-936	-2305	0	318.53	0	-3	0	95	40	(-7,-18)
3	2026-01-01 16:13:18.000	28107	-924	-2310	0	285.44	0	-2	0	95	40	(-7,-18)
3	2026-01-01 16:13:19.000	28142	-904	-2277	0	246.7	-1	-1	0	95	40	(-7,-18)
3	2026-01-01 16:13:20.000	28177	-873	-2319	0	269.73	-2	1	0	95	40	(-7,-18)
3	2026-01-01 16:13:21.000	28212	-840	-2252	0	273.08	-1	-1	0	95	40	(-7,-18)
3	2026-01-01 16:13:22.000	28247	-875	-2194	0	300.96	-3	-3	0	95	40	(-7,-17)
3	2026-01-01 16:13:23.000	28282	-966	-2224	0	324.43	-2	-2	0	95	40	(-8,-17)
3	2026-01-01 16:13:24.000	28317	-919	-2202	0	4.55	-1	-2	0	95	50	(-7,-17)
3	2026-01-01 16:13:25.000	28352	-881	-2116	0	11.8	-2	-1	0	95	50	(-7,-17)
3	2026-01-01 16:13:26.000	28387	-822	-2053	0	351.82	-2	0	0	95	50	(-6,-16)
3	2026-01-01 16:13:27.000	28422	-753	-2037	0	18.99	0	1	0	95	50	(-6,-16)
3	2026-01-01 16:13:28.000	28457	-775	-1942	24	340.3	1	0	0	95	50	(-6,-15)
3	2026-01-01 16:13:29.000	28492	-753	-1865	24	309.68	2	0	0	95	50	(-6,-15)
3	2026-01-01 16:13:30.000	28527	-689	-1829	24	310.48	4	2	0	95	50	(-5,-14)
3	2026-01-01 16:13:31.000	28562	-616	-1786	24	335.54	2	2	0	95	50	(-5,-14)
3	2026-01-01 16:13:32.000	28597	-581	-1804	24	323.69	1	0	0	95	50	(-5,-14)
3	2026-01-01 16:13:33.000	28632	-490	-1826	8	278.9	-1	0	0	95	50	(-4,-14)
3	2026-01-01 16:13:34.000	28667	-511	-1728	8	237.53	-3	1	0	95	50	(-4,-14)
3	2026-01-01 16:13:35.000	28702	-572	-1712	8	275.68	-3	1	0	95	50	(-4,-13)
3	2026-01-01 16:13:36.000	28737	-508	-1660	8	273.92	-3	-1	0	95	50	(-4,-13)
3	2026-01-01 16:13:37.000	28772	-465	-1581	8	316.98	-1	0	0	95	47	(-4,-12)
3	2026-01-01 16:13:38.000	28807	-475	-1516	56	336.23	1	-1	0	95	50	(-4,-12)
3	2026-01-01 16:13:39.000	28842	-518	-1437	0	293.03	2	-1	0	95	50	(-4,-11)
3	2026-01-01 16:13:40.000	28877	-499	-1447	0	261.32	3	0	0	93	50	(-4,-11)
3	2026-01-01 16:13:41.000	28912	-489	-1493	0	283.04	1	1	0	93	50	(-4,-12)
3	2026-01-01 16:13:42.000	28947	-413	-1518	0	257.0	3	-1	0	93	50	(-3,-12)
3	2026-01-01 16:13:43.000	28982	-477	-1430	0	243.29	4	-3	0	93	50	(-4,-11)
3	2026-01-01 16:13:44.000	29017	-454	-1498	16	228.49	5	-3	0	93	50	(-4,-12)
3	2026-01-01 16:13:45.000	29052	-549	-1498	16	245.92	6	-1	0	93	50	(-4,-12)
3	2026-01-01 16:13:46.000	29087	-470	-1439	16	279.3	6	-3	0	93	50	(-4,-11)
3	2026-01-01 16:13:47.000	29122	-459	-1436	16	321.61	7	-2	0	89	50	(-4,-11)
3	2026-01-01 16:13:48.000	29157	-488	-1480	16	306.75	8	0	0	89	50	(-4,-12)
3	2026-01-01 16:13:49.000	29192	-580	-1495	16	302.53	7	2	0	89	50	(-5,-12)
3	2026-01-01 16:13:50.000	29227	-589	-1510	16	332.43	8	2	0	89	50	(-5,-12)
3	2026-01-01 16:13:51.000	29262	-596	-1570	16	343.49	9	0	0	89	48	(-5,-12)
3	2026-01-01 16:13:52.000	29297	-518	-1531	16	351.53	10	2	0	89	48	(-4,-12)
3	2026-01-01 16:13:53.000	29332	-520	-1466	16	323.36	8	0	0	89	48	(-4,-11)
3	2026-01-01 16:13:54.000	29367	-471	-1515	16	321.08	8	-2	0	89	48	(-4,-12)
3	2026-01-01 16:13:55.000	29402	-436	-1450	128	277.87	8	-2	0	89	48	(-3,-11)
3	2026-01-01 16:13:56.000	29437	-455	-1512	128	317.34	9	-4	0	89	48	(-4,-12)
3	2026-01-01 16:13:57.000	29472	-366	-1439	128	318.24	10	-6	0	84	48	(-3,-11)
3	2026-01-01 16:13:58.000	29507	-455	-1341	128	348.85	10	-6	0	84	48	(-4,-10)
3	2026-01-01 16:13:59.000	29542	-453	-1310	128	313.74	8	-7	0	89	48	(-4,-10)
3	2026-01-01 16:14:00.000	29577	-469	-1243	128	350.56	10	-9	0	89	48	(-4,-10)
3	2026-01-01 16:14:01.000	29612	-380	-1315	128	8.1	8	-7	0	89	48	(-3,-10)
3	2026-01-01 16:14:02.000	29647	-329	-1406	128	20.23	9	-5	0	89	48	(-3,-11)
3	2026-01-01 16:14:03.000	29682	-388	-1432	128	56.74	8	-7	0	89	48	(-3,-11)
3	2026-01-01 16:14:04.000	29717	-354	-1484	128	47.43	8	-5	0	89	48	(-3,-12)
3	2026-01-01 16:14:05.000	29752	-435	-1540	128	37.42	8	-3	0	89	48	(-3,-12)
3	2026-01-01 16:14:06.000	29787	-352	-1610	128	60.73	8	-2	0	89	43	(-3,-13)
3	2026-01-01 16:14:07.000	29822	-392	-1582	128	67.02	6	-2	0	89	43	(-3,-12)
3	2026-01-01 16:14:08.000	29857	-444	-1649	128	91.21	8	-2	0	89	43	(-3,-13)
3	2026-01-01 16:14:09.000	29892	-479	-1725	128	128.73	9	-1	0	89	43	(-4,-13)
3	2026-01-01 16:14:10.000	29927	-440	-1724	128	94.4	9	-1	0	89	43	(-3,-13)
3	2026-01-01 16:14:11.000	29962	-471	-1662	128	122.81	8	-1	0	89	43	(-4,-13)
3	2026-01-01 16:14:12.000	29997	-568	-1652	128	132.88	10	-2	0	89	43	(-4,-13)
3	2026-01-01 16:14:13.000	30032	-633	-1691	128	125.17	10	-3	0	89	43	(-5,-13)
3	2026-01-01 16:14:14.000	30067	-647	-1629	128	169.28	10	-3	0	89	43	(-5,-13)
3	2026-01-01 16:14:15.000	30102	-743	-1707	128	201.76	9	-1	0	89	50	(-6,-13)
3	2026-01-01 16:14:16.000	30137	-775	-1691	128	176.85	10	-1	0	89	50	(-6,-13)
3	2026-01-01 16:14:17.000	30172	-828	-1730	128	198.08	8	-2	0	89	50	(-6,-14)
3	2026-01-01 16:14:18.000	30207	-765	-1706	128	239.46	9	-1	0	89	49	(-6,-13)
3	2026-01-01 16:14:19.000	30242	-735	-1742	128	216.68	10	-2	0	89	49	(-6,-14)
3	2026-01-01 16:14:20.000	30277	-671	-1786	128	188.63	10	-2	0	89	49	(-5,-14)
3	2026-01-01 16:14:21.000	30312	-679	-1691	128	187.96	10	-3	0	89	48	(-5,-13)
3	2026-01-01 16:14:22.000	30347	-691	-1744	128	151.35	10	-1	0	89	48	(-5,-14)
3	2026-01-01 16:14:23.000	30382	-609	-1648	128	154.43	10	0	0	89	48	(-5,-13)
3	2026-01-01 16:14:24.000	30417	-533	-1588	128	171.71	10	0	0	89	48	(-4,-12)
3	2026-01-01 16:14:25.000	30452	-454	-1504	128	201.35	10	2	0	89	48	(-4,-12)
3	2026-01-01 16:14:26.000	30487	-450	-1584	128	233.05	10	2	0	89	48	(-4,-12)
3	2026-01-01 16:14:27.000	30522	-417	-1490	128	239.3	10	0	0	89	48	(-3,-12)
3	2026-01-01 16:14:28.000	30557	-368	-1556	24	257.69	10	0	0	89	48	(-3,-12)
3	2026-01-01 16:14:29.000	30592	-414	-1530	24	256.55	10	1	0	89	48	(-3,-12)
3	2026-01-01 16:14:30.000	30627	-388	-1457	128	253.38	10	3	0	89	43	(-3,-11)
3	2026-01-01 16:14:31.000	30662	-481	-1533	128	275.2	8	1	0	89	43	(-4,-12)
3	2026-01-01 16:14:32.000	30697	-494	-1606	128	253.0	8	3	0	89	43	(-4,-13)
3	2026-01-01 16:14:33.000	30732	-592	-1706	128	272.18	6	5	0	89	43	(-5,-13)
3	2026-01-01 16:14:34.000	30767	-592	-1698	128	258.64	6	7	0	89	43	(-5,-13)
3	2026-01-01 16:14:35.000	30802	-574	-1759	0	280.51	4	9	0	89	43	(-4,-14)
3	2026-01-01 16:14:36.000	30837	-500	-1736	0	280.3	4	10	0	89	43	(-4,-14)
3	2026-01-01 16:14:37.000	30872	-588	-1784	64	295.21	5	10	0	89	43	(-5,-14)
3	2026-01-01 16:14:38.000	30907	-681	-1779	64	257.89	4	10	0	89	43	(-5,-14)
3	2026-01-01 16:14:39.000	30942	-586	-1752	64	287.82	5	10	0	89	41	(-5,-14)
3	2026-01-01 16:14:40.000	30977	-587	-1744	64	287.86	4	10	0	89	41	(-5,-14)
3	2026-01-01 16:14:41.000	31012	-504	-1808	64	322.38	6	10	0	89	41	(-4,-14)
3	2026-01-01 16:14:42.000	31047	-413	-1894	64	336.89	8	8	0	89	41	(-3,-15)
3	2026-01-01 16:14:43.000	31082	-467	-1820	64	325.98	9	6	0	89	41	(-4,-14)
3	2026-01-01 16:14:44.000	31117	-522	-1808	64	311.02	10	7	0	89	36	(-4,-14)
3	2026-01-01 16:14:45.000	31152	-567	-1904	64	271.57	10	8	0	89	36	(-4,-15)
3	2026-01-01 16:14:46.000	31187	-553	-1874	64	268.18	10	6	0	89	36	(-4,-15)
3	2026-01-01 16:14:47.000	31222	-464	-1807	64	255.94	8	5	0	89	36	(-4,-14)
3	2026-01-01 16:14:48.000	31257	-458	-1814	64	294.73	7	7	0	89	36	(-4,-14)
3	2026-01-01 16:14:49.000	31292	-380	-1899	64	279.84	8	8	0	89	36	(-3,-15)
3	2026-01-01 16:14:50.000	31327	-325	-1804	16	288.96	10	9	0	89	34	(-3,-14)
3	2026-01-01 16:14:51.000	31362	-371	-1872	16	279.16	9	7	0	89	34	(-3,-15)
3	2026-01-01 16:14:52.000	31397	-379	-1845	16	277.54	9	5	0	89	34	(-3,-14)
3	2026-01-01 16:14:53.000	31432	-374	-1753	16	240.19	10	5	0	89	34	(-3,-14)
3	2026-01-01 16:14:54.000	31467	-392	-1711	56	239.31	9	7	0	89	34	(-3,-13)
3	2026-01-01 16:14:55.000	31502	-432	-1720	56	279.86	10	6	0	89	34	(-3,-13)
3	2026-01-01 16:14:56.000	31537	-456	-1696	56	319.75	10	7	0	89	34	(-4,-13)
3	2026-01-01 16:14:57.000	31572	-423	-1734	0	283.99	10	6	0	89	34	(-3,-14)
3	2026-01-01 16:14:58.000	31607	-420	-1645	0	266.94	10	6	0	89	34	(-3,-13)
3	2026-01-01 16:14:59.000	31642	-520	-1602	0	303.34	8	4	0	89	34	(-4,-13)
3	2026-01-01 16:15:00.000	31677	-566	-1588	0	306.17	6	6	0	89	34	(-4,-12)
3	2026-01-01 16:15:01.000	31712	-610	-1629	0	288.2	6	5	0	89	34	(-5,-13)
3	2026-01-01 16:15:02.000	31747	-533	-1619	0	325.99	5	4	0	89	34	(-4,-13)
3	2026-01-01 16:15:03.000	31782	-560	-1639	0	285.51	6	3	0	89	34	(-4,-13)
3	2026-01-01 16:15:04.000	31817	-501	-1617	0	318.3	7	1	0	89	34	(-4,-13)
3	2026-01-01 16:15:05.000	31852	-597	-1571	0	321.24	8	2	0	89	34	(-5,-12)
3	2026-01-01 16:15:06.000	31887	-586	-1578	0	294.69	7	3	0	89	34	(-5,-12)
3	2026-01-01 16:15:07.000	31922	-571	-1649	0	271.71	7	3	0	89	34	(-4,-13)
3	2026-01-01 16:15:08.000	31957	-609	-1605	0	255.52	5	4	0	89	34	(-5,-13)
3	2026-01-01 16:15:09.000	31992	-578	-1589	0	250.52	7	4	0	89	34	(-5,-12)
3	2026-01-01 16:15:10.000	32027	-593	-1594	0	249.87	9	5	0	89	34	(-5,-12)
3	2026-01-01 16:15:11.000	32062	-611	-1544	0	205.97	7	3	0	89	34	(-5,-12)
3	2026-01-01 16:15:12.000	32097	-565	-1587	0	185.93	9	1	0	89	32	(-4,-12)
3	2026-01-01 16:15:13.000	32132	-651	-1489	0	229.04	8	0	0	89	32	(-5,-12)
3	2026-01-01 16:15:14.000	32167	-580	-1451	0	185.85	8	2	0	89	50	(-5,-11)
3	2026-01-01 16:15:15.000	32202	-485	-1390	0	170.12	10	3	0	89	50	(-4,-11)
3	2026-01-01 16:15:16.000	32237	-573	-1340	0	209.0	10	2	0	89	50	(-4,-10)
3	2026-01-01 16:15:17.000	32272	-505	-1295	0	253.62	10	3	0	89	50	(-4,-10)
3	2026-01-01 16:15:18.000	32307	-425	-1360	0	262.67	8	4	0	89	50	(-3,-11)
3	2026-01-01 16:15:19.000	32342	-344	-1414	0	279.75	10	3	0	89	50	(-3,-11)
3	2026-01-01 16:15:20.000	32377	-256	-1425	0	273.03	10	1	0	89	50	(-2,-11)
3	2026-01-01 16:15:21.000	32412	-285	-1362	64	256.44	10	0	0	89	50	(-2,-11)
3	2026-01-01 16:15:22.000	32447	-385	-1369	64	229.07	9	2	0	89	50	(-3,-11)
3	2026-01-01 16:15:23.000	32482	-396	-1448	64	255.84	10	0	0	89	50	(-3,-11)
3	2026-01-01 16:15:24.000	32517	-355	-1433	64	281.17	10	-1	0	89	50	(-3,-11)
3	2026-01-01 16:15:25.000	32552	-427	-1460	64	324.23	10	-2	0	89	46	(-3,-11)
3	2026-01-01 16:15:26.000	32587	-392	-1465	8	327.0	10	-4	0	89	46	(-3,-11)
3	2026-01-01 16:15:27.000	32622	-379	-1524	8	299.9	8	-3	0	89	46	(-3,-12)
3	2026-01-01 16:15:28.000	32657	-365	-1424	8	276.82	10	-3	0	89	46	(-3,-11)
3	2026-01-01 16:15:29.000	32692	-297	-1491	-8	263.66	10	-2	0	89	46	(-2,-12)
3	2026-01-01 16:15:30.000	32727	-237	-1453	-8	300.73	8	-4	0	89	46	(-2,-11)
3	2026-01-01 16:15:31.000	32762	-203	-1548	-8	269.5	7	-6	0	84	46	(-2,-12)
3	2026-01-01 16:15:32.000	32797	-274	-1545	-8	258.6	9	-7	0	84	46	(-2,-12)
3	2026-01-01 16:15:33.000	32832	-315	-1480	-8	239.21	10	-9	0	84	46	(-2,-12)
3	2026-01-01 16:15:34.000	32867	-251	-1439	-8	247.06	10	-10	0	84	42	(-2,-11)
3	2026-01-01 16:15:35.000	32902	-290	-1454	-8	241.39	10	-8	0	84	42	(-2,-11)
3	2026-01-01 16:15:36.000	32937	-247	-1499	-8	232.7	10	-9	0	84	42	(-2,-12)
3	2026-01-01 16:15:37.000	32972	-287	-1510	-8	193.52	10	-10	0	84	42	(-2,-12)
3	2026-01-01 16:15:38.000	33007	-208	-1547	-8	208.93	10	-9	0	84	50	(-2,-12)
3	2026-01-01 16:15:39.000	33042	-228	-1621	-8	191.07	10	-10	0	84	50	(-2,-13)
3	2026-01-01 16:15:40.000	33077	-177	-1593	-8	233.25	10	-10	0	84	50	(-1,-12)
3	2026-01-01 16:15:41.000	33112	-180	-1539	-8	198.02	10	-10	0	84	50	(-1,-12)
3	2026-01-01 16:15:42.000	33147	-168	-1580	-8	163.07	9	-10	0	84	50	(-1,-12)
3	2026-01-01 16:15:43.000	33182	-178	-1553	-8	189.33	8	-8	0	84	50	(-1,-12)
3	2026-01-01 16:15:44.000	33217	-248	-1534	-8	225.67	10	-7	0	84	47	(-2,-12)
3	2026-01-01 16:15:45.000	33252	-151	-1570	-8	220.97	8	-7	0	84	47	(-1,-12)
3	2026-01-01 16:15:46.000	33287	-62	-1508	-8	188.88	8	-5	0	84	42	(0,-12)
3	2026-01-01 16:15:47.000	33322	24	-1490	-8	194.07	6	-6	0	84	42	(0,-12)
3	2026-01-01 16:15:48.000	33357	76	-1490	-8	232.85	7	-7	0	84	42	(1,-12)
3	2026-01-01 16:15:49.000	33392	87	-1524	-8	263.89	5	-7	0	81	42	(1,-12)
3	2026-01-01 16:15:50.000	33427	9	-1482	-8	236.66	5	-6	0	81	42	(0,-12)
3	2026-01-01 16:15:51.000	33462	-73	-1580	-8	243.47	5	-6	0	81	42	(-1,-12)
3	2026-01-01 16:15:52.000	33497	-35	-1552	-8	255.95	5	-5	0	81	42	(0,-12)
3	2026-01-01 16:15:53.000	33532	-87	-1600	-8	238.56	4	-4	0	81	42	(-1,-12)
3	2026-01-01 16:15:54.000	33567	-147	-1585	-8	215.83	5	-3	0	81	42	(-1,-12)
3	2026-01-01 16:15:55.000	33602	-117	-1654	-8	223.09	5	-1	0	81	42	(-1,-13)
3	2026-01-01 16:15:56.000	33637	-143	-1686	-8	232.73	4	1	0	81	42	(-1,-13)
3	2026-01-01 16:15:57.000	33672	-114	-1720	-8	251.57	5	2	0	81	42	(-1,-13)
3	2026-01-01 16:15:58.000	33707	-19	-1773	0	209.43	7	1	0	81	50	(0,-14)
3	2026-01-01 16:15:59.000	33742	-66	-1732	0	225.68	7	-1	0	81	50	(-1,-14)
3	2026-01-01 16:16:00.000	33777	-65	-1729	0	205.84	5	-3	0	81	50	(-1,-14)
3	2026-01-01 16:16:01.000	33812	-1	-1736	32	246.79	7	-1	0	81	50	(0,-14)
3	2026-01-01 16:16:02.000	33847	-35	-1814	32	279.21	8	-2	0	81	50	(0,-14)
3	2026-01-01 16:16:03.000	33882	-120	-1840	32	269.96	9	-2	0	81	50	(-1,-14)
3	2026-01-01 16:16:04.000	33917	-183	-1854	32	234.39	10	-3	0	81	50	(-1,-14)
3	2026-01-01 16:16:05.000	33952	-272	-1848	16	200.67	9	-3	0	81	50	(-2,-14)
3	2026-01-01 16:16:06.000	33987	-338	-1767	16	211.03	7	-2	0	81	50	(-3,-14)
3	2026-01-01 16:16:07.000	34022	-343	-1855	16	254.29	8	-1	0	81	50	(-3,-14)
3	2026-01-01 16:16:08.000	34057	-386	-1835	64	298.0	6	0	0	81	50	(-3,-14)
3	2026-01-01 16:16:09.000	34092	-473	-1848	64	329.09	5	-2	10	81	50	(-4,-14)
3	2026-01-01 16:16:10.000	34127	-442	-1865	64	4.45	6	-2	10	81	50	(-3,-15)
3	2026-01-01 16:16:11.000	34162	-458	-1921	64	333.19	8	-4	10	81	50	(-4,-15)
3	2026-01-01 16:16:12.000	34197	-483	-1870	64	348.56	6	-6	10	81	50	(-4,-15)
3	2026-01-01 16:16:13.000	34232	-446	-1868	64	14.42	4	-4	10	81	50	(-3,-15)
3	2026-01-01 16:16:14.000	34267	-491	-1866	64	6.42	4	-3	10	81	50	(-4,-15)
3	2026-01-01 16:16:15.000	34302	-452	-1904	64	9.99	4	-3	2	81	48	(-4,-15)
3	2026-01-01 16:16:16.000	34337	-391	-1985	64	36.42	3	-5	0	81	45	(-3,-16)
3	2026-01-01 16:16:17.000	34372	-424	-2081	40	1.81	5	-4	0	81	45	(-3,-16)
3	2026-01-01 16:16:18.000	34407	-482	-2137	40	29.66	3	-3	0	81	45	(-4,-17)
3	2026-01-01 16:16:19.000	34442	-553	-2140	0	353.17	2	-4	0	101	45	(-4,-17)
3	2026-01-01 16:16:20.000	34477	-464	-2176	0	312.33	2	-3	0	101	45	(-4,-17)
3	2026-01-01 16:16:21.000	34512	-459	-2079	0	307.01	0	-3	0	101	45	(-4,-16)
3	2026-01-01 16:16:22.000	34547	-467	-2133	0	285.75	1	-4	0	101	45	(-4,-17)
3	2026-01-01 16:16:23.000	34582	-554	-2132	0	278.03	2	-6	0	101	45	(-4,-17)
3	2026-01-01 16:16:24.000	34617	-484	-2155	0	285.23	2	-8	0	101	45	(-4,-17)
3	2026-01-01 16:16:25.000	34652	-407	-2082	0	309.39	4	-7	0	101	45	(-3,-16)
3	2026-01-01 16:16:26.000	34687	-325	-2153	0	300.48	6	-5	0	101	45	(-3,-17)
3	2026-01-01 16:16:27.000	34722	-240	-2186	0	265.92	6	-6	0	101	45	(-2,-17)
3	2026-01-01 16:16:28.000	34757	-321	-2097	0	263.22	5	-5	18	101	45	(-3,-16)
3	2026-01-01 16:16:29.000	34792	-283	-2107	0	261.02	5	-7	18	106	45	(-2,-16)
3	2026-01-01 16:16:30.000	34827	-376	-2108	0	225.4	3	-6	18	106	45	(-3,-16)
3	2026-01-01 16:16:31.000	34862	-360	-2167	0	183.07	5	-8	18	106	45	(-3,-17)
3	2026-01-01 16:16:32.000	34897	-290	-2069	0	214.76	7	-10	18	106	41	(-2,-16)
3	2026-01-01 16:16:33.000	34932	-371	-2138	0	207.66	6	-10	18	106	41	(-3,-17)
3	2026-01-01 16:16:34.000	34967	-350	-2157	0	241.65	4	-10	18	106	41	(-3,-17)
3	2026-01-01 16:16:35.000	35002	-375	-2225	0	263.46	2	-9	18	106	41	(-3,-17)
3	2026-01-01 16:16:36.000	35037	-315	-2146	0	248.87	2	-10	18	106	41	(-2,-17)
3	2026-01-01 16:16:37.000	35072	-332	-2198	0	272.39	3	-10	18	106	40	(-3,-17)
3	2026-01-01 16:16:38.000	35107	-408	-2122	0	306.74	3	-10	18	106	40	(-3,-17)
3	2026-01-01 16:16:39.000	35142	-315	-2047	0	262.81	2	-10	18	106	40	(-2,-16)
3	2026-01-01 16:16:40.000	35177	-224	-2051	0	222.62	2	-9	16	106	40	(-2,-16)
3	2026-01-01 16:16:41.000	35212	-199	-2073	0	253.02	2	-9	16	106	40	(-2,-16)
3	2026-01-01 16:16:42.000	35247	-177	-2165	0	216.46	3	-7	16	106	36	(-1,-17)
3	2026-01-01 16:16:43.000	35282	-212	-2264	0	243.03	3	-9	14	106	36	(-2,-18)
3	2026-01-01 16:16:44.000	35317	-221	-2321	0	248.85	1	-7	14	106	36	(-2,-18)
3	2026-01-01 16:16:45.000	35352	-253	-2307	0	269.54	-1	-5	14	106	36	(-2,-18)
3	2026-01-01 16:16:46.000	35387	-244	-2245	0	233.08	-1	-7	14	106	36	(-2,-18)
3	2026-01-01 16:16:47.000	35422	-155	-2221	0	234.23	0	-8	14	106	36	(-1,-17)
3	2026-01-01 16:16:48.000	35457	-60	-2290	0	202.74	-1	-10	14	106	36	(0,-18)
3	2026-01-01 16:16:49.000	35492	-99	-2370	0	174.42	-2	-10	14	106	36	(-1,-19)
3	2026-01-01 16:16:50.000	35527	-91	-2426	0	191.44	-1	-10	14	106	36	(-1,-19)
3	2026-01-01 16:16:51.000	35562	-140	-2446	0	204.99	-2	-10	14	106	36	(-1,-19)
3	2026-01-01 16:16:52.000	35597	-176	-2499	0	163.11	-4	-8	14	106	31	(-1,-20)
3	2026-01-01 16:16:53.000	35632	-107	-2515	0	207.78	-4	-10	14	106	31	(-1,-20)
3	2026-01-01 16:16:54.000	35667	-116	-2439	0	239.14	-2	-10	14	106	31	(-1,-19)
3	2026-01-01 16:16:55.000	35702	-163	-2422	0	246.79	-3	-9	14	106	31	(-1,-19)
3	2026-01-01 16:16:56.000	35737	-242	-2461	0	230.64	-1	-10	14	106	28	(-2,-19)
3	2026-01-01 16:16:57.000	35772	-276	-2458	0	273.33	-3	-10	14	106	26	(-2,-19)
3	2026-01-01 16:16:58.000	35807	-318	-2515	0	309.9	-4	-10	14	106	26	(-2,-20)
3	2026-01-01 16:16:59.000	35842	-365	-2466	0	339.69	-2	-10	14	106	26	(-3,-19)
3	2026-01-01 16:17:00.000	35877	-422	-2535	0	314.96	-1	-8	14	106	26	(-3,-20)
3	2026-01-01 16:17:01.000	35912	-469	-2521	0	276.04	1	-6	14	106	26	(-4,-20)
3	2026-01-01 16:17:02.000	35947	-569	-2571	0	271.03	0	-4	14	106	24	(-4,-20)
3	2026-01-01 16:17:03.000	35982	-601	-2570	0	241.24	0	-2	14	106	21	(-5,-20)
3	2026-01-01 16:17:04.000	36017	-535	-2541	0	242.93	0	-2	14	106	21	(-4,-20)
3	2026-01-01 16:17:05.000	36052	-469	-2451	0	218.84	-1	0	14	106	21	(-4,-19)
3	2026-01-01 16:17:06.000	36087	-482	-2420	0	217.61	1	-1	14	106	21	(-4,-19)
3	2026-01-01 16:17:07.000	36122	-392	-2512	56	212.77	0	-2	14	106	21	(-3,-20)
3	2026-01-01 16:17:08.000	36157	-467	-2466	56	238.76	-1	-4	14	106	21	(-4,-19)
3	2026-01-01 16:17:09.000	36192	-442	-2514	56	259.14	1	-5	14	106	37	(-3,-20)
3	2026-01-01 16:17:10.000	36227	-381	-2448	56	233.15	2	-3	14	106	37	(-3,-19)
3	2026-01-01 16:17:11.000	36262	-470	-2426	0	201.1	4	-4	14	106	37	(-4,-19)
3	2026-01-01 16:17:12.000	36297	-533	-2434	0	235.21	5	-5	14	106	50	(-4,-19)
3	2026-01-01 16:17:13.000	36332	-474	-2372	64	200.98	6	-4	14	106	50	(-4,-19)
3	2026-01-01 16:17:14.000	36367	-515	-2392	64	218.56	8	-6	12	106	50	(-4,-19)
3	2026-01-01 16:17:15.000	36402	-533	-2381	64	202.96	8	-6	12	106	50	(-4,-19)
3	2026-01-01 16:17:16.000	36437	-625	-2401	64	181.39	8	-7	12	106	50	(-5,-19)
3	2026-01-01 16:17:17.000	36472	-654	-2499	64	187.14	9	-6	12	106	50	(-5,-20)
3	2026-01-01 16:17:18.000	36507	-736	-2542	64	221.73	7	-8	12	106	50	(-6,-20)
3	2026-01-01 16:17:19.000	36542	-726	-2551	64	204.57	7	-8	12	106	50	(-6,-20)
3	2026-01-01 16:17:20.000	36577	-667	-2533	64	194.22	7	-8	12	106	50	(-5,-20)
3	2026-01-01 16:17:21.000	36612	-659	-2599	64	177.68	7	-7	12	106	50	(-5,-20)
3	2026-01-01 16:17:22.000	36647	-716	-2529	64	213.01	9	-9	12	106	50	(-6,-20)
3	2026-01-01 16:17:23.000	36682	-811	-2551	64	189.63	9	-7	12	106	50	(-6,-20)
3	2026-01-01 16:17:24.000	36717	-788	-2528	64	221.74	10	-7	12	106	49	(-6,-20)
3	2026-01-01 16:17:25.000	36752	-709	-2565	64	187.68	9	-8	12	106	49	(-6,-20)
3	2026-01-01 16:17:26.000	36787	-712	-2514	64	180.43	9	-8	12	106	49	(-6,-20)
3	2026-01-01 16:17:27.000	36822	-765	-2484	0	215.96	10	-9	12	106	49	(-6,-19)
3	2026-01-01 16:17:28.000	36857	-683	-2432	0	244.49	10	-8	12	106	49	(-5,-19)
3	2026-01-01 16:17:29.000	36892	-636	-2454	16	201.29	10	-6	12	106	49	(-5,-19)
3	2026-01-01 16:17:30.000	36927	-572	-2363	16	182.32	10	-7	4	106	49	(-4,-18)
3	2026-01-01 16:17:31.000	36962	-607	-2317	16	179.62	10	-6	4	106	48	(-5,-18)
3	2026-01-01 16:17:32.000	36997	-599	-2385	16	210.82	10	-8	4	106	48	(-5,-19)
3	2026-01-01 16:17:33.000	37032	-549	-2455	16	219.95	10	-10	4	106	48	(-4,-19)
3	2026-01-01 16:17:34.000	37067	-501	-2428	16	251.04	10	-9	4	106	50	(-4,-19)
3	2026-01-01 16:17:35.000	37102	-414	-2377	16	264.73	10	-10	4	106	50	(-3,-19)
3	2026-01-01 16:17:36.000	37137	-506	-2387	16	292.18	8	-10	4	106	50	(-4,-19)
3	2026-01-01 16:17:37.000	37172	-534	-2422	24	302.77	8	-10	4	106	50	(-4,-19)
3	2026-01-01 16:17:38.000	37207	-566	-2431	24	288.07	8	-8	4	106	50	(-4,-19)
3	2026-01-01 16:17:39.000	37242	-619	-2531	24	306.84	8	-8	4	106	46	(-5,-20)
3	2026-01-01 16:17:40.000	37277	-584	-2471	24	325.45	9	-9	4	106	46	(-5,-19)
3	2026-01-01 16:17:41.000	37312	-615	-2531	24	346.63	10	-7	4	106	46	(-5,-20)
3	2026-01-01 16:17:42.000	37347	-604	-2457	24	20.4	9	-6	4	106	46	(-5,-19)
3	2026-01-01 16:17:43.000	37382	-690	-2434	24	29.68	9	-8	4	106	46	(-5,-19)
3	2026-01-01 16:17:44.000	37417	-665	-2507	24	22.49	8	-8	4	106	46	(-5,-20)
3	2026-01-01 16:17:45.000	37452	-678	-2452	40	353.32	9	-9	4	106	46	(-5,-19)
3	2026-01-01 16:17:46.000	37487	-656	-2381	40	312.47	8	-10	4	106	46	(-5,-19)
3	2026-01-01 16:17:47.000	37522	-697	-2436	40	342.28	9	-10	4	106	45	(-5,-19)
3	2026-01-01 16:17:48.000	37557	-634	-2446	40	18.96	10	-8	4	106	45	(-5,-19)
3	2026-01-01 16:17:49.000	37592	-596	-2507	40	23.76	8	-10	4	106	44	(-5,-20)
3	2026-01-01 16:17:50.000	37627	-637	-2463	40	51.98	6	-10	4	106	44	(-5,-19)
3	2026-01-01 16:17:51.000	37662	-682	-2417	40	92.25	6	-10	4	106	44	(-5,-19)
3	2026-01-01 16:17:52.000	37697	-647	-2389	40	74.24	6	-10	4	106	44	(-5,-19)
3	2026-01-01 16:17:53.000	37732	-633	-2368	40	100.38	4	-10	4	106	44	(-5,-18)
3	2026-01-01 16:17:54.000	37767	-683	-2428	40	93.58	4	-10	4	106	44	(-5,-19)
3	2026-01-01 16:17:55.000	37802	-682	-2386	40	113.26	5	-10	4	106	44	(-5,-19)
3	2026-01-01 16:17:56.000	37837	-739	-2352	40	155.34	7	-10	4	106	44	(-6,-18)
3	2026-01-01 16:17:57.000	37872	-726	-2355	40	173.79	7	-10	4	106	44	(-6,-18)
3	2026-01-01 16:17:58.000	37907	-636	-2374	-8	172.54	7	-10	4	106	43	(-5,-19)
3	2026-01-01 16:17:59.000	37942	-538	-2403	-8	149.98	6	-8	4	106	43	(-4,-19)
3	2026-01-01 16:18:00.000	37977	-582	-2412	0	133.58	8	-7	4	106	40	(-5,-19)
3	2026-01-01 16:18:01.000	38012	-569	-2455	0	174.48	8	-6	4	106	40	(-4,-19)
3	2026-01-01 16:18:02.000	38047	-621	-2532	0	210.95	8	-4	4	106	40	(-5,-20)
3	2026-01-01 16:18:03.000	38082	-605	-2578	0	187.19	9	-5	4	106	37	(-5,-20)
3	2026-01-01 16:18:04.000	38117	-686	-2537	0	197.68	10	-6	4	106	37	(-5,-20)
3	2026-01-01 16:18:05.000	38152	-689	-2552	0	176.98	9	-4	4	106	37	(-5,-20)
3	2026-01-01 16:18:06.000	38187	-702	-2514	0	196.94	9	-5	4	106	36	(-5,-20)
3	2026-01-01 16:18:07.000	38222	-781	-2534	0	219.12	9	-7	4	106	36	(-6,-20)
3	2026-01-01 16:18:08.000	38257	-843	-2511	0	210.68	10	-9	4	106	36	(-7,-20)
3	2026-01-01 16:18:09.000	38292	-837	-2599	0	241.94	10	-8	4	106	36	(-7,-20)
3	2026-01-01 16:18:10.000	38327	-858	-2597	0	274.78	9	-9	4	106	36	(-7,-20)
3	2026-01-01 16:18:11.000	38362	-892	-2670	0	296.27	10	-9	4	106	36	(-7,-21)
3	2026-01-01 16:18:12.000	38397	-850	-2765	0	336.52	8	-9	4	106	36	(-7,-22)
3	2026-01-01 16:18:13.000	38432	-867	-2854	0	315.16	10	-8	4	106	36	(-7,-22)
3	2026-01-01 16:18:14.000	38467	-841	-2793	0	271.85	9	-7	4	106	36	(-7,-22)
3	2026-01-01 16:18:15.000	38502	-836	-2763	0	249.53	10	-8	4	106	36	(-7,-22)
3	2026-01-01 16:18:16.000	38537	-898	-2862	0	244.61	8	-8	0	106	36	(-7,-22)
3	2026-01-01 16:18:17.000	38572	-878	-2923	0	260.06	8	-6	0	106	36	(-7,-23)
3	2026-01-01 16:18:18.000	38607	-778	-3002	128	244.08	6	-5	0	106	36	(-6,-23)
3	2026-01-01 16:18:19.000	38642	-877	-2988	128	281.22	8	-7	0	106	32	(-7,-23)
3	2026-01-01 16:18:20.000	38677	-867	-2979	128	280.14	9	-9	0	106	32	(-7,-23)
3	2026-01-01 16:18:21.000	38712	-915	-3077	128	320.71	7	-9	0	106	32	(-7,-24)
3	2026-01-01 16:18:22.000	38747	-907	-3059	128	357.75	6	-10	0	106	32	(-7,-24)
3	2026-01-01 16:18:23.000	38782	-939	-3086	128	14.68	8	-8	0	106	32	(-7,-24)
3	2026-01-01 16:18:24.000	38817	-846	-3083	0	41.46	7	-8	0	106	32	(-7,-24)
3	2026-01-01 16:18:25.000	38852	-843	-3017	40	11.62	5	-10	0	106	32	(-7,-24)
3	2026-01-01 16:18:26.000	38887	-862	-3086	40	1.84	7	-10	0	106	32	(-7,-24)
3	2026-01-01 16:18:27.000	38922	-861	-2995	40	334.2	7	-8	0	106	32	(-7,-23)
3	2026-01-01 16:18:28.000	38957	-803	-3058	40	305.2	6	-10	0	106	32	(-6,-24)
3	2026-01-01 16:18:29.000	38992	-760	-3040	40	333.95	8	-9	0	106	32	(-6,-24)
3	2026-01-01 16:18:30.000	39027	-667	-3126	40	17.35	8	-10	0	106	32	(-5,-24)
3	2026-01-01 16:18:31.000	39062	-761	-3033	40	332.87	10	-10	0	106	27	(-6,-24)
3	2026-01-01 16:18:32.000	39097	-763	-3063	40	338.74	10	-10	0	106	27	(-6,-24)
3	2026-01-01 16:18:33.000	39132	-672	-3022	128	7.67	8	-10	0	98	27	(-5,-24)
3	2026-01-01 16:18:34.000	39167	-771	-2947	-8	47.64	6	-10	0	98	27	(-6,-23)
3	2026-01-01 16:18:35.000	39202	-818	-2909	16	48.35	6	-9	0	98	27	(-6,-23)
3	2026-01-01 16:18:36.000	39237	-830	-2929	0	23.48	7	-10	0	98	25	(-6,-23)
3	2026-01-01 16:18:37.000	39272	-910	-3006	0	50.57	7	-9	0	98	25	(-7,-23)
3	2026-01-01 16:18:38.000	39307	-875	-2944	0	29.62	9	-10	0	98	25	(-7,-23)
3	2026-01-01 16:18:39.000	39342	-909	-2883	0	67.88	7	-9	0	98	25	(-7,-23)
3	2026-01-01 16:18:40.000	39377	-905	-2804	0	79.12	6	-8	0	98	25	(-7,-22)
3	2026-01-01 16:18:41.000	39412	-995	-2759	0	118.33	8	-9	0	98	25	(-8,-22)
3	2026-01-01 16:18:42.000	39447	-1075	-2821	0	100.48	6	-8	0	98	22	(-8,-22)
3	2026-01-01 16:18:43.000	39482	-1119	-2811	0	90.53	4	-6	0	98	22	(-9,-22)
3	2026-01-01 16:18:44.000	39517	-1042	-2759	0	133.27	4	-6	0	98	22	(-8,-22)
3	2026-01-01 16:18:45.000	39552	-1045	-2680	0	109.22	2	-6	0	98	22	(-8,-21)
3	2026-01-01 16:18:46.000	39587	-1113	-2730	0	64.92	1	-8	0	98	22	(-9,-21)
3	2026-01-01 16:18:47.000	39622	-1212	-2634	0	32.99	3	-7	0	98	22	(-9,-21)
3	2026-01-01 16:18:48.000	39657	-1203	-2603	128	15.28	4	-6	0	98	22	(-9,-20)
3	2026-01-01 16:18:49.000	39692	-1252	-2598	128	15.59	5	-5	0	98	22	(-10,-20)
3	2026-01-01 16:18:50.000	39727	-1304	-2687	0	21.37	4	-6	0	98	18	(-10,-21)
3	2026-01-01 16:18:51.000	39762	-1275	-2618	0	32.65	2	-4	0	98	18	(-10,-20)
3	2026-01-01 16:18:52.000	39797	-1267	-2579	0	72.92	4	-6	0	91	16	(-10,-20)
3	2026-01-01 16:18:53.000	39832	-1181	-2638	0	61.17	2	-6	0	91	16	(-9,-21)
3	2026-01-01 16:18:54.000	39867	-1241	-2577	0	41.87	4	-7	8	91	15	(-10,-20)
3	2026-01-01 16:18:55.000	39902	-1156	-2676	0	52.47	4	-5	8	91	15	(-9,-21)
3	2026-01-01 16:18:56.000	39937	-1193	-2727	0	30.42	4	-3	8	91	15	(-9,-21)
3	2026-01-01 16:18:57.000	39972	-1238	-2810	0	45.71	3	-5	8	91	10	(-10,-22)
3	2026-01-01 16:18:58.000	40007	-1282	-2747	0	2.9	4	-5	8	91	10	(-10,-21)
3	2026-01-01 16:18:59.000	40042	-1270	-2820	0	329.3	4	-6	8	91	7	(-10,-22)
3	2026-01-01 16:19:00.000	40077	-1209	-2733	0	323.87	2	-7	8	91	7	(-9,-21)
3	2026-01-01 16:19:01.000	40112	-1186	-2681	0	333.08	1	-7	8	91	7	(-9,-21)
3	2026-01-01 16:19:02.000	40147	-1120	-2624	0	331.06	-1	-7	0	91	7	(-9,-20)
3	2026-01-01 16:19:03.000	40182	-1135	-2611	0	326.47	-3	-9	0	91	7	(-9,-20)
3	2026-01-01 16:19:04.000	40217	-1155	-2624	0	341.23	-3	-10	0	91	7	(-9,-20)
3	2026-01-01 16:19:05.000	40252	-1214	-2690	0	24.67	-5	-9	0	91	7	(-9,-21)
3	2026-01-01 16:19:06.000	40287	-1273	-2678	0	44.22	-6	-7	0	91	7	(-10,-21)
3	2026-01-01 16:19:07.000	40322	-1239	-2679	0	11.63	-4	-5	0	91	7	(-10,-21)
3	2026-01-01 16:19:08.000	40357	-1281	-2687	0	2.76	-6	-7	0	91	7	(-10,-21)
3	2026-01-01 16:19:09.000	40392	-1340	-2682	0	330.87	-6	-5	0	91	7	(-10,-21)
3	2026-01-01 16:19:10.000	40427	-1278	-2773	0	338.56	-6	-4	0	91	2	(-10,-22)
3	2026-01-01 16:19:11.000	40462	-1208	-2722	0	12.13	-5	-4	0	91	2	(-9,-21)
3	2026-01-01 16:19:12.000	40497	-1275	-2655	0	33.3	-5	-3	0	91	0	(-10,-21)
3	2026-01-01 16:19:13.000	40532	-1205	-2583	0	37.79	-6	-3	0	91	0	(-9,-20)
3	2026-01-01 16:19:14.000	40567	-1204	-2588	0	66.68	-8	-2	0	91	0	(-9,-20)
3	2026-01-01 16:19:15.000	40602	-1178	-2665	0	40.88	-10	-4	0	88	0	(-9,-21)
3	2026-01-01 16:19:16.000	40637	-1216	-2686	0	70.77	-9	-4	0	88	0	(-10,-21)
3	2026-01-01 16:19:17.000	40672	-1244	-2659	0	105.76	-9	-5	0	88	0	(-10,-21)
3	2026-01-01 16:19:18.000	40707	-1161	-2619	0	109.13	-9	-6	0	88	0	(-9,-20)
3	2026-01-01 16:19:19.000	40742	-1076	-2702	0	124.71	-10	-6	0	88	0	(-8,-21)
3	2026-01-01 16:19:20.000	40777	-1074	-2732	0	145.28	-10	-8	0	88	0	(-8,-21)
3	2026-01-01 16:19:21.000	40812	-1116	-2634	0	164.86	-10	-9	0	88	0	(-9,-21)
3	2026-01-01 16:19:22.000	40847	-1141	-2614	0	204.74	-10	-10	0	88	0	(-9,-20)
3	2026-01-01 16:19:23.000	40882	-1072	-2516	0	186.36	-8	-10	0	80	0	(-8,-20)
3	2026-01-01 16:19:24.000	40917	-1098	-2572	0	196.59	-6	-10	0	80	0	(-9,-20)
3	2026-01-01 16:19:25.000	40952	-1109	-2518	0	193.87	-6	-8	0	80	0	(-9,-20)
3	2026-01-01 16:19:26.000	40987	-1063	-2473	0	156.84	-5	-6	0	80	0	(-8,-19)
3	2026-01-01 16:19:27.000	41022	-966	-2516	0	137.66	-7	-7	0	80	0	(-8,-20)
3	2026-01-01 16:19:28.000	41057	-879	-2555	0	145.84	-8	-9	0	80	0	(-7,-20)
3	2026-01-01 16:19:29.000	41092	-974	-2465	0	143.37	-8	-7	0	80	0	(-8,-19)
3	2026-01-01 16:19:30.000	41127	-1050	-2397	0	144.35	-8	-8	0	80	0	(-8,-19)
3	2026-01-01 16:19:31.000	41162	-1026	-2483	-16	132.64	-7	-10	0	80	0	(-8,-19)
3	2026-01-01 16:19:32.000	41197	-1013	-2480	-16	103.78	-8	-10	0	80	0	(-8,-19)
3	2026-01-01 16:19:33.000	41232	-979	-2567	-16	81.76	-7	-8	0	80	0	(-8,-20)
3	2026-01-01 16:19:34.000	41267	-953	-2498	-16	66.36	-5	-7	0	80	0	(-7,-20)
3	2026-01-01 16:19:35.000	41302	-977	-2506	-16	46.3	-7	-5	0	80	0	(-8,-20)
3	2026-01-01 16:19:36.000	41337	-943	-2564	-16	37.27	-5	-6	0	80	0	(-7,-20)
3	2026-01-01 16:19:37.000	41372	-920	-2592	-16	32.44	-5	-7	0	80	0	(-7,-20)
3	2026-01-01 16:19:38.000	41407	-855	-2578	-16	39.12	-6	-9	0	80	0	(-7,-20)
3	2026-01-01 16:19:39.000	41442	-847	-2487	-16	2.65	-8	-7	0	80	0	(-7,-19)
3	2026-01-01 16:19:40.000	41477	-869	-2418	-16	12.62	-6	-6	0	80	0	(-7,-19)
3	2026-01-01 16:19:41.000	41512	-939	-2356	-16	338.89	-8	-6	0	80	0	(-7,-18)
3	2026-01-01 16:19:42.000	41547	-984	-2330	-16	9.01	-10	-6	0	80	0	(-8,-18)
3	2026-01-01 16:19:43.000	41582	-912	-2332	-16	33.73	-9	-6	0	80	0	(-7,-18)
3	2026-01-01 16:19:44.000	41617	-875	-2307	-16	0.79	-9	-7	0	80	0	(-7,-18)
3	2026-01-01 16:19:45.000	41652	-775	-2378	-16	9.23	-7	-7	0	80	0	(-6,-19)
3	2026-01-01 16:19:46.000	41687	-704	-2427	0	13.99	-8	-7	0	80	0	(-6,-19)
3	2026-01-01 16:19:47.000	41722	-720	-2526	0	27.22	-7	-5	0	80	0	(-6,-20)
3	2026-01-01 16:19:48.000	41757	-709	-2511	32	353.97	-9	-3	0	80	0	(-6,-20)
3	2026-01-01 16:19:49.000	41792	-706	-2425	32	350.29	-7	-2	0	78	12	(-6,-19)
3	2026-01-01 16:19:50.000	41827	-706	-2358	32	338.78	-9	-3	0	78	12	(-6,-18)
3	2026-01-01 16:19:51.000	41862	-757	-2273	32	306.31	-9	-2	0	78	12	(-6,-18)
3	2026-01-01 16:19:52.000	41897	-796	-2311	32	266.22	-10	-3	0	78	12	(-6,-18)
3	2026-01-01 16:19:53.000	41932	-800	-2326	32	241.05	-9	-5	0	78	12	(-6,-18)
3	2026-01-01 16:19:54.000	41967	-748	-2426	32	281.63	-10	-3	0	78	7	(-6,-19)
3	2026-01-01 16:19:55.000	42002	-758	-2512	32	279.74	-9	-5	0	78	7	(-6,-20)
3	2026-01-01 16:19:56.000	42037	-711	-2597	32	258.97	-10	-5	0	78	7	(-6,-20)
3	2026-01-01 16:19:57.000	42072	-664	-2625	40	251.08	-10	-3	0	78	5	(-5,-21)
3	2026-01-01 16:19:58.000	42107	-760	-2594	40	266.34	-8	-4	0	78	5	(-6,-20)
3	2026-01-01 16:19:59.000	42142	-744	-2605	40	277.3	-8	-5	0	78	5	(-6,-20)
