1	2026-01-01 12:00:00.000	177	1350	-2857	0	138.64	7	6	99	98	37	(11,-22)
1	2026-01-01 12:00:01.000	212	1319	-2848	0	144.42	9	5	99	98	37	(10,-22)
1	2026-01-01 12:00:02.000	247	1272	-2892	32	183.35	9	5	92	98	37	(10,-23)
1	2026-01-01 12:00:03.000	282	1267	-2982	32	174.8	10	7	92	98	33	(10,-23)
1	2026-01-01 12:00:04.000	317	1369	-3042	32	151.03	10	6	92	98	33	(11,-24)
1	2026-01-01 12:00:05.000	352	1484	-3141	32	171.93	10	8	92	98	33	(12,-25)
1	2026-01-01 12:00:06.000	387	1419	-3068	32	177.32	8	9	92	98	33	(11,-24)
1	2026-01-01 12:00:07.000	422	1304	-3175	32	164.6	6	9	92	98	33	(10,-25)
1	2026-01-01 12:00:08.000	457	1354	-3216	32	189.87	4	10	92	98	33	(11,-25)
1	2026-01-01 12:00:09.000	492	1265	-3196	32	162.5	3	10	92	98	33	(10,-25)
1	2026-01-01 12:00:10.000	527	1349	-3233	32	184.94	1	10	92	98	30	(11,-25)
1	2026-01-01 12:00:11.000	562	1313	-3183	32	153.98	2	10	92	98	30	(10,-25)
1	2026-01-01 12:00:12.000	597	1232	-3191	32	198.51	1	9	92	98	27	(10,-25)
1	2026-01-01 12:00:13.000	632	1224	-3154	32	198.88	-1	10	92	98	27	(10,-25)
1	2026-01-01 12:00:14.000	667	1327	-3254	32	170.57	-1	9	92	98	27	(10,-25)
1	2026-01-01 12:00:15.000	702	1349	-3249	32	164.7	0	9	92	98	27	(11,-25)
1	2026-01-01 12:00:16.000	737	1249	-3325	32	169.08	1	10	98	98	27	(10,-26)
1	2026-01-01 12:00:17.000	772	1316	-3423	32	125.97	2	10	98	98	24	(10,-27)
1	2026-01-01 12:00:18.000	807	1257	-3330	32	144.86	1	10	95	98	24	(10,-26)
1	2026-01-01 12:00:19.000	842	1273	-3238	32	147.73	2	8	95	98	24	(10,-25)
1	2026-01-01 12:00:20.000	877	1381	-3228	32	152.72	3	7	95	98	24	(11,-25)
1	2026-01-01 12:00:21.000	912	1357	-3199	64	129.01	2	7	95	98	24	(11,-25)
1	2026-01-01 12:00:22.000	947	1384	-3127	64	93.14	4	9	87	98	24	(11,-24)
1	2026-01-01 12:00:23.000	982	1300	-3209	64	73.8	6	10	87	98	24	(10,-25)
1	2026-01-01 12:00:24.000	1017	1209	-3304	64	103.14	5	9	87	98	22	(9,-26)
1	2026-01-01 12:00:25.000	1052	1173	-3286	64	62.16	6	10	87	98	17	(9,-26)
1	2026-01-01 12:00:26.000	1087	1213	-3269	64	57.79	8	9	87	98	17	(9,-26)
1	2026-01-01 12:00:27.000	1122	1219	-3342	64	18.45	9	7	87	98	17	(10,-26)
1	2026-01-01 12:00:28.000	1157	1234	-3409	64	336.79	10	5	87	98	17	(10,-27)
1	2026-01-01 12:00:29.000	1192	1254	-3431	64	326.41	8	3	87	98	17	(10,-27)
1	2026-01-01 12:00:30.000	1227	1174	-3496	64	324.82	10	2	87	98	17	(9,-27)
1	2026-01-01 12:00:31.000	1262	1234	-3531	64	315.56	8	2	87	98	17	(10,-28)
1	2026-01-01 12:00:32.000	1297	1297	-3529	64	285.8	9	3	87	98	17	(10,-28)
1	2026-01-01 12:00:33.000	1332	1391	-3450	64	311.68	7	3	87	98	17	(11,-27)
1	2026-01-01 12:00:34.000	1367	1305	-3435	64	328.84	8	2	87	98	17	(10,-27)
1	2026-01-01 12:00:35.000	1402	1371	-3317	64	344.84	8	3	83	98	17	(11,-26)
1	2026-01-01 12:00:36.000	1437	1270	-3423	0	330.65	10	1	83	98	17	(10,-27)
1	2026-01-01 12:00:37.000	1472	1337	-3541	0	4.28	10	0	83	98	17	(10,-28)
1	2026-01-01 12:00:38.000	1507	1408	-3568	0	20.76	10	-1	83	98	17	(11,-28)
1	2026-01-01 12:00:39.000	1542	1459	-3627	0	336.37	10	0	83	98	17	(11,-28)
1	2026-01-01 12:00:40.000	1577	1503	-3542	0	359.07	10	0	83	98	17	(12,-28)
1	2026-01-01 12:00:41.000	1612	1428	-3447	0	334.89	9	2	83	98	17	(11,-27)
1	2026-01-01 12:00:42.000	1647	1319	-3387	0	353.18	7	0	83	98	17	(10,-26)
1	2026-01-01 12:00:43.000	1682	1381	-3271	0	22.01	8	1	83	98	17	(11,-26)
1	2026-01-01 12:00:44.000	1717	1330	-3243	0	54.57	7	-1	83	98	17	(10,-25)
1	2026-01-01 12:00:45.000	1752	1324	-3195	0	86.98	9	-3	83	98	14	(10,-25)
1	2026-01-01 12:00:46.000	1787	1343	-3306	0	83.93	9	-4	83	98	14	(10,-26)
1	2026-01-01 12:00:47.000	1822	1274	-3347	0	100.02	8	-2	83	98	9	(10,-26)
1	2026-01-01 12:00:48.000	1857	1280	-3423	0	104.25	7	0	83	98	9	(10,-27)
1	2026-01-01 12:00:49.000	1892	1162	-3503	0	113.77	9	-1	83	98	9	(9,-27)
1	2026-01-01 12:00:50.000	1927	1139	-3462	0	88.69	10	0	83	98	9	(9,-27)
1	2026-01-01 12:00:51.000	1962	1113	-3508	0	120.21	10	1	83	98	9	(9,-27)
1	2026-01-01 12:00:52.000	1997	999	-3426	0	150.42	10	-1	83	98	9	(8,-27)
1	2026-01-01 12:00:53.000	2032	938	-3372	0	177.34	9	1	83	98	4	(7,-26)
1	2026-01-01 12:00:54.000	2067	847	-3431	0	155.95	10	0	83	98	4	(7,-27)
1	2026-01-01 12:00:55.000	2102	890	-3351	0	118.86	10	-1	83	98	0	(7,-26)
1	2026-01-01 12:00:56.000	2137	925	-3297	0	107.74	9	-2	83	98	0	(7,-26)
1	2026-01-01 12:00:57.000	2172	975	-3307	0	150.65	10	-2	83	98	0	(8,-26)
1	2026-01-01 12:00:58.000	2207	906	-3367	0	130.27	10	0	83	98	0	(7,-26)
1	2026-01-01 12:00:59.000	2242	797	-3478	0	100.64	10	2	83	98	0	(6,-27)
1	2026-01-01 12:01:00.000	2277	722	-3426	0	94.65	10	1	83	98	0	(6,-27)
1	2026-01-01 12:01:01.000	2312	797	-3313	0	107.29	8	3	83	98	0	(6,-26)
1	2026-01-01 12:01:02.000	2347	845	-3412	0	69.56	8	5	83	98	17	(7,-27)
1	2026-01-01 12:01:03.000	2382	801	-3420	0	91.04	9	6	83	98	17	(6,-27)
1	2026-01-01 12:01:04.000	2417	850	-3300	56	60.82	8	8	83	98	17	(7,-26)
1	2026-01-01 12:01:05.000	2452	967	-3239	56	32.16	8	8	83	98	17	(8,-25)
1	2026-01-01 12:01:06.000	2487	893	-3290	56	15.39	8	6	83	98	17	(7,-26)
1	2026-01-01 12:01:07.000	2522	831	-3326	56	5.6	7	4	83	98	17	(6,-26)
1	2026-01-01 12:01:08.000	2557	777	-3208	56	5.25	8	5	83	106	17	(6,-25)
1	2026-01-01 12:01:09.000	2592	791	-3319	56	1.91	8	6	83	106	17	(6,-26)
1	2026-01-01 12:01:10.000	2627	892	-3341	56	2.3	7	4	83	106	16	(7,-26)
1	2026-01-01 12:01:11.000	2662	945	-3387	56	339.17	8	6	83	106	16	(7,-26)
1	2026-01-01 12:01:12.000	2697	905	-3400	56	338.78	10	4	83	106	12	(7,-27)
1	2026-01-01 12:01:13.000	2732	802	-3446	64	318.09	10	6	83	106	12	(6,-27)
1	2026-01-01 12:01:14.000	2767	704	-3377	64	303.9	10	6	83	106	12	(6,-26)
1	2026-01-01 12:01:15.000	2802	693	-3351	64	287.12	10	5	83	106	12	(5,-26)
1	2026-01-01 12:01:16.000	2837	807	-3241	64	313.08	8	3	83	106	12	(6,-25)
1	2026-01-01 12:01:17.000	2872	784	-3171	64	319.32	9	1	83	106	12	(6,-25)
1	2026-01-01 12:01:18.000	2907	690	-3065	64	293.29	10	-1	83	106	34	(5,-24)
1	2026-01-01 12:01:19.000	2942	705	-2956	64	248.88	9	0	83	106	29	(6,-23)
1	2026-01-01 12:01:20.000	2977	590	-2865	64	218.69	10	1	83	106	29	(5,-22)
1	2026-01-01 12:01:21.000	3012	707	-2962	64	238.34	10	2	83	106	29	(6,-23)
1	2026-01-01 12:01:22.000	3047	678	-2866	64	261.63	10	3	83	106	24	(5,-22)
1	2026-01-01 12:01:23.000	3082	738	-2932	64	283.05	9	4	83	106	24	(6,-23)
1	2026-01-01 12:01:24.000	3117	755	-2933	64	246.4	9	2	83	106	44	(6,-23)
1	2026-01-01 12:01:25.000	3152	819	-2902	64	261.34	7	3	83	106	44	(6,-23)
1	2026-01-01 12:01:26.000	3187	932	-2998	0	279.66	9	1	83	106	44	(7,-23)
1	2026-01-01 12:01:27.000	3222	816	-2950	0	316.46	9	0	83	106	44	(6,-23)
1	2026-01-01 12:01:28.000	3257	911	-2961	0	278.19	10	2	78	106	44	(7,-23)
1	2026-01-01 12:01:29.000	3292	953	-3033	0	253.69	10	2	78	106	44	(7,-24)
1	2026-01-01 12:01:30.000	3327	917	-3070	0	214.51	8	4	78	106	50	(7,-24)
1	2026-01-01 12:01:31.000	3362	926	-3017	0	186.26	10	2	78	106	50	(7,-24)
1	2026-01-01 12:01:32.000	3397	828	-2905	0	170.27	10	2	78	106	49	(6,-23)
1	2026-01-01 12:01:33.000	3432	767	-2892	0	212.71	9	2	78	106	49	(6,-23)
1	2026-01-01 12:01:34.000	3467	855	-2911	0	205.56	10	2	78	106	49	(7,-23)
1	2026-01-01 12:01:35.000	3502	959	-2999	0	214.87	10	3	78	106	49	(7,-23)
1	2026-01-01 12:01:36.000	3537	955	-2988	0	174.21	9	4	78	106	49	(7,-23)
1	2026-01-01 12:01:37.000	3572	1020	-3008	0	146.32	9	2	78	106	49	(8,-24)
1	2026-01-01 12:01:38.000	3607	913	-3108	0	110.49	7	0	78	106	49	(7,-24)
1	2026-01-01 12:01:39.000	3642	823	-3143	0	105.65	9	2	78	106	49	(6,-25)
1	2026-01-01 12:01:40.000	3677	852	-3095	0	66.38	10	2	78	106	49	(7,-24)
1	2026-01-01 12:01:41.000	3712	886	-3159	0	95.74	10	4	78	106	49	(7,-25)
1	2026-01-01 12:01:42.000	3747	850	-3225	0	61.83	10	6	78	106	47	(7,-25)
1	2026-01-01 12:01:43.000	3782	925	-3232	0	20.04	8	7	70	106	47	(7,-25)
1	2026-01-01 12:01:44.000	3817	1021	-3334	0	44.75	9	5	70	106	47	(8,-26)
1	2026-01-01 12:01:45.000	3852	989	-3440	0	22.43	9	3	70	106	46	(8,-27)
1	2026-01-01 12:01:46.000	3887	1031	-3406	0	33.9	7	4	70	106	46	(8,-27)
1	2026-01-01 12:01:47.000	3922	954	-3520	0	39.19	8	6	70	106	46	(7,-28)
1	2026-01-01 12:01:48.000	3957	999	-3517	0	6.96	9	4	70	106	46	(8,-27)
1	2026-01-01 12:01:49.000	3992	960	-3457	0	23.82	8	2	70	106	46	(8,-27)
1	2026-01-01 12:01:50.000	4027	1001	-3366	0	23.05	10	3	70	106	46	(8,-26)
1	2026-01-01 12:01:51.000	4062	1008	-3264	0	33.85	10	1	70	106	46	(8,-26)
1	2026-01-01 12:01:52.000	4097	901	-3384	0	61.11	10	-1	70	106	46	(7,-26)
1	2026-01-01 12:01:53.000	4132	841	-3411	0	18.63	9	-1	70	106	46	(7,-27)
1	2026-01-01 12:01:54.000	4167	823	-3333	0	343.09	7	0	70	106	42	(6,-26)
1	2026-01-01 12:01:55.000	4202	751	-3272	0	316.22	7	1	70	106	38	(6,-26)
1	2026-01-01 12:01:56.000	4237	731	-3310	0	298.71	5	2	70	106	38	(6,-26)
1	2026-01-01 12:01:57.000	4272	740	-3326	0	308.37	7	2	70	106	38	(6,-26)
1	2026-01-01 12:01:58.000	4307	678	-3248	0	341.75	7	2	70	106	38	(5,-25)
1	2026-01-01 12:01:59.000	4342	561	-3265	0	13.39	8	0	70	106	38	(4,-26)
1	2026-01-01 12:02:00.000	4377	462	-3251	0	43.68	8	-1	70	106	38	(4,-25)
1	2026-01-01 12:02:01.000	4412	391	-3149	0	26.55	10	0	70	106	38	(3,-25)
1	2026-01-01 12:02:02.000	4447	401	-3251	0	7.5	10	2	70	106	38	(3,-25)
1	2026-01-01 12:02:03.000	4482	510	-3324	0	49.13	9	3	70	106	38	(4,-26)
1	2026-01-01 12:02:04.000	4517	504	-3230	0	62.91	7	1	70	106	38	(4,-25)
1	2026-01-01 12:02:05.000	4552	429	-3342	0	79.49	8	3	70	106	38	(3,-26)
1	2026-01-01 12:02:06.000	4587	444	-3426	0	45.77	6	1	70	106	38	(3,-27)
1	2026-01-01 12:02:07.000	4622	554	-3479	0	82.71	4	2	70	106	34	(4,-27)
1	2026-01-01 12:02:08.000	4657	461	-3407	0	66.41	2	4	70	106	34	(4,-27)
1	2026-01-01 12:02:09.000	4692	557	-3476	0	76.47	4	3	70	106	30	(4,-27)
1	2026-01-01 12:02:10.000	4727	568	-3513	0	73.69	6	2	70	106	30	(4,-27)
1	2026-01-01 12:02:11.000	4762	466	-3574	0	55.64	8	4	70	106	48	(4,-28)
1	2026-01-01 12:02:12.000	4797	452	-3687	0	53.48	9	4	70	106	48	(4,-29)
1	2026-01-01 12:02:13.000	4832	544	-3738	0	32.73	9	4	70	106	48	(4,-29)
1	2026-01-01 12:02:14.000	4867	561	-3754	0	4.58	8	3	70	106	48	(4,-29)
1	2026-01-01 12:02:15.000	4902	661	-3726	0	17.16	6	4	70	106	48	(5,-29)
1	2026-01-01 12:02:16.000	4937	640	-3817	0	333.19	8	3	70	106	48	(5,-30)
1	2026-01-01 12:02:17.000	4972	603	-3724	0	3.78	6	4	70	106	44	(5,-29)
1	2026-01-01 12:02:18.000	5007	524	-3797	0	14.66	5	5	70	106	50	(4,-30)
1	2026-01-01 12:02:19.000	5042	505	-3729	0	331.17	5	4	70	106	50	(4,-29)
1	2026-01-01 12:02:20.000	5077	570	-3821	0	305.55	7	5	70	106	50	(4,-30)
1	2026-01-01 12:02:21.000	5112	529	-3927	0	263.34	5	4	70	106	50	(4,-31)
1	2026-01-01 12:02:22.000	5147	575	-3889	0	235.47	3	2	70	106	50	(4,-30)
1	2026-01-01 12:02:23.000	5182	598	-3938	0	247.06	4	2	70	106	50	(5,-31)
1	2026-01-01 12:02:24.000	5217	628	-3843	0	254.53	6	3	70	106	50	(5,-30)
1	2026-01-01 12:02:25.000	5252	560	-3909	0	258.76	5	4	70	106	50	(4,-31)
1	2026-01-01 12:02:26.000	5287	638	-4027	64	302.14	6	6	70	106	46	(5,-31)
1	2026-01-01 12:02:27.000	5322	581	-3941	64	271.34	5	5	70	106	46	(5,-31)
1	2026-01-01 12:02:28.000	5357	700	-3989	64	253.07	4	4	70	106	46	(5,-31)
1	2026-01-01 12:02:29.000	5392	674	-3961	64	232.3	6	6	70	106	46	(5,-31)
1	2026-01-01 12:02:30.000	5427	745	-3998	64	237.44	5	8	70	106	46	(6,-31)
1	2026-01-01 12:02:31.000	5462	704	-4081	64	217.59	5	6	70	106	45	(6,-32)
1	2026-01-01 12:02:32.000	5497	641	-4089	64	240.14	6	8	70	106	42	(5,-32)
1	2026-01-01 12:02:33.000	5532	537	-4151	64	244.22	8	8	70	106	42	(4,-32)
1	2026-01-01 12:02:34.000	5567	511	-4163	64	278.75	8	10	70	106	42	(4,-33)
1	2026-01-01 12:02:35.000	5602	429	-4061	64	247.92	7	8	70	106	42	(3,-32)
1	2026-01-01 12:02:36.000	5637	471	-4001	64	238.97	7	7	70	106	42	(4,-31)
1	2026-01-01 12:02:37.000	5672	542	-3883	64	206.01	9	6	64	106	42	(4,-30)
1	2026-01-01 12:02:38.000	5707	507	-3810	64	242.48	7	4	64	106	42	(4,-30)
1	2026-01-01 12:02:39.000	5742	513	-3724	128	247.33	7	6	64	106	42	(4,-29)
1	2026-01-01 12:02:40.000	5777	457	-3830	128	214.12	5	6	64	106	42	(4,-30)
1	2026-01-01 12:02:41.000	5812	419	-3821	128	207.45	5	4	64	106	39	(3,-30)
1	2026-01-01 12:02:42.000	5847	325	-3812	128	170.74	7	4	64	106	39	(3,-30)
1	2026-01-01 12:02:43.000	5882	230	-3707	128	200.67	8	3	64	106	39	(2,-29)
1	2026-01-01 12:02:44.000	5917	233	-3709	128	160.6	9	3	64	106	39	(2,-29)
1	2026-01-01 12:02:45.000	5952	207	-3729	128	192.45	9	2	64	106	39	(2,-29)
1	2026-01-01 12:02:46.000	5987	205	-3808	128	150.26	9	3	64	106	39	(2,-30)
1	2026-01-01 12:02:47.000	6022	125	-3699	128	109.23	9	5	64	106	39	(1,-29)
1	2026-01-01 12:02:48.000	6057	108	-3717	128	125.34	10	3	64	106	50	(1,-29)
1	2026-01-01 12:02:49.000	6092	199	-3693	128	160.57	10	4	64	106	50	(2,-29)
1	2026-01-01 12:02:50.000	6127	182	-3644	128	187.49	8	4	64	106	45	(1,-28)
1	2026-01-01 12:02:51.000	6162	293	-3637	128	153.34	6	6	64	106	42	(2,-28)
1	2026-01-01 12:02:52.000	6197	357	-3544	24	133.18	6	7	64	106	42	(3,-28)
1	2026-01-01 12:02:53.000	6232	263	-3631	24	113.82	4	8	64	106	42	(2,-28)
1	2026-01-01 12:02:54.000	6267	294	-3642	24	103.22	2	7	64	106	42	(2,-28)
1	2026-01-01 12:02:55.000	6302	247	-3602	24	80.03	3	8	64	106	42	(2,-28)
1	2026-01-01 12:02:56.000	6337	241	-3679	24	80.54	1	7	64	106	42	(2,-29)
1	2026-01-01 12:02:57.000	6372	152	-3663	0	119.92	1	9	64	106	42	(1,-29)
1	2026-01-01 12:02:58.000	6407	106	-3543	0	124.17	2	8	64	106	37	(1,-28)
1	2026-01-01 12:02:59.000	6442	161	-3498	0	158.45	3	8	64	106	37	(1,-27)
1	2026-01-01 12:03:00.000	6477	144	-3536	0	143.66	1	9	64	106	37	(1,-28)
1	2026-01-01 12:03:01.000	6512	55	-3590	0	122.97	-1	10	64	106	37	(0,-28)
1	2026-01-01 12:03:02.000	6547	161	-3668	0	79.65	-2	10	64	106	37	(1,-29)
1	2026-01-01 12:03:03.000	6582	48	-3711	0	77.03	-4	9	64	106	50	(0,-29)
1	2026-01-01 12:03:04.000	6617	-18	-3646	0	79.73	-3	10	64	106	50	(0,-28)
1	2026-01-01 12:03:05.000	6652	96	-3597	0	68.8	-5	10	64	106	50	(1,-28)
1	2026-01-01 12:03:06.000	6687	188	-3633	0	61.41	-4	9	64	106	50	(1,-28)
1	2026-01-01 12:03:07.000	6722	295	-3666	0	63.6	-5	9	64	106	50	(2,-29)
1	2026-01-01 12:03:08.000	6757	202	-3666	0	42.84	-7	10	64	106	50	(2,-29)
1	2026-01-01 12:03:09.000	6792	209	-3719	0	26.94	-6	10	64	106	50	(2,-29)
1	2026-01-01 12:03:10.000	6827	212	-3643	0	67.44	-6	10	64	106	50	(2,-28)
1	2026-01-01 12:03:11.000	6862	151	-3557	0	86.16	-5	10	64	106	50	(1,-28)
1	2026-01-01 12:03:12.000	6897	232	-3522	0	118.69	-6	10	64	106	50	(2,-28)
1	2026-01-01 12:03:13.000	6932	230	-3452	0	99.38	-5	10	64	106	50	(2,-27)
1	2026-01-01 12:03:14.000	6967	197	-3456	0	58.61	-5	10	64	106	50	(2,-27)
1	2026-01-01 12:03:15.000	7002	164	-3525	0	68.85	-4	9	64	106	50	(1,-28)
1	2026-01-01 12:03:16.000	7037	283	-3550	0	38.01	-2	8	64	106	47	(2,-28)
1	2026-01-01 12:03:17.000	7072	323	-3525	0	8.58	-1	6	64	106	47	(3,-28)
1	2026-01-01 12:03:18.000	7107	437	-3424	0	15.83	0	6	64	106	47	(3,-27)
1	2026-01-01 12:03:19.000	7142	453	-3420	0	346.52	2	6	64	106	47	(4,-27)
1	2026-01-01 12:03:20.000	7177	530	-3455	0	13.63	3	7	64	106	47	(4,-27)
1	2026-01-01 12:03:21.000	7212	645	-3336	0	6.35	3	9	64	106	47	(5,-26)
1	2026-01-01 12:03:22.000	7247	564	-3405	0	15.75	2	7	64	106	50	(4,-27)
1	2026-01-01 12:03:23.000	7282	478	-3454	0	356.0	0	7	64	106	50	(4,-27)
1	2026-01-01 12:03:24.000	7317	488	-3408	0	314.7	-2	9	64	106	50	(4,-27)
1	2026-01-01 12:03:25.000	7352	433	-3458	24	336.0	-1	7	64	106	46	(3,-27)
1	2026-01-01 12:03:26.000	7387	482	-3507	24	340.45	-2	5	64	106	46	(4,-27)
1	2026-01-01 12:03:27.000	7422	492	-3501	24	2.17	-2	7	64	106	46	(4,-27)
1	2026-01-01 12:03:28.000	7457	465	-3395	24	347.11	-2	8	64	106	46	(4,-27)
1	2026-01-01 12:03:29.000	7492	576	-3344	24	7.65	-1	7	64	106	46	(4,-26)
1	2026-01-01 12:03:30.000	7527	600	-3243	24	7.56	-3	6	64	106	46	(5,-25)
1	2026-01-01 12:03:31.000	7562	557	-3291	24	12.35	-4	7	64	106	46	(4,-26)
1	2026-01-01 12:03:32.000	7597	579	-3309	24	352.01	-3	6	64	106	46	(5,-26)
1	2026-01-01 12:03:33.000	7632	556	-3210	24	3.81	-4	5	64	106	46	(4,-25)
1	2026-01-01 12:03:34.000	7667	663	-3256	8	28.16	-5	3	64	106	46	(5,-25)
1	2026-01-01 12:03:35.000	7702	573	-3218	8	354.82	-5	4	64	106	46	(4,-25)
1	2026-01-01 12:03:36.000	7737	590	-3116	8	320.86	-3	2	64	106	46	(5,-24)
1	2026-01-01 12:03:37.000	7772	549	-3106	8	278.16	-4	4	64	106	46	(4,-24)
1	2026-01-01 12:03:38.000	7807	468	-3108	8	261.95	-6	6	64	106	46	(4,-24)
1	2026-01-01 12:03:39.000	7842	351	-3192	8	240.21	-5	5	64	106	46	(3,-25)
1	2026-01-01 12:03:40.000	7877	234	-3201	8	249.93	-6	5	64	106	46	(2,-25)
1	2026-01-01 12:03:41.000	7912	293	-3238	8	278.66	-4	6	64	106	46	(2,-25)
1	2026-01-01 12:03:42.000	7947	357	-3309	8	300.13	-5	8	64	106	46	(3,-26)
1	2026-01-01 12:03:43.000	7982	315	-3426	8	293.23	-7	8	64	106	46	(2,-27)
1	2026-01-01 12:03:44.000	8017	346	-3366	8	331.11	-5	7	64	106	50	(3,-26)
1	2026-01-01 12:03:45.000	8052	311	-3401	8	316.09	-5	8	64	106	50	(2,-27)
1	2026-01-01 12:03:46.000	8087	427	-3398	8	355.17	-6	6	64	106	50	(3,-27)
1	2026-01-01 12:03:47.000	8122	413	-3394	-8	7.22	-6	5	64	106	50	(3,-27)
1	2026-01-01 12:03:48.000	8157	479	-3358	-8	342.69	-6	5	64	106	46	(4,-26)
1	2026-01-01 12:03:49.000	8192	598	-3274	-8	25.49	-4	5	64	106	42	(5,-26)
1	2026-01-01 12:03:50.000	8227	715	-3157	-8	58.82	-6	3	64	106	42	(6,-25)
1	2026-01-01 12:03:51.000	8262	815	-3051	-8	99.83	-8	5	64	106	42	(6,-24)
1	2026-01-01 12:03:52.000	8297	900	-3164	24	75.71	-7	4	64	106	50	(7,-25)
1	2026-01-01 12:03:53.000	8332	868	-3129	24	36.46	-5	3	64	106	47	(7,-24)
1	2026-01-01 12:03:54.000	8367	900	-3206	24	80.95	-7	1	64	106	47	(7,-25)
1	2026-01-01 12:03:55.000	8402	917	-3239	24	117.72	-5	-1	64	106	47	(7,-25)
1	2026-01-01 12:03:56.000	8437	860	-3289	24	147.5	-7	-3	64	106	47	(7,-26)
1	2026-01-01 12:03:57.000	8472	912	-3189	24	110.66	-7	-3	64	106	47	(7,-25)
1	2026-01-01 12:03:58.000	8507	957	-3177	24	76.69	-6	-5	64	106	47	(7,-25)
1	2026-01-01 12:03:59.000	8542	975	-3226	24	91.48	-7	-6	64	106	47	(8,-25)
1	2026-01-01 12:04:00.000	8577	903	-3309	24	119.42	-9	-5	64	106	47	(7,-26)
1	2026-01-01 12:04:01.000	8612	909	-3218	24	104.98	-10	-4	64	106	43	(7,-25)
1	2026-01-01 12:04:02.000	8647	863	-3183	24	68.39	-10	-6	64	106	43	(7,-25)
1	2026-01-01 12:04:03.000	8682	860	-3271	24	96.83	-10	-7	64	106	43	(7,-26)
1	2026-01-01 12:04:04.000	8717	765	-3305	24	91.15	-8	-7	64	106	43	(6,-26)
1	2026-01-01 12:04:05.000	8752	796	-3191	24	124.96	-7	-7	64	106	39	(6,-25)
1	2026-01-01 12:04:06.000	8787	758	-3309	24	115.68	-7	-7	64	106	39	(6,-26)
1	2026-01-01 12:04:07.000	8822	662	-3195	24	110.16	-5	-8	64	106	39	(5,-25)
1	2026-01-01 12:04:08.000	8857	653	-3307	24	145.56	-6	-9	64	106	39	(5,-26)
1	2026-01-01 12:04:09.000	8892	685	-3187	24	139.09	-6	-9	64	106	39	(5,-25)
1	2026-01-01 12:04:10.000	8927	596	-3177	24	175.16	-6	-9	64	106	39	(5,-25)
1	2026-01-01 12:04:11.000	8962	703	-3126	24	172.36	-7	-9	64	106	38	(5,-24)
1	2026-01-01 12:04:12.000	8997	775	-3061	24	166.18	-5	-10	64	106	38	(6,-24)
1	2026-01-01 12:04:13.000	9032	818	-3103	16	189.11	-7	-10	64	106	38	(6,-24)
1	2026-01-01 12:04:14.000	9067	891	-3070	0	199.26	-5	-8	64	106	38	(7,-24)
1	2026-01-01 12:04:15.000	9102	955	-3062	0	175.38	-4	-9	61	106	38	(7,-24)
1	2026-01-01 12:04:16.000	9137	952	-2948	0	208.62	-3	-7	61	106	38	(7,-23)
1	2026-01-01 12:04:17.000	9172	971	-2977	0	228.49	-2	-5	61	106	38	(8,-23)
1	2026-01-01 12:04:18.000	9207	899	-3073	0	184.69	-3	-5	61	106	38	(7,-24)
1	2026-01-01 12:04:19.000	9242	851	-2972	0	221.54	-1	-7	61	106	38	(7,-23)
1	2026-01-01 12:04:20.000	9277	812	-3020	0	216.28	1	-8	61	106	50	(6,-24)
1	2026-01-01 12:04:21.000	9312	790	-3130	0	209.17	1	-9	52	106	50	(6,-24)
1	2026-01-01 12:04:22.000	9347	679	-3113	0	236.05	-1	-7	52	106	50	(5,-24)
1	2026-01-01 12:04:23.000	9382	696	-3177	0	279.31	-3	-5	52	106	48	(5,-25)
1	2026-01-01 12:04:24.000	9417	750	-3285	0	265.79	-2	-5	52	106	43	(6,-26)
1	2026-01-01 12:04:25.000	9452	666	-3205	0	283.0	-3	-5	52	106	43	(5,-25)
1	2026-01-01 12:04:26.000	9487	641	-3315	0	278.89	-3	-7	52	106	43	(5,-26)
1	2026-01-01 12:04:27.000	9522	548	-3200	0	300.2	-1	-8	52	106	43	(4,-25)
1	2026-01-01 12:04:28.000	9557	638	-3118	0	287.74	-2	-9	52	106	43	(5,-24)
1	2026-01-01 12:04:29.000	9592	596	-3216	0	316.87	-4	-8	52	106	43	(5,-25)
1	2026-01-01 12:04:30.000	9627	528	-3208	0	292.04	-4	-10	52	106	43	(4,-25)
1	2026-01-01 12:04:31.000	9662	433	-3108	0	304.96	-4	-10	52	106	43	(3,-24)
1	2026-01-01 12:04:32.000	9697	317	-3035	0	300.27	-3	-9	52	106	43	(2,-24)
1	2026-01-01 12:04:33.000	9732	327	-3070	0	338.41	-2	-10	52	106	43	(3,-24)
1	2026-01-01 12:04:34.000	9767	409	-3021	0	296.97	-2	-8	52	106	43	(3,-24)
1	2026-01-01 12:04:35.000	9802	359	-2955	0	253.2	0	-6	52	106	43	(3,-23)
1	2026-01-01 12:04:36.000	9837	301	-2884	0	245.66	-1	-7	52	106	43	(2,-23)
1	2026-01-01 12:04:37.000	9872	256	-2827	0	204.87	-1	-8	52	106	43	(2,-22)
1	2026-01-01 12:04:38.000	9907	149	-2768	0	193.16	1	-8	52	106	43	(1,-22)
1	2026-01-01 12:04:39.000	9942	265	-2860	0	224.56	2	-6	50	106	43	(2,-22)
1	2026-01-01 12:04:40.000	9977	306	-2886	0	267.35	3	-7	59	106	43	(2,-23)
1	2026-01-01 12:04:41.000	10012	303	-2791	0	266.65	4	-5	59	106	43	(2,-22)
1	2026-01-01 12:04:42.000	10047	327	-2908	0	302.18	2	-7	59	106	50	(3,-23)
1	2026-01-01 12:04:43.000	10082	299	-2843	0	342.02	3	-8	59	106	50	(2,-22)
1	2026-01-01 12:04:44.000	10117	396	-2932	0	335.02	4	-10	59	106	48	(3,-23)
1	2026-01-01 12:04:45.000	10152	516	-2983	0	348.5	4	-9	59	106	48	(4,-23)
1	2026-01-01 12:04:46.000	10187	580	-2890	0	347.47	3	-8	59	106	48	(5,-23)
1	2026-01-01 12:04:47.000	10222	609	-2977	0	324.83	3	-8	59	106	48	(5,-23)
1	2026-01-01 12:04:48.000	10257	549	-3056	0	298.96	2	-9	59	106	48	(4,-24)
1	2026-01-01 12:04:49.000	10292	567	-2959	0	284.26	4	-8	59	106	48	(4,-23)
1	2026-01-01 12:04:50.000	10327	565	-2935	0	239.94	4	-6	59	106	48	(4,-23)
1	2026-01-01 12:04:51.000	10362	622	-3000	0	276.6	5	-8	59	106	48	(5,-23)
1	2026-01-01 12:04:52.000	10397	567	-3059	0	285.32	5	-8	59	106	48	(4,-24)
1	2026-01-01 12:04:53.000	10432	505	-3035	0	298.04	7	-6	59	106	48	(4,-24)
1	2026-01-01 12:04:54.000	10467	581	-3073	0	328.98	5	-5	51	106	48	(5,-24)
1	2026-01-01 12:04:55.000	10502	582	-3058	0	319.72	4	-7	51	106	48	(5,-24)
1	2026-01-01 12:04:56.000	10537	606	-3145	0	324.02	3	-7	51	106	43	(5,-25)
1	2026-01-01 12:04:57.000	10572	566	-3188	0	345.31	4	-7	51	106	39	(4,-25)
1	2026-01-01 12:04:58.000	10607	468	-3231	0	12.72	3	-9	51	106	39	(4,-25)
1	2026-01-01 12:04:59.000	10642	545	-3281	0	5.87	5	-8	51	106	39	(4,-26)
1	2026-01-01 12:05:00.000	10677	464	-3363	0	14.35	5	-6	51	106	39	(4,-26)
1	2026-01-01 12:05:01.000	10712	541	-3357	0	333.63	4	-8	46	106	34	(4,-26)
1	2026-01-01 12:05:02.000	10747	520	-3351	0	333.53	4	-6	46	106	34	(4,-26)
1	2026-01-01 12:05:03.000	10782	402	-3298	0	327.1	5	-7	46	106	34	(3,-26)
1	2026-01-01 12:05:04.000	10817	335	-3374	0	301.66	7	-6	46	106	34	(3,-26)
1	2026-01-01 12:05:05.000	10852	301	-3432	0	334.44	7	-8	46	106	34	(2,-27)
1	2026-01-01 12:05:06.000	10887	400	-3400	0	328.86	9	-6	46	106	33	(3,-27)
1	2026-01-01 12:05:07.000	10922	456	-3505	0	287.38	7	-6	46	106	33	(4,-27)
1	2026-01-01 12:05:08.000	10957	436	-3448	0	332.22	9	-6	46	106	33	(3,-27)
1	2026-01-01 12:05:09.000	10992	455	-3417	56	313.8	10	-7	46	106	33	(4,-27)
1	2026-01-01 12:05:10.000	11027	360	-3511	56	339.18	10	-8	46	106	33	(3,-27)
1	2026-01-01 12:05:11.000	11062	394	-3613	56	335.12	10	-8	46	106	33	(3,-28)
1	2026-01-01 12:05:12.000	11097	426	-3721	56	294.71	10	-10	46	106	33	(3,-29)
1	2026-01-01 12:05:13.000	11132	489	-3809	56	283.68	9	-10	38	106	33	(4,-30)
1	2026-01-01 12:05:14.000	11167	401	-3738	56	299.35	9	-8	38	106	33	(3,-29)
1	2026-01-01 12:05:15.000	11202	328	-3815	56	333.5	7	-6	38	106	33	(3,-30)
1	2026-01-01 12:05:16.000	11237	339	-3796	56	342.66	5	-7	38	106	50	(3,-30)
1	2026-01-01 12:05:17.000	11272	288	-3910	32	332.85	4	-6	38	106	50	(2,-31)
1	2026-01-01 12:05:18.000	11307	197	-3877	0	342.7	3	-8	38	106	50	(2,-30)
1	2026-01-01 12:05:19.000	11342	270	-3858	0	311.81	4	-8	48	106	50	(2,-30)
1	2026-01-01 12:05:20.000	11377	243	-3950	0	325.27	5	-9	48	106	50	(2,-31)
1	2026-01-01 12:05:21.000	11412	361	-3982	0	294.64	7	-9	48	106	47	(3,-31)
1	2026-01-01 12:05:22.000	11447	356	-4088	0	258.84	8	-10	48	106	47	(3,-32)
1	2026-01-01 12:05:23.000	11482	403	-4127	0	215.2	10	-8	48	106	47	(3,-32)
1	2026-01-01 12:05:24.000	11517	448	-4231	0	248.08	9	-7	48	106	43	(4,-33)
1	2026-01-01 12:05:25.000	11552	528	-4331	0	265.83	8	-9	48	106	43	(4,-34)
1	2026-01-01 12:05:26.000	11587	626	-4230	0	253.4	8	-10	48	106	43	(5,-33)
1	2026-01-01 12:05:27.000	11622	617	-4234	0	220.0	8	-10	48	106	43	(5,-33)
1	2026-01-01 12:05:28.000	11657	551	-4153	0	182.17	9	-9	48	106	43	(4,-32)
1	2026-01-01 12:05:29.000	11692	472	-4036	8	183.11	10	-7	48	106	43	(4,-32)
1	2026-01-01 12:05:30.000	11727	591	-4100	8	168.11	10	-8	48	106	43	(5,-32)
1	2026-01-01 12:05:31.000	11762	592	-4142	8	155.29	8	-7	48	106	43	(5,-32)
1	2026-01-01 12:05:32.000	11797	656	-4123	8	182.72	8	-5	48	106	43	(5,-32)
1	2026-01-01 12:05:33.000	11832	719	-4089	8	188.13	10	-5	48	106	43	(6,-32)
1	2026-01-01 12:05:34.000	11867	765	-4173	8	183.83	10	-7	48	106	43	(6,-33)
1	2026-01-01 12:05:35.000	11902	833	-4163	8	145.28	10	-8	48	106	43	(7,-33)
1	2026-01-01 12:05:36.000	11937	782	-4156	8	156.23	10	-7	48	106	43	(6,-32)
1	2026-01-01 12:05:37.000	11972	831	-4178	8	156.24	9	-6	46	106	43	(6,-33)
1	2026-01-01 12:05:38.000	12007	937	-4135	8	120.94	7	-8	46	106	43	(7,-32)
1	2026-01-01 12:05:39.000	12042	931	-4104	8	97.77	7	-7	46	106	43	(7,-32)
1	2026-01-01 12:05:40.000	12077	940	-4203	8	74.19	5	-9	46	106	43	(7,-33)
1	2026-01-01 12:05:41.000	12112	821	-4313	8	34.19	4	-9	46	106	43	(6,-34)
1	2026-01-01 12:05:42.000	12147	919	-4333	8	31.95	6	-10	46	106	43	(7,-34)
1	2026-01-01 12:05:43.000	12182	869	-4284	8	57.47	8	-9	46	106	43	(7,-33)
1	2026-01-01 12:05:44.000	12217	984	-4254	8	19.88	8	-9	40	106	38	(8,-33)
1	2026-01-01 12:05:45.000	12252	915	-4255	8	51.5	6	-10	40	106	38	(7,-33)
1	2026-01-01 12:05:46.000	12287	879	-4166	8	66.3	5	-10	40	106	38	(7,-33)
1	2026-01-01 12:05:47.000	12322	896	-4276	8	43.61	3	-8	40	106	38	(7,-33)
1	2026-01-01 12:05:48.000	12357	979	-4233	8	83.48	2	-10	40	106	50	(8,-33)
1	2026-01-01 12:05:49.000	12392	1056	-4189	8	64.84	3	-10	40	106	50	(8,-33)
1	2026-01-01 12:05:50.000	12427	1136	-4154	8	99.61	1	-10	40	106	50	(9,-32)
1	2026-01-01 12:05:51.000	12462	1169	-4135	8	75.42	0	-8	40	106	50	(9,-32)
1	2026-01-01 12:05:52.000	12497	1279	-4024	8	68.47	2	-9	40	106	50	(10,-31)
1	2026-01-01 12:05:53.000	12532	1299	-4042	8	41.47	1	-10	40	106	50	(10,-32)
1	2026-01-01 12:05:54.000	12567	1400	-3986	8	49.25	0	-10	40	106	49	(11,-31)
1	2026-01-01 12:05:55.000	12602	1298	-3996	8	60.16	-2	-10	40	106	49	(10,-31)
1	2026-01-01 12:05:56.000	12637	1273	-4003	8	35.89	-4	-10	40	106	49	(10,-31)
1	2026-01-01 12:05:57.000	12672	1235	-3893	8	37.06	-2	-10	34	106	49	(10,-30)
1	2026-01-01 12:05:58.000	12707	1198	-3989	8	48.11	-2	-9	34	106	49	(9,-31)
1	2026-01-01 12:05:59.000	12742	1152	-3893	8	70.61	-3	-10	34	106	49	(9,-30)
1	2026-01-01 12:06:00.000	12777	1220	-3988	8	72.78	-4	-10	34	106	49	(10,-31)
1	2026-01-01 12:06:01.000	12812	1187	-4072	8	49.84	-4	-10	30	106	49	(9,-32)
1	2026-01-01 12:06:02.000	12847	1182	-3995	8	24.08	-3	-9	30	106	49	(9,-31)
1	2026-01-01 12:06:03.000	12882	1073	-3879	8	61.16	-3	-10	30	106	44	(8,-30)
1	2026-01-01 12:06:04.000	12917	1011	-3973	8	90.18	-1	-10	37	106	44	(8,-31)
1	2026-01-01 12:06:05.000	12952	1100	-3978	8	68.06	1	-10	37	106	44	(9,-31)
1	2026-01-01 12:06:06.000	12987	1217	-3889	8	95.1	0	-9	37	106	44	(10,-30)
1	2026-01-01 12:06:07.000	13022	1281	-3815	8	82.33	1	-10	37	106	44	(10,-30)
1	2026-01-01 12:06:08.000	13057	1193	-3720	-16	44.05	2	-9	37	106	44	(9,-29)
1	2026-01-01 12:06:09.000	13092	1186	-3621	-16	38.62	1	-10	37	106	44	(9,-28)
1	2026-01-01 12:06:10.000	13127	1114	-3701	0	70.1	1	-9	37	106	41	(9,-29)
1	2026-01-01 12:06:11.000	13162	1084	-3597	0	104.09	0	-8	31	106	37	(8,-28)
1	2026-01-01 12:06:12.000	13197	1124	-3683	0	132.38	0	-7	31	106	32	(9,-29)
1	2026-01-01 12:06:13.000	13232	1203	-3611	16	111.34	-2	-5	31	106	32	(9,-28)
1	2026-01-01 12:06:14.000	13267	1256	-3549	16	79.81	-4	-6	31	106	32	(10,-28)
1	2026-01-01 12:06:15.000	13302	1271	-3572	16	42.56	-5	-5	31	106	30	(10,-28)
1	2026-01-01 12:06:16.000	13337	1344	-3458	16	357.96	-5	-6	31	106	30	(10,-27)
1	2026-01-01 12:06:17.000	13372	1228	-3481	16	359.01	-5	-6	31	106	30	(10,-27)
1	2026-01-01 12:06:18.000	13407	1150	-3571	16	16.0	-4	-7	31	106	28	(9,-28)
1	2026-01-01 12:06:19.000	13442	1230	-3580	16	3.53	-4	-8	31	106	28	(10,-28)
1	2026-01-01 12:06:20.000	13477	1285	-3617	16	333.59	-2	-10	31	106	28	(10,-28)
1	2026-01-01 12:06:21.000	13512	1315	-3571	16	327.13	-4	-10	31	106	26	(10,-28)
1	2026-01-01 12:06:22.000	13547	1224	-3580	16	320.38	-4	-10	31	106	24	(10,-28)
1	2026-01-01 12:06:23.000	13582	1163	-3550	16	328.38	-6	-10	31	106	24	(9,-28)
1	2026-01-01 12:06:24.000	13617	1189	-3440	16	284.0	-7	-10	31	106	21	(9,-27)
1	2026-01-01 12:06:25.000	13652	1305	-3524	16	256.37	-8	-10	31	106	21	(10,-28)
1	2026-01-01 12:06:26.000	13687	1278	-3580	16	281.76	-9	-10	31	106	21	(10,-28)
1	2026-01-01 12:06:27.000	13722	1252	-3471	16	240.49	-10	-10	31	106	21	(10,-27)
1	2026-01-01 12:06:28.000	13757	1344	-3478	16	259.98	-10	-10	31	106	21	(10,-27)
1	2026-01-01 12:06:29.000	13792	1243	-3504	16	297.98	-10	-10	31	106	19	(10,-27)
1	2026-01-01 12:06:30.000	13827	1331	-3503	16	327.51	-8	-10	31	106	19	(10,-27)
1	2026-01-01 12:06:31.000	13862	1388	-3422	16	291.79	-10	-10	31	106	19	(11,-27)
1	2026-01-01 12:06:32.000	13897	1376	-3473	16	249.82	-8	-10	31	106	19	(11,-27)
1	2026-01-01 12:06:33.000	13932	1372	-3570	16	294.54	-9	-10	31	106	19	(11,-28)
1	2026-01-01 12:06:34.000	13967	1454	-3472	16	332.38	-8	-8	31	106	37	(11,-27)
1	2026-01-01 12:06:35.000	14002	1437	-3541	16	346.0	-9	-8	31	106	37	(11,-28)
1	2026-01-01 12:06:36.000	14037	1449	-3442	16	2.4	-10	-7	31	106	37	(11,-27)
1	2026-01-01 12:06:37.000	14072	1520	-3335	16	344.11	-10	-5	31	106	37	(12,-26)
1	2026-01-01 12:06:38.000	14107	1553	-3436	128	315.0	-8	-4	31	106	34	(12,-27)
1	2026-01-01 12:06:39.000	14142	1655	-3513	128	283.32	-8	-2	31	106	34	(13,-27)
1	2026-01-01 12:06:40.000	14177	1647	-3574	128	297.37	-6	-1	31	106	34	(13,-28)
1	2026-01-01 12:06:41.000	14212	1551	-3629	128	288.61	-8	0	31	106	34	(12,-28)
1	2026-01-01 12:06:42.000	14247	1454	-3651	128	321.39	-10	2	31	106	32	(11,-29)
1	2026-01-01 12:06:43.000	14282	1435	-3724	128	358.77	-10	4	31	106	32	(11,-29)
1	2026-01-01 12:06:44.000	14317	1392	-3670	128	3.22	-10	6	31	106	50	(11,-29)
1	2026-01-01 12:06:45.000	14352	1465	-3555	128	38.94	-9	6	31	106	50	(11,-28)
1	2026-01-01 12:06:46.000	14387	1449	-3602	128	5.1	-7	7	31	106	50	(11,-28)
1	2026-01-01 12:06:47.000	14422	1357	-3629	128	16.51	-9	9	31	106	45	(11,-28)
1	2026-01-01 12:06:48.000	14457	1313	-3664	128	51.66	-10	9	31	106	45	(10,-29)
1	2026-01-01 12:06:49.000	14492	1399	-3555	128	15.36	-10	9	31	106	50	(11,-28)
1	2026-01-01 12:06:50.000	14527	1432	-3552	128	5.46	-8	10	31	106	50	(11,-28)
1	2026-01-01 12:06:51.000	14562	1390	-3524	128	14.27	-10	10	31	106	50	(11,-28)
1	2026-01-01 12:06:52.000	14597	1330	-3642	128	347.66	-10	8	31	106	50	(10,-28)
1	2026-01-01 12:06:53.000	14632	1289	-3651	16	347.09	-10	6	31	106	50	(10,-29)
1	2026-01-01 12:06:54.000	14667	1375	-3532	16	318.04	-10	6	31	106	50	(11,-28)
1	2026-01-01 12:06:55.000	14702	1338	-3650	16	290.67	-10	5	31	106	50	(10,-29)
1	2026-01-01 12:06:56.000	14737	1420	-3671	16	275.16	-9	4	31	106	50	(11,-29)
1	2026-01-01 12:06:57.000	14772	1344	-3640	16	244.0	-7	2	31	106	50	(10,-28)
1	2026-01-01 12:06:58.000	14807	1420	-3671	16	276.25	-5	4	27	106	50	(11,-29)
1	2026-01-01 12:06:59.000	14842	1473	-3609	16	310.8	-7	2	27	106	50	(12,-28)
1	2026-01-01 12:07:00.000	14877	1536	-3568	16	344.48	-8	3	27	106	50	(12,-28)
1	2026-01-01 12:07:01.000	14912	1612	-3688	16	22.75	-7	2	27	106	45	(13,-29)
1	2026-01-01 12:07:02.000	14947	1580	-3588	16	15.78	-8	2	27	106	45	(12,-28)
1	2026-01-01 12:07:03.000	14982	1582	-3693	16	355.41	-10	3	27	106	45	(12,-29)
1	2026-01-01 12:07:04.000	15017	1575	-3603	16	27.65	-8	3	27	106	45	(12,-28)
1	2026-01-01 12:07:05.000	15052	1535	-3483	16	30.18	-10	5	27	106	45	(12,-27)
1	2026-01-01 12:07:06.000	15087	1548	-3520	16	53.06	-9	6	27	106	45	(12,-28)
1	2026-01-01 12:07:07.000	15122	1652	-3566	16	18.43	-7	8	27	106	45	(13,-28)
1	2026-01-01 12:07:08.000	15157	1537	-3669	16	356.03	-9	7	27	106	45	(12,-29)
1	2026-01-01 12:07:09.000	15192	1546	-3609	16	4.76	-7	7	27	106	45	(12,-28)
1	2026-01-01 12:07:10.000	15227	1616	-3636	0	0.17	-7	5	27	106	45	(13,-28)
1	2026-01-01 12:07:11.000	15262	1605	-3684	0	2.1	-7	3	27	106	45	(13,-29)
1	2026-01-01 12:07:12.000	15297	1540	-3581	64	322.11	-7	5	27	106	45	(12,-28)
1	2026-01-01 12:07:13.000	15332	1553	-3665	64	289.25	-5	6	27	106	45	(12,-29)
1	2026-01-01 12:07:14.000	15367	1568	-3706	64	287.27	-3	5	27	106	45	(12,-29)
1	2026-01-01 12:07:15.000	15402	1461	-3819	64	250.07	-1	3	27	106	45	(11,-30)
1	2026-01-01 12:07:16.000	15437	1413	-3711	64	229.77	0	5	27	106	45	(11,-29)
1	2026-01-01 12:07:17.000	15472	1524	-3784	64	196.77	1	5	27	106	45	(12,-30)
1	2026-01-01 12:07:18.000	15507	1629	-3698	64	168.71	-1	4	27	106	45	(13,-29)
1	2026-01-01 12:07:19.000	15542	1557	-3611	64	208.05	-3	6	27	106	45	(12,-28)
1	2026-01-01 12:07:20.000	15577	1477	-3648	64	246.4	-1	7	27	106	45	(12,-28)
1	2026-01-01 12:07:21.000	15612	1485	-3710	64	212.36	-3	5	27	106	45	(12,-29)
1	2026-01-01 12:07:22.000	15647	1516	-3721	64	172.66	-1	7	27	106	45	(12,-29)
1	2026-01-01 12:07:23.000	15682	1485	-3745	64	132.45	-1	8	27	106	40	(12,-29)
1	2026-01-01 12:07:24.000	15717	1377	-3846	64	146.04	-2	9	27	106	40	(11,-30)
1	2026-01-01 12:07:25.000	15752	1393	-3878	64	179.93	-2	10	27	106	40	(11,-30)
1	2026-01-01 12:07:26.000	15787	1506	-3790	64	156.28	-4	9	27	106	40	(12,-30)
1	2026-01-01 12:07:27.000	15822	1623	-3839	64	161.56	-6	10	27	106	40	(13,-30)
1	2026-01-01 12:07:28.000	15857	1515	-3809	64	167.39	-7	10	27	106	40	(12,-30)
1	2026-01-01 12:07:29.000	15892	1443	-3882	64	168.82	-8	8	27	106	40	(11,-30)
1	2026-01-01 12:07:30.000	15927	1366	-3915	64	194.99	-10	6	27	106	40	(11,-31)
1	2026-01-01 12:07:31.000	15962	1279	-3941	64	153.42	-10	8	27	106	40	(10,-31)
1	2026-01-01 12:07:32.000	15997	1337	-3826	64	124.91	-9	8	27	106	40	(10,-30)
1	2026-01-01 12:07:33.000	16032	1236	-3854	64	89.46	-8	7	27	106	40	(10,-30)
1	2026-01-01 12:07:34.000	16067	1322	-3785	64	69.93	-8	6	27	106	40	(10,-30)
1	2026-01-01 12:07:35.000	16102	1319	-3792	64	100.13	-8	8	27	106	40	(10,-30)
1	2026-01-01 12:07:36.000	16137	1326	-3905	64	100.65	-10	9	27	106	40	(10,-31)
1	2026-01-01 12:07:37.000	16172	1308	-3797	64	115.94	-9	10	27	106	40	(10,-30)
1	2026-01-01 12:07:38.000	16207	1225	-3722	64	127.51	-10	10	27	106	36	(10,-29)
1	2026-01-01 12:07:39.000	16242	1216	-3624	64	133.22	-8	10	27	106	36	(10,-28)
1	2026-01-01 12:07:40.000	16277	1206	-3652	64	108.48	-7	8	27	106	36	(9,-29)
1	2026-01-01 12:07:41.000	16312	1301	-3533	64	142.39	-8	9	27	106	36	(10,-28)
1	2026-01-01 12:07:42.000	16347	1390	-3653	64	113.03	-6	10	27	106	36	(11,-29)
1	2026-01-01 12:07:43.000	16382	1355	-3587	64	120.62	-6	10	27	106	36	(11,-28)
1	2026-01-01 12:07:44.000	16417	1386	-3609	64	135.79	-8	8	27	106	36	(11,-28)
1	2026-01-01 12:07:45.000	16452	1479	-3492	64	158.99	-6	8	27	106	36	(12,-27)
1	2026-01-01 12:07:46.000	16487	1577	-3477	64	181.41	-5	8	27	106	50	(12,-27)
1	2026-01-01 12:07:47.000	16522	1458	-3461	56	200.36	-4	8	27	106	50	(11,-27)
1	2026-01-01 12:07:48.000	16557	1468	-3478	0	213.15	-5	10	27	106	50	(11,-27)
1	2026-01-01 12:07:49.000	16592	1365	-3460	0	245.04	-7	10	27	106	50	(11,-27)
1	2026-01-01 12:07:50.000	16627	1484	-3477	0	224.12	-9	8	27	106	46	(12,-27)
1	2026-01-01 12:07:51.000	16662	1451	-3535	0	247.42	-10	10	27	106	46	(11,-28)
1	2026-01-01 12:07:52.000	16697	1354	-3562	0	231.42	-8	8	27	106	46	(11,-28)
1	2026-01-01 12:07:53.000	16732	1405	-3450	0	258.36	-9	6	27	106	44	(11,-27)
1	2026-01-01 12:07:54.000	16767	1399	-3558	0	256.2	-9	7	27	106	50	(11,-28)
1	2026-01-01 12:07:55.000	16802	1317	-3457	0	220.16	-9	9	27	106	50	(10,-27)
1	2026-01-01 12:07:56.000	16837	1263	-3444	0	198.5	-10	9	27	106	50	(10,-27)
1	2026-01-01 12:07:57.000	16872	1342	-3433	0	159.77	-8	8	27	106	50	(10,-27)
1	2026-01-01 12:07:58.000	16907	1341	-3361	0	187.14	-8	8	27	106	50	(10,-26)
1	2026-01-01 12:07:59.000	16942	1247	-3267	0	163.56	-10	8	27	106	47	(10,-26)
1	2026-01-01 12:08:00.000	16977	1200	-3273	0	147.18	-9	10	27	106	47	(9,-26)
1	2026-01-01 12:08:01.000	17012	1155	-3286	0	167.25	-7	9	27	106	47	(9,-26)
1	2026-01-01 12:08:02.000	17047	1051	-3216	0	131.86	-9	8	27	106	50	(8,-25)
1	2026-01-01 12:08:03.000	17082	1110	-3102	0	128.07	-7	6	27	106	50	(9,-24)
1	2026-01-01 12:08:04.000	17117	1199	-3013	0	167.05	-7	4	27	106	50	(9,-24)
1	2026-01-01 12:08:05.000	17152	1186	-2951	0	147.63	-7	4	27	106	50	(9,-23)
1	2026-01-01 12:08:06.000	17187	1186	-2963	0	142.24	-8	2	22	106	50	(9,-23)
1	2026-01-01 12:08:07.000	17222	1282	-2979	0	153.06	-10	3	22	106	50	(10,-23)
1	2026-01-01 12:08:08.000	17257	1170	-3096	0	125.38	-10	2	22	106	46	(9,-24)
1	2026-01-01 12:08:09.000	17292	1065	-3059	0	163.24	-10	3	22	106	46	(8,-24)
1	2026-01-01 12:08:10.000	17327	1183	-2949	0	153.5	-10	2	22	106	46	(9,-23)
1	2026-01-01 12:08:11.000	17362	1283	-2987	0	144.84	-10	0	22	106	50	(10,-23)
1	2026-01-01 12:08:12.000	17397	1328	-3049	0	184.97	-9	1	22	106	50	(10,-24)
1	2026-01-01 12:08:13.000	17432	1339	-3056	0	154.63	-8	2	22	106	50	(10,-24)
1	2026-01-01 12:08:14.000	17467	1429	-3040	0	168.38	-6	3	22	106	50	(11,-24)
1	2026-01-01 12:08:15.000	17502	1436	-3032	0	151.69	-5	5	22	106	50	(11,-24)
1	2026-01-01 12:08:16.000	17537	1321	-2927	0	114.56	-3	6	22	106	50	(10,-23)
1	2026-01-01 12:08:17.000	17572	1234	-2898	0	156.17	-1	6	22	106	50	(10,-23)
1	2026-01-01 12:08:18.000	17607	1294	-2919	0	170.45	0	7	22	106	50	(10,-23)
1	2026-01-01 12:08:19.000	17642	1226	-2942	0	142.32	0	5	22	106	50	(10,-23)
1	2026-01-01 12:08:20.000	17677	1287	-2956	0	169.61	-2	6	22	106	50	(10,-23)
1	2026-01-01 12:08:21.000	17712	1182	-2910	0	198.69	-2	7	17	106	50	(9,-23)
1	2026-01-01 12:08:22.000	17747	1292	-2876	0	214.99	-4	9	17	106	50	(10,-22)
1	2026-01-01 12:08:23.000	17782	1176	-2958	0	181.37	-2	9	17	106	50	(9,-23)
1	2026-01-01 12:08:24.000	17817	1179	-2854	0	212.63	-1	9	17	106	50	(9,-22)
1	2026-01-01 12:08:25.000	17852	1096	-2818	0	242.59	-3	10	17	106	50	(9,-22)
1	2026-01-01 12:08:26.000	17887	1070	-2828	0	257.33	-2	8	17	106	50	(8,-22)
1	2026-01-01 12:08:27.000	17922	972	-2718	0	301.85	-3	10	17	106	50	(8,-21)
1	2026-01-01 12:08:28.000	17957	1025	-2703	0	258.55	-4	10	17	106	50	(8,-21)
1	2026-01-01 12:08:29.000	17992	934	-2585	0	281.49	-6	8	17	106	50	(7,-20)
1	2026-01-01 12:08:30.000	18027	879	-2688	0	307.52	-7	8	17	106	50	(7,-21)
1	2026-01-01 12:08:31.000	18062	764	-2708	0	298.36	-8	9	17	106	50	(6,-21)
1	2026-01-01 12:08:32.000	18097	647	-2713	0	253.96	-6	8	17	106	50	(5,-21)
1	2026-01-01 12:08:33.000	18132	682	-2594	0	220.05	-7	8	17	106	50	(5,-20)
1	2026-01-01 12:08:34.000	18167	590	-2559	0	201.78	-6	6	17	106	50	(5,-20)
1	2026-01-01 12:08:35.000	18202	570	-2455	0	160.53	-4	5	17	106	50	(4,-19)
1	2026-01-01 12:08:36.000	18237	548	-2553	0	167.2	-4	7	17	106	46	(4,-20)
1	2026-01-01 12:08:37.000	18272	527	-2628	64	195.23	-5	6	17	106	46	(4,-21)
1	2026-01-01 12:08:38.000	18307	420	-2737	64	187.1	-4	8	17	106	46	(3,-21)
1	2026-01-01 12:08:39.000	18342	407	-2836	40	165.78	-6	9	17	106	46	(3,-22)
1	2026-01-01 12:08:40.000	18377	366	-2772	40	180.57	-6	10	17	106	46	(3,-22)
1	2026-01-01 12:08:41.000	18412	247	-2818	40	155.48	-6	8	17	106	46	(2,-22)
1	2026-01-01 12:08:42.000	18447	191	-2778	40	149.41	-5	9	17	106	42	(1,-22)
1	2026-01-01 12:08:43.000	18482	74	-2717	40	171.3	-4	9	17	106	42	(1,-21)
1	2026-01-01 12:08:44.000	18517	-10	-2613	16	189.04	-5	10	17	106	42	(0,-20)
1	2026-01-01 12:08:45.000	18552	-48	-2589	16	231.16	-5	10	17	106	42	(0,-20)
1	2026-01-01 12:08:46.000	18587	-13	-2565	16	205.16	-5	10	17	106	42	(0,-20)
1	2026-01-01 12:08:47.000	18622	92	-2498	16	167.7	-7	10	17	106	42	(1,-20)
1	2026-01-01 12:08:48.000	18657	208	-2448	16	168.52	-8	9	17	106	42	(2,-19)
1	2026-01-01 12:08:49.000	18692	328	-2499	16	204.62	-10	10	17	106	42	(3,-20)
1	2026-01-01 12:08:50.000	18727	290	-2534	16	215.55	-10	9	17	106	42	(2,-20)
1	2026-01-01 12:08:51.000	18762	252	-2420	16	187.44	-10	9	17	106	42	(2,-19)
1	2026-01-01 12:08:52.000	18797	223	-2456	16	158.9	-8	10	17	106	37	(2,-19)
1	2026-01-01 12:08:53.000	18832	129	-2408	16	135.48	-10	10	17	106	37	(1,-19)
1	2026-01-01 12:08:54.000	18867	74	-2335	16	97.03	-8	10	17	106	37	(1,-18)
1	2026-01-01 12:08:55.000	18902	-11	-2303	16	105.01	-10	10	17	106	37	(0,-18)
1	2026-01-01 12:08:56.000	18937	57	-2278	16	128.48	-10	10	17	106	37	(0,-18)
1	2026-01-01 12:08:57.000	18972	107	-2306	16	109.11	-8	8	17	106	37	(1,-18)
1	2026-01-01 12:08:58.000	19007	-12	-2324	16	110.04	-9	8	17	106	37	(0,-18)
1	2026-01-01 12:08:59.000	19042	-95	-2247	16	79.21	-7	8	17	106	37	(-1,-18)
1	2026-01-01 12:09:00.000	19077	-40	-2165	16	58.18	-8	8	17	106	37	(0,-17)
1	2026-01-01 12:09:01.000	19112	68	-2224	16	72.37	-9	8	17	106	37	(1,-17)
1	2026-01-01 12:09:02.000	19147	15	-2250	16	99.65	-8	10	17	106	37	(0,-18)
1	2026-01-01 12:09:03.000	19182	26	-2324	16	98.29	-6	8	17	106	37	(0,-18)
1	2026-01-01 12:09:04.000	19217	116	-2267	16	137.91	-8	6	17	106	37	(1,-18)
1	2026-01-01 12:09:05.000	19252	149	-2248	16	99.5	-8	8	17	106	37	(1,-18)
1	2026-01-01 12:09:06.000	19287	148	-2167	16	74.93	-7	7	17	106	37	(1,-17)
1	2026-01-01 12:09:07.000	19322	226	-2258	16	58.55	-7	8	17	106	37	(2,-18)
1	2026-01-01 12:09:08.000	19357	333	-2312	16	82.73	-5	6	17	106	37	(3,-18)
1	2026-01-01 12:09:09.000	19392	318	-2257	16	59.61	-7	8	17	106	34	(2,-18)
1	2026-01-01 12:09:10.000	19427	312	-2169	16	50.29	-5	6	17	106	34	(2,-17)
1	2026-01-01 12:09:11.000	19462	244	-2111	16	20.88	-3	5	17	106	34	(2,-16)
1	2026-01-01 12:09:12.000	19497	343	-2002	16	347.68	-3	3	17	106	34	(3,-16)
1	2026-01-01 12:09:13.000	19532	301	-2046	16	29.56	-1	2	17	106	34	(2,-16)
1	2026-01-01 12:09:14.000	19567	327	-2059	0	355.9	0	0	17	106	29	(3,-16)
1	2026-01-01 12:09:15.000	19602	317	-2035	0	336.01	-2	2	17	106	24	(2,-16)
1	2026-01-01 12:09:16.000	19637	393	-1921	0	297.13	0	4	17	106	24	(3,-15)
1	2026-01-01 12:09:17.000	19672	395	-1953	0	260.42	2	3	17	106	24	(3,-15)
1	2026-01-01 12:09:18.000	19707	483	-2059	0	277.09	3	4	17	106	24	(4,-16)
1	2026-01-01 12:09:19.000	19742	545	-1939	56	249.73	4	5	17	106	24	(4,-15)
1	2026-01-01 12:09:20.000	19777	514	-1919	-16	250.97	4	3	17	106	24	(4,-15)
1	2026-01-01 12:09:21.000	19812	414	-1938	-16	274.3	4	5	17	106	24	(3,-15)
1	2026-01-01 12:09:22.000	19847	522	-1834	-16	272.34	5	3	17	106	24	(4,-14)
1	2026-01-01 12:09:23.000	19882	607	-1866	-16	243.51	3	4	17	106	23	(5,-15)
1	2026-01-01 12:09:24.000	19917	623	-1967	0	232.05	2	2	17	106	23	(5,-15)
1	2026-01-01 12:09:25.000	19952	567	-2054	0	232.56	3	1	17	106	23	(4,-16)
1	2026-01-01 12:09:26.000	19987	582	-2005	0	248.99	3	-1	17	106	23	(5,-16)
1	2026-01-01 12:09:27.000	20022	582	-2016	0	228.44	4	0	17	106	23	(5,-16)
1	2026-01-01 12:09:28.000	20057	559	-2045	0	186.13	3	-2	17	106	23	(4,-16)
1	2026-01-01 12:09:29.000	20092	529	-2065	0	142.53	2	0	15	106	23	(4,-16)
1	2026-01-01 12:09:30.000	20127	511	-2156	0	104.86	2	0	15	106	23	(4,-17)
1	2026-01-01 12:09:31.000	20162	468	-2107	0	135.42	2	-1	15	106	22	(4,-16)
1	2026-01-01 12:09:32.000	20197	568	-2123	16	129.89	0	-3	15	106	18	(4,-17)
1	2026-01-01 12:09:33.000	20232	685	-2048	16	100.21	-1	-3	15	106	18	(5,-16)
1	2026-01-01 12:09:34.000	20267	671	-1958	16	76.59	-1	-5	15	106	18	(5,-15)
1	2026-01-01 12:09:35.000	20302	662	-1897	0	69.04	-2	-6	15	106	18	(5,-15)
1	2026-01-01 12:09:36.000	20337	740	-2010	0	26.75	0	-6	15	106	18	(6,-16)
1	2026-01-01 12:09:37.000	20372	790	-2022	0	2.05	2	-8	15	106	18	(6,-16)
1	2026-01-01 12:09:38.000	20407	738	-1986	0	4.58	0	-10	15	106	18	(6,-16)
1	2026-01-01 12:09:39.000	20442	747	-1941	0	322.11	1	-10	15	106	18	(6,-15)
1	2026-01-01 12:09:40.000	20477	682	-2056	0	293.03	3	-10	15	106	18	(5,-16)
1	2026-01-01 12:09:41.000	20512	678	-2095	0	330.18	5	-10	15	106	18	(5,-16)
1	2026-01-01 12:09:42.000	20547	606	-2102	0	310.63	3	-10	15	106	18	(5,-16)
1	2026-01-01 12:09:43.000	20582	497	-2099	0	309.37	2	-10	8	106	16	(4,-16)
1	2026-01-01 12:09:44.000	20617	380	-1987	0	277.23	3	-8	8	106	16	(3,-16)
1	2026-01-01 12:09:45.000	20652	305	-1893	0	296.65	5	-10	8	106	16	(2,-15)
1	2026-01-01 12:09:46.000	20687	405	-1911	0	321.22	3	-9	8	106	12	(3,-15)
1	2026-01-01 12:09:47.000	20722	428	-1879	0	303.45	2	-8	8	106	12	(3,-15)
1	2026-01-01 12:09:48.000	20757	360	-1763	0	263.74	1	-9	27	106	12	(3,-14)
1	2026-01-01 12:09:49.000	20792	254	-1670	0	281.18	0	-7	27	106	12	(2,-13)
1	2026-01-01 12:09:50.000	20827	330	-1592	0	244.6	2	-9	27	106	12	(3,-12)
1	2026-01-01 12:09:51.000	20862	307	-1490	0	280.11	0	-10	27	106	11	(2,-12)
1	2026-01-01 12:09:52.000	20897	420	-1423	0	277.56	1	-10	27	106	7	(3,-11)
1	2026-01-01 12:09:53.000	20932	341	-1446	0	248.31	3	-10	27	106	7	(3,-11)
1	2026-01-01 12:09:54.000	20967	332	-1354	0	291.81	2	-8	27	106	7	(3,-11)
1	2026-01-01 12:09:55.000	21002	277	-1428	0	282.73	3	-8	27	106	7	(2,-11)
1	2026-01-01 12:09:56.000	21037	348	-1329	0	276.41	2	-6	27	106	7	(3,-10)
1	2026-01-01 12:09:57.000	21072	265	-1219	0	255.67	2	-5	27	106	7	(2,-10)
1	2026-01-01 12:09:58.000	21107	334	-1217	0	298.55	4	-4	27	106	7	(3,-10)
1	2026-01-01 12:09:59.000	21142	415	-1312	0	261.58	5	-5	27	106	7	(3,-10)
1	2026-01-01 12:10:00.000	21177	323	-1280	0	233.06	6	-4	27	106	7	(3,-10)
1	2026-01-01 12:10:01.000	21212	353	-1208	0	192.05	6	-4	27	106	7	(3,-9)
1	2026-01-01 12:10:02.000	21247	280	-1289	0	234.62	8	-2	27	106	7	(2,-10)
1	2026-01-01 12:10:03.000	21282	174	-1329	0	236.16	10	-2	27	106	7	(1,-10)
1	2026-01-01 12:10:04.000	21317	209	-1273	0	266.95	10	-4	27	106	7	(2,-10)
1	2026-01-01 12:10:05.000	21352	119	-1187	0	258.08	10	-3	27	106	5	(1,-9)
1	2026-01-01 12:10:06.000	21387	133	-1192	8	226.18	10	-1	27	106	5	(1,-9)
1	2026-01-01 12:10:07.000	21422	114	-1296	8	254.72	10	-1	27	106	5	(1,-10)
1	2026-01-01 12:10:08.000	21457	19	-1279	0	210.61	10	1	27	106	2	(0,-10)
1	2026-01-01 12:10:09.000	21492	5	-1302	0	167.65	10	3	24	106	2	(0,-10)
1	2026-01-01 12:10:10.000	21527	38	-1318	0	205.64	10	2	24	106	2	(0,-10)
1	2026-01-01 12:10:11.000	21562	-11	-1347	0	247.46	10	3	24	106	2	(0,-11)
1	2026-01-01 12:10:12.000	21597	-41	-1417	0	279.5	10	2	24	106	23	(0,-11)
1	2026-01-01 12:10:13.000	21632	57	-1500	0	286.87	9	0	24	106	19	(0,-12)
1	2026-01-01 12:10:14.000	21667	-53	-1396	0	246.46	10	1	24	106	19	(0,-11)
1	2026-01-01 12:10:15.000	21702	-152	-1459	0	237.52	10	1	24	106	19	(-1,-11)
1	2026-01-01 12:10:16.000	21737	-225	-1459	0	215.62	9	0	24	106	19	(-2,-11)
1	2026-01-01 12:10:17.000	21772	-190	-1403	16	217.87	7	2	24	106	18	(-1,-11)
1	2026-01-01 12:10:18.000	21807	-205	-1325	16	257.03	6	4	24	106	18	(-2,-10)
1	2026-01-01 12:10:19.000	21842	-168	-1311	16	250.11	5	4	24	106	18	(-1,-10)
1	2026-01-01 12:10:20.000	21877	-144	-1292	16	231.19	3	6	24	106	18	(-1,-10)
1	2026-01-01 12:10:21.000	21912	-175	-1187	16	266.74	1	6	24	106	18	(-1,-9)
1	2026-01-01 12:10:22.000	21947	-172	-1134	16	255.44	0	7	24	106	16	(-1,-9)
1	2026-01-01 12:10:23.000	21982	-181	-1137	16	221.85	2	8	24	106	16	(-1,-9)
1	2026-01-01 12:10:24.000	22017	-246	-1158	16	238.67	1	6	24	106	16	(-2,-9)
1	2026-01-01 12:10:25.000	22052	-151	-1230	16	230.49	3	8	21	106	16	(-1,-10)
1	2026-01-01 12:10:26.000	22087	-121	-1347	16	235.78	1	10	21	106	12	(-1,-11)
1	2026-01-01 12:10:27.000	22122	-129	-1288	24	202.41	1	10	21	106	12	(-1,-10)
1	2026-01-01 12:10:28.000	22157	-53	-1385	24	170.14	0	10	21	106	12	(0,-11)
1	2026-01-01 12:10:29.000	22192	13	-1329	24	173.65	0	9	21	106	12	(0,-10)
1	2026-01-01 12:10:30.000	22227	-34	-1221	24	158.08	-1	7	21	106	12	(0,-10)
1	2026-01-01 12:10:31.000	22262	-140	-1184	24	195.36	-2	9	21	106	10	(-1,-9)
1	2026-01-01 12:10:32.000	22297	-254	-1189	24	234.97	-1	7	21	106	10	(-2,-9)
1	2026-01-01 12:10:33.000	22332	-285	-1287	24	248.91	-2	8	21	106	10	(-2,-10)
1	2026-01-01 12:10:34.000	22367	-205	-1379	-8	204.86	0	7	21	106	10	(-2,-11)
1	2026-01-01 12:10:35.000	22402	-108	-1274	-8	246.65	1	9	21	106	28	(-1,-10)
1	2026-01-01 12:10:36.000	22437	-107	-1184	-8	256.05	2	9	21	106	27	(-1,-9)
1	2026-01-01 12:10:37.000	22472	-152	-1093	-8	272.29	1	9	21	106	22	(-1,-9)
1	2026-01-01 12:10:38.000	22507	-180	-1160	-8	252.93	-1	10	35	106	17	(-1,-9)
1	2026-01-01 12:10:39.000	22542	-299	-1140	-8	239.56	1	8	35	106	17	(-2,-9)
1	2026-01-01 12:10:40.000	22577	-253	-1158	-8	222.1	-1	10	35	106	17	(-2,-9)
1	2026-01-01 12:10:41.000	22612	-274	-1125	-8	249.83	-2	10	35	106	17	(-2,-9)
1	2026-01-01 12:10:42.000	22647	-155	-1039	-8	265.16	-1	9	35	106	17	(-1,-8)
1	2026-01-01 12:10:43.000	22682	-233	-981	32	285.56	1	10	35	106	12	(-2,-8)
1	2026-01-01 12:10:44.000	22717	-217	-1025	0	300.31	-1	10	35	106	12	(-2,-8)
1	2026-01-01 12:10:45.000	22752	-310	-1096	0	291.9	1	10	35	106	10	(-2,-9)
1	2026-01-01 12:10:46.000	22787	-298	-1135	0	258.57	2	10	35	106	10	(-2,-9)
1	2026-01-01 12:10:47.000	22822	-366	-1141	0	240.31	3	10	35	106	10	(-3,-9)
1	2026-01-01 12:10:48.000	22857	-443	-1251	0	263.36	2	8	35	106	10	(-3,-10)
1	2026-01-01 12:10:49.000	22892	-551	-1259	0	299.02	4	9	35	106	10	(-4,-10)
1	2026-01-01 12:10:50.000	22927	-518	-1332	0	335.21	5	10	35	106	10	(-4,-10)
1	2026-01-01 12:10:51.000	22962	-552	-1418	0	321.39	3	10	35	106	10	(-4,-11)
1	2026-01-01 12:10:52.000	22997	-559	-1320	0	315.33	1	10	35	106	10	(-4,-10)
1	2026-01-01 12:10:53.000	23032	-441	-1367	0	316.95	-1	10	35	106	10	(-3,-11)
1	2026-01-01 12:10:54.000	23067	-441	-1287	0	339.59	0	10	35	106	10	(-3,-10)
1	2026-01-01 12:10:55.000	23102	-449	-1275	0	339.13	-1	9	35	106	9	(-4,-10)
1	2026-01-01 12:10:56.000	23137	-463	-1366	0	311.02	-1	8	35	106	9	(-4,-11)
1	2026-01-01 12:10:57.000	23172	-572	-1278	0	354.27	0	10	35	106	5	(-4,-10)
1	2026-01-01 12:10:58.000	23207	-677	-1267	0	322.77	2	10	35	106	5	(-5,-10)
1	2026-01-01 12:10:59.000	23242	-712	-1364	0	322.97	2	10	35	106	5	(-6,-11)
1	2026-01-01 12:11:00.000	23277	-657	-1332	0	359.26	3	9	35	106	5	(-5,-10)
1	2026-01-01 12:11:01.000	23312	-576	-1316	56	28.54	4	8	35	106	3	(-4,-10)
1	2026-01-01 12:11:02.000	23347	-614	-1304	56	20.59	4	6	35	106	3	(-5,-10)
1	2026-01-01 12:11:03.000	23382	-617	-1366	56	357.61	2	8	35	106	3	(-5,-11)
1	2026-01-01 12:11:04.000	23417	-640	-1451	56	12.55	1	8	35	106	3	(-5,-11)
1	2026-01-01 12:11:05.000	23452	-652	-1378	56	337.43	2	9	35	106	3	(-5,-11)
1	2026-01-01 12:11:06.000	23487	-574	-1369	56	326.01	3	7	35	106	3	(-4,-11)
1	2026-01-01 12:11:07.000	23522	-477	-1454	56	337.58	5	5	35	106	3	(-4,-11)
1	2026-01-01 12:11:08.000	23557	-506	-1444	56	21.05	7	5	29	106	1	(-4,-11)
1	2026-01-01 12:11:09.000	23592	-562	-1396	56	339.05	5	5	29	106	0	(-4,-11)
1	2026-01-01 12:11:10.000	23627	-501	-1446	56	319.88	5	4	29	106	0	(-4,-11)
1	2026-01-01 12:11:11.000	23662	-560	-1477	56	359.66	6	4	29	106	0	(-4,-12)
1	2026-01-01 12:11:12.000	23697	-465	-1449	56	331.91	4	6	29	106	0	(-4,-11)
1	2026-01-01 12:11:13.000	23732	-410	-1346	56	325.3	5	4	29	106	0	(-3,-11)
1	2026-01-01 12:11:14.000	23767	-340	-1286	56	335.16	3	5	22	106	0	(-3,-10)
1	2026-01-01 12:11:15.000	23802	-448	-1396	56	14.09	5	3	22	106	0	(-4,-11)
1	2026-01-01 12:11:16.000	23837	-416	-1365	56	17.24	6	3	22	106	0	(-3,-11)
1	2026-01-01 12:11:17.000	23872	-460	-1314	56	17.69	5	2	20	106	0	(-4,-10)
1	2026-01-01 12:11:18.000	23907	-431	-1312	56	334.36	4	0	20	106	0	(-3,-10)
1	2026-01-01 12:11:19.000	23942	-336	-1357	56	321.48	5	2	20	106	0	(-3,-11)
1	2026-01-01 12:11:20.000	23977	-388	-1355	64	5.24	5	3	20	106	0	(-3,-11)
1	2026-01-01 12:11:21.000	24012	-303	-1254	64	32.85	5	1	20	106	0	(-2,-10)
1	2026-01-01 12:11:22.000	24047	-256	-1151	32	355.44	7	3	20	106	0	(-2,-9)
1	2026-01-01 12:11:23.000	24082	-189	-1049	32	316.31	7	4	20	106	0	(-1,-8)
1	2026-01-01 12:11:24.000	24117	-175	-1075	32	348.48	9	6	20	106	0	(-1,-8)
1	2026-01-01 12:11:25.000	24152	-211	-1061	32	353.52	8	7	20	106	0	(-2,-8)
1	2026-01-01 12:11:26.000	24187	-307	-1115	32	314.06	10	5	20	106	0	(-2,-9)
1	2026-01-01 12:11:27.000	24222	-311	-1165	64	355.93	10	7	15	106	0	(-2,-9)
1	2026-01-01 12:11:28.000	24257	-397	-1281	64	6.84	10	9	15	106	0	(-3,-10)
1	2026-01-01 12:11:29.000	24292	-344	-1344	64	335.53	9	8	15	106	0	(-3,-10)
1	2026-01-01 12:11:30.000	24327	-381	-1440	64	320.22	10	8	15	106	0	(-3,-11)
1	2026-01-01 12:11:31.000	24362	-365	-1400	64	350.53	10	9	15	106	0	(-3,-11)
1	2026-01-01 12:11:32.000	24397	-413	-1286	64	17.0	9	9	15	106	0	(-3,-10)
1	2026-01-01 12:11:33.000	24432	-425	-1282	64	352.29	10	9	15	106	0	(-3,-10)
1	2026-01-01 12:11:34.000	24467	-402	-1242	64	21.26	10	9	15	106	0	(-3,-10)
1	2026-01-01 12:11:35.000	24502	-330	-1357	64	25.96	8	10	15	106	0	(-3,-11)
1	2026-01-01 12:11:36.000	24537	-265	-1398	64	47.39	7	9	15	106	0	(-2,-11)
1	2026-01-01 12:11:37.000	24572	-162	-1297	64	16.57	9	10	15	106	0	(-1,-10)
1	2026-01-01 12:11:38.000	24607	-198	-1364	8	14.51	9	10	15	106	0	(-2,-11)
1	2026-01-01 12:11:39.000	24642	-251	-1294	8	50.92	10	10	15	106	0	(-2,-10)
1	2026-01-01 12:11:40.000	24677	-180	-1239	8	55.96	10	10	7	106	0	(-1,-10)
1	2026-01-01 12:11:41.000	24712	-235	-1358	8	89.35	10	10	7	106	0	(-2,-11)
1	2026-01-01 12:11:42.000	24747	-168	-1334	8	125.21	8	10	2	106	0	(-1,-10)
1	2026-01-01 12:11:43.000	24782	-263	-1308	8	82.64	6	10	2	106	0	(-2,-10)
1	2026-01-01 12:11:44.000	24817	-254	-1298	8	108.83	4	10	2	106	0	(-2,-10)
1	2026-01-01 12:11:45.000	24852	-178	-1375	8	133.55	5	9	22	106	0	(-1,-11)
1	2026-01-01 12:11:46.000	24887	-72	-1320	8	171.89	7	10	22	106	0	(-1,-10)
1	2026-01-01 12:11:47.000	24922	-48	-1308	8	177.37	9	10	22	106	0	(0,-10)
1	2026-01-01 12:11:48.000	24957	46	-1238	32	217.49	9	9	23	106	0	(0,-10)
1	2026-01-01 12:11:49.000	24992	-19	-1174	32	186.53	10	7	21	106	0	(0,-9)
1	2026-01-01 12:11:50.000	25027	31	-1275	32	178.45	9	8	21	106	0	(0,-10)
1	2026-01-01 12:11:51.000	25062	-18	-1263	40	203.62	10	10	21	106	0	(0,-10)
1	2026-01-01 12:11:52.000	25097	-30	-1144	40	238.21	9	10	21	106	0	(0,-9)
1	2026-01-01 12:11:53.000	25132	-146	-1095	40	194.44	10	10	21	106	0	(-1,-9)
1	2026-01-01 12:11:54.000	25167	-226	-999	40	230.28	10	8	21	106	0	(-2,-8)
1	2026-01-01 12:11:55.000	25202	-271	-1118	40	266.68	8	6	21	106	0	(-2,-9)
1	2026-01-01 12:11:56.000	25237	-328	-1010	40	269.25	8	5	21	106	0	(-3,-8)
1	2026-01-01 12:11:57.000	25272	-236	-1088	40	268.2	9	5	21	106	0	(-2,-8)
1	2026-01-01 12:11:58.000	25307	-198	-1058	40	264.0	9	7	21	106	0	(-2,-8)
1	2026-01-01 12:11:59.000	25342	-221	-1160	40	301.93	7	9	21	106	0	(-2,-9)
1	2026-01-01 12:12:00.000	25377	-321	-1197	40	301.99	7	9	21	106	0	(-3,-9)
1	2026-01-01 12:12:01.000	25412	-237	-1088	0	335.61	5	9	21	106	0	(-2,-8)
1	2026-01-01 12:12:02.000	25447	-344	-1080	0	347.94	3	10	21	106	0	(-3,-8)
1	2026-01-01 12:12:03.000	25482	-268	-981	0	340.69	4	10	21	106	0	(-2,-8)
1	2026-01-01 12:12:04.000	25517	-331	-949	0	22.71	5	8	21	106	0	(-3,-7)
1	2026-01-01 12:12:05.000	25552	-355	-848	0	14.04	4	8	21	106	0	(-3,-7)
1	2026-01-01 12:12:06.000	25587	-335	-961	0	339.87	3	8	21	106	0	(-3,-8)
1	2026-01-01 12:12:07.000	25622	-433	-1049	0	1.23	3	6	21	106	0	(-3,-8)
1	2026-01-01 12:12:08.000	25657	-415	-1064	0	328.47	2	5	17	106	0	(-3,-8)
1	2026-01-01 12:12:09.000	25692	-519	-1165	0	7.35	3	6	17	106	0	(-4,-9)
1	2026-01-01 12:12:10.000	25727	-609	-1064	0	29.14	1	6	17	106	0	(-5,-8)
1	2026-01-01 12:12:11.000	25762	-587	-962	0	31.13	3	5	17	106	0	(-5,-8)
1	2026-01-01 12:12:12.000	25797	-483	-951	0	59.01	4	3	17	106	0	(-4,-7)
1	2026-01-01 12:12:13.000	25832	-587	-1060	0	77.4	4	4	17	106	0	(-5,-8)
1	2026-01-01 12:12:14.000	25867	-649	-1170	0	60.43	6	6	17	106	0	(-5,-9)
1	2026-01-01 12:12:15.000	25902	-745	-1086	0	92.45	5	7	17	106	0	(-6,-8)
1	2026-01-01 12:12:16.000	25937	-832	-1149	0	77.0	4	9	17	106	0	(-6,-9)
1	2026-01-01 12:12:17.000	25972	-769	-1258	0	49.53	2	9	17	106	0	(-6,-10)
1	2026-01-01 12:12:18.000	26007	-664	-1324	0	94.32	1	9	17	106	0	(-5,-10)
1	2026-01-01 12:12:19.000	26042	-741	-1430	0	92.8	3	10	17	106	0	(-6,-11)
1	2026-01-01 12:12:20.000	26077	-846	-1424	0	68.8	1	8	17	106	0	(-7,-11)
1	2026-01-01 12:12:21.000	26112	-956	-1399	0	76.55	3	9	17	106	0	(-7,-11)
1	2026-01-01 12:12:22.000	26147	-858	-1495	0	41.88	3	10	17	106	0	(-7,-12)
1	2026-01-01 12:12:23.000	26182	-976	-1466	0	11.37	1	10	17	106	0	(-8,-11)
1	2026-01-01 12:12:24.000	26217	-998	-1381	0	331.79	1	9	17	106	0	(-8,-11)
1	2026-01-01 12:12:25.000	26252	-907	-1357	0	352.38	1	8	17	106	0	(-7,-11)
1	2026-01-01 12:12:26.000	26287	-954	-1440	0	331.63	3	10	17	106	0	(-7,-11)
1	2026-01-01 12:12:27.000	26322	-1006	-1520	0	310.54	3	10	17	106	0	(-8,-12)
1	2026-01-01 12:12:28.000	26357	-1010	-1424	0	309.34	4	9	17	106	0	(-8,-11)
1	2026-01-01 12:12:29.000	26392	-1042	-1534	0	287.23	5	9	17	106	0	(-8,-12)
1	2026-01-01 12:12:30.000	26427	-1153	-1490	0	299.41	3	8	17	106	0	(-9,-12)
1	2026-01-01 12:12:31.000	26462	-1221	-1382	0	319.59	3	9	17	106	0	(-10,-11)
1	2026-01-01 12:12:32.000	26497	-1247	-1314	0	346.99	5	10	17	106	0	(-10,-10)
1	2026-01-01 12:12:33.000	26532	-1226	-1367	0	21.99	6	10	17	106	0	(-10,-11)
1	2026-01-01 12:12:34.000	26567	-1107	-1479	0	7.17	6	10	17	106	0	(-9,-12)
1	2026-01-01 12:12:35.000	26602	-1152	-1544	0	4.19	4	8	17	106	0	(-9,-12)
1	2026-01-01 12:12:36.000	26637	-1107	-1498	0	324.88	4	10	17	106	0	(-9,-12)
1	2026-01-01 12:12:37.000	26672	-1190	-1379	0	311.89	6	10	17	106	0	(-9,-11)
1	2026-01-01 12:12:38.000	26707	-1301	-1330	0	349.71	4	10	17	106	0	(-10,-10)
1	2026-01-01 12:12:39.000	26742	-1308	-1305	0	25.9	5	10	17	106	0	(-10,-10)
1	2026-01-01 12:12:40.000	26777	-1380	-1341	24	19.8	7	10	17	106	21	(-11,-10)
1	2026-01-01 12:12:41.000	26812	-1281	-1276	24	35.96	5	10	17	106	21	(-10,-10)
1	2026-01-01 12:12:42.000	26847	-1276	-1218	24	22.02	6	10	17	106	21	(-10,-10)
1	2026-01-01 12:12:43.000	26882	-1203	-1313	24	40.61	7	10	17	106	18	(-9,-10)
1	2026-01-01 12:12:44.000	26917	-1248	-1356	24	34.03	8	10	17	106	18	(-10,-11)
1	2026-01-01 12:12:45.000	26952	-1224	-1258	24	7.41	10	10	17	106	18	(-10,-10)
1	2026-01-01 12:12:46.000	26987	-1118	-1353	56	35.2	10	8	17	106	18	(-9,-11)
1	2026-01-01 12:12:47.000	27022	-1037	-1289	56	49.96	10	9	17	106	18	(-8,-10)
1	2026-01-01 12:12:48.000	27057	-983	-1199	56	69.61	8	8	17	106	18	(-8,-9)
1	2026-01-01 12:12:49.000	27092	-996	-1210	56	55.79	6	7	9	106	18	(-8,-9)
1	2026-01-01 12:12:50.000	27127	-931	-1121	56	22.57	4	8	9	106	18	(-7,-9)
1	2026-01-01 12:12:51.000	27162	-835	-1099	56	345.57	5	8	9	106	18	(-7,-9)
1	2026-01-01 12:12:52.000	27197	-850	-1038	56	348.92	5	6	9	106	18	(-7,-8)
1	2026-01-01 12:12:53.000	27232	-881	-955	56	32.38	4	8	9	106	14	(-7,-7)
1	2026-01-01 12:12:54.000	27267	-903	-854	56	69.52	3	10	9	106	14	(-7,-7)
1	2026-01-01 12:12:55.000	27302	-795	-953	56	48.88	5	10	9	106	14	(-6,-7)
1	2026-01-01 12:12:56.000	27337	-902	-1066	56	47.6	4	8	9	106	14	(-7,-8)
1	2026-01-01 12:12:57.000	27372	-933	-1119	56	54.69	5	6	9	106	14	(-7,-9)
1	2026-01-01 12:12:58.000	27407	-1024	-1130	56	85.09	6	4	9	106	14	(-8,-9)
1	2026-01-01 12:12:59.000	27442	-1026	-1036	56	111.46	6	5	9	106	14	(-8,-8)
1	2026-01-01 12:13:00.000	27477	-1138	-1034	56	75.02	7	6	9	106	14	(-9,-8)
1	2026-01-01 12:13:01.000	27512	-1191	-970	56	84.39	5	4	9	106	14	(-9,-8)
1	2026-01-01 12:13:02.000	27547	-1105	-886	56	96.81	6	3	9	106	9	(-9,-7)
1	2026-01-01 12:13:03.000	27582	-1126	-833	56	85.72	5	4	9	106	9	(-9,-7)
1	2026-01-01 12:13:04.000	27617	-1152	-934	8	89.01	5	2	9	106	9	(-9,-7)
1	2026-01-01 12:13:05.000	27652	-1033	-1005	8	104.14	3	3	9	106	9	(-8,-8)
1	2026-01-01 12:13:06.000	27687	-977	-1026	8	107.47	4	1	9	106	9	(-8,-8)
1	2026-01-01 12:13:07.000	27722	-1031	-920	8	125.61	2	1	9	106	9	(-8,-7)
1	2026-01-01 12:13:08.000	27757	-945	-869	8	89.88	4	2	9	106	9	(-7,-7)
1	2026-01-01 12:13:09.000	27792	-894	-971	8	52.72	2	4	9	106	9	(-7,-8)
1	2026-01-01 12:13:10.000	27827	-988	-853	8	74.87	2	4	9	106	4	(-8,-7)
1	2026-01-01 12:13:11.000	27862	-896	-890	8	84.32	1	6	9	106	4	(-7,-7)
1	2026-01-01 12:13:12.000	27897	-961	-824	8	41.71	2	6	9	106	4	(-8,-6)
1	2026-01-01 12:13:13.000	27932	-1061	-750	8	21.27	2	8	9	106	4	(-8,-6)
1	2026-01-01 12:13:14.000	27967	-1066	-684	8	32.06	1	7	9	106	0	(-8,-5)
1	2026-01-01 12:13:15.000	28002	-978	-731	8	30.9	1	5	9	106	0	(-8,-6)
1	2026-01-01 12:13:16.000	28037	-907	-620	8	29.44	1	7	9	106	24	(-7,-5)
1	2026-01-01 12:13:17.000	28072	-817	-518	8	64.99	2	5	9	106	24	(-6,-4)
1	2026-01-01 12:13:18.000	28107	-751	-552	8	45.56	3	5	9	106	21	(-6,-4)
1	2026-01-01 12:13:19.000	28142	-683	-570	8	0.85	5	7	9	106	21	(-5,-4)
1	2026-01-01 12:13:20.000	28177	-626	-478	8	339.31	7	8	9	106	21	(-5,-4)
1	2026-01-01 12:13:21.000	28212	-619	-393	8	23.07	5	10	9	106	21	(-5,-3)
1	2026-01-01 12:13:22.000	28247	-576	-488	8	23.6	4	10	9	106	21	(-4,-4)
1	2026-01-01 12:13:23.000	28282	-563	-600	8	38.01	5	10	9	106	21	(-4,-5)
1	2026-01-01 12:13:24.000	28317	-535	-686	8	39.96	4	10	9	106	21	(-4,-5)
1	2026-01-01 12:13:25.000	28352	-469	-785	8	5.81	4	9	9	106	21	(-4,-6)
1	2026-01-01 12:13:26.000	28387	-553	-692	8	342.96	6	8	9	106	21	(-4,-5)
1	2026-01-01 12:13:27.000	28422	-619	-653	8	27.56	8	10	9	106	21	(-5,-5)
1	2026-01-01 12:13:28.000	28457	-560	-579	8	49.72	10	10	9	106	21	(-4,-5)
1	2026-01-01 12:13:29.000	28492	-575	-586	8	37.77	10	10	9	106	21	(-4,-5)
1	2026-01-01 12:13:30.000	28527	-503	-467	8	60.82	10	10	9	106	21	(-4,-4)
1	2026-01-01 12:13:31.000	28562	-395	-524	8	86.84	10	10	9	106	21	(-3,-4)
1	2026-01-01 12:13:32.000	28597	-393	-568	8	42.68	9	9	9	106	21	(-3,-4)
1	2026-01-01 12:13:33.000	28632	-285	-647	8	359.14	10	8	9	106	21	(-2,-5)
1	2026-01-01 12:13:34.000	28667	-271	-726	8	334.43	9	7	9	106	17	(-2,-6)
1	2026-01-01 12:13:35.000	28702	-304	-688	8	300.83	9	9	9	106	17	(-2,-5)
1	2026-01-01 12:13:36.000	28737	-396	-624	8	343.78	9	7	9	106	17	(-3,-5)
1	2026-01-01 12:13:37.000	28772	-505	-644	8	327.89	10	5	9	106	17	(-4,-5)
1	2026-01-01 12:13:38.000	28807	-575	-753	8	311.28	10	7	9	106	17	(-4,-6)
1	2026-01-01 12:13:39.000	28842	-626	-722	8	307.99	10	8	9	106	17	(-5,-6)
1	2026-01-01 12:13:40.000	28877	-569	-657	8	270.32	10	10	9	106	36	(-4,-5)
1	2026-01-01 12:13:41.000	28912	-666	-769	8	297.88	10	8	9	106	50	(-5,-6)
1	2026-01-01 12:13:42.000	28947	-783	-659	8	297.02	10	7	9	106	50	(-6,-5)
1	2026-01-01 12:13:43.000	28982	-882	-548	8	308.65	10	6	9	106	50	(-7,-4)
1	2026-01-01 12:13:44.000	29017	-951	-655	8	307.71	9	5	9	106	50	(-7,-5)
1	2026-01-01 12:13:45.000	29052	-926	-719	8	284.43	10	7	9	106	50	(-7,-6)
1	2026-01-01 12:13:46.000	29087	-810	-701	8	250.45	10	5	9	106	50	(-6,-5)
1	2026-01-01 12:13:47.000	29122	-690	-651	0	275.27	9	7	9	106	50	(-5,-5)
1	2026-01-01 12:13:48.000	29157	-586	-711	0	304.04	10	5	9	106	50	(-5,-6)
1	2026-01-01 12:13:49.000	29192	-500	-803	0	343.36	9	7	9	106	50	(-4,-6)
1	2026-01-01 12:13:50.000	29227	-479	-911	0	308.1	8	7	9	106	46	(-4,-7)
1	2026-01-01 12:13:51.000	29262	-573	-954	56	290.43	10	7	9	106	46	(-4,-7)
1	2026-01-01 12:13:52.000	29297	-570	-874	56	306.91	10	5	9	106	46	(-4,-7)
1	2026-01-01 12:13:53.000	29332	-617	-870	56	290.39	10	7	9	106	43	(-5,-7)
1	2026-01-01 12:13:54.000	29367	-695	-811	56	295.63	10	8	9	106	50	(-5,-6)
1	2026-01-01 12:13:55.000	29402	-785	-767	56	262.59	8	10	9	106	50	(-6,-6)
1	2026-01-01 12:13:56.000	29437	-814	-862	56	282.85	7	8	9	106	50	(-6,-7)
1	2026-01-01 12:13:57.000	29472	-726	-854	56	296.9	5	10	9	106	50	(-6,-7)
1	2026-01-01 12:13:58.000	29507	-718	-964	56	265.22	4	10	9	106	50	(-6,-8)
1	2026-01-01 12:13:59.000	29542	-685	-858	56	272.69	5	8	9	106	50	(-5,-7)
1	2026-01-01 12:14:00.000	29577	-670	-785	56	308.1	3	7	9	106	50	(-5,-6)
1	2026-01-01 12:14:01.000	29612	-747	-678	0	324.17	2	7	9	106	48	(-6,-5)
1	2026-01-01 12:14:02.000	29647	-754	-615	0	304.52	1	7	9	106	48	(-6,-5)
1	2026-01-01 12:14:03.000	29682	-640	-512	0	349.23	0	7	8	106	48	(-5,-4)
1	2026-01-01 12:14:04.000	29717	-593	-465	0	14.0	0	9	8	106	48	(-5,-4)
1	2026-01-01 12:14:05.000	29752	-687	-393	0	342.57	-2	9	8	106	48	(-5,-3)
1	2026-01-01 12:14:06.000	29787	-743	-456	0	333.33	-3	10	8	106	48	(-6,-4)
1	2026-01-01 12:14:07.000	29822	-655	-382	0	312.71	-1	8	8	106	47	(-5,-3)
1	2026-01-01 12:14:08.000	29857	-629	-318	0	273.44	0	10	8	106	50	(-5,-2)
1	2026-01-01 12:14:09.000	29892	-563	-324	0	264.18	1	10	8	106	50	(-4,-3)
1	2026-01-01 12:14:10.000	29927	-560	-231	0	227.86	3	10	8	106	50	(-4,-2)
1	2026-01-01 12:14:11.000	29962	-513	-312	0	270.41	4	8	6	106	45	(-4,-2)
1	2026-01-01 12:14:12.000	29997	-430	-293	0	300.91	5	6	6	106	43	(-3,-2)
1	2026-01-01 12:14:13.000	30032	-404	-363	0	339.76	6	8	6	106	43	(-3,-3)
1	2026-01-01 12:14:14.000	30067	-444	-337	0	329.03	5	6	6	106	43	(-3,-3)
1	2026-01-01 12:14:15.000	30102	-391	-445	40	294.8	5	8	6	106	41	(-3,-3)
1	2026-01-01 12:14:16.000	30137	-466	-498	40	293.34	3	10	6	106	41	(-4,-4)
1	2026-01-01 12:14:17.000	30172	-575	-609	40	269.15	5	10	6	106	41	(-4,-5)
1	2026-01-01 12:14:18.000	30207	-640	-719	40	224.82	6	10	3	106	41	(-5,-6)
1	2026-01-01 12:14:19.000	30242	-646	-825	40	182.03	4	9	3	106	41	(-5,-6)
1	2026-01-01 12:14:20.000	30277	-641	-759	40	154.62	2	9	3	106	41	(-5,-6)
1	2026-01-01 12:14:21.000	30312	-668	-661	128	197.46	4	8	3	106	41	(-5,-5)
1	2026-01-01 12:14:22.000	30347	-581	-667	128	189.6	3	8	3	106	41	(-5,-5)
1	2026-01-01 12:14:23.000	30382	-586	-682	128	146.67	1	9	0	105	41	(-5,-5)
1	2026-01-01 12:14:24.000	30417	-606	-778	128	169.91	2	10	0	105	41	(-5,-6)
1	2026-01-01 12:14:25.000	30452	-581	-807	128	140.76	1	10	0	105	41	(-5,-6)
1	2026-01-01 12:14:26.000	30487	-672	-705	128	100.52	0	10	0	105	40	(-5,-6)
1	2026-01-01 12:14:27.000	30522	-760	-655	0	136.33	-2	8	0	105	40	(-6,-5)
1	2026-01-01 12:14:28.000	30557	-784	-732	0	168.57	0	7	0	105	40	(-6,-6)
1	2026-01-01 12:14:29.000	30592	-859	-837	0	141.42	-2	7	0	105	40	(-7,-7)
1	2026-01-01 12:14:30.000	30627	-948	-889	0	143.54	0	9	0	105	40	(-7,-7)
1	2026-01-01 12:14:31.000	30662	-931	-967	0	155.89	1	10	0	105	40	(-7,-8)
1	2026-01-01 12:14:32.000	30697	-923	-878	0	190.28	1	9	0	105	40	(-7,-7)
1	2026-01-01 12:14:33.000	30732	-810	-764	0	159.67	0	7	0	105	40	(-6,-6)
1	2026-01-01 12:14:34.000	30767	-842	-804	0	144.17	-1	6	0	105	40	(-7,-6)
1	2026-01-01 12:14:35.000	30802	-868	-919	0	156.62	0	8	0	105	39	(-7,-7)
1	2026-01-01 12:14:36.000	30837	-974	-910	0	189.4	-2	7	0	105	39	(-8,-7)
1	2026-01-01 12:14:37.000	30872	-923	-1011	32	169.14	-1	9	0	104	39	(-7,-8)
1	2026-01-01 12:14:38.000	30907	-828	-969	32	182.27	-2	9	0	104	39	(-6,-8)
1	2026-01-01 12:14:39.000	30942	-893	-990	32	158.54	-2	10	0	104	39	(-7,-8)
1	2026-01-01 12:14:40.000	30977	-834	-900	32	145.27	-4	10	0	104	36	(-7,-7)
1	2026-01-01 12:14:41.000	31012	-756	-927	32	162.71	-3	9	0	104	36	(-6,-7)
1	2026-01-01 12:14:42.000	31047	-822	-895	32	131.24	-5	8	0	104	36	(-6,-7)
1	2026-01-01 12:14:43.000	31082	-735	-906	32	115.18	-7	8	0	104	36	(-6,-7)
1	2026-01-01 12:14:44.000	31117	-692	-1021	32	85.74	-5	6	0	96	36	(-5,-8)
1	2026-01-01 12:14:45.000	31152	-579	-1053	32	114.33	-7	5	0	96	36	(-5,-8)
1	2026-01-01 12:14:46.000	31187	-675	-968	32	136.22	-5	4	0	96	36	(-5,-8)
1	2026-01-01 12:14:47.000	31222	-668	-1000	32	163.82	-6	3	0	96	32	(-5,-8)
1	2026-01-01 12:14:48.000	31257	-632	-1032	64	195.02	-7	2	5	96	32	(-5,-8)
1	2026-01-01 12:14:49.000	31292	-714	-1102	64	196.67	-5	2	5	96	32	(-6,-9)
1	2026-01-01 12:14:50.000	31327	-785	-1014	64	184.97	-7	2	5	96	32	(-6,-8)
1	2026-01-01 12:14:51.000	31362	-668	-973	64	202.44	-5	1	5	96	32	(-5,-8)
1	2026-01-01 12:14:52.000	31397	-732	-1048	64	168.76	-3	0	0	96	32	(-6,-8)
1	2026-01-01 12:14:53.000	31432	-702	-972	64	194.35	-5	2	0	96	32	(-5,-8)
1	2026-01-01 12:14:54.000	31467	-748	-957	64	217.69	-4	4	0	96	32	(-6,-7)
1	2026-01-01 12:14:55.000	31502	-759	-872	64	188.28	-6	6	0	96	32	(-6,-7)
1	2026-01-01 12:14:56.000	31537	-686	-860	64	223.38	-8	7	0	96	32	(-5,-7)
1	2026-01-01 12:14:57.000	31572	-730	-774	64	244.6	-8	8	0	96	32	(-6,-6)
1	2026-01-01 12:14:58.000	31607	-682	-825	64	277.97	-10	9	0	96	30	(-5,-6)
1	2026-01-01 12:14:59.000	31642	-669	-836	64	288.57	-8	7	0	96	30	(-5,-7)
1	2026-01-01 12:15:00.000	31677	-623	-847	64	291.58	-10	9	0	96	30	(-5,-7)
1	2026-01-01 12:15:01.000	31712	-617	-802	0	298.31	-10	7	0	96	30	(-5,-6)
1	2026-01-01 12:15:02.000	31747	-673	-901	0	276.4	-10	7	0	96	30	(-5,-7)
1	2026-01-01 12:15:03.000	31782	-779	-955	0	319.97	-9	6	0	96	30	(-6,-7)
1	2026-01-01 12:15:04.000	31817	-718	-976	0	296.75	-10	6	0	96	30	(-6,-8)
1	2026-01-01 12:15:05.000	31852	-734	-917	0	254.23	-10	7	0	96	30	(-6,-7)
1	2026-01-01 12:15:06.000	31887	-616	-945	64	281.77	-8	5	0	96	30	(-5,-7)
1	2026-01-01 12:15:07.000	31922	-535	-1033	64	243.6	-6	3	0	96	26	(-4,-8)
1	2026-01-01 12:15:08.000	31957	-641	-1142	64	223.88	-5	5	0	96	26	(-5,-9)
1	2026-01-01 12:15:09.000	31992	-630	-1254	64	187.51	-5	6	0	96	26	(-5,-10)
1	2026-01-01 12:15:10.000	32027	-548	-1369	64	214.8	-3	8	0	96	26	(-4,-11)
1	2026-01-01 12:15:11.000	32062	-572	-1420	64	258.8	-2	7	0	96	26	(-4,-11)
1	2026-01-01 12:15:12.000	32097	-516	-1431	40	262.71	-1	5	0	96	26	(-4,-11)
1	2026-01-01 12:15:13.000	32132	-459	-1500	40	235.78	-1	6	0	96	26	(-4,-12)
1	2026-01-01 12:15:14.000	32167	-489	-1508	40	262.45	-1	5	0	96	26	(-4,-12)
1	2026-01-01 12:15:15.000	32202	-411	-1428	40	287.95	-3	4	0	96	26	(-3,-11)
1	2026-01-01 12:15:16.000	32237	-321	-1363	40	287.5	-2	4	0	96	26	(-3,-11)
1	2026-01-01 12:15:17.000	32272	-245	-1433	40	331.65	-3	6	0	96	26	(-2,-11)
1	2026-01-01 12:15:18.000	32307	-294	-1452	0	337.69	-4	8	0	92	26	(-2,-11)
1	2026-01-01 12:15:19.000	32342	-236	-1377	0	327.33	-3	8	0	92	21	(-2,-11)
1	2026-01-01 12:15:20.000	32377	-289	-1479	0	337.39	-3	6	0	99	21	(-2,-12)
1	2026-01-01 12:15:21.000	32412	-359	-1551	0	316.0	-2	7	0	92	21	(-3,-12)
1	2026-01-01 12:15:22.000	32447	-398	-1634	0	280.06	-3	6	0	92	21	(-3,-13)
1	2026-01-01 12:15:23.000	32482	-339	-1750	0	295.14	-4	5	0	92	21	(-3,-14)
1	2026-01-01 12:15:24.000	32517	-433	-1710	0	255.15	-5	5	0	92	21	(-3,-13)
1	2026-01-01 12:15:25.000	32552	-458	-1808	0	280.96	-4	3	0	92	21	(-4,-14)
1	2026-01-01 12:15:26.000	32587	-355	-1863	0	271.58	-6	4	0	92	21	(-3,-15)
1	2026-01-01 12:15:27.000	32622	-309	-1878	0	270.45	-5	3	0	89	21	(-2,-15)
1	2026-01-01 12:15:28.000	32657	-393	-1850	8	258.89	-7	2	0	89	18	(-3,-14)
1	2026-01-01 12:15:29.000	32692	-494	-1829	8	301.82	-6	0	0	89	18	(-4,-14)
1	2026-01-01 12:15:30.000	32727	-578	-1768	8	292.43	-5	0	0	89	17	(-5,-14)
1	2026-01-01 12:15:31.000	32762	-481	-1659	8	251.99	-6	2	0	89	17	(-4,-13)
1	2026-01-01 12:15:32.000	32797	-380	-1546	8	289.21	-8	4	0	82	17	(-3,-12)
1	2026-01-01 12:15:33.000	32832	-472	-1500	8	266.87	-8	3	0	82	17	(-4,-12)
1	2026-01-01 12:15:34.000	32867	-533	-1577	8	295.48	-6	3	0	80	17	(-4,-12)
1	2026-01-01 12:15:35.000	32902	-627	-1653	8	326.33	-7	1	0	80	17	(-5,-13)
1	2026-01-01 12:15:36.000	32937	-668	-1668	8	286.48	-9	3	0	80	17	(-5,-13)
1	2026-01-01 12:15:37.000	32972	-620	-1780	8	324.32	-8	5	0	80	17	(-5,-14)
1	2026-01-01 12:15:38.000	33007	-689	-1704	8	356.63	-9	4	0	80	17	(-5,-13)
1	2026-01-01 12:15:39.000	33042	-776	-1743	8	30.38	-9	4	0	80	17	(-6,-14)
1	2026-01-01 12:15:40.000	33077	-734	-1831	8	18.26	-8	3	0	80	17	(-6,-14)
1	2026-01-01 12:15:41.000	33112	-647	-1794	8	29.91	-7	3	0	80	15	(-5,-14)
1	2026-01-01 12:15:42.000	33147	-541	-1813	8	26.08	-5	2	0	80	15	(-4,-14)
1	2026-01-01 12:15:43.000	33182	-648	-1887	8	37.16	-5	4	0	80	15	(-5,-15)
1	2026-01-01 12:15:44.000	33217	-534	-1829	8	46.95	-5	3	0	80	14	(-4,-14)
1	2026-01-01 12:15:45.000	33252	-545	-1904	8	38.63	-6	4	0	80	14	(-4,-15)
1	2026-01-01 12:15:46.000	33287	-562	-1996	8	78.47	-7	5	0	80	14	(-4,-16)
1	2026-01-01 12:15:47.000	33322	-635	-1924	8	118.56	-5	4	0	80	25	(-5,-15)
1	2026-01-01 12:15:48.000	33357	-680	-1920	8	150.33	-6	2	0	80	25	(-5,-15)
1	2026-01-01 12:15:49.000	33392	-680	-1924	8	125.0	-8	4	0	80	25	(-5,-15)
1	2026-01-01 12:15:50.000	33427	-640	-1813	8	85.06	-8	4	0	80	25	(-5,-14)
1	2026-01-01 12:15:51.000	33462	-677	-1852	8	80.55	-9	6	0	80	25	(-5,-14)
1	2026-01-01 12:15:52.000	33497	-791	-1763	8	100.12	-7	7	0	80	25	(-6,-14)
1	2026-01-01 12:15:53.000	33532	-776	-1643	8	105.62	-8	7	0	80	25	(-6,-13)
1	2026-01-01 12:15:54.000	33567	-807	-1713	8	82.71	-7	5	0	80	25	(-6,-13)
1	2026-01-01 12:15:55.000	33602	-735	-1702	16	54.53	-8	6	0	80	25	(-6,-13)
1	2026-01-01 12:15:56.000	33637	-823	-1619	16	89.84	-9	5	0	80	25	(-6,-13)
1	2026-01-01 12:15:57.000	33672	-847	-1716	40	117.41	-10	4	0	80	25	(-7,-13)
1	2026-01-01 12:15:58.000	33707	-791	-1722	40	83.97	-8	5	0	80	25	(-6,-13)
1	2026-01-01 12:15:59.000	33742	-825	-1822	40	98.66	-10	6	0	80	25	(-6,-14)
1	2026-01-01 12:16:00.000	33777	-821	-1778	40	126.0	-10	5	0	80	25	(-6,-14)
1	2026-01-01 12:16:01.000	33812	-812	-1705	40	138.89	-10	6	0	80	25	(-6,-13)
1	2026-01-01 12:16:02.000	33847	-932	-1825	40	132.63	-10	4	0	80	25	(-7,-14)
1	2026-01-01 12:16:03.000	33882	-950	-1727	40	157.27	-9	6	0	80	25	(-7,-13)
1	2026-01-01 12:16:04.000	33917	-959	-1689	40	120.6	-9	5	0	80	24	(-7,-13)
1	2026-01-01 12:16:05.000	33952	-978	-1801	40	136.42	-8	6	0	80	24	(-8,-14)
1	2026-01-01 12:16:06.000	33987	-875	-1814	40	149.43	-7	5	0	80	24	(-7,-14)
1	2026-01-01 12:16:07.000	34022	-887	-1859	40	183.47	-7	7	0	80	24	(-7,-15)
1	2026-01-01 12:16:08.000	34057	-858	-1754	40	179.21	-6	9	0	80	24	(-7,-14)
1	2026-01-01 12:16:09.000	34092	-789	-1715	40	147.96	-6	9	0	80	24	(-6,-13)
1	2026-01-01 12:16:10.000	34127	-725	-1673	40	141.27	-4	8	0	80	20	(-6,-13)
1	2026-01-01 12:16:11.000	34162	-703	-1619	40	159.68	-5	9	0	80	20	(-5,-13)
1	2026-01-01 12:16:12.000	34197	-622	-1557	40	176.56	-4	9	0	80	15	(-5,-12)
1	2026-01-01 12:16:13.000	34232	-607	-1610	40	191.47	-3	7	0	80	15	(-5,-13)
1	2026-01-01 12:16:14.000	34267	-613	-1677	40	156.65	-4	9	0	80	15	(-5,-13)
1	2026-01-01 12:16:15.000	34302	-685	-1575	40	118.03	-5	9	0	80	15	(-5,-12)
1	2026-01-01 12:16:16.000	34337	-720	-1497	40	134.82	-5	8	0	80	15	(-6,-12)
1	2026-01-01 12:16:17.000	34372	-679	-1496	40	104.41	-6	9	0	80	15	(-5,-12)
1	2026-01-01 12:16:18.000	34407	-624	-1613	40	118.92	-5	9	0	80	15	(-5,-13)
1	2026-01-01 12:16:19.000	34442	-612	-1704	40	89.97	-4	8	0	80	15	(-5,-13)
1	2026-01-01 12:16:20.000	34477	-645	-1660	40	45.19	-6	9	0	80	15	(-5,-13)
1	2026-01-01 12:16:21.000	34512	-671	-1557	40	78.44	-8	9	0	80	15	(-5,-12)
1	2026-01-01 12:16:22.000	34547	-703	-1649	40	105.25	-9	10	0	80	15	(-5,-13)
1	2026-01-01 12:16:23.000	34582	-800	-1706	40	86.1	-8	10	0	80	15	(-6,-13)
1	2026-01-01 12:16:24.000	34617	-754	-1600	40	123.55	-7	9	0	80	15	(-6,-12)
1	2026-01-01 12:16:25.000	34652	-669	-1650	40	97.72	-9	10	0	80	15	(-5,-13)
1	2026-01-01 12:16:26.000	34687	-685	-1685	40	111.41	-10	10	0	80	15	(-5,-13)
1	2026-01-01 12:16:27.000	34722	-665	-1793	40	80.83	-10	10	0	80	15	(-5,-14)
1	2026-01-01 12:16:28.000	34757	-660	-1879	40	103.64	-10	9	0	80	12	(-5,-15)
1	2026-01-01 12:16:29.000	34792	-642	-1916	40	124.24	-8	7	0	80	12	(-5,-15)
1	2026-01-01 12:16:30.000	34827	-724	-1888	24	85.12	-8	6	0	80	12	(-6,-15)
1	2026-01-01 12:16:31.000	34862	-777	-1902	24	66.95	-9	5	0	80	12	(-6,-15)
1	2026-01-01 12:16:32.000	34897	-707	-1897	24	83.16	-10	4	12	80	12	(-6,-15)
1	2026-01-01 12:16:33.000	34932	-820	-1828	-16	81.4	-10	3	12	80	10	(-6,-14)
1	2026-01-01 12:16:34.000	34967	-800	-1710	64	93.53	-9	2	12	80	10	(-6,-13)
1	2026-01-01 12:16:35.000	35002	-695	-1650	64	125.69	-10	2	12	80	10	(-5,-13)
1	2026-01-01 12:16:36.000	35037	-733	-1730	64	130.81	-10	2	12	80	7	(-6,-14)
1	2026-01-01 12:16:37.000	35072	-744	-1754	64	90.27	-10	4	12	80	7	(-6,-14)
1	2026-01-01 12:16:38.000	35107	-626	-1688	64	81.62	-10	2	12	80	7	(-5,-13)
1	2026-01-01 12:16:39.000	35142	-632	-1574	64	72.34	-10	1	12	80	7	(-5,-12)
1	2026-01-01 12:16:40.000	35177	-710	-1631	64	116.49	-8	0	12	80	7	(-6,-13)
1	2026-01-01 12:16:41.000	35212	-788	-1613	64	113.2	-10	0	12	80	6	(-6,-13)
1	2026-01-01 12:16:42.000	35247	-735	-1671	64	105.45	-10	0	12	80	6	(-6,-13)
1	2026-01-01 12:16:43.000	35282	-653	-1702	64	66.48	-10	-2	11	80	6	(-5,-13)
1	2026-01-01 12:16:44.000	35317	-598	-1608	8	105.32	-9	-1	11	80	6	(-5,-13)
1	2026-01-01 12:16:45.000	35352	-637	-1622	8	129.9	-8	-1	11	80	6	(-5,-13)
1	2026-01-01 12:16:46.000	35387	-684	-1532	8	169.97	-10	-3	11	80	6	(-5,-12)
1	2026-01-01 12:16:47.000	35422	-584	-1515	8	213.12	-10	-5	11	80	6	(-5,-12)
1	2026-01-01 12:16:48.000	35457	-618	-1586	8	178.98	-8	-5	11	80	6	(-5,-12)
1	2026-01-01 12:16:49.000	35492	-724	-1579	8	137.49	-10	-7	11	80	4	(-6,-12)
1	2026-01-01 12:16:50.000	35527	-805	-1636	8	154.45	-8	-6	11	80	4	(-6,-13)
1	2026-01-01 12:16:51.000	35562	-770	-1672	-8	167.55	-8	-4	11	80	4	(-6,-13)
1	2026-01-01 12:16:52.000	35597	-876	-1749	-8	196.54	-9	-5	11	80	4	(-7,-14)
1	2026-01-01 12:16:53.000	35632	-934	-1831	-8	234.41	-9	-7	11	80	4	(-7,-14)
1	2026-01-01 12:16:54.000	35667	-912	-1941	-8	218.76	-8	-9	11	80	4	(-7,-15)
1	2026-01-01 12:16:55.000	35702	-833	-2025	-8	181.86	-9	-10	11	80	4	(-7,-16)
1	2026-01-01 12:16:56.000	35737	-728	-2041	-8	218.49	-10	-10	11	80	4	(-6,-16)
1	2026-01-01 12:16:57.000	35772	-729	-2002	-8	215.29	-8	-10	11	80	4	(-6,-16)
1	2026-01-01 12:16:58.000	35807	-801	-1929	-8	179.14	-10	-10	11	80	4	(-6,-15)
1	2026-01-01 12:16:59.000	35842	-724	-1963	-8	173.35	-10	-10	11	80	4	(-6,-15)
1	2026-01-01 12:17:00.000	35877	-772	-1977	-8	169.99	-10	-9	11	80	4	(-6,-15)
1	2026-01-01 12:17:01.000	35912	-776	-1946	0	210.89	-10	-10	11	80	4	(-6,-15)
1	2026-01-01 12:17:02.000	35947	-885	-1960	0	254.06	-10	-10	11	80	0	(-7,-15)
1	2026-01-01 12:17:03.000	35982	-922	-2047	0	237.48	-10	-10	11	80	0	(-7,-16)
1	2026-01-01 12:17:04.000	36017	-819	-2126	0	201.89	-9	-10	11	80	0	(-6,-17)
1	2026-01-01 12:17:05.000	36052	-860	-2189	0	158.57	-10	-10	11	80	0	(-7,-17)
1	2026-01-01 12:17:06.000	36087	-947	-2104	0	125.73	-9	-9	11	80	0	(-7,-16)
1	2026-01-01 12:17:07.000	36122	-904	-2171	0	93.73	-10	-10	11	80	0	(-7,-17)
1	2026-01-01 12:17:08.000	36157	-946	-2226	0	70.11	-10	-10	11	80	0	(-7,-17)
1	2026-01-01 12:17:09.000	36192	-830	-2142	0	80.69	-10	-9	11	80	0	(-6,-17)
1	2026-01-01 12:17:10.000	36227	-716	-2137	0	124.69	-8	-10	11	80	0	(-6,-17)
1	2026-01-01 12:17:11.000	36262	-701	-2256	0	166.55	-7	-10	9	80	0	(-5,-18)
1	2026-01-01 12:17:12.000	36297	-803	-2168	0	169.47	-6	-10	9	80	0	(-6,-17)
1	2026-01-01 12:17:13.000	36332	-751	-2095	-16	175.3	-6	-10	9	80	24	(-6,-16)
1	2026-01-01 12:17:14.000	36367	-689	-2179	-16	166.84	-5	-10	9	80	24	(-5,-17)
1	2026-01-01 12:17:15.000	36402	-648	-2158	-16	130.73	-6	-9	15	80	24	(-5,-17)
1	2026-01-01 12:17:16.000	36437	-680	-2143	-16	86.19	-7	-8	15	80	24	(-5,-17)
1	2026-01-01 12:17:17.000	36472	-695	-2130	-16	91.66	-5	-9	15	80	24	(-5,-17)
1	2026-01-01 12:17:18.000	36507	-766	-2198	-16	131.4	-5	-8	15	80	24	(-6,-17)
1	2026-01-01 12:17:19.000	36542	-816	-2203	-16	175.7	-5	-8	15	80	20	(-6,-17)
1	2026-01-01 12:17:20.000	36577	-811	-2262	-16	181.29	-5	-10	15	80	18	(-6,-18)
1	2026-01-01 12:17:21.000	36612	-742	-2190	-16	216.56	-7	-8	15	80	18	(-6,-17)
1	2026-01-01 12:17:22.000	36647	-643	-2207	-16	204.66	-7	-9	15	80	18	(-5,-17)
1	2026-01-01 12:17:23.000	36682	-611	-2294	-16	182.51	-5	-9	12	80	18	(-5,-18)
1	2026-01-01 12:17:24.000	36717	-708	-2408	-16	200.04	-6	-9	12	80	18	(-6,-19)
1	2026-01-01 12:17:25.000	36752	-823	-2505	-16	220.75	-5	-8	12	80	18	(-6,-20)
1	2026-01-01 12:17:26.000	36787	-723	-2624	-16	185.12	-3	-10	12	80	18	(-6,-20)
1	2026-01-01 12:17:27.000	36822	-640	-2588	-16	199.1	-4	-10	12	80	18	(-5,-20)
1	2026-01-01 12:17:28.000	36857	-759	-2625	-16	222.17	-2	-9	12	80	14	(-6,-21)
1	2026-01-01 12:17:29.000	36892	-840	-2533	-16	261.86	-2	-9	12	80	14	(-7,-20)
1	2026-01-01 12:17:30.000	36927	-737	-2416	-16	305.7	-3	-7	12	80	14	(-6,-19)
1	2026-01-01 12:17:31.000	36962	-696	-2496	-8	314.46	-3	-8	12	80	14	(-5,-20)
1	2026-01-01 12:17:32.000	36997	-680	-2528	-8	343.52	-2	-9	12	80	14	(-5,-20)
1	2026-01-01 12:17:33.000	37032	-747	-2522	-8	26.35	-3	-10	12	80	11	(-6,-20)
1	2026-01-01 12:17:34.000	37067	-749	-2422	24	24.68	-5	-10	12	80	11	(-6,-19)
1	2026-01-01 12:17:35.000	37102	-677	-2319	0	38.96	-3	-8	12	80	11	(-5,-18)
1	2026-01-01 12:17:36.000	37137	-737	-2302	0	354.1	-4	-6	12	80	7	(-6,-18)
1	2026-01-01 12:17:37.000	37172	-791	-2337	0	316.38	-3	-7	12	80	7	(-6,-18)
1	2026-01-01 12:17:38.000	37207	-721	-2252	0	285.96	-2	-8	12	80	7	(-6,-18)
1	2026-01-01 12:17:39.000	37242	-704	-2193	0	290.47	-4	-10	12	80	7	(-6,-17)
1	2026-01-01 12:17:40.000	37277	-792	-2301	0	321.3	-2	-10	12	80	7	(-6,-18)
1	2026-01-01 12:17:41.000	37312	-788	-2253	56	299.62	-4	-10	12	80	7	(-6,-18)
1	2026-01-01 12:17:42.000	37347	-671	-2180	56	257.0	-5	-10	12	80	7	(-5,-17)
1	2026-01-01 12:17:43.000	37382	-648	-2131	56	301.13	-6	-8	12	80	7	(-5,-17)
1	2026-01-01 12:17:44.000	37417	-681	-2147	56	318.53	-4	-6	12	80	7	(-5,-17)
1	2026-01-01 12:17:45.000	37452	-593	-2233	56	344.39	-5	-4	12	80	7	(-5,-17)
1	2026-01-01 12:17:46.000	37487	-655	-2160	0	1.34	-5	-2	12	80	2	(-5,-17)
1	2026-01-01 12:17:47.000	37522	-651	-2056	0	18.65	-7	0	2	80	0	(-5,-16)
1	2026-01-01 12:17:48.000	37557	-696	-2000	0	46.39	-6	2	2	86	0	(-5,-16)
1	2026-01-01 12:17:49.000	37592	-794	-1975	0	27.93	-6	3	0	81	0	(-6,-15)
1	2026-01-01 12:17:50.000	37627	-761	-2042	0	35.21	-8	1	0	81	0	(-6,-16)
1	2026-01-01 12:17:51.000	37662	-680	-2153	0	353.78	-9	1	0	81	0	(-5,-17)
1	2026-01-01 12:17:52.000	37697	-600	-2083	0	316.96	-8	0	0	81	0	(-5,-16)
1	2026-01-01 12:17:53.000	37732	-497	-2163	0	281.84	-7	1	0	81	0	(-4,-17)
1	2026-01-01 12:17:54.000	37767	-392	-2116	0	320.43	-5	3	0	81	0	(-3,-17)
1	2026-01-01 12:17:55.000	37802	-396	-2133	0	288.44	-3	5	0	81	0	(-3,-17)
1	2026-01-01 12:17:56.000	37837	-385	-2196	0	249.0	-2	5	0	81	0	(-3,-17)
1	2026-01-01 12:17:57.000	37872	-286	-2281	0	206.48	-4	5	0	81	0	(-2,-18)
1	2026-01-01 12:17:58.000	37907	-283	-2331	0	218.2	-4	5	0	81	18	(-2,-18)
1	2026-01-01 12:17:59.000	37942	-283	-2294	0	228.59	-2	4	0	81	18	(-2,-18)
1	2026-01-01 12:18:00.000	37977	-202	-2398	0	257.85	-4	5	0	81	18	(-2,-19)
1	2026-01-01 12:18:01.000	38012	-118	-2359	0	213.29	-6	4	0	78	18	(-1,-18)
1	2026-01-01 12:18:02.000	38047	-137	-2369	0	179.71	-8	2	0	78	18	(-1,-19)
1	2026-01-01 12:18:03.000	38082	-160	-2428	0	222.26	-10	4	0	78	18	(-1,-19)
1	2026-01-01 12:18:04.000	38117	-270	-2466	0	240.21	-10	2	0	78	18	(-2,-19)
1	2026-01-01 12:18:05.000	38152	-306	-2508	0	275.57	-9	3	0	92	18	(-2,-20)
1	2026-01-01 12:18:06.000	38187	-213	-2580	0	282.51	-7	1	0	92	18	(-2,-20)
1	2026-01-01 12:18:07.000	38222	-206	-2569	0	299.06	-8	2	0	92	18	(-2,-20)
1	2026-01-01 12:18:08.000	38257	-317	-2559	0	337.14	-10	2	0	92	18	(-2,-20)
1	2026-01-01 12:18:09.000	38292	-248	-2481	0	299.19	-10	4	0	92	18	(-2,-19)
1	2026-01-01 12:18:10.000	38327	-248	-2476	0	262.28	-9	4	0	92	16	(-2,-19)
1	2026-01-01 12:18:11.000	38362	-164	-2514	0	262.8	-8	5	0	92	16	(-1,-20)
1	2026-01-01 12:18:12.000	38397	-171	-2626	0	270.89	-7	7	0	92	16	(-1,-21)
1	2026-01-01 12:18:13.000	38432	-58	-2581	0	313.25	-8	8	0	92	16	(0,-20)
1	2026-01-01 12:18:14.000	38467	-169	-2627	0	275.43	-9	10	0	92	16	(-1,-21)
1	2026-01-01 12:18:15.000	38502	-89	-2731	0	297.49	-10	9	0	92	16	(-1,-21)
1	2026-01-01 12:18:16.000	38537	10	-2625	0	336.5	-10	8	0	92	16	(0,-21)
1	2026-01-01 12:18:17.000	38572	-19	-2555	0	7.68	-10	8	0	86	16	(0,-20)
1	2026-01-01 12:18:18.000	38607	34	-2607	16	359.57	-8	10	0	86	16	(0,-20)
1	2026-01-01 12:18:19.000	38642	-6	-2658	16	355.32	-7	10	0	86	16	(0,-21)
1	2026-01-01 12:18:20.000	38677	-66	-2679	16	28.11	-8	10	0	86	16	(-1,-21)
1	2026-01-01 12:18:21.000	38712	-138	-2704	16	346.14	-6	9	0	86	12	(-1,-21)
1	2026-01-01 12:18:22.000	38747	-245	-2712	16	315.98	-6	7	0	86	12	(-2,-21)
1	2026-01-01 12:18:23.000	38782	-198	-2658	0	286.73	-6	5	8	86	12	(-2,-21)
1	2026-01-01 12:18:24.000	38817	-303	-2632	0	258.53	-5	7	8	86	12	(-2,-21)
1	2026-01-01 12:18:25.000	38852	-357	-2608	0	291.9	-4	9	8	86	12	(-3,-20)
1	2026-01-01 12:18:26.000	38887	-412	-2498	0	264.92	-2	8	23	86	12	(-3,-20)
1	2026-01-01 12:18:27.000	38922	-485	-2516	0	224.98	-1	8	23	86	22	(-4,-20)
1	2026-01-01 12:18:28.000	38957	-479	-2548	0	264.9	0	10	23	86	22	(-4,-20)
1	2026-01-01 12:18:29.000	38992	-526	-2568	0	292.2	-2	9	23	86	22	(-4,-20)
1	2026-01-01 12:18:30.000	39027	-580	-2625	0	321.95	-2	10	23	86	22	(-5,-21)
1	2026-01-01 12:18:31.000	39062	-690	-2669	0	345.73	-4	9	23	86	22	(-5,-21)
1	2026-01-01 12:18:32.000	39097	-794	-2636	0	314.55	-2	9	23	86	22	(-6,-21)
1	2026-01-01 12:18:33.000	39132	-805	-2646	0	317.03	0	7	23	86	22	(-6,-21)
1	2026-01-01 12:18:34.000	39167	-767	-2737	0	303.97	2	7	23	86	22	(-6,-21)
1	2026-01-01 12:18:35.000	39202	-866	-2726	0	268.13	2	6	23	86	22	(-7,-21)
1	2026-01-01 12:18:36.000	39237	-785	-2608	24	303.18	0	5	23	86	22	(-6,-20)
1	2026-01-01 12:18:37.000	39272	-777	-2701	24	297.47	-2	3	23	86	22	(-6,-21)
1	2026-01-01 12:18:38.000	39307	-778	-2813	24	288.63	-2	5	23	86	22	(-6,-22)
1	2026-01-01 12:18:39.000	39342	-821	-2827	24	332.17	-3	6	23	86	18	(-6,-22)
1	2026-01-01 12:18:40.000	39377	-904	-2828	24	6.58	-4	7	23	86	33	(-7,-22)
1	2026-01-01 12:18:41.000	39412	-1005	-2893	24	8.78	-2	7	23	86	33	(-8,-23)
1	2026-01-01 12:18:42.000	39447	-1119	-2798	24	26.96	0	8	23	86	33	(-9,-22)
1	2026-01-01 12:18:43.000	39482	-1007	-2847	24	47.89	1	8	23	86	33	(-8,-22)
1	2026-01-01 12:18:44.000	39517	-968	-2786	24	83.42	-1	6	23	86	33	(-8,-22)
1	2026-01-01 12:18:45.000	39552	-878	-2695	24	79.53	0	5	23	86	33	(-7,-21)
1	2026-01-01 12:18:46.000	39587	-793	-2626	24	61.23	-2	6	23	86	33	(-6,-21)
1	2026-01-01 12:18:47.000	39622	-913	-2555	24	59.91	0	8	23	86	33	(-7,-20)
1	2026-01-01 12:18:48.000	39657	-900	-2642	0	87.01	2	9	23	86	33	(-7,-21)
1	2026-01-01 12:18:49.000	39692	-933	-2618	0	102.56	0	10	23	86	29	(-7,-20)
1	2026-01-01 12:18:50.000	39727	-873	-2565	0	83.9	-2	8	23	86	25	(-7,-20)
1	2026-01-01 12:18:51.000	39762	-954	-2457	0	124.92	-3	9	23	86	25	(-7,-19)
1	2026-01-01 12:18:52.000	39797	-1011	-2544	0	154.45	-4	8	23	86	25	(-8,-20)
1	2026-01-01 12:18:53.000	39832	-957	-2563	0	165.72	-2	8	23	86	25	(-7,-20)
1	2026-01-01 12:18:54.000	39867	-907	-2451	0	150.88	-3	7	23	86	25	(-7,-19)
1	2026-01-01 12:18:55.000	39902	-945	-2403	0	169.4	-1	5	23	94	25	(-7,-19)
1	2026-01-01 12:18:56.000	39937	-925	-2353	0	200.88	-3	4	23	94	25	(-7,-18)
1	2026-01-01 12:18:57.000	39972	-904	-2287	0	190.14	-2	5	23	94	20	(-7,-18)
1	2026-01-01 12:18:58.000	40007	-975	-2330	0	208.09	0	3	23	94	19	(-8,-18)
1	2026-01-01 12:18:59.000	40042	-1039	-2450	0	201.1	-1	2	37	94	19	(-8,-19)
1	2026-01-01 12:19:00.000	40077	-1033	-2343	0	231.04	-3	0	37	94	19	(-8,-18)
1	2026-01-01 12:19:01.000	40112	-937	-2320	0	227.92	-1	-1	37	94	19	(-7,-18)
1	2026-01-01 12:19:02.000	40147	-1011	-2301	0	238.97	0	0	37	94	19	(-8,-18)
1	2026-01-01 12:19:03.000	40182	-901	-2352	0	217.04	-2	0	37	94	19	(-7,-18)
1	2026-01-01 12:19:04.000	40217	-916	-2386	0	256.89	-4	0	37	106	19	(-7,-19)
1	2026-01-01 12:19:05.000	40252	-1024	-2286	0	286.2	-5	0	37	106	19	(-8,-18)
1	2026-01-01 12:19:06.000	40287	-1076	-2368	0	300.95	-7	2	37	106	18	(-8,-18)
1	2026-01-01 12:19:07.000	40322	-1039	-2442	0	259.29	-7	4	37	106	16	(-8,-19)
1	2026-01-01 12:19:08.000	40357	-946	-2355	0	296.96	-9	6	37	106	16	(-7,-18)
1	2026-01-01 12:19:09.000	40392	-1060	-2348	0	336.63	-7	4	37	106	16	(-8,-18)
1	2026-01-01 12:19:10.000	40427	-1100	-2377	0	303.36	-5	5	37	106	16	(-9,-19)
1	2026-01-01 12:19:11.000	40462	-1148	-2412	0	270.67	-4	5	37	106	16	(-9,-19)
1	2026-01-01 12:19:12.000	40497	-1138	-2319	0	229.15	-3	7	37	106	16	(-9,-18)
1	2026-01-01 12:19:13.000	40532	-1133	-2344	32	209.24	-3	6	37	106	12	(-9,-18)
1	2026-01-01 12:19:14.000	40567	-1251	-2335	32	242.17	-2	7	37	106	12	(-10,-18)
1	2026-01-01 12:19:15.000	40602	-1343	-2355	32	258.74	-1	5	37	106	12	(-10,-18)
1	2026-01-01 12:19:16.000	40637	-1441	-2457	32	302.61	-2	6	37	106	12	(-11,-19)
1	2026-01-01 12:19:17.000	40672	-1513	-2514	32	300.9	0	6	37	106	12	(-12,-20)
1	2026-01-01 12:19:18.000	40707	-1412	-2585	32	286.62	0	5	37	106	12	(-11,-20)
1	2026-01-01 12:19:19.000	40742	-1457	-2613	32	252.2	1	7	37	106	12	(-11,-20)
1	2026-01-01 12:19:20.000	40777	-1413	-2565	32	274.78	1	8	37	106	12	(-11,-20)
1	2026-01-01 12:19:21.000	40812	-1319	-2502	32	284.5	-1	7	37	106	12	(-10,-20)
1	2026-01-01 12:19:22.000	40847	-1290	-2472	32	321.51	-3	8	37	106	12	(-10,-19)
1	2026-01-01 12:19:23.000	40882	-1192	-2483	32	333.16	-1	6	37	106	12	(-9,-19)
1	2026-01-01 12:19:24.000	40917	-1301	-2391	24	335.33	-1	4	37	106	12	(-10,-19)
1	2026-01-01 12:19:25.000	40952	-1421	-2442	24	324.24	0	3	37	106	12	(-11,-19)
1	2026-01-01 12:19:26.000	40987	-1478	-2375	24	6.31	-2	1	37	106	12	(-12,-19)
1	2026-01-01 12:19:27.000	41022	-1447	-2479	24	33.23	0	-1	37	106	9	(-11,-19)
1	2026-01-01 12:19:28.000	41057	-1385	-2450	24	27.1	0	-2	37	106	9	(-11,-19)
1	2026-01-01 12:19:29.000	41092	-1433	-2393	24	45.82	2	-3	37	106	9	(-11,-19)
1	2026-01-01 12:19:30.000	41127	-1370	-2302	24	5.32	3	-3	37	106	6	(-11,-18)
1	2026-01-01 12:19:31.000	41162	-1312	-2253	24	326.11	5	-3	37	106	6	(-10,-18)
1	2026-01-01 12:19:32.000	41197	-1308	-2252	24	7.05	3	-4	37	106	6	(-10,-18)
1	2026-01-01 12:19:33.000	41232	-1427	-2146	0	352.88	5	-4	37	106	6	(-11,-17)
1	2026-01-01 12:19:34.000	41267	-1415	-2055	0	321.58	7	-6	37	106	6	(-11,-16)
1	2026-01-01 12:19:35.000	41302	-1335	-2080	0	319.15	7	-6	37	106	6	(-10,-16)
1	2026-01-01 12:19:36.000	41337	-1302	-2134	0	351.45	8	-4	37	106	6	(-10,-17)
1	2026-01-01 12:19:37.000	41372	-1327	-2127	0	319.16	7	-5	37	106	6	(-10,-17)
1	2026-01-01 12:19:38.000	41407	-1327	-2183	0	310.86	8	-6	37	106	1	(-10,-17)
1	2026-01-01 12:19:39.000	41442	-1416	-2299	0	338.64	6	-7	37	106	1	(-11,-18)
1	2026-01-01 12:19:40.000	41477	-1452	-2364	0	4.39	5	-8	37	106	1	(-11,-18)
1	2026-01-01 12:19:41.000	41512	-1397	-2429	0	341.86	4	-8	34	106	1	(-11,-19)
1	2026-01-01 12:19:42.000	41547	-1395	-2435	0	316.84	3	-9	34	106	1	(-11,-19)
1	2026-01-01 12:19:43.000	41582	-1503	-2388	0	330.26	3	-10	34	106	1	(-12,-19)
1	2026-01-01 12:19:44.000	41617	-1459	-2494	0	299.28	3	-9	34	106	1	(-11,-19)
1	2026-01-01 12:19:45.000	41652	-1408	-2452	128	306.68	3	-7	34	106	1	(-11,-19)
1	2026-01-01 12:19:46.000	41687	-1454	-2557	0	291.51	5	-8	34	106	1	(-11,-20)
1	2026-01-01 12:19:47.000	41722	-1450	-2506	64	272.45	4	-10	34	106	1	(-11,-20)
1	2026-01-01 12:19:48.000	41757	-1530	-2449	64	315.76	2	-8	34	106	1	(-12,-19)
1	2026-01-01 12:19:49.000	41792	-1480	-2495	0	358.8	4	-6	22	106	1	(-12,-19)
1	2026-01-01 12:19:50.000	41827	-1417	-2448	0	346.78	5	-4	22	106	1	(-11,-19)
1	2026-01-01 12:19:51.000	41862	-1504	-2517	0	345.79	3	-4	22	106	1	(-12,-20)
1	2026-01-01 12:19:52.000	41897	-1393	-2448	0	13.27	5	-3	22	106	1	(-11,-19)
1	2026-01-01 12:19:53.000	41932	-1507	-2435	16	43.62	3	-1	22	106	1	(-12,-19)
1	2026-01-01 12:19:54.000	41967	-1611	-2474	16	76.48	3	-1	22	106	1	(-13,-19)
1	2026-01-01 12:19:55.000	42002	-1647	-2381	16	102.45	3	-3	22	106	0	(-13,-19)
1	2026-01-01 12:19:56.000	42037	-1539	-2414	16	82.62	5	-2	22	106	0	(-12,-19)
1	2026-01-01 12:19:57.000	42072	-1457	-2427	24	92.72	4	-2	22	106	0	(-11,-19)
1	2026-01-01 12:19:58.000	42107	-1506	-2462	24	70.52	6	0	22	106	0	(-12,-19)
1	2026-01-01 12:19:59.000	42142	-1583	-2382	-16	35.84	7	-1	22	106	0	(-12,-19)
2	2026-01-01 14:00:00.000	177	-1650	349	0	296.55	6	-4	100	92	32	(-13,3)
2	2026-01-01 14:00:01.000	212	-1662	404	0	251.68	7	-4	100	92	32	(-13,3)
2	2026-01-01 14:00:02.000	247	-1753	435	0	219.8	8	-3	96	92	32	(-14,3)
2	2026-01-01 14:00:03.000	282	-1788	511	0	225.31	9	-1	96	92	32	(-14,4)
2	2026-01-01 14:00:04.000	317	-1796	439	0	206.37	8	-3	96	92	32	(-14,3)
2	2026-01-01 14:00:05.000	352	-1810	530	0	243.17	8	-4	96	92	32	(-14,4)
2	2026-01-01 14:00:06.000	387	-1927	627	0	221.9	7	-5	96	92	32	(-15,5)
2	2026-01-01 14:00:07.000	422	-1817	708	0	224.97	7	-7	96	92	32	(-14,6)
2	2026-01-01 14:00:08.000	457	-1910	617	0	261.87	6	-6	96	92	32	(-15,5)
2	2026-01-01 14:00:09.000	492	-1932	555	0	286.71	8	-4	96	92	32	(-15,4)
2	2026-01-01 14:00:10.000	527	-1912	675	0	272.06	8	-3	96	92	32	(-15,5)
2	2026-01-01 14:00:11.000	562	-1953	560	0	247.77	7	-3	96	92	32	(-15,4)
2	2026-01-01 14:00:12.000	597	-1980	508	0	215.03	6	-5	96	92	32	(-15,4)
2	2026-01-01 14:00:13.000	632	-1945	550	0	180.2	6	-5	96	92	32	(-15,4)
2	2026-01-01 14:00:14.000	667	-1992	482	0	159.99	5	-6	96	92	32	(-16,4)
2	2026-01-01 14:00:15.000	702	-1875	591	0	143.83	3	-5	96	92	32	(-15,5)
2	2026-01-01 14:00:16.000	737	-1858	691	0	124.02	4	-7	96	92	31	(-15,5)
2	2026-01-01 14:00:17.000	772	-1921	739	0	128.45	2	-5	96	92	29	(-15,6)
2	2026-01-01 14:00:18.000	807	-1903	855	0	137.2	3	-4	96	92	50	(-15,7)
2	2026-01-01 14:00:19.000	842	-1908	958	0	153.92	2	-6	96	92	45	(-15,7)
2	2026-01-01 14:00:20.000	877	-1793	1018	0	127.67	3	-8	96	92	41	(-14,8)
2	2026-01-01 14:00:21.000	912	-1701	1132	0	151.03	2	-9	96	92	40	(-13,9)
2	2026-01-01 14:00:22.000	947	-1797	1194	0	194.1	1	-10	96	92	40	(-14,9)
2	2026-01-01 14:00:23.000	982	-1911	1102	0	217.43	3	-10	96	92	40	(-15,9)
2	2026-01-01 14:00:24.000	1017	-1853	1008	0	225.73	5	-10	96	92	40	(-14,8)
2	2026-01-01 14:00:25.000	1052	-1802	969	0	256.13	4	-8	96	92	40	(-14,8)
2	2026-01-01 14:00:26.000	1087	-1767	900	0	213.4	4	-10	91	92	40	(-14,7)
2	2026-01-01 14:00:27.000	1122	-1840	832	0	235.49	4	-8	91	92	40	(-14,6)
2	2026-01-01 14:00:28.000	1157	-1910	889	0	244.44	3	-7	91	92	40	(-15,7)
2	2026-01-01 14:00:29.000	1192	-1875	896	0	239.23	1	-7	91	92	40	(-15,7)
2	2026-01-01 14:00:30.000	1227	-1961	961	0	206.93	0	-5	91	92	40	(-15,8)
2	2026-01-01 14:00:31.000	1262	-1915	991	0	178.57	-2	-7	91	92	40	(-15,8)
2	2026-01-01 14:00:32.000	1297	-1949	1041	0	214.24	0	-8	91	92	40	(-15,8)
2	2026-01-01 14:00:33.000	1332	-2008	1025	0	195.92	2	-7	91	92	40	(-16,8)
2	2026-01-01 14:00:34.000	1367	-2012	1140	0	168.34	3	-6	91	92	40	(-16,9)
2	2026-01-01 14:00:35.000	1402	-2113	1142	0	143.07	2	-6	91	92	40	(-17,9)
2	2026-01-01 14:00:36.000	1437	-2156	1198	0	141.25	1	-5	91	92	39	(-17,9)
2	2026-01-01 14:00:37.000	1472	-2091	1161	0	160.22	0	-4	91	92	39	(-16,9)
2	2026-01-01 14:00:38.000	1507	-2203	1147	0	138.4	-2	-6	85	92	39	(-17,9)
2	2026-01-01 14:00:39.000	1542	-2160	1183	8	142.43	0	-7	85	92	39	(-17,9)
2	2026-01-01 14:00:40.000	1577	-2174	1257	8	153.82	0	-9	85	92	39	(-17,10)
2	2026-01-01 14:00:41.000	1612	-2086	1144	0	164.82	2	-10	85	92	39	(-16,9)
2	2026-01-01 14:00:42.000	1647	-1978	1076	0	173.01	0	-8	85	92	37	(-15,8)
2	2026-01-01 14:00:43.000	1682	-1884	1120	0	165.73	2	-7	81	92	37	(-15,9)
2	2026-01-01 14:00:44.000	1717	-1775	1217	0	154.28	1	-7	81	92	37	(-14,10)
2	2026-01-01 14:00:45.000	1752	-1884	1313	0	126.8	2	-9	81	92	37	(-15,10)
2	2026-01-01 14:00:46.000	1787	-1877	1311	0	87.77	0	-10	81	92	37	(-15,10)
2	2026-01-01 14:00:47.000	1822	-1908	1414	0	103.36	-1	-10	81	92	37	(-15,11)
2	2026-01-01 14:00:48.000	1857	-1962	1487	0	114.86	-2	-10	81	92	37	(-15,12)
2	2026-01-01 14:00:49.000	1892	-1848	1415	0	148.29	-1	-10	81	92	37	(-14,11)
2	2026-01-01 14:00:50.000	1927	-1807	1511	0	174.93	-2	-10	81	92	37	(-14,12)
2	2026-01-01 14:00:51.000	1962	-1812	1513	0	206.48	-2	-9	81	92	33	(-14,12)
2	2026-01-01 14:00:52.000	1997	-1758	1489	0	168.57	0	-9	81	92	33	(-14,12)
2	2026-01-01 14:00:53.000	2032	-1828	1492	0	195.25	1	-9	81	92	33	(-14,12)
2	2026-01-01 14:00:54.000	2067	-1786	1405	0	171.3	0	-10	81	92	29	(-14,11)
2	2026-01-01 14:00:55.000	2102	-1813	1385	0	184.1	2	-10	81	92	29	(-14,11)
2	2026-01-01 14:00:56.000	2137	-1741	1286	0	141.19	3	-10	81	92	29	(-14,10)
2	2026-01-01 14:00:57.000	2172	-1714	1271	0	162.19	4	-10	81	92	29	(-13,10)
2	2026-01-01 14:00:58.000	2207	-1651	1275	0	172.9	6	-9	76	92	29	(-13,10)
2	2026-01-01 14:00:59.000	2242	-1586	1219	0	131.14	5	-7	76	92	29	(-12,10)
2	2026-01-01 14:01:00.000	2277	-1495	1304	0	116.99	5	-6	76	92	29	(-12,10)
2	2026-01-01 14:01:01.000	2312	-1575	1356	0	97.98	6	-5	76	92	29	(-12,11)
2	2026-01-01 14:01:02.000	2347	-1459	1433	0	106.94	5	-5	76	92	24	(-11,11)
2	2026-01-01 14:01:03.000	2382	-1491	1454	0	121.05	7	-3	76	92	24	(-12,11)
2	2026-01-01 14:01:04.000	2417	-1530	1382	0	160.47	9	-1	76	92	24	(-12,11)
2	2026-01-01 14:01:05.000	2452	-1579	1307	0	120.88	7	1	76	92	34	(-12,10)
2	2026-01-01 14:01:06.000	2487	-1629	1260	0	107.57	7	1	76	92	34	(-13,10)
2	2026-01-01 14:01:07.000	2522	-1523	1153	0	130.37	9	0	76	92	34	(-12,9)
2	2026-01-01 14:01:08.000	2557	-1622	1120	0	126.67	8	0	76	92	50	(-13,9)
2	2026-01-01 14:01:09.000	2592	-1624	1100	0	82.45	8	2	76	92	50	(-13,9)
2	2026-01-01 14:01:10.000	2627	-1743	1045	-16	58.81	6	2	76	92	50	(-14,8)
2	2026-01-01 14:01:11.000	2662	-1659	1131	-16	91.8	5	1	76	92	50	(-13,9)
2	2026-01-01 14:01:12.000	2697	-1736	1224	-16	122.0	4	2	76	92	45	(-14,10)
2	2026-01-01 14:01:13.000	2732	-1686	1158	-16	150.45	5	1	76	92	45	(-13,9)
2	2026-01-01 14:01:14.000	2767	-1577	1229	-16	128.97	5	1	76	92	45	(-12,10)
2	2026-01-01 14:01:15.000	2802	-1687	1192	-16	159.97	3	3	76	92	45	(-13,9)
2	2026-01-01 14:01:16.000	2837	-1625	1229	-16	123.68	4	3	76	92	45	(-13,10)
2	2026-01-01 14:01:17.000	2872	-1620	1280	-16	111.74	4	3	76	92	45	(-13,10)
2	2026-01-01 14:01:18.000	2907	-1534	1165	-16	123.39	4	4	76	92	45	(-12,9)
2	2026-01-01 14:01:19.000	2942	-1576	1224	-16	135.05	4	3	75	92	45	(-12,10)
2	2026-01-01 14:01:20.000	2977	-1594	1294	-16	176.28	6	1	74	99	45	(-12,10)
2	2026-01-01 14:01:21.000	3012	-1658	1352	-16	153.4	4	3	74	99	45	(-13,11)
2	2026-01-01 14:01:22.000	3047	-1759	1235	-16	143.13	5	3	70	99	45	(-14,10)
2	2026-01-01 14:01:23.000	3082	-1835	1238	-16	125.33	4	5	70	99	45	(-14,10)
2	2026-01-01 14:01:24.000	3117	-1755	1344	-16	91.78	4	4	70	99	45	(-14,10)
2	2026-01-01 14:01:25.000	3152	-1725	1425	-16	97.69	2	6	70	99	45	(-13,11)
2	2026-01-01 14:01:26.000	3187	-1675	1448	-16	130.14	3	6	70	99	44	(-13,11)
2	2026-01-01 14:01:27.000	3222	-1714	1411	-16	149.13	1	5	70	99	39	(-13,11)
2	2026-01-01 14:01:28.000	3257	-1806	1445	-16	111.81	-1	3	70	99	39	(-14,11)
2	2026-01-01 14:01:29.000	3292	-1900	1424	-16	115.82	1	5	70	99	39	(-15,11)
2	2026-01-01 14:01:30.000	3327	-2006	1442	-16	78.42	0	4	70	99	36	(-16,11)
2	2026-01-01 14:01:31.000	3362	-2042	1420	0	99.61	-1	5	70	99	36	(-16,11)
2	2026-01-01 14:01:32.000	3397	-2149	1440	0	109.87	-2	6	70	99	36	(-17,11)
2	2026-01-01 14:01:33.000	3432	-2069	1467	0	144.15	0	7	70	99	36	(-16,11)
2	2026-01-01 14:01:34.000	3467	-2107	1405	0	138.1	0	9	70	99	36	(-16,11)
2	2026-01-01 14:01:35.000	3502	-2086	1502	0	98.23	0	10	70	99	36	(-16,12)
2	2026-01-01 14:01:36.000	3537	-1976	1450	-8	89.07	-2	10	70	99	36	(-15,11)
2	2026-01-01 14:01:37.000	3572	-2078	1532	-8	52.92	-3	10	62	99	36	(-16,12)
2	2026-01-01 14:01:38.000	3607	-1980	1579	-8	55.76	-3	10	62	99	36	(-15,12)
2	2026-01-01 14:01:39.000	3642	-1926	1521	-8	40.5	-4	8	62	99	50	(-15,12)
2	2026-01-01 14:01:40.000	3677	-2011	1562	-8	25.55	-6	8	62	99	50	(-16,12)
2	2026-01-01 14:01:41.000	3712	-1972	1679	-8	3.77	-6	9	62	99	50	(-15,13)
2	2026-01-01 14:01:42.000	3747	-1942	1594	-8	28.7	-8	7	62	99	50	(-15,12)
2	2026-01-01 14:01:43.000	3782	-2018	1708	-8	49.13	-10	8	62	99	48	(-16,13)
2	2026-01-01 14:01:44.000	3817	-1929	1753	-8	63.62	-10	8	62	99	48	(-15,14)
2	2026-01-01 14:01:45.000	3852	-1866	1802	40	33.5	-9	6	62	99	48	(-15,14)
2	2026-01-01 14:01:46.000	3887	-1848	1705	40	39.28	-10	7	62	99	44	(-14,13)
2	2026-01-01 14:01:47.000	3922	-1822	1789	40	59.33	-10	6	62	99	44	(-14,14)
2	2026-01-01 14:01:48.000	3957	-1836	1878	40	76.15	-10	8	57	99	44	(-14,15)
2	2026-01-01 14:01:49.000	3992	-1792	1895	40	83.77	-10	9	57	99	44	(-14,15)
2	2026-01-01 14:01:50.000	4027	-1847	1868	40	105.01	-8	10	57	99	44	(-14,15)
2	2026-01-01 14:01:51.000	4062	-1819	1951	40	88.41	-10	9	57	99	44	(-14,15)
2	2026-01-01 14:01:52.000	4097	-1702	2000	40	90.73	-8	10	52	99	42	(-13,16)
2	2026-01-01 14:01:53.000	4132	-1727	2017	40	118.37	-6	10	52	99	42	(-13,16)
2	2026-01-01 14:01:54.000	4167	-1699	2054	40	98.53	-4	8	52	99	42	(-13,16)
2	2026-01-01 14:01:55.000	4202	-1674	2035	40	118.21	-5	8	52	99	42	(-13,16)
2	2026-01-01 14:01:56.000	4237	-1642	1943	40	144.18	-6	7	52	99	42	(-13,15)
2	2026-01-01 14:01:57.000	4272	-1735	1910	40	130.94	-4	8	52	99	42	(-14,15)
2	2026-01-01 14:01:58.000	4307	-1782	1980	40	167.17	-4	9	52	99	42	(-14,15)
2	2026-01-01 14:01:59.000	4342	-1844	1953	40	188.4	-5	10	52	99	50	(-14,15)
2	2026-01-01 14:02:00.000	4377	-1772	2007	-16	160.7	-5	10	52	99	50	(-14,16)
2	2026-01-01 14:02:01.000	4412	-1694	2080	-16	134.66	-3	10	52	99	50	(-13,16)
2	2026-01-01 14:02:02.000	4447	-1688	2169	-16	132.95	-1	10	52	99	50	(-13,17)
2	2026-01-01 14:02:03.000	4482	-1642	2049	-16	123.81	-2	10	52	99	50	(-13,16)
2	2026-01-01 14:02:04.000	4517	-1707	2082	-16	156.34	-3	10	52	99	49	(-13,16)
2	2026-01-01 14:02:05.000	4552	-1698	1983	-16	130.48	-5	10	52	99	45	(-13,15)
2	2026-01-01 14:02:06.000	4587	-1668	1868	-16	150.31	-5	10	52	99	41	(-13,15)
2	2026-01-01 14:02:07.000	4622	-1659	1763	-16	140.33	-5	10	52	99	41	(-13,14)
2	2026-01-01 14:02:08.000	4657	-1723	1674	-16	134.46	-4	8	52	99	41	(-13,13)
2	2026-01-01 14:02:09.000	4692	-1649	1781	-16	170.16	-6	9	52	99	41	(-13,14)
2	2026-01-01 14:02:10.000	4727	-1626	1815	-16	135.74	-8	8	52	99	41	(-13,14)
2	2026-01-01 14:02:11.000	4762	-1623	1805	-16	101.09	-6	8	52	99	41	(-13,14)
2	2026-01-01 14:02:12.000	4797	-1697	1867	-16	78.09	-6	8	52	99	41	(-13,15)
2	2026-01-01 14:02:13.000	4832	-1671	1948	-16	116.63	-6	9	52	99	41	(-13,15)
2	2026-01-01 14:02:14.000	4867	-1696	1828	-16	142.56	-7	10	52	99	41	(-13,14)
2	2026-01-01 14:02:15.000	4902	-1667	1910	-16	147.46	-7	8	52	99	41	(-13,15)
2	2026-01-01 14:02:16.000	4937	-1677	1844	-16	186.51	-9	7	52	99	41	(-13,14)
2	2026-01-01 14:02:17.000	4972	-1732	1917	-16	219.33	-7	8	52	99	41	(-14,15)
2	2026-01-01 14:02:18.000	5007	-1662	1887	-16	198.21	-5	6	52	99	36	(-13,15)
2	2026-01-01 14:02:19.000	5042	-1689	1857	-16	177.84	-5	7	52	99	36	(-13,15)
2	2026-01-01 14:02:20.000	5077	-1640	1845	-16	182.33	-7	7	52	99	36	(-13,14)
2	2026-01-01 14:02:21.000	5112	-1596	1728	-16	183.51	-6	7	52	99	36	(-12,14)
2	2026-01-01 14:02:22.000	5147	-1645	1834	-16	143.06	-4	7	52	99	36	(-13,14)
2	2026-01-01 14:02:23.000	5182	-1726	1823	-16	98.54	-4	5	52	99	36	(-13,14)
2	2026-01-01 14:02:24.000	5217	-1811	1873	8	76.69	-2	4	52	99	36	(-14,15)
2	2026-01-01 14:02:25.000	5252	-1843	1889	24	70.48	-2	4	52	99	36	(-14,15)
2	2026-01-01 14:02:26.000	5287	-1939	1864	24	91.0	-4	5	52	99	36	(-15,15)
2	2026-01-01 14:02:27.000	5322	-2001	1771	24	64.7	-5	5	52	99	31	(-16,14)
2	2026-01-01 14:02:28.000	5357	-1945	1840	24	95.47	-5	5	52	99	31	(-15,14)
2	2026-01-01 14:02:29.000	5392	-1950	1757	24	89.21	-4	4	52	99	31	(-15,14)
2	2026-01-01 14:02:30.000	5427	-2038	1701	0	132.16	-3	2	52	99	31	(-16,13)
2	2026-01-01 14:02:31.000	5462	-2029	1763	0	121.39	-4	1	52	99	31	(-16,14)
2	2026-01-01 14:02:32.000	5497	-1946	1701	0	94.44	-3	-1	52	99	31	(-15,13)
2	2026-01-01 14:02:33.000	5532	-2048	1683	0	129.42	-3	0	52	99	31	(-16,13)
2	2026-01-01 14:02:34.000	5567	-2079	1602	0	105.7	-2	-1	52	99	30	(-16,13)
2	2026-01-01 14:02:35.000	5602	-2084	1688	0	71.28	-3	1	52	99	25	(-16,13)
2	2026-01-01 14:02:36.000	5637	-2088	1585	0	82.62	-5	3	52	99	25	(-16,12)
2	2026-01-01 14:02:37.000	5672	-2151	1562	0	39.53	-6	3	52	99	25	(-17,12)
2	2026-01-01 14:02:38.000	5707	-2140	1534	0	8.14	-5	4	44	99	25	(-17,12)
2	2026-01-01 14:02:39.000	5742	-2233	1518	0	39.87	-6	6	44	99	24	(-17,12)
2	2026-01-01 14:02:40.000	5777	-2311	1539	0	28.33	-5	5	44	99	24	(-18,12)
2	2026-01-01 14:02:41.000	5812	-2346	1500	0	13.45	-7	4	44	99	24	(-18,12)
2	2026-01-01 14:02:42.000	5847	-2339	1548	0	25.16	-9	3	44	99	19	(-18,12)
2	2026-01-01 14:02:43.000	5882	-2446	1449	0	69.56	-10	4	44	99	19	(-19,11)
2	2026-01-01 14:02:44.000	5917	-2530	1433	0	113.34	-10	4	44	99	14	(-20,11)
2	2026-01-01 14:02:45.000	5952	-2477	1369	0	116.05	-9	5	44	99	14	(-19,11)
2	2026-01-01 14:02:46.000	5987	-2543	1271	0	148.72	-7	4	44	99	14	(-20,10)
2	2026-01-01 14:02:47.000	6022	-2443	1163	0	171.73	-9	6	44	99	14	(-19,9)
2	2026-01-01 14:02:48.000	6057	-2353	1279	0	210.51	-10	8	44	99	14	(-18,10)
2	2026-01-01 14:02:49.000	6092	-2468	1166	0	219.26	-8	9	44	99	14	(-19,9)
2	2026-01-01 14:02:50.000	6127	-2460	1100	0	191.29	-9	9	44	99	14	(-19,9)
2	2026-01-01 14:02:51.000	6162	-2498	1117	0	195.84	-10	10	44	99	11	(-20,9)
2	2026-01-01 14:02:52.000	6197	-2581	1092	0	210.11	-10	9	44	99	11	(-20,9)
2	2026-01-01 14:02:53.000	6232	-2467	985	0	218.07	-9	7	44	99	10	(-19,8)
2	2026-01-01 14:02:54.000	6267	-2496	934	0	248.28	-7	6	44	99	10	(-20,7)
2	2026-01-01 14:02:55.000	6302	-2419	815	0	259.92	-5	5	44	99	8	(-19,6)
2	2026-01-01 14:02:56.000	6337	-2443	906	0	285.42	-6	7	44	99	8	(-19,7)
2	2026-01-01 14:02:57.000	6372	-2483	967	0	265.7	-8	9	44	99	8	(-19,8)
2	2026-01-01 14:02:58.000	6407	-2592	896	0	244.45	-8	7	44	99	8	(-20,7)
2	2026-01-01 14:02:59.000	6442	-2599	811	0	234.2	-10	9	44	99	8	(-20,6)
2	2026-01-01 14:03:00.000	6477	-2614	784	0	226.5	-9	9	42	99	8	(-20,6)
2	2026-01-01 14:03:01.000	6512	-2544	752	0	233.39	-8	8	42	99	8	(-20,6)
2	2026-01-01 14:03:02.000	6547	-2571	869	0	231.65	-9	8	42	99	5	(-20,7)
2	2026-01-01 14:03:03.000	6582	-2516	912	0	245.39	-10	10	42	99	5	(-20,7)
2	2026-01-01 14:03:04.000	6617	-2520	901	0	205.13	-10	10	42	99	5	(-20,7)
2	2026-01-01 14:03:05.000	6652	-2450	967	0	173.53	-10	10	37	99	5	(-19,8)
2	2026-01-01 14:03:06.000	6687	-2372	877	0	154.47	-10	9	37	99	5	(-19,7)
2	2026-01-01 14:03:07.000	6722	-2357	971	0	188.17	-10	8	37	99	5	(-18,8)
2	2026-01-01 14:03:08.000	6757	-2376	1084	-16	182.85	-8	6	37	99	5	(-19,8)
2	2026-01-01 14:03:09.000	6792	-2293	1115	-16	196.86	-7	7	37	99	5	(-18,9)
2	2026-01-01 14:03:10.000	6827	-2351	1027	40	236.96	-6	8	37	99	5	(-18,8)
2	2026-01-01 14:03:11.000	6862	-2342	996	40	249.56	-5	10	37	99	1	(-18,8)
2	2026-01-01 14:03:12.000	6897	-2428	1106	40	281.11	-3	10	37	99	0	(-19,9)
2	2026-01-01 14:03:13.000	6932	-2414	1203	40	253.02	-3	9	37	99	0	(-19,9)
2	2026-01-01 14:03:14.000	6967	-2406	1124	40	291.86	-2	10	37	99	0	(-19,9)
2	2026-01-01 14:03:15.000	7002	-2366	1146	40	248.52	0	10	37	99	0	(-18,9)
2	2026-01-01 14:03:16.000	7037	-2327	1236	40	235.39	-1	10	37	99	0	(-18,10)
2	2026-01-01 14:03:17.000	7072	-2232	1149	40	265.71	-2	10	37	99	0	(-17,9)
2	2026-01-01 14:03:18.000	7107	-2217	1122	40	280.89	-2	10	37	99	0	(-17,9)
2	2026-01-01 14:03:19.000	7142	-2313	1182	40	303.53	-2	10	37	99	0	(-18,9)
2	2026-01-01 14:03:20.000	7177	-2401	1213	40	311.62	-2	9	37	99	0	(-19,9)
2	2026-01-01 14:03:21.000	7212	-2486	1310	40	270.19	-3	8	37	99	0	(-19,10)
2	2026-01-01 14:03:22.000	7247	-2460	1200	40	288.97	-1	8	37	99	0	(-19,9)
2	2026-01-01 14:03:23.000	7282	-2366	1288	40	288.8	1	6	37	99	0	(-18,10)
2	2026-01-01 14:03:24.000	7317	-2398	1202	40	302.11	1	8	37	99	0	(-19,9)
2	2026-01-01 14:03:25.000	7352	-2452	1157	40	334.63	1	9	37	99	0	(-19,9)
2	2026-01-01 14:03:26.000	7387	-2547	1047	40	356.91	2	7	37	99	0	(-20,8)
2	2026-01-01 14:03:27.000	7422	-2667	1109	40	358.7	0	8	37	99	0	(-21,9)
2	2026-01-01 14:03:28.000	7457	-2761	1165	40	40.78	0	6	37	99	0	(-22,9)
2	2026-01-01 14:03:29.000	7492	-2834	1058	40	83.12	-1	6	37	99	0	(-22,8)
2	2026-01-01 14:03:30.000	7527	-2755	966	40	80.32	0	8	37	99	0	(-22,8)
2	2026-01-01 14:03:31.000	7562	-2720	1006	40	100.39	0	10	37	99	0	(-21,8)
2	2026-01-01 14:03:32.000	7597	-2637	915	40	59.2	-2	10	37	99	0	(-21,7)
2	2026-01-01 14:03:33.000	7632	-2616	1021	40	17.5	-3	10	37	99	0	(-20,8)
2	2026-01-01 14:03:34.000	7667	-2604	1046	40	11.91	-1	10	37	99	0	(-20,8)
2	2026-01-01 14:03:35.000	7702	-2587	1157	40	8.51	-3	8	37	99	0	(-20,9)
2	2026-01-01 14:03:36.000	7737	-2496	1050	40	335.89	-3	9	37	99	0	(-20,8)
2	2026-01-01 14:03:37.000	7772	-2594	941	40	5.58	-5	8	37	99	0	(-20,7)
2	2026-01-01 14:03:38.000	7807	-2643	838	40	37.82	-4	6	37	99	0	(-21,7)
2	2026-01-01 14:03:39.000	7842	-2743	781	40	54.22	-5	7	37	99	0	(-21,6)
2	2026-01-01 14:03:40.000	7877	-2637	786	8	80.01	-7	8	37	99	0	(-21,6)
2	2026-01-01 14:03:41.000	7912	-2560	768	8	56.1	-8	8	37	99	0	(-20,6)
2	2026-01-01 14:03:42.000	7947	-2633	775	8	40.19	-9	10	37	99	0	(-21,6)
2	2026-01-01 14:03:43.000	7982	-2719	798	8	3.35	-8	10	37	99	0	(-21,6)
2	2026-01-01 14:03:44.000	8017	-2768	682	8	47.03	-8	10	37	99	0	(-22,5)
2	2026-01-01 14:03:45.000	8052	-2674	590	8	14.02	-8	10	37	99	0	(-21,5)
2	2026-01-01 14:03:46.000	8087	-2666	645	8	345.32	-8	10	37	99	0	(-21,5)
2	2026-01-01 14:03:47.000	8122	-2549	645	8	339.4	-6	10	37	99	0	(-20,5)
2	2026-01-01 14:03:48.000	8157	-2558	534	8	309.03	-4	10	37	99	0	(-20,4)
2	2026-01-01 14:03:49.000	8192	-2630	578	8	320.22	-2	10	37	99	0	(-21,5)
2	2026-01-01 14:03:50.000	8227	-2743	641	32	2.91	-1	10	37	99	0	(-21,5)
2	2026-01-01 14:03:51.000	8262	-2669	648	24	318.74	-3	8	37	99	0	(-21,5)
2	2026-01-01 14:03:52.000	8297	-2697	554	24	304.42	-4	10	37	99	0	(-21,4)
2	2026-01-01 14:03:53.000	8332	-2734	564	24	307.46	-6	10	37	99	0	(-21,4)
2	2026-01-01 14:03:54.000	8367	-2699	538	24	268.24	-6	9	37	99	0	(-21,4)
2	2026-01-01 14:03:55.000	8402	-2641	442	24	268.84	-7	7	37	99	0	(-21,3)
2	2026-01-01 14:03:56.000	8437	-2541	370	24	301.19	-9	7	37	99	0	(-20,3)
2	2026-01-01 14:03:57.000	8472	-2622	349	24	327.69	-7	8	37	99	0	(-20,3)
2	2026-01-01 14:03:58.000	8507	-2551	348	24	6.37	-7	8	37	99	19	(-20,3)
2	2026-01-01 14:03:59.000	8542	-2453	413	24	27.5	-9	8	37	99	19	(-19,3)
2	2026-01-01 14:04:00.000	8577	-2536	533	24	2.36	-9	9	37	99	19	(-20,4)
2	2026-01-01 14:04:01.000	8612	-2589	541	24	319.36	-7	8	37	99	19	(-20,4)
2	2026-01-01 14:04:02.000	8647	-2478	490	0	322.64	-8	8	30	99	19	(-19,4)
2	2026-01-01 14:04:03.000	8682	-2375	532	0	312.45	-7	7	30	99	32	(-19,4)
2	2026-01-01 14:04:04.000	8717	-2449	586	0	288.68	-5	5	30	99	32	(-19,5)
2	2026-01-01 14:04:05.000	8752	-2539	495	-16	265.68	-6	6	30	99	32	(-20,4)
2	2026-01-01 14:04:06.000	8787	-2608	473	-16	283.49	-7	8	30	99	32	(-20,4)
2	2026-01-01 14:04:07.000	8822	-2672	559	-16	274.46	-6	9	29	99	32	(-21,4)
2	2026-01-01 14:04:08.000	8857	-2757	480	-16	317.04	-4	10	29	99	32	(-22,4)
2	2026-01-01 14:04:09.000	8892	-2782	564	-16	340.69	-4	9	29	99	32	(-22,4)
2	2026-01-01 14:04:10.000	8927	-2697	614	-16	13.62	-2	7	29	99	32	(-21,5)
2	2026-01-01 14:04:11.000	8962	-2664	709	-16	353.39	-4	7	29	99	32	(-21,6)
2	2026-01-01 14:04:12.000	8997	-2547	728	-16	12.41	-3	5	29	99	32	(-20,6)
2	2026-01-01 14:04:13.000	9032	-2432	841	-16	328.53	-2	5	29	99	32	(-19,7)
2	2026-01-01 14:04:14.000	9067	-2476	886	-16	296.36	-2	7	29	99	32	(-19,7)
2	2026-01-01 14:04:15.000	9102	-2416	925	-16	307.84	-3	5	29	99	32	(-19,7)
2	2026-01-01 14:04:16.000	9137	-2435	891	-16	332.5	-2	7	29	99	32	(-19,7)
2	2026-01-01 14:04:17.000	9172	-2501	986	-16	352.42	0	5	29	99	30	(-20,8)
2	2026-01-01 14:04:18.000	9207	-2612	1042	-16	6.5	-1	6	21	99	30	(-20,8)
2	2026-01-01 14:04:19.000	9242	-2656	1126	-16	38.45	-3	6	21	99	30	(-21,9)
2	2026-01-01 14:04:20.000	9277	-2758	1204	-16	42.57	-5	8	21	99	27	(-22,9)
2	2026-01-01 14:04:21.000	9312	-2713	1115	-16	67.33	-5	10	21	99	27	(-21,9)
2	2026-01-01 14:04:22.000	9347	-2682	1204	-16	70.7	-3	8	21	99	27	(-21,9)
2	2026-01-01 14:04:23.000	9382	-2711	1146	-16	53.68	-2	8	21	99	27	(-21,9)
2	2026-01-01 14:04:24.000	9417	-2712	1056	-16	84.17	-2	10	21	99	27	(-21,8)
2	2026-01-01 14:04:25.000	9452	-2676	1116	-16	51.3	-3	10	21	99	27	(-21,9)
2	2026-01-01 14:04:26.000	9487	-2663	1000	-16	34.55	-2	9	21	99	27	(-21,8)
2	2026-01-01 14:04:27.000	9522	-2617	896	-16	77.81	0	8	36	99	27	(-20,7)
2	2026-01-01 14:04:28.000	9557	-2610	778	-16	37.23	2	8	36	99	27	(-20,6)
2	2026-01-01 14:04:29.000	9592	-2497	831	-16	0.53	0	6	36	99	50	(-20,6)
2	2026-01-01 14:04:30.000	9627	-2445	743	0	0.59	2	5	36	99	50	(-19,6)
2	2026-01-01 14:04:31.000	9662	-2490	856	0	36.47	1	7	32	99	50	(-19,7)
2	2026-01-01 14:04:32.000	9697	-2404	846	0	50.15	2	7	32	99	50	(-19,7)
2	2026-01-01 14:04:33.000	9732	-2388	741	0	6.01	2	8	32	99	50	(-19,6)
2	2026-01-01 14:04:34.000	9767	-2452	692	0	6.78	0	9	32	99	50	(-19,5)
2	2026-01-01 14:04:35.000	9802	-2362	612	0	1.19	0	9	32	99	50	(-18,5)
2	2026-01-01 14:04:36.000	9837	-2319	593	0	27.46	1	7	32	99	50	(-18,5)
2	2026-01-01 14:04:37.000	9872	-2246	620	0	38.75	3	6	32	99	50	(-18,5)
2	2026-01-01 14:04:38.000	9907	-2339	531	0	77.21	4	6	32	99	50	(-18,4)
2	2026-01-01 14:04:39.000	9942	-2330	424	0	114.25	4	6	32	99	45	(-18,3)
2	2026-01-01 14:04:40.000	9977	-2263	535	0	74.38	5	8	32	99	45	(-18,4)
2	2026-01-01 14:04:41.000	10012	-2301	465	0	97.68	5	6	32	99	45	(-18,4)
2	2026-01-01 14:04:42.000	10047	-2342	498	0	93.0	4	4	32	99	45	(-18,4)
2	2026-01-01 14:04:43.000	10082	-2283	400	0	89.11	6	2	32	99	41	(-18,3)
2	2026-01-01 14:04:44.000	10117	-2166	347	0	74.24	6	0	32	99	41	(-17,3)
2	2026-01-01 14:04:45.000	10152	-2117	277	0	85.06	7	2	32	99	41	(-17,2)
2	2026-01-01 14:04:46.000	10187	-2077	185	16	48.18	7	2	32	99	41	(-16,1)
2	2026-01-01 14:04:47.000	10222	-2069	81	16	58.11	5	3	32	99	41	(-16,1)
2	2026-01-01 14:04:48.000	10257	-2180	-22	16	38.08	5	2	32	99	41	(-17,0)
2	2026-01-01 14:04:49.000	10292	-2294	6	16	56.11	5	2	32	99	40	(-18,0)
2	2026-01-01 14:04:50.000	10327	-2344	57	16	45.9	3	0	32	99	40	(-18,0)
2	2026-01-01 14:04:51.000	10362	-2312	43	16	20.55	2	0	32	99	40	(-18,0)
2	2026-01-01 14:04:52.000	10397	-2347	113	16	348.25	3	-2	32	99	39	(-18,1)
2	2026-01-01 14:04:53.000	10432	-2437	146	16	354.5	4	-1	32	99	39	(-19,1)
2	2026-01-01 14:04:54.000	10467	-2425	98	16	317.17	5	1	32	99	39	(-19,1)
2	2026-01-01 14:04:55.000	10502	-2404	44	16	329.44	3	3	32	99	39	(-19,0)
2	2026-01-01 14:04:56.000	10537	-2499	149	16	356.69	1	1	32	99	39	(-20,1)
2	2026-01-01 14:04:57.000	10572	-2400	42	16	312.03	3	-1	32	99	39	(-19,0)
2	2026-01-01 14:04:58.000	10607	-2390	-7	128	308.62	1	0	32	99	38	(-19,0)
2	2026-01-01 14:04:59.000	10642	-2377	-114	128	273.04	-1	0	32	99	38	(-19,-1)
2	2026-01-01 14:05:00.000	10677	-2400	-19	128	253.49	-3	1	32	99	35	(-19,0)
2	2026-01-01 14:05:01.000	10712	-2449	67	128	210.21	-1	0	32	99	35	(-19,1)
2	2026-01-01 14:05:02.000	10747	-2342	-39	128	221.23	0	1	32	99	35	(-18,0)
2	2026-01-01 14:05:03.000	10782	-2400	70	128	240.88	2	-1	32	99	35	(-19,1)
2	2026-01-01 14:05:04.000	10817	-2416	69	128	208.73	3	1	32	99	32	(-19,1)
2	2026-01-01 14:05:05.000	10852	-2445	-46	128	199.81	1	0	32	99	32	(-19,0)
2	2026-01-01 14:05:06.000	10887	-2549	-122	128	218.81	0	0	32	99	32	(-20,-1)
2	2026-01-01 14:05:07.000	10922	-2541	-56	128	223.11	2	0	32	99	32	(-20,0)
2	2026-01-01 14:05:08.000	10957	-2630	34	128	184.43	3	-1	32	99	32	(-21,0)
2	2026-01-01 14:05:09.000	10992	-2535	-37	128	218.09	2	-3	32	99	32	(-20,0)
2	2026-01-01 14:05:10.000	11027	-2612	5	128	183.84	1	-3	32	99	31	(-20,0)
2	2026-01-01 14:05:11.000	11062	-2673	-9	128	164.87	-1	-4	32	99	31	(-21,0)
2	2026-01-01 14:05:12.000	11097	-2579	-60	128	188.21	0	-5	32	99	31	(-20,0)
2	2026-01-01 14:05:13.000	11132	-2676	-180	128	146.55	0	-3	32	99	31	(-21,-1)
2	2026-01-01 14:05:14.000	11167	-2575	-291	128	178.57	-2	-2	32	99	31	(-20,-2)
2	2026-01-01 14:05:15.000	11202	-2668	-283	128	202.18	-2	0	50	99	31	(-21,-2)
2	2026-01-01 14:05:16.000	11237	-2735	-364	128	226.03	-1	2	50	99	31	(-21,-3)
2	2026-01-01 14:05:17.000	11272	-2740	-416	0	257.26	0	4	68	99	31	(-21,-3)
2	2026-01-01 14:05:18.000	11307	-2747	-522	-8	212.97	1	5	68	99	31	(-21,-4)
2	2026-01-01 14:05:19.000	11342	-2817	-556	-8	210.86	3	6	68	99	26	(-22,-4)
2	2026-01-01 14:05:20.000	11377	-2715	-485	-8	196.07	3	8	68	99	26	(-21,-4)
2	2026-01-01 14:05:21.000	11412	-2703	-531	-8	221.54	5	7	68	99	26	(-21,-4)
2	2026-01-01 14:05:22.000	11447	-2607	-519	-8	198.53	6	8	68	99	26	(-20,-4)
2	2026-01-01 14:05:23.000	11482	-2655	-489	-8	236.08	6	10	68	99	26	(-21,-4)
2	2026-01-01 14:05:24.000	11517	-2563	-394	-8	266.61	7	10	68	99	26	(-20,-3)
2	2026-01-01 14:05:25.000	11552	-2453	-364	-8	221.62	5	8	68	99	21	(-19,-3)
2	2026-01-01 14:05:26.000	11587	-2374	-309	-8	264.7	4	7	68	99	21	(-19,-2)
2	2026-01-01 14:05:27.000	11622	-2482	-259	-8	232.07	6	6	68	99	21	(-19,-2)
2	2026-01-01 14:05:28.000	11657	-2450	-365	-8	252.32	6	6	68	99	21	(-19,-3)
2	2026-01-01 14:05:29.000	11692	-2340	-305	-8	293.55	4	6	68	99	21	(-18,-2)
2	2026-01-01 14:05:30.000	11727	-2354	-362	-8	334.29	2	4	68	99	21	(-18,-3)
2	2026-01-01 14:05:31.000	11762	-2342	-464	-8	320.88	1	5	68	99	21	(-18,-4)
2	2026-01-01 14:05:32.000	11797	-2449	-548	-8	338.69	3	6	68	99	21	(-19,-4)
2	2026-01-01 14:05:33.000	11832	-2532	-428	-8	333.64	1	8	68	99	21	(-20,-3)
2	2026-01-01 14:05:34.000	11867	-2637	-452	8	357.28	-1	7	68	99	21	(-21,-4)
2	2026-01-01 14:05:35.000	11902	-2582	-551	0	350.01	-3	8	68	99	17	(-20,-4)
2	2026-01-01 14:05:36.000	11937	-2668	-506	0	27.06	-1	10	68	99	17	(-21,-4)
2	2026-01-01 14:05:37.000	11972	-2618	-479	0	30.35	-2	10	68	99	14	(-20,-4)
2	2026-01-01 14:05:38.000	12007	-2617	-379	0	7.12	-3	9	68	99	11	(-20,-3)
2	2026-01-01 14:05:39.000	12042	-2534	-262	0	329.09	-2	9	68	99	11	(-20,-2)
2	2026-01-01 14:05:40.000	12077	-2626	-274	0	293.72	-2	9	68	99	10	(-21,-2)
2	2026-01-01 14:05:41.000	12112	-2538	-319	0	272.6	-1	10	64	99	10	(-20,-2)
2	2026-01-01 14:05:42.000	12147	-2526	-351	0	286.44	0	10	64	99	6	(-20,-3)
2	2026-01-01 14:05:43.000	12182	-2502	-258	0	293.33	2	9	64	99	6	(-20,-2)
2	2026-01-01 14:05:44.000	12217	-2415	-286	0	300.42	2	10	64	99	6	(-19,-2)
2	2026-01-01 14:05:45.000	12252	-2414	-249	0	333.73	0	9	64	99	6	(-19,-2)
2	2026-01-01 14:05:46.000	12287	-2466	-293	0	17.56	1	7	64	99	6	(-19,-2)
2	2026-01-01 14:05:47.000	12322	-2563	-192	0	43.19	1	7	64	99	4	(-20,-2)
2	2026-01-01 14:05:48.000	12357	-2566	-237	0	48.82	-1	8	64	99	4	(-20,-2)
2	2026-01-01 14:05:49.000	12392	-2660	-118	0	7.92	0	6	64	99	4	(-21,-1)
2	2026-01-01 14:05:50.000	12427	-2728	-120	0	345.67	1	7	64	99	4	(-21,-1)
2	2026-01-01 14:05:51.000	12462	-2766	-72	0	358.72	0	9	64	99	1	(-22,-1)
2	2026-01-01 14:05:52.000	12497	-2718	-115	0	343.44	-2	7	64	99	0	(-21,-1)
2	2026-01-01 14:05:53.000	12532	-2603	-226	0	354.71	-1	5	64	99	0	(-20,-2)
2	2026-01-01 14:05:54.000	12567	-2494	-198	0	8.3	-1	3	64	99	0	(-19,-2)
2	2026-01-01 14:05:55.000	12602	-2529	-267	0	0.6	-1	4	64	99	0	(-20,-2)
2	2026-01-01 14:05:56.000	12637	-2575	-221	0	22.35	1	3	64	99	0	(-20,-2)
2	2026-01-01 14:05:57.000	12672	-2570	-240	0	56.18	1	5	64	99	0	(-20,-2)
2	2026-01-01 14:05:58.000	12707	-2544	-197	0	62.31	-1	4	64	99	0	(-20,-2)
2	2026-01-01 14:05:59.000	12742	-2581	-106	0	70.54	-1	4	64	99	0	(-20,-1)
2	2026-01-01 14:06:00.000	12777	-2608	-38	0	102.06	1	2	64	99	0	(-20,0)
2	2026-01-01 14:06:01.000	12812	-2687	-63	0	59.32	-1	1	64	99	0	(-21,0)
2	2026-01-01 14:06:02.000	12847	-2752	-154	0	94.84	-2	0	64	99	0	(-22,-1)
2	2026-01-01 14:06:03.000	12882	-2871	-70	24	133.58	-3	2	64	99	0	(-22,-1)
2	2026-01-01 14:06:04.000	12917	-2828	-44	24	123.32	-3	1	64	99	0	(-22,0)
2	2026-01-01 14:06:05.000	12952	-2749	-21	24	92.43	-1	3	64	99	0	(-21,0)
2	2026-01-01 14:06:06.000	12987	-2852	88	24	50.22	1	4	64	99	0	(-22,1)
2	2026-01-01 14:06:07.000	13022	-2839	72	24	7.91	3	6	64	99	0	(-22,1)
2	2026-01-01 14:06:08.000	13057	-2828	44	24	4.85	4	4	76	99	0	(-22,0)
2	2026-01-01 14:06:09.000	13092	-2840	-36	24	17.01	4	5	76	99	0	(-22,0)
2	2026-01-01 14:06:10.000	13127	-2825	-39	24	59.47	6	4	76	99	0	(-22,0)
2	2026-01-01 14:06:11.000	13162	-2872	21	24	41.53	6	5	76	99	0	(-22,0)
2	2026-01-01 14:06:12.000	13197	-2980	7	24	41.43	4	5	76	99	0	(-23,0)
2	2026-01-01 14:06:13.000	13232	-3039	36	24	35.39	5	6	76	99	0	(-24,0)
2	2026-01-01 14:06:14.000	13267	-3086	13	24	59.93	5	8	76	99	0	(-24,0)
2	2026-01-01 14:06:15.000	13302	-3030	-19	24	80.4	5	10	76	99	0	(-24,0)
2	2026-01-01 14:06:16.000	13337	-3045	-109	24	80.47	6	8	76	99	0	(-24,-1)
2	2026-01-01 14:06:17.000	13372	-2996	-132	24	112.99	7	8	76	99	0	(-23,-1)
2	2026-01-01 14:06:18.000	13407	-2934	-24	24	122.81	7	6	76	99	0	(-23,0)
2	2026-01-01 14:06:19.000	13442	-2832	67	24	99.39	9	7	76	99	0	(-22,1)
2	2026-01-01 14:06:20.000	13477	-2806	83	24	140.33	7	7	76	99	19	(-22,1)
2	2026-01-01 14:06:21.000	13512	-2887	66	24	163.61	7	9	76	99	15	(-23,1)
2	2026-01-01 14:06:22.000	13547	-2886	161	-16	124.52	7	7	76	99	15	(-23,1)
2	2026-01-01 14:06:23.000	13582	-2858	101	-16	113.91	8	7	76	99	15	(-22,1)
2	2026-01-01 14:06:24.000	13617	-2861	83	-16	131.44	7	8	76	99	15	(-22,1)
2	2026-01-01 14:06:25.000	13652	-2926	-34	-16	171.61	9	9	76	99	15	(-23,0)
2	2026-01-01 14:06:26.000	13687	-2961	-46	-16	154.54	8	8	76	99	11	(-23,0)
2	2026-01-01 14:06:27.000	13722	-3047	32	-16	190.16	7	6	76	99	11	(-24,0)
2	2026-01-01 14:06:28.000	13757	-2991	112	-16	145.33	7	6	89	99	11	(-23,1)
2	2026-01-01 14:06:29.000	13792	-2933	147	-16	149.43	9	4	89	99	11	(-23,1)
2	2026-01-01 14:06:30.000	13827	-2972	251	-16	155.71	8	4	89	99	11	(-23,2)
2	2026-01-01 14:06:31.000	13862	-2996	256	-16	147.91	6	2	89	99	11	(-23,2)
2	2026-01-01 14:06:32.000	13897	-2992	347	-16	117.67	4	1	89	99	11	(-23,3)
2	2026-01-01 14:06:33.000	13932	-2916	431	-16	153.56	3	3	89	99	11	(-23,3)
2	2026-01-01 14:06:34.000	13967	-2894	545	32	185.12	2	2	81	99	11	(-23,4)
2	2026-01-01 14:06:35.000	14002	-2901	597	32	205.83	1	2	81	99	11	(-23,5)
2	2026-01-01 14:06:36.000	14037	-2820	649	32	215.48	0	2	81	99	11	(-22,5)
2	2026-01-01 14:06:37.000	14072	-2800	639	32	202.55	0	2	81	99	11	(-22,5)
2	2026-01-01 14:06:38.000	14107	-2849	721	32	231.58	-1	4	81	99	8	(-22,6)
2	2026-01-01 14:06:39.000	14142	-2917	698	32	220.71	0	3	81	99	8	(-23,5)
2	2026-01-01 14:06:40.000	14177	-2816	627	32	187.15	1	4	81	99	8	(-22,5)
2	2026-01-01 14:06:41.000	14212	-2895	665	32	227.28	-1	2	81	99	4	(-23,5)
2	2026-01-01 14:06:42.000	14247	-2812	642	32	230.11	-3	3	81	99	3	(-22,5)
2	2026-01-01 14:06:43.000	14282	-2723	545	32	274.18	-1	2	81	99	3	(-21,4)
2	2026-01-01 14:06:44.000	14317	-2686	461	32	303.46	0	2	81	99	3	(-21,4)
2	2026-01-01 14:06:45.000	14352	-2722	479	32	261.99	0	2	81	99	1	(-21,4)
2	2026-01-01 14:06:46.000	14387	-2831	368	32	224.36	1	4	81	99	1	(-22,3)
2	2026-01-01 14:06:47.000	14422	-2853	316	32	187.83	0	5	81	99	1	(-22,2)
2	2026-01-01 14:06:48.000	14457	-2830	369	32	215.6	1	7	81	99	25	(-22,3)
2	2026-01-01 14:06:49.000	14492	-2887	414	0	238.73	3	8	81	99	21	(-23,3)
2	2026-01-01 14:06:50.000	14527	-2906	362	0	209.38	3	6	81	99	21	(-23,3)
2	2026-01-01 14:06:51.000	14562	-2890	345	0	253.82	1	8	81	99	21	(-23,3)
2	2026-01-01 14:06:52.000	14597	-2831	225	0	297.17	3	9	81	99	21	(-22,2)
2	2026-01-01 14:06:53.000	14632	-2858	221	0	292.67	2	7	81	99	40	(-22,2)
2	2026-01-01 14:06:54.000	14667	-2869	266	0	282.13	0	8	81	99	40	(-22,2)
2	2026-01-01 14:06:55.000	14702	-2960	340	0	258.61	-1	6	81	99	40	(-23,3)
2	2026-01-01 14:06:56.000	14737	-2951	429	0	271.0	-1	6	81	99	40	(-23,3)
2	2026-01-01 14:06:57.000	14772	-3019	466	0	284.28	1	8	81	99	36	(-24,4)
2	2026-01-01 14:06:58.000	14807	-3086	569	0	285.53	0	9	81	99	31	(-24,4)
2	2026-01-01 14:06:59.000	14842	-2969	625	0	318.35	-1	7	81	99	28	(-23,5)
2	2026-01-01 14:07:00.000	14877	-2903	593	0	299.74	1	9	81	99	50	(-23,5)
2	2026-01-01 14:07:01.000	14912	-2864	559	8	300.65	1	9	81	99	50	(-22,4)
2	2026-01-01 14:07:02.000	14947	-2945	448	8	316.74	2	9	81	99	50	(-23,4)
2	2026-01-01 14:07:03.000	14982	-2899	406	8	272.81	0	10	81	99	50	(-23,3)
2	2026-01-01 14:07:04.000	15017	-2783	481	8	281.93	-2	10	81	99	50	(-22,4)
2	2026-01-01 14:07:05.000	15052	-2800	361	8	247.95	-3	8	81	99	48	(-22,3)
2	2026-01-01 14:07:06.000	15087	-2845	408	8	247.28	-5	9	81	99	48	(-22,3)
2	2026-01-01 14:07:07.000	15122	-2951	444	24	288.4	-4	10	81	99	50	(-23,3)
2	2026-01-01 14:07:08.000	15157	-3012	557	24	319.87	-5	10	81	99	50	(-24,4)
2	2026-01-01 14:07:09.000	15192	-2969	656	24	358.86	-3	10	81	99	50	(-23,5)
2	2026-01-01 14:07:10.000	15227	-2920	650	24	325.06	-1	9	72	99	50	(-23,5)
2	2026-01-01 14:07:11.000	15262	-2805	624	24	311.71	1	10	72	99	50	(-22,5)
2	2026-01-01 14:07:12.000	15297	-2901	519	24	298.32	0	8	72	99	50	(-23,4)
2	2026-01-01 14:07:13.000	15332	-3007	548	24	337.5	-1	8	64	99	50	(-23,4)
2	2026-01-01 14:07:14.000	15367	-3038	528	24	320.85	-1	8	64	99	50	(-24,4)
2	2026-01-01 14:07:15.000	15402	-3004	465	24	356.86	-3	9	64	99	50	(-23,4)
2	2026-01-01 14:07:16.000	15437	-3099	537	24	36.8	-3	7	64	99	50	(-24,4)
2	2026-01-01 14:07:17.000	15472	-3161	519	24	19.52	-4	5	64	99	50	(-25,4)
2	2026-01-01 14:07:18.000	15507	-3269	590	24	5.65	-2	5	64	99	50	(-26,5)
2	2026-01-01 14:07:19.000	15542	-3273	596	24	330.71	-2	5	64	99	50	(-26,5)
2	2026-01-01 14:07:20.000	15577	-3154	626	24	1.82	-2	3	64	99	50	(-25,5)
2	2026-01-01 14:07:21.000	15612	-3096	575	24	28.44	0	5	64	99	48	(-24,4)
2	2026-01-01 14:07:22.000	15647	-3113	639	-16	2.21	-2	5	64	99	48	(-24,5)
2	2026-01-01 14:07:23.000	15682	-3103	525	-16	1.19	-1	4	64	99	48	(-24,4)
2	2026-01-01 14:07:24.000	15717	-3221	559	-16	18.0	-1	4	64	106	48	(-25,4)
2	2026-01-01 14:07:25.000	15752	-3309	648	-16	333.1	0	2	64	106	48	(-26,5)
2	2026-01-01 14:07:26.000	15787	-3277	647	-16	327.59	-1	2	64	106	48	(-26,5)
2	2026-01-01 14:07:27.000	15822	-3201	611	-16	4.2	-2	4	64	106	48	(-25,5)
2	2026-01-01 14:07:28.000	15857	-3105	724	-16	348.68	-4	3	64	106	48	(-24,6)
2	2026-01-01 14:07:29.000	15892	-3040	810	-16	331.28	-2	3	64	106	48	(-24,6)
2	2026-01-01 14:07:30.000	15927	-3005	923	64	303.14	-3	4	64	106	48	(-23,7)
2	2026-01-01 14:07:31.000	15962	-2893	863	64	273.07	-4	4	64	106	48	(-23,7)
2	2026-01-01 14:07:32.000	15997	-2981	821	24	303.47	-6	3	75	106	48	(-23,6)
2	2026-01-01 14:07:33.000	16032	-2994	865	24	347.21	-7	5	73	106	48	(-23,7)
2	2026-01-01 14:07:34.000	16067	-3090	790	24	311.2	-8	6	73	106	48	(-24,6)
2	2026-01-01 14:07:35.000	16102	-3063	791	24	329.44	-6	4	73	106	48	(-24,6)
2	2026-01-01 14:07:36.000	16137	-3025	885	24	298.21	-4	4	73	106	48	(-24,7)
2	2026-01-01 14:07:37.000	16172	-3004	893	24	341.01	-6	5	73	106	48	(-23,7)
2	2026-01-01 14:07:38.000	16207	-2909	894	24	354.17	-8	6	73	106	48	(-23,7)
2	2026-01-01 14:07:39.000	16242	-2936	830	-8	4.01	-9	5	68	106	48	(-23,6)
2	2026-01-01 14:07:40.000	16277	-3053	742	-8	355.47	-10	7	68	106	47	(-24,6)
2	2026-01-01 14:07:41.000	16312	-3113	811	-8	340.59	-9	6	68	106	47	(-24,6)
2	2026-01-01 14:07:42.000	16347	-3219	717	-8	320.28	-10	4	68	106	44	(-25,6)
2	2026-01-01 14:07:43.000	16382	-3159	696	-8	311.79	-8	2	68	106	44	(-25,5)
2	2026-01-01 14:07:44.000	16417	-3263	798	-8	353.02	-8	4	65	106	44	(-25,6)
2	2026-01-01 14:07:45.000	16452	-3356	748	0	20.3	-7	5	65	106	44	(-26,6)
2	2026-01-01 14:07:46.000	16487	-3256	786	0	62.21	-5	4	56	106	44	(-25,6)
2	2026-01-01 14:07:47.000	16522	-3192	885	0	90.64	-3	3	56	106	41	(-25,7)
2	2026-01-01 14:07:48.000	16557	-3242	882	0	135.08	-2	2	56	106	41	(-25,7)
2	2026-01-01 14:07:49.000	16592	-3182	1002	0	96.36	-3	1	56	106	50	(-25,8)
2	2026-01-01 14:07:50.000	16627	-3218	1082	0	75.66	-3	0	56	106	50	(-25,8)
2	2026-01-01 14:07:51.000	16662	-3126	1030	0	36.94	-1	2	56	106	50	(-24,8)
2	2026-01-01 14:07:52.000	16697	-3066	930	0	8.82	1	2	56	106	50	(-24,7)
2	2026-01-01 14:07:53.000	16732	-3108	912	0	325.31	1	1	56	106	50	(-24,7)
2	2026-01-01 14:07:54.000	16767	-3053	845	56	311.19	0	2	56	106	50	(-24,7)
2	2026-01-01 14:07:55.000	16802	-2956	756	56	278.98	2	4	56	106	50	(-23,6)
2	2026-01-01 14:07:56.000	16837	-2980	844	56	272.36	0	5	53	106	50	(-23,7)
2	2026-01-01 14:07:57.000	16872	-3087	956	56	281.42	2	3	53	106	50	(-24,7)
2	2026-01-01 14:07:58.000	16907	-3126	844	56	253.66	4	1	53	106	47	(-24,7)
2	2026-01-01 14:07:59.000	16942	-3031	927	56	212.48	5	-1	53	106	47	(-24,7)
2	2026-01-01 14:08:00.000	16977	-2937	940	56	177.79	5	-2	53	106	47	(-23,7)
2	2026-01-01 14:08:01.000	17012	-2871	891	0	213.81	3	-2	53	106	47	(-22,7)
2	2026-01-01 14:08:02.000	17047	-2919	844	0	212.69	1	-1	53	106	47	(-23,7)
2	2026-01-01 14:08:03.000	17082	-2841	828	0	233.8	2	0	53	106	47	(-22,6)
2	2026-01-01 14:08:04.000	17117	-2780	732	0	238.59	3	2	53	106	47	(-22,6)
2	2026-01-01 14:08:05.000	17152	-2708	714	0	234.54	4	1	53	106	47	(-21,6)
2	2026-01-01 14:08:06.000	17187	-2662	616	0	205.82	3	1	53	106	47	(-21,5)
2	2026-01-01 14:08:07.000	17222	-2724	679	0	199.49	2	0	53	106	47	(-21,5)
2	2026-01-01 14:08:08.000	17257	-2805	707	0	238.25	1	2	53	106	47	(-22,6)
2	2026-01-01 14:08:09.000	17292	-2740	642	0	222.78	3	4	53	106	47	(-21,5)
2	2026-01-01 14:08:10.000	17327	-2639	698	0	249.36	3	2	53	106	47	(-21,5)
2	2026-01-01 14:08:11.000	17362	-2686	701	0	217.85	1	2	53	106	46	(-21,5)
2	2026-01-01 14:08:12.000	17397	-2702	809	0	192.46	0	1	53	106	46	(-21,6)
2	2026-01-01 14:08:13.000	17432	-2672	781	0	149.19	2	1	53	106	46	(-21,6)
2	2026-01-01 14:08:14.000	17467	-2642	702	0	192.73	1	-1	53	106	44	(-21,5)
2	2026-01-01 14:08:15.000	17502	-2670	779	0	222.88	1	-2	53	106	44	(-21,6)
2	2026-01-01 14:08:16.000	17537	-2698	786	0	182.44	1	-4	53	106	44	(-21,6)
2	2026-01-01 14:08:17.000	17572	-2590	836	0	199.35	2	-5	53	106	39	(-20,7)
2	2026-01-01 14:08:18.000	17607	-2644	893	0	166.74	2	-3	53	106	39	(-21,7)
2	2026-01-01 14:08:19.000	17642	-2558	822	0	170.94	4	-1	53	106	38	(-20,6)
2	2026-01-01 14:08:20.000	17677	-2654	871	0	201.25	6	-2	53	106	38	(-21,7)
2	2026-01-01 14:08:21.000	17712	-2635	911	0	210.17	6	-3	53	106	38	(-21,7)
2	2026-01-01 14:08:22.000	17747	-2688	980	0	208.32	6	-3	53	106	38	(-21,8)
2	2026-01-01 14:08:23.000	17782	-2753	908	0	175.31	6	-2	53	106	38	(-22,7)
2	2026-01-01 14:08:24.000	17817	-2737	977	0	216.16	6	-4	53	106	38	(-21,8)
2	2026-01-01 14:08:25.000	17852	-2663	1092	0	216.23	4	-3	53	106	35	(-21,9)
2	2026-01-01 14:08:26.000	17887	-2752	1016	0	244.1	6	-5	53	106	35	(-22,8)
2	2026-01-01 14:08:27.000	17922	-2686	908	0	263.09	7	-5	53	106	35	(-21,7)
2	2026-01-01 14:08:28.000	17957	-2738	890	0	245.26	8	-4	53	106	35	(-21,7)
2	2026-01-01 14:08:29.000	17992	-2726	901	8	268.94	7	-6	53	106	47	(-21,7)
2	2026-01-01 14:08:30.000	18027	-2808	978	8	265.05	7	-4	53	106	47	(-22,8)
2	2026-01-01 14:08:31.000	18062	-2866	978	24	299.67	7	-3	53	106	47	(-22,8)
2	2026-01-01 14:08:32.000	18097	-2873	941	24	312.29	8	-3	53	106	47	(-22,7)
2	2026-01-01 14:08:33.000	18132	-2872	1048	24	269.18	10	-1	53	106	47	(-22,8)
2	2026-01-01 14:08:34.000	18167	-2891	1030	24	287.26	8	0	53	106	47	(-23,8)
2	2026-01-01 14:08:35.000	18202	-2798	1116	24	330.94	6	2	53	106	47	(-22,9)
2	2026-01-01 14:08:36.000	18237	-2782	1209	24	11.85	6	2	53	106	43	(-22,9)
2	2026-01-01 14:08:37.000	18272	-2778	1159	24	342.26	5	4	53	106	43	(-22,9)
2	2026-01-01 14:08:38.000	18307	-2888	1258	0	302.14	7	3	53	106	43	(-23,10)
2	2026-01-01 14:08:39.000	18342	-2893	1202	0	272.5	8	1	53	106	43	(-23,9)
2	2026-01-01 14:08:40.000	18377	-2799	1314	0	242.1	8	1	53	106	43	(-22,10)
2	2026-01-01 14:08:41.000	18412	-2817	1330	0	281.34	8	3	53	106	43	(-22,10)
2	2026-01-01 14:08:42.000	18447	-2823	1260	0	296.53	6	3	53	106	43	(-22,10)
2	2026-01-01 14:08:43.000	18482	-2912	1159	0	331.41	7	4	53	106	43	(-23,9)
2	2026-01-01 14:08:44.000	18517	-2813	1069	0	290.62	6	3	53	106	50	(-22,8)
2	2026-01-01 14:08:45.000	18552	-2702	1141	0	297.6	6	5	53	106	50	(-21,9)
2	2026-01-01 14:08:46.000	18587	-2591	1207	0	260.12	6	6	53	106	45	(-20,9)
2	2026-01-01 14:08:47.000	18622	-2550	1147	0	277.84	4	6	53	106	45	(-20,9)
2	2026-01-01 14:08:48.000	18657	-2558	1224	0	282.35	6	8	53	106	45	(-20,10)
2	2026-01-01 14:08:49.000	18692	-2552	1152	0	309.29	5	10	53	106	42	(-20,9)
2	2026-01-01 14:08:50.000	18727	-2433	1203	0	330.6	3	10	53	106	38	(-19,9)
2	2026-01-01 14:08:51.000	18762	-2425	1247	0	329.1	2	8	53	106	38	(-19,10)
2	2026-01-01 14:08:52.000	18797	-2461	1202	0	347.68	0	8	53	106	36	(-19,9)
2	2026-01-01 14:08:53.000	18832	-2409	1293	0	313.97	-2	6	50	106	36	(-19,10)
2	2026-01-01 14:08:54.000	18867	-2293	1189	0	320.3	-1	4	50	106	36	(-18,9)
2	2026-01-01 14:08:55.000	18902	-2268	1163	0	299.37	1	3	50	106	36	(-18,9)
2	2026-01-01 14:08:56.000	18937	-2380	1129	0	307.53	-1	5	50	106	36	(-19,9)
2	2026-01-01 14:08:57.000	18972	-2423	1081	0	299.33	-3	4	50	106	36	(-19,8)
2	2026-01-01 14:08:58.000	19007	-2322	1118	0	336.29	-5	2	50	106	36	(-18,9)
2	2026-01-01 14:08:59.000	19042	-2285	1151	0	317.54	-7	0	50	106	31	(-18,9)
2	2026-01-01 14:09:00.000	19077	-2221	1186	0	304.08	-9	-1	50	106	31	(-17,9)
2	2026-01-01 14:09:01.000	19112	-2125	1266	0	291.33	-8	-1	50	106	31	(-17,10)
2	2026-01-01 14:09:02.000	19147	-2190	1284	0	288.26	-6	0	50	106	31	(-17,10)
2	2026-01-01 14:09:03.000	19182	-2187	1386	0	329.21	-7	1	50	106	31	(-17,11)
2	2026-01-01 14:09:04.000	19217	-2158	1491	0	326.6	-6	1	50	106	31	(-17,12)
2	2026-01-01 14:09:05.000	19252	-2275	1494	0	288.04	-4	1	50	106	31	(-18,12)
2	2026-01-01 14:09:06.000	19287	-2210	1457	0	307.48	-2	3	50	106	31	(-17,11)
2	2026-01-01 14:09:07.000	19322	-2236	1359	0	346.21	0	1	50	106	30	(-17,11)
2	2026-01-01 14:09:08.000	19357	-2217	1427	0	338.69	0	1	50	106	30	(-17,11)
2	2026-01-01 14:09:09.000	19392	-2272	1434	0	328.19	1	2	50	106	30	(-18,11)
2	2026-01-01 14:09:10.000	19427	-2356	1363	40	7.98	1	2	50	106	30	(-18,11)
2	2026-01-01 14:09:11.000	19462	-2476	1449	40	22.48	2	2	50	106	30	(-19,11)
2	2026-01-01 14:09:12.000	19497	-2485	1340	40	337.73	2	3	50	106	30	(-19,10)
2	2026-01-01 14:09:13.000	19532	-2556	1385	40	13.05	3	4	50	106	30	(-20,11)
2	2026-01-01 14:09:14.000	19567	-2620	1407	40	54.54	2	4	50	106	30	(-20,11)
2	2026-01-01 14:09:15.000	19602	-2600	1353	40	24.98	4	5	50	106	30	(-20,11)
2	2026-01-01 14:09:16.000	19637	-2655	1291	40	343.42	5	6	50	106	26	(-21,10)
2	2026-01-01 14:09:17.000	19672	-2635	1296	40	300.17	5	7	50	106	26	(-21,10)
2	2026-01-01 14:09:18.000	19707	-2635	1341	16	318.28	4	6	50	106	26	(-21,10)
2	2026-01-01 14:09:19.000	19742	-2612	1254	16	278.75	3	7	50	106	26	(-20,10)
2	2026-01-01 14:09:20.000	19777	-2666	1318	16	296.92	3	7	50	106	26	(-21,10)
2	2026-01-01 14:09:21.000	19812	-2696	1252	24	262.12	1	9	50	106	26	(-21,10)
2	2026-01-01 14:09:22.000	19847	-2751	1239	24	245.5	-1	8	50	106	26	(-21,10)
2	2026-01-01 14:09:23.000	19882	-2706	1357	24	257.71	-1	6	50	106	26	(-21,11)
2	2026-01-01 14:09:24.000	19917	-2622	1295	24	294.57	-1	7	50	106	26	(-20,10)
2	2026-01-01 14:09:25.000	19952	-2665	1179	24	326.19	-3	8	50	106	25	(-21,9)
2	2026-01-01 14:09:26.000	19987	-2617	1145	40	295.13	-3	6	50	106	25	(-20,9)
2	2026-01-01 14:09:27.000	20022	-2597	1136	40	286.41	-5	4	50	106	25	(-20,9)
2	2026-01-01 14:09:28.000	20057	-2497	1141	40	319.57	-6	6	50	106	25	(-20,9)
2	2026-01-01 14:09:29.000	20092	-2450	1106	40	298.89	-5	4	50	106	25	(-19,9)
2	2026-01-01 14:09:30.000	20127	-2404	1204	40	316.14	-3	5	42	106	25	(-19,9)
2	2026-01-01 14:09:31.000	20162	-2437	1191	40	333.09	-4	5	38	106	25	(-19,9)
2	2026-01-01 14:09:32.000	20197	-2509	1260	40	297.61	-5	6	38	106	42	(-20,10)
2	2026-01-01 14:09:33.000	20232	-2413	1191	40	336.14	-6	6	43	106	50	(-19,9)
2	2026-01-01 14:09:34.000	20267	-2492	1118	0	336.1	-4	5	43	106	50	(-19,9)
2	2026-01-01 14:09:35.000	20302	-2480	1095	0	300.81	-2	7	43	106	50	(-19,9)
2	2026-01-01 14:09:36.000	20337	-2441	1112	0	328.74	-1	7	37	106	49	(-19,9)
2	2026-01-01 14:09:37.000	20372	-2332	1090	0	296.34	-3	9	37	106	49	(-18,9)
2	2026-01-01 14:09:38.000	20407	-2311	1156	0	334.91	-1	10	33	106	49	(-18,9)
2	2026-01-01 14:09:39.000	20442	-2235	1150	0	339.75	-1	9	33	106	49	(-17,9)
2	2026-01-01 14:09:40.000	20477	-2178	1206	0	339.72	-3	8	33	106	49	(-17,9)
2	2026-01-01 14:09:41.000	20512	-2262	1113	0	310.74	-1	10	33	106	49	(-18,9)
2	2026-01-01 14:09:42.000	20547	-2235	1164	0	303.06	-2	9	33	106	49	(-17,9)
2	2026-01-01 14:09:43.000	20582	-2229	1178	0	292.39	-2	7	33	106	49	(-17,9)
2	2026-01-01 14:09:44.000	20617	-2257	1203	0	306.85	-1	7	33	106	49	(-18,9)
2	2026-01-01 14:09:45.000	20652	-2195	1295	0	262.23	1	9	33	106	44	(-17,10)
2	2026-01-01 14:09:46.000	20687	-2292	1358	0	297.05	0	7	33	106	44	(-18,11)
2	2026-01-01 14:09:47.000	20722	-2205	1431	0	275.24	-2	9	33	106	44	(-17,11)
2	2026-01-01 14:09:48.000	20757	-2203	1430	0	306.23	-3	8	33	106	44	(-17,11)
2	2026-01-01 14:09:49.000	20792	-2194	1523	0	348.99	-3	6	33	106	44	(-17,12)
2	2026-01-01 14:09:50.000	20827	-2272	1468	0	31.81	-5	4	33	106	44	(-18,11)
2	2026-01-01 14:09:51.000	20862	-2258	1473	0	2.49	-5	4	33	106	44	(-18,12)
2	2026-01-01 14:09:52.000	20897	-2163	1494	0	7.47	-4	4	33	106	44	(-17,12)
2	2026-01-01 14:09:53.000	20932	-2136	1610	0	325.78	-2	3	33	106	43	(-17,13)
2	2026-01-01 14:09:54.000	20967	-2252	1709	0	318.78	0	2	33	106	43	(-18,13)
2	2026-01-01 14:09:55.000	21002	-2322	1723	0	285.14	0	1	33	106	43	(-18,13)
2	2026-01-01 14:09:56.000	21037	-2345	1658	0	275.35	0	0	33	106	50	(-18,13)
2	2026-01-01 14:09:57.000	21072	-2239	1762	0	288.92	1	0	33	106	50	(-17,14)
2	2026-01-01 14:09:58.000	21107	-2184	1716	0	275.14	0	-1	33	106	50	(-17,13)
2	2026-01-01 14:09:59.000	21142	-2116	1793	0	240.87	-1	-1	33	106	50	(-17,14)
2	2026-01-01 14:10:00.000	21177	-2072	1854	0	211.48	1	-2	33	106	50	(-16,14)
2	2026-01-01 14:10:01.000	21212	-1970	1962	0	169.81	3	-2	33	106	50	(-15,15)
2	2026-01-01 14:10:02.000	21247	-2047	1938	0	213.34	4	-2	32	106	50	(-16,15)
2	2026-01-01 14:10:03.000	21282	-2092	1949	0	177.03	4	-1	40	106	50	(-16,15)
2	2026-01-01 14:10:04.000	21317	-2024	1862	56	175.43	6	-1	40	106	50	(-16,15)
2	2026-01-01 14:10:05.000	21352	-2036	1809	56	197.41	6	-2	40	106	50	(-16,14)
2	2026-01-01 14:10:06.000	21387	-2046	1703	56	200.64	7	0	40	106	50	(-16,13)
2	2026-01-01 14:10:07.000	21422	-2088	1660	56	186.11	9	-2	40	106	50	(-16,13)
2	2026-01-01 14:10:08.000	21457	-2046	1571	56	168.14	9	-2	40	106	50	(-16,12)
2	2026-01-01 14:10:09.000	21492	-1928	1453	56	130.55	10	-2	40	106	50	(-15,11)
2	2026-01-01 14:10:10.000	21527	-1952	1355	56	139.75	10	-2	40	106	50	(-15,11)
2	2026-01-01 14:10:11.000	21562	-2062	1296	56	117.6	10	-1	40	106	50	(-16,10)
2	2026-01-01 14:10:12.000	21597	-2104	1204	56	146.71	9	-1	40	106	50	(-16,9)
2	2026-01-01 14:10:13.000	21632	-2015	1110	56	130.32	10	-2	40	106	48	(-16,9)
2	2026-01-01 14:10:14.000	21667	-2071	1126	16	112.54	9	-4	40	106	48	(-16,9)
2	2026-01-01 14:10:15.000	21702	-2078	1234	16	145.12	9	-5	40	106	48	(-16,10)
2	2026-01-01 14:10:16.000	21737	-2112	1212	16	117.61	9	-7	40	106	48	(-16,9)
2	2026-01-01 14:10:17.000	21772	-2167	1213	16	156.43	7	-9	40	106	48	(-17,9)
2	2026-01-01 14:10:18.000	21807	-2131	1267	16	132.99	6	-7	40	106	48	(-17,10)
2	2026-01-01 14:10:19.000	21842	-2177	1301	16	92.49	5	-7	40	106	48	(-17,10)
2	2026-01-01 14:10:20.000	21877	-2252	1308	16	134.78	4	-5	40	106	48	(-18,10)
2	2026-01-01 14:10:21.000	21912	-2145	1257	16	153.44	5	-6	40	106	48	(-17,10)
2	2026-01-01 14:10:22.000	21947	-2031	1144	16	163.22	4	-7	40	106	48	(-16,9)
2	2026-01-01 14:10:23.000	21982	-2022	1126	16	152.07	6	-9	40	106	48	(-16,9)
2	2026-01-01 14:10:24.000	22017	-1995	1008	16	195.99	4	-10	40	106	48	(-16,8)
2	2026-01-01 14:10:25.000	22052	-1883	953	16	158.26	5	-10	40	106	48	(-15,7)
2	2026-01-01 14:10:26.000	22087	-1955	895	16	183.07	5	-8	40	106	50	(-15,7)
2	2026-01-01 14:10:27.000	22122	-1857	950	16	159.04	5	-8	40	106	50	(-15,7)
2	2026-01-01 14:10:28.000	22157	-1841	907	16	142.77	6	-8	40	106	50	(-14,7)
2	2026-01-01 14:10:29.000	22192	-1813	906	16	172.46	5	-7	40	106	45	(-14,7)
2	2026-01-01 14:10:30.000	22227	-1719	932	16	153.92	7	-6	40	106	45	(-13,7)
2	2026-01-01 14:10:31.000	22262	-1606	924	16	196.82	5	-7	40	106	45	(-13,7)
2	2026-01-01 14:10:32.000	22297	-1530	1035	16	178.65	5	-8	40	106	45	(-12,8)
2	2026-01-01 14:10:33.000	22332	-1517	1100	16	157.78	4	-7	40	106	40	(-12,9)
2	2026-01-01 14:10:34.000	22367	-1627	1147	16	164.58	6	-7	40	106	40	(-13,9)
2	2026-01-01 14:10:35.000	22402	-1655	1149	16	180.82	5	-9	40	106	40	(-13,9)
2	2026-01-01 14:10:36.000	22437	-1724	1175	16	210.08	7	-10	40	106	40	(-13,9)
2	2026-01-01 14:10:37.000	22472	-1657	1207	16	187.22	7	-9	40	106	40	(-13,9)
2	2026-01-01 14:10:38.000	22507	-1753	1256	16	223.42	8	-10	40	106	40	(-14,10)
2	2026-01-01 14:10:39.000	22542	-1786	1270	16	224.3	8	-8	40	106	40	(-14,10)
2	2026-01-01 14:10:40.000	22577	-1839	1263	16	267.21	8	-10	40	106	40	(-14,10)
2	2026-01-01 14:10:41.000	22612	-1804	1334	16	241.6	7	-10	40	106	40	(-14,10)
2	2026-01-01 14:10:42.000	22647	-1752	1342	16	249.92	8	-10	40	106	40	(-14,10)
2	2026-01-01 14:10:43.000	22682	-1675	1261	16	250.64	10	-9	40	106	40	(-13,10)
2	2026-01-01 14:10:44.000	22717	-1625	1200	16	285.93	10	-9	40	106	40	(-13,9)
2	2026-01-01 14:10:45.000	22752	-1711	1252	16	280.89	8	-10	40	106	39	(-13,10)
2	2026-01-01 14:10:46.000	22787	-1687	1318	16	268.03	8	-10	40	106	39	(-13,10)
2	2026-01-01 14:10:47.000	22822	-1758	1204	16	267.94	6	-10	40	106	39	(-14,9)
2	2026-01-01 14:10:48.000	22857	-1684	1185	16	305.63	7	-9	40	106	39	(-13,9)
2	2026-01-01 14:10:49.000	22892	-1566	1264	16	297.3	6	-10	40	106	39	(-12,10)
2	2026-01-01 14:10:50.000	22927	-1465	1154	16	286.65	6	-8	40	106	39	(-11,9)
2	2026-01-01 14:10:51.000	22962	-1513	1204	16	307.98	8	-6	40	106	39	(-12,9)
2	2026-01-01 14:10:52.000	22997	-1633	1250	16	274.03	7	-4	40	106	39	(-13,10)
2	2026-01-01 14:10:53.000	23032	-1734	1278	16	239.12	5	-2	40	106	38	(-14,10)
2	2026-01-01 14:10:54.000	23067	-1737	1375	16	251.52	6	-4	40	106	38	(-14,11)
2	2026-01-01 14:10:55.000	23102	-1799	1386	16	288.03	4	-5	40	106	38	(-14,11)
2	2026-01-01 14:10:56.000	23137	-1816	1442	0	320.18	4	-6	40	106	38	(-14,11)
2	2026-01-01 14:10:57.000	23172	-1899	1430	0	347.26	6	-5	40	106	36	(-15,11)
2	2026-01-01 14:10:58.000	23207	-1850	1333	0	4.71	4	-4	40	106	35	(-14,10)
2	2026-01-01 14:10:59.000	23242	-1964	1271	-16	23.48	2	-2	40	106	35	(-15,10)
2	2026-01-01 14:11:00.000	23277	-1971	1391	-16	28.39	4	-3	40	106	35	(-15,11)
2	2026-01-01 14:11:01.000	23312	-1942	1433	-16	345.59	3	-2	40	106	35	(-15,11)
2	2026-01-01 14:11:02.000	23347	-1911	1500	-16	12.67	3	-1	37	106	35	(-15,12)
2	2026-01-01 14:11:03.000	23382	-2002	1545	-16	336.57	1	0	37	106	31	(-16,12)
2	2026-01-01 14:11:04.000	23417	-2024	1456	-16	300.62	-1	0	37	106	31	(-16,11)
2	2026-01-01 14:11:05.000	23452	-2143	1381	-16	300.74	0	1	37	106	31	(-17,11)
2	2026-01-01 14:11:06.000	23487	-2157	1393	-16	260.67	1	0	37	106	31	(-17,11)
2	2026-01-01 14:11:07.000	23522	-2236	1429	-16	254.0	2	2	37	106	31	(-17,11)
2	2026-01-01 14:11:08.000	23557	-2278	1482	-16	244.71	0	3	29	106	31	(-18,12)
2	2026-01-01 14:11:09.000	23592	-2370	1381	-16	227.5	2	1	29	106	31	(-19,11)
2	2026-01-01 14:11:10.000	23627	-2309	1422	-16	215.71	2	3	29	106	31	(-18,11)
2	2026-01-01 14:11:11.000	23662	-2247	1337	-16	225.1	2	2	29	106	28	(-18,10)
2	2026-01-01 14:11:12.000	23697	-2355	1432	-16	207.41	1	3	29	106	28	(-18,11)
2	2026-01-01 14:11:13.000	23732	-2300	1530	-16	234.54	1	1	22	106	28	(-18,12)
2	2026-01-01 14:11:14.000	23767	-2360	1489	-16	272.25	0	-1	22	106	28	(-18,12)
2	2026-01-01 14:11:15.000	23802	-2312	1407	-16	312.49	-2	-1	22	106	28	(-18,11)
2	2026-01-01 14:11:16.000	23837	-2419	1432	-16	276.43	-2	-1	22	106	28	(-19,11)
2	2026-01-01 14:11:17.000	23872	-2454	1513	-16	277.0	-4	-1	22	106	28	(-19,12)
2	2026-01-01 14:11:18.000	23907	-2343	1454	-16	244.09	-2	1	22	106	28	(-18,11)
2	2026-01-01 14:11:19.000	23942	-2455	1473	128	211.29	-1	-1	22	106	28	(-19,12)
2	2026-01-01 14:11:20.000	23977	-2394	1531	128	173.01	-2	-3	18	106	28	(-19,12)
2	2026-01-01 14:11:21.000	24012	-2350	1538	128	197.1	0	-2	18	106	28	(-18,12)
2	2026-01-01 14:11:22.000	24047	-2237	1442	128	153.28	2	-3	18	106	28	(-17,11)
2	2026-01-01 14:11:23.000	24082	-2198	1339	128	173.48	0	-4	18	106	28	(-17,10)
2	2026-01-01 14:11:24.000	24117	-2189	1331	128	183.22	-2	-3	18	106	28	(-17,10)
2	2026-01-01 14:11:25.000	24152	-2258	1219	128	154.17	-1	-4	18	106	28	(-18,10)
2	2026-01-01 14:11:26.000	24187	-2251	1169	128	122.19	1	-5	18	106	28	(-18,9)
2	2026-01-01 14:11:27.000	24222	-2200	1242	128	79.54	2	-4	18	106	28	(-17,10)
2	2026-01-01 14:11:28.000	24257	-2147	1210	128	54.91	4	-6	18	106	28	(-17,9)
2	2026-01-01 14:11:29.000	24292	-2134	1168	128	91.15	4	-5	18	106	26	(-17,9)
2	2026-01-01 14:11:30.000	24327	-2091	1206	128	47.94	6	-6	18	106	26	(-16,9)
2	2026-01-01 14:11:31.000	24362	-1976	1125	128	21.16	4	-5	18	106	26	(-15,9)
2	2026-01-01 14:11:32.000	24397	-1871	1187	0	62.54	5	-5	18	106	26	(-15,9)
2	2026-01-01 14:11:33.000	24432	-1935	1191	0	91.67	7	-7	18	106	26	(-15,9)
2	2026-01-01 14:11:34.000	24467	-2031	1121	8	102.65	5	-9	18	106	26	(-16,9)
2	2026-01-01 14:11:35.000	24502	-1951	1156	8	128.26	4	-10	18	106	26	(-15,9)
2	2026-01-01 14:11:36.000	24537	-1905	1170	8	112.77	3	-9	18	106	26	(-15,9)
2	2026-01-01 14:11:37.000	24572	-2016	1071	8	113.21	4	-8	18	106	26	(-16,8)
2	2026-01-01 14:11:38.000	24607	-2011	1105	8	107.84	6	-10	18	106	26	(-16,9)
2	2026-01-01 14:11:39.000	24642	-2130	992	8	81.11	4	-10	18	106	26	(-17,8)
2	2026-01-01 14:11:40.000	24677	-2165	994	8	97.05	3	-10	18	106	26	(-17,8)
2	2026-01-01 14:11:41.000	24712	-2252	992	8	117.52	3	-9	18	106	26	(-18,8)
2	2026-01-01 14:11:42.000	24747	-2318	899	8	77.69	3	-10	1	106	22	(-18,7)
2	2026-01-01 14:11:43.000	24782	-2218	794	8	68.49	5	-9	1	106	22	(-17,6)
2	2026-01-01 14:11:44.000	24817	-2330	793	8	92.95	6	-10	1	106	32	(-18,6)
2	2026-01-01 14:11:45.000	24852	-2417	894	8	109.35	4	-10	1	106	32	(-19,7)
2	2026-01-01 14:11:46.000	24887	-2471	816	8	122.8	4	-10	1	106	32	(-19,6)
2	2026-01-01 14:11:47.000	24922	-2411	825	8	136.58	6	-10	1	106	32	(-19,6)
2	2026-01-01 14:11:48.000	24957	-2358	802	8	171.79	4	-9	1	106	32	(-18,6)
2	2026-01-01 14:11:49.000	24992	-2477	746	8	207.83	6	-9	1	106	32	(-19,6)
2	2026-01-01 14:11:50.000	25027	-2581	759	8	236.54	7	-10	1	106	32	(-20,6)
2	2026-01-01 14:11:51.000	25062	-2542	707	8	268.0	9	-8	1	106	32	(-20,6)
2	2026-01-01 14:11:52.000	25097	-2584	700	8	300.3	7	-6	1	106	32	(-20,5)
2	2026-01-01 14:11:53.000	25132	-2567	637	8	296.6	7	-4	1	106	32	(-20,5)
2	2026-01-01 14:11:54.000	25167	-2682	625	8	266.94	6	-2	1	106	27	(-21,5)
2	2026-01-01 14:11:55.000	25202	-2754	738	8	292.5	6	-4	1	106	27	(-22,6)
2	2026-01-01 14:11:56.000	25237	-2741	635	8	309.71	7	-4	1	106	27	(-21,5)
2	2026-01-01 14:11:57.000	25272	-2700	548	8	269.59	7	-3	1	106	27	(-21,4)
2	2026-01-01 14:11:58.000	25307	-2599	576	8	278.75	6	-5	1	106	22	(-20,4)
2	2026-01-01 14:11:59.000	25342	-2622	505	8	252.92	7	-7	1	106	22	(-20,4)
2	2026-01-01 14:12:00.000	25377	-2613	551	8	269.18	9	-7	1	106	22	(-20,4)
2	2026-01-01 14:12:01.000	25412	-2641	449	8	292.9	8	-8	1	106	22	(-21,4)
2	2026-01-01 14:12:02.000	25447	-2591	423	8	305.83	10	-9	1	106	22	(-20,3)
2	2026-01-01 14:12:03.000	25482	-2539	532	8	306.56	10	-10	1	106	22	(-20,4)
2	2026-01-01 14:12:04.000	25517	-2576	460	8	320.94	9	-9	1	106	22	(-20,4)
2	2026-01-01 14:12:05.000	25552	-2540	558	8	281.22	9	-10	1	106	22	(-20,4)
2	2026-01-01 14:12:06.000	25587	-2531	662	8	319.75	10	-10	1	106	22	(-20,5)
2	2026-01-01 14:12:07.000	25622	-2521	708	8	357.12	10	-9	1	106	22	(-20,6)
2	2026-01-01 14:12:08.000	25657	-2625	763	8	38.81	10	-9	1	106	17	(-21,6)
2	2026-01-01 14:12:09.000	25692	-2704	702	8	35.21	10	-8	1	106	17	(-21,5)
2	2026-01-01 14:12:10.000	25727	-2632	731	8	77.08	10	-10	1	106	17	(-21,6)
2	2026-01-01 14:12:11.000	25762	-2539	663	8	96.88	10	-8	1	106	17	(-20,5)
2	2026-01-01 14:12:12.000	25797	-2570	705	8	59.46	8	-7	1	106	17	(-20,6)
2	2026-01-01 14:12:13.000	25832	-2670	638	8	22.0	7	-5	1	106	17	(-21,5)
2	2026-01-01 14:12:14.000	25867	-2637	696	8	32.83	7	-4	1	106	12	(-21,5)
2	2026-01-01 14:12:15.000	25902	-2583	678	16	30.29	7	-4	1	106	12	(-20,5)
2	2026-01-01 14:12:16.000	25937	-2525	689	24	46.6	7	-2	1	106	12	(-20,5)
2	2026-01-01 14:12:17.000	25972	-2609	670	24	51.48	8	-3	0	106	12	(-20,5)
2	2026-01-01 14:12:18.000	26007	-2564	754	24	81.64	6	-1	0	106	10	(-20,6)
2	2026-01-01 14:12:19.000	26042	-2529	824	24	80.83	4	1	0	106	10	(-20,6)
2	2026-01-01 14:12:20.000	26077	-2468	787	24	105.67	2	3	0	106	9	(-19,6)
2	2026-01-01 14:12:21.000	26112	-2517	833	24	83.21	1	1	0	106	9	(-20,7)
2	2026-01-01 14:12:22.000	26147	-2576	934	24	75.62	-1	0	0	106	9	(-20,7)
2	2026-01-01 14:12:23.000	26182	-2652	909	24	47.66	-3	-1	0	106	9	(-21,7)
2	2026-01-01 14:12:24.000	26217	-2548	901	24	52.41	-5	-1	0	106	9	(-20,7)
2	2026-01-01 14:12:25.000	26252	-2460	799	24	71.44	-3	-3	0	106	9	(-19,6)
2	2026-01-01 14:12:26.000	26287	-2356	907	24	95.7	-1	-1	0	106	9	(-18,7)
2	2026-01-01 14:12:27.000	26322	-2386	853	0	109.4	-3	0	0	106	4	(-19,7)
2	2026-01-01 14:12:28.000	26357	-2292	964	0	125.93	-3	2	0	106	4	(-18,8)
2	2026-01-01 14:12:29.000	26392	-2331	955	0	104.68	-2	0	0	106	4	(-18,7)
2	2026-01-01 14:12:30.000	26427	-2441	851	0	130.98	-1	0	0	106	4	(-19,7)
2	2026-01-01 14:12:31.000	26462	-2454	852	0	94.83	-2	2	0	106	0	(-19,7)
2	2026-01-01 14:12:32.000	26497	-2567	769	0	86.04	0	0	0	106	0	(-20,6)
2	2026-01-01 14:12:33.000	26532	-2668	735	0	118.99	1	0	0	106	0	(-21,6)
2	2026-01-01 14:12:34.000	26567	-2642	713	0	144.83	1	1	0	106	0	(-21,6)
2	2026-01-01 14:12:35.000	26602	-2569	798	0	167.56	1	3	0	106	0	(-20,6)
2	2026-01-01 14:12:36.000	26637	-2466	812	0	162.37	2	2	0	106	0	(-19,6)
2	2026-01-01 14:12:37.000	26672	-2537	703	0	153.29	4	3	0	106	0	(-20,5)
2	2026-01-01 14:12:38.000	26707	-2506	751	0	138.47	3	4	0	106	0	(-20,6)
2	2026-01-01 14:12:39.000	26742	-2403	800	0	127.9	5	6	0	106	0	(-19,6)
2	2026-01-01 14:12:40.000	26777	-2327	910	0	136.35	4	7	0	106	0	(-18,7)
2	2026-01-01 14:12:41.000	26812	-2230	847	0	97.67	2	7	0	106	0	(-17,7)
2	2026-01-01 14:12:42.000	26847	-2218	825	0	64.74	3	5	0	106	0	(-17,6)
2	2026-01-01 14:12:43.000	26882	-2158	753	0	60.79	4	3	0	106	0	(-17,6)
2	2026-01-01 14:12:44.000	26917	-2093	687	0	87.33	2	1	0	106	0	(-16,5)
2	2026-01-01 14:12:45.000	26952	-2051	703	0	128.14	1	1	0	106	0	(-16,5)
2	2026-01-01 14:12:46.000	26987	-2003	725	0	114.27	1	2	0	106	0	(-16,6)
2	2026-01-01 14:12:47.000	27022	-2108	774	0	84.04	2	2	0	106	0	(-16,6)
2	2026-01-01 14:12:48.000	27057	-2227	739	0	97.37	0	0	0	106	0	(-17,6)
2	2026-01-01 14:12:49.000	27092	-2222	744	0	94.44	-2	2	0	106	0	(-17,6)
2	2026-01-01 14:12:50.000	27127	-2143	804	0	50.84	-1	1	0	106	0	(-17,6)
2	2026-01-01 14:12:51.000	27162	-2246	828	0	11.9	-3	3	0	106	0	(-18,6)
2	2026-01-01 14:12:52.000	27197	-2331	811	0	15.87	-3	5	0	106	0	(-18,6)
2	2026-01-01 14:12:53.000	27232	-2317	788	128	335.38	-3	6	0	106	0	(-18,6)
2	2026-01-01 14:12:54.000	27267	-2316	737	128	299.64	-2	6	0	106	0	(-18,6)
2	2026-01-01 14:12:55.000	27302	-2426	774	128	261.76	-4	7	0	106	0	(-19,6)
2	2026-01-01 14:12:56.000	27337	-2439	838	128	288.05	-3	6	0	106	0	(-19,7)
2	2026-01-01 14:12:57.000	27372	-2346	853	128	299.78	-3	4	0	106	0	(-18,7)
2	2026-01-01 14:12:58.000	27407	-2393	930	128	335.05	-2	5	0	106	0	(-19,7)
2	2026-01-01 14:12:59.000	27442	-2483	1007	128	326.7	-3	7	0	106	0	(-19,8)
2	2026-01-01 14:13:00.000	27477	-2531	1064	128	308.32	-1	9	0	106	0	(-20,8)
2	2026-01-01 14:13:01.000	27512	-2531	1159	128	298.43	0	10	0	106	0	(-20,9)
2	2026-01-01 14:13:02.000	27547	-2593	1190	128	302.49	2	8	0	106	0	(-20,9)
2	2026-01-01 14:13:03.000	27582	-2699	1155	128	297.16	0	6	0	106	0	(-21,9)
2	2026-01-01 14:13:04.000	27617	-2749	1150	128	255.89	1	8	0	106	0	(-21,9)
2	2026-01-01 14:13:05.000	27652	-2700	1093	128	295.79	0	7	0	106	0	(-21,9)
2	2026-01-01 14:13:06.000	27687	-2591	1161	128	339.08	-2	6	0	106	0	(-20,9)
2	2026-01-01 14:13:07.000	27722	-2632	1259	128	322.01	-3	6	0	106	0	(-21,10)
2	2026-01-01 14:13:08.000	27757	-2715	1311	128	348.16	-2	5	0	106	0	(-21,10)
2	2026-01-01 14:13:09.000	27792	-2721	1387	0	26.03	0	7	0	106	0	(-21,11)
2	2026-01-01 14:13:10.000	27827	-2612	1408	0	31.91	1	8	0	106	0	(-20,11)
2	2026-01-01 14:13:11.000	27862	-2598	1492	0	54.19	2	6	0	106	0	(-20,12)
2	2026-01-01 14:13:12.000	27897	-2654	1450	0	37.79	1	6	0	106	0	(-21,11)
2	2026-01-01 14:13:13.000	27932	-2588	1369	0	61.02	3	6	0	106	0	(-20,11)
2	2026-01-01 14:13:14.000	27967	-2514	1370	0	94.89	5	4	0	106	0	(-20,11)
2	2026-01-01 14:13:15.000	28002	-2623	1438	0	118.25	6	2	0	106	0	(-20,11)
2	2026-01-01 14:13:16.000	28037	-2638	1392	0	86.89	5	1	0	106	0	(-21,11)
2	2026-01-01 14:13:17.000	28072	-2583	1487	0	62.26	5	0	0	106	0	(-20,12)
2	2026-01-01 14:13:18.000	28107	-2593	1580	0	32.96	5	-2	0	106	0	(-20,12)
2	2026-01-01 14:13:19.000	28142	-2501	1511	0	62.86	4	0	0	106	0	(-20,12)
2	2026-01-01 14:13:20.000	28177	-2465	1477	0	93.52	2	0	0	106	0	(-19,12)
2	2026-01-01 14:13:21.000	28212	-2503	1427	0	108.15	0	2	0	106	0	(-20,11)
2	2026-01-01 14:13:22.000	28247	-2602	1484	0	118.82	2	0	0	106	0	(-20,12)
2	2026-01-01 14:13:23.000	28282	-2507	1571	0	78.74	0	0	0	106	0	(-20,12)
2	2026-01-01 14:13:24.000	28317	-2495	1477	0	102.94	2	1	0	106	0	(-19,12)
2	2026-01-01 14:13:25.000	28352	-2436	1362	0	123.73	1	3	0	106	0	(-19,11)
2	2026-01-01 14:13:26.000	28387	-2476	1461	0	86.25	1	5	13	104	0	(-19,11)
2	2026-01-01 14:13:27.000	28422	-2412	1481	0	51.06	-1	5	13	104	0	(-19,12)
2	2026-01-01 14:13:28.000	28457	-2317	1462	0	14.95	1	3	8	104	0	(-18,11)
2	2026-01-01 14:13:29.000	28492	-2336	1505	0	1.07	2	2	3	104	0	(-18,12)
2	2026-01-01 14:13:30.000	28527	-2428	1498	0	345.8	3	3	3	104	0	(-19,12)
2	2026-01-01 14:13:31.000	28562	-2329	1563	32	2.06	2	2	3	104	0	(-18,12)
2	2026-01-01 14:13:32.000	28597	-2220	1642	32	359.53	0	0	3	104	0	(-17,13)
2	2026-01-01 14:13:33.000	28632	-2207	1640	32	359.93	0	-2	3	104	19	(-17,13)
2	2026-01-01 14:13:34.000	28667	-2255	1592	32	0.81	-2	-4	3	104	19	(-18,12)
2	2026-01-01 14:13:35.000	28702	-2297	1608	32	35.24	-2	-3	3	104	19	(-18,13)
2	2026-01-01 14:13:36.000	28737	-2349	1513	32	358.92	0	-4	3	104	19	(-18,12)
2	2026-01-01 14:13:37.000	28772	-2338	1600	-16	35.06	2	-3	3	104	19	(-18,12)
2	2026-01-01 14:13:38.000	28807	-2435	1666	-16	31.79	0	-4	3	104	19	(-19,13)
2	2026-01-01 14:13:39.000	28842	-2514	1580	-16	57.72	2	-4	3	104	17	(-20,12)
2	2026-01-01 14:13:40.000	28877	-2462	1632	-16	36.64	2	-4	3	104	17	(-19,13)
2	2026-01-01 14:13:41.000	28912	-2437	1561	-16	8.4	2	-6	3	104	16	(-19,12)
2	2026-01-01 14:13:42.000	28947	-2523	1453	-16	11.09	1	-8	3	104	16	(-20,11)
2	2026-01-01 14:13:43.000	28982	-2472	1368	-16	30.35	3	-8	3	104	16	(-19,11)
2	2026-01-01 14:13:44.000	29017	-2399	1261	-16	21.98	4	-7	3	104	16	(-19,10)
2	2026-01-01 14:13:45.000	29052	-2319	1218	-16	21.01	4	-9	3	104	16	(-18,10)
2	2026-01-01 14:13:46.000	29087	-2394	1192	-16	47.1	3	-8	3	104	16	(-19,9)
2	2026-01-01 14:13:47.000	29122	-2306	1195	-16	58.11	5	-9	3	104	16	(-18,9)
2	2026-01-01 14:13:48.000	29157	-2374	1115	64	95.29	7	-10	3	104	16	(-19,9)
2	2026-01-01 14:13:49.000	29192	-2394	1090	64	91.78	6	-10	3	104	16	(-19,9)
2	2026-01-01 14:13:50.000	29227	-2485	1020	64	119.3	6	-10	3	104	16	(-19,8)
2	2026-01-01 14:13:51.000	29262	-2445	1139	64	100.2	7	-10	3	106	16	(-19,9)
2	2026-01-01 14:13:52.000	29297	-2400	1210	64	88.04	7	-10	3	106	16	(-19,9)
2	2026-01-01 14:13:53.000	29332	-2296	1123	64	77.91	9	-8	0	104	16	(-18,9)
2	2026-01-01 14:13:54.000	29367	-2179	1097	64	98.74	10	-8	0	104	16	(-17,9)
2	2026-01-01 14:13:55.000	29402	-2186	1144	64	95.21	10	-9	0	104	16	(-17,9)
2	2026-01-01 14:13:56.000	29437	-2306	1133	64	62.36	10	-10	0	106	16	(-18,9)
2	2026-01-01 14:13:57.000	29472	-2282	1232	64	29.17	10	-9	0	106	16	(-18,10)
2	2026-01-01 14:13:58.000	29507	-2296	1139	64	1.91	10	-10	0	101	16	(-18,9)
2	2026-01-01 14:13:59.000	29542	-2297	1061	64	324.29	10	-8	0	101	16	(-18,8)
2	2026-01-01 14:14:00.000	29577	-2246	1088	64	5.25	8	-6	0	101	16	(-18,8)
2	2026-01-01 14:14:01.000	29612	-2250	1175	64	342.93	7	-4	0	101	15	(-18,9)
2	2026-01-01 14:14:02.000	29647	-2266	1253	64	339.83	9	-2	0	101	15	(-18,10)
2	2026-01-01 14:14:03.000	29682	-2222	1255	64	335.59	10	0	0	101	15	(-17,10)
2	2026-01-01 14:14:04.000	29717	-2141	1305	64	291.87	9	0	0	101	15	(-17,10)
2	2026-01-01 14:14:05.000	29752	-2259	1223	64	280.73	7	-1	0	101	15	(-18,10)
2	2026-01-01 14:14:06.000	29787	-2343	1109	64	269.24	8	-1	0	101	11	(-18,9)
2	2026-01-01 14:14:07.000	29822	-2374	1214	64	278.67	10	1	0	101	11	(-19,9)
2	2026-01-01 14:14:08.000	29857	-2387	1227	64	240.3	10	0	0	101	8	(-19,10)
2	2026-01-01 14:14:09.000	29892	-2485	1268	64	281.16	10	1	0	101	8	(-19,10)
2	2026-01-01 14:14:10.000	29927	-2365	1221	64	260.18	9	1	0	101	8	(-18,10)
2	2026-01-01 14:14:11.000	29962	-2334	1219	24	268.78	9	0	0	101	5	(-18,10)
2	2026-01-01 14:14:12.000	29997	-2362	1163	24	250.22	7	-2	0	101	5	(-18,9)
2	2026-01-01 14:14:13.000	30032	-2425	1143	24	219.25	9	-2	0	101	5	(-19,9)
2	2026-01-01 14:14:14.000	30067	-2361	1205	24	206.43	7	-1	0	101	5	(-18,9)
2	2026-01-01 14:14:15.000	30102	-2376	1163	24	241.02	7	-3	0	101	1	(-19,9)
2	2026-01-01 14:14:16.000	30137	-2310	1241	24	201.22	9	-2	0	101	1	(-18,10)
2	2026-01-01 14:14:17.000	30172	-2291	1211	24	160.21	7	-2	0	101	1	(-18,9)
2	2026-01-01 14:14:18.000	30207	-2340	1136	8	130.14	9	-3	0	101	1	(-18,9)
2	2026-01-01 14:14:19.000	30242	-2361	1177	8	160.31	9	-3	0	101	1	(-18,9)
2	2026-01-01 14:14:20.000	30277	-2323	1259	8	184.17	8	-1	0	101	1	(-18,10)
2	2026-01-01 14:14:21.000	30312	-2324	1261	8	159.76	10	-1	0	101	1	(-18,10)
2	2026-01-01 14:14:22.000	30347	-2407	1326	8	167.94	9	1	0	101	1	(-19,10)
2	2026-01-01 14:14:23.000	30382	-2418	1319	8	197.76	10	3	0	101	1	(-19,10)
2	2026-01-01 14:14:24.000	30417	-2358	1287	8	218.18	10	2	0	101	0	(-18,10)
2	2026-01-01 14:14:25.000	30452	-2401	1387	8	209.85	10	2	0	101	0	(-19,11)
2	2026-01-01 14:14:26.000	30487	-2288	1400	8	187.36	10	3	0	101	0	(-18,11)
2	2026-01-01 14:14:27.000	30522	-2199	1483	8	224.68	8	4	0	101	0	(-17,12)
2	2026-01-01 14:14:28.000	30557	-2153	1482	8	206.83	6	5	0	101	0	(-17,12)
2	2026-01-01 14:14:29.000	30592	-2267	1525	8	248.77	8	5	0	101	0	(-18,12)
2	2026-01-01 14:14:30.000	30627	-2223	1457	8	206.39	10	4	0	101	0	(-17,11)
2	2026-01-01 14:14:31.000	30662	-2226	1415	8	194.11	10	2	0	101	0	(-17,11)
2	2026-01-01 14:14:32.000	30697	-2127	1505	8	210.46	8	2	0	101	0	(-17,12)
2	2026-01-01 14:14:33.000	30732	-2041	1443	8	189.19	9	0	0	101	0	(-16,11)
2	2026-01-01 14:14:34.000	30767	-2091	1371	40	200.8	9	0	0	101	0	(-16,11)
2	2026-01-01 14:14:35.000	30802	-1998	1298	40	241.92	9	0	0	101	0	(-16,10)
2	2026-01-01 14:14:36.000	30837	-1998	1409	-8	266.49	8	-2	0	101	15	(-16,11)
2	2026-01-01 14:14:37.000	30872	-1963	1388	-8	294.65	6	-1	0	101	15	(-15,11)
2	2026-01-01 14:14:38.000	30907	-2080	1335	-8	296.63	5	-1	0	101	13	(-16,10)
2	2026-01-01 14:14:39.000	30942	-2183	1272	-8	288.87	4	0	0	97	13	(-17,10)
2	2026-01-01 14:14:40.000	30977	-2083	1300	-8	249.71	2	-2	0	97	13	(-16,10)
2	2026-01-01 14:14:41.000	31012	-2010	1376	-8	223.51	0	0	0	94	13	(-16,11)
2	2026-01-01 14:14:42.000	31047	-1952	1344	-8	234.84	0	1	0	94	13	(-15,10)
2	2026-01-01 14:14:43.000	31082	-1937	1351	-8	273.21	1	3	0	94	12	(-15,11)
2	2026-01-01 14:14:44.000	31117	-1952	1437	-8	306.55	2	5	0	94	12	(-15,11)
2	2026-01-01 14:14:45.000	31152	-2013	1506	-8	311.31	0	7	0	94	12	(-16,12)
2	2026-01-01 14:14:46.000	31187	-2062	1429	-8	344.24	0	6	0	94	12	(-16,11)
2	2026-01-01 14:14:47.000	31222	-2007	1498	-8	301.89	1	6	0	94	12	(-16,12)
2	2026-01-01 14:14:48.000	31257	-1894	1524	-8	278.47	-1	8	0	94	12	(-15,12)
2	2026-01-01 14:14:49.000	31292	-1972	1596	-8	243.8	0	7	0	94	12	(-15,12)
2	2026-01-01 14:14:50.000	31327	-2056	1602	-8	230.72	0	5	0	94	12	(-16,13)
2	2026-01-01 14:14:51.000	31362	-2039	1483	-8	236.59	1	4	0	94	12	(-16,12)
2	2026-01-01 14:14:52.000	31397	-1925	1421	-8	261.94	-1	4	0	94	12	(-15,11)
2	2026-01-01 14:14:53.000	31432	-1903	1343	32	260.14	1	3	0	94	12	(-15,10)
2	2026-01-01 14:14:54.000	31467	-1799	1321	32	267.24	0	1	0	94	12	(-14,10)
2	2026-01-01 14:14:55.000	31502	-1789	1239	32	290.6	2	0	19	94	12	(-14,10)
2	2026-01-01 14:14:56.000	31537	-1733	1166	-8	278.16	1	0	19	94	12	(-14,9)
2	2026-01-01 14:14:57.000	31572	-1841	1221	-8	283.28	1	2	19	94	12	(-14,10)
2	2026-01-01 14:14:58.000	31607	-1916	1194	-8	286.79	1	1	17	94	8	(-15,9)
2	2026-01-01 14:14:59.000	31642	-1811	1241	-8	276.27	2	0	17	94	8	(-14,10)
2	2026-01-01 14:15:00.000	31677	-1762	1338	0	231.52	2	1	17	94	8	(-14,10)
2	2026-01-01 14:15:01.000	31712	-1872	1433	0	268.1	2	3	17	94	8	(-15,11)
2	2026-01-01 14:15:02.000	31747	-1762	1395	0	307.21	3	3	17	94	8	(-14,11)
2	2026-01-01 14:15:03.000	31782	-1808	1334	0	315.01	2	1	17	94	6	(-14,10)
2	2026-01-01 14:15:04.000	31817	-1859	1239	0	317.95	2	3	17	94	6	(-15,10)
2	2026-01-01 14:15:05.000	31852	-1901	1191	0	345.17	1	3	17	94	6	(-15,9)
2	2026-01-01 14:15:06.000	31887	-1895	1109	0	15.39	1	4	17	94	6	(-15,9)
2	2026-01-01 14:15:07.000	31922	-1986	1190	0	53.44	-1	6	17	94	6	(-16,9)
2	2026-01-01 14:15:08.000	31957	-1956	1136	0	62.73	0	6	17	94	6	(-15,9)
2	2026-01-01 14:15:09.000	31992	-2000	1023	0	20.76	1	7	17	94	1	(-16,8)
2	2026-01-01 14:15:10.000	32027	-2089	1118	0	28.36	-1	7	17	94	1	(-16,9)
2	2026-01-01 14:15:11.000	32062	-2006	1070	0	20.86	-1	5	17	94	1	(-16,8)
2	2026-01-01 14:15:12.000	32097	-2099	1008	0	58.94	-3	3	17	94	0	(-16,8)
2	2026-01-01 14:15:13.000	32132	-2169	1092	0	99.38	-5	1	17	94	0	(-17,9)
2	2026-01-01 14:15:14.000	32167	-2231	1087	0	84.93	-6	1	17	94	0	(-17,8)
2	2026-01-01 14:15:15.000	32202	-2348	1137	0	98.71	-8	-1	16	94	0	(-18,9)
2	2026-01-01 14:15:16.000	32237	-2431	1039	0	88.87	-7	-2	16	94	0	(-19,8)
2	2026-01-01 14:15:17.000	32272	-2368	996	0	105.62	-8	-1	16	94	0	(-18,8)
2	2026-01-01 14:15:18.000	32307	-2445	1024	0	144.29	-7	-2	16	94	0	(-19,8)
2	2026-01-01 14:15:19.000	32342	-2359	939	0	105.81	-5	-4	16	94	0	(-18,7)
2	2026-01-01 14:15:20.000	32377	-2317	959	0	84.25	-3	-4	16	94	0	(-18,7)
2	2026-01-01 14:15:21.000	32412	-2366	1073	0	103.13	-5	-5	16	94	0	(-18,8)
2	2026-01-01 14:15:22.000	32447	-2345	1153	0	75.72	-3	-5	16	94	0	(-18,9)
2	2026-01-01 14:15:23.000	32482	-2257	1229	0	34.22	-5	-4	16	94	0	(-18,10)
2	2026-01-01 14:15:24.000	32517	-2270	1259	0	8.49	-7	-3	16	94	0	(-18,10)
2	2026-01-01 14:15:25.000	32552	-2171	1161	0	38.49	-6	-4	16	94	0	(-17,9)
2	2026-01-01 14:15:26.000	32587	-2243	1281	0	55.19	-6	-2	16	94	0	(-18,10)
2	2026-01-01 14:15:27.000	32622	-2340	1213	32	27.21	-5	-2	16	94	0	(-18,9)
2	2026-01-01 14:15:28.000	32657	-2263	1288	32	35.97	-4	-2	16	94	0	(-18,10)
2	2026-01-01 14:15:29.000	32692	-2336	1260	0	29.24	-5	-1	16	94	0	(-18,10)
2	2026-01-01 14:15:30.000	32727	-2271	1153	0	349.41	-7	-3	16	94	0	(-18,9)
2	2026-01-01 14:15:31.000	32762	-2361	1132	0	332.58	-8	-3	16	94	0	(-18,9)
2	2026-01-01 14:15:32.000	32797	-2408	1230	0	322.9	-9	-2	16	94	0	(-19,10)
2	2026-01-01 14:15:33.000	32832	-2403	1134	0	332.06	-10	-4	16	94	0	(-19,9)
2	2026-01-01 14:15:34.000	32867	-2403	1173	40	331.59	-10	-3	16	94	0	(-19,9)
2	2026-01-01 14:15:35.000	32902	-2489	1250	0	303.07	-10	-1	16	94	0	(-19,10)
2	2026-01-01 14:15:36.000	32937	-2537	1184	0	319.08	-10	-2	36	94	0	(-20,9)
2	2026-01-01 14:15:37.000	32972	-2567	1300	0	278.65	-10	-3	36	94	0	(-20,10)
2	2026-01-01 14:15:38.000	33007	-2569	1324	0	264.21	-8	-2	36	94	0	(-20,10)
2	2026-01-01 14:15:39.000	33042	-2603	1440	0	291.65	-6	-1	36	94	0	(-20,11)
2	2026-01-01 14:15:40.000	33077	-2575	1413	0	302.91	-6	-1	36	94	11	(-20,11)
2	2026-01-01 14:15:41.000	33112	-2548	1378	0	262.98	-8	0	36	94	6	(-20,11)
2	2026-01-01 14:15:42.000	33147	-2580	1301	0	259.28	-8	2	36	94	6	(-20,10)
2	2026-01-01 14:15:43.000	33182	-2689	1279	0	270.15	-10	1	36	94	6	(-21,10)
2	2026-01-01 14:15:44.000	33217	-2791	1281	0	252.89	-9	2	36	106	6	(-22,10)
2	2026-01-01 14:15:45.000	33252	-2907	1273	0	211.8	-9	1	36	106	6	(-23,10)
2	2026-01-01 14:15:46.000	33287	-3001	1310	0	253.57	-10	2	36	106	20	(-23,10)
2	2026-01-01 14:15:47.000	33322	-3055	1312	0	215.27	-10	4	36	106	20	(-24,10)
2	2026-01-01 14:15:48.000	33357	-3119	1301	0	201.96	-9	4	36	106	20	(-24,10)
2	2026-01-01 14:15:49.000	33392	-3155	1226	0	242.74	-7	4	36	106	20	(-25,10)
2	2026-01-01 14:15:50.000	33427	-3176	1308	0	200.9	-8	3	36	106	20	(-25,10)
2	2026-01-01 14:15:51.000	33462	-3266	1227	0	220.59	-6	4	36	106	20	(-26,10)
2	2026-01-01 14:15:52.000	33497	-3383	1222	0	246.41	-4	3	36	106	20	(-26,10)
2	2026-01-01 14:15:53.000	33532	-3321	1261	56	215.4	-3	3	36	106	20	(-26,10)
2	2026-01-01 14:15:54.000	33567	-3226	1232	56	179.51	-1	1	36	106	20	(-25,10)
2	2026-01-01 14:15:55.000	33602	-3220	1242	56	213.74	0	-1	36	106	20	(-25,10)
2	2026-01-01 14:15:56.000	33637	-3127	1185	56	204.21	-2	1	36	106	20	(-24,9)
2	2026-01-01 14:15:57.000	33672	-3119	1237	56	245.72	-4	3	36	106	20	(-24,10)
2	2026-01-01 14:15:58.000	33707	-3008	1352	56	248.25	-2	2	36	106	20	(-24,11)
2	2026-01-01 14:15:59.000	33742	-3022	1403	56	206.78	-2	3	36	106	20	(-24,11)
2	2026-01-01 14:16:00.000	33777	-2989	1300	56	181.8	0	2	36	106	20	(-23,10)
2	2026-01-01 14:16:01.000	33812	-2932	1316	56	173.26	1	0	36	106	20	(-23,10)
2	2026-01-01 14:16:02.000	33847	-2945	1359	56	203.2	2	0	36	106	20	(-23,11)
2	2026-01-01 14:16:03.000	33882	-3023	1457	56	243.93	4	-2	36	106	19	(-24,11)
2	2026-01-01 14:16:04.000	33917	-2997	1567	56	245.11	2	-4	36	106	19	(-23,12)
2	2026-01-01 14:16:05.000	33952	-2968	1490	56	255.67	2	-3	36	106	19	(-23,12)
2	2026-01-01 14:16:06.000	33987	-2889	1500	56	267.14	1	-5	36	106	17	(-23,12)
2	2026-01-01 14:16:07.000	34022	-2868	1579	56	302.66	1	-5	36	106	17	(-22,12)
2	2026-01-01 14:16:08.000	34057	-2770	1587	56	288.71	3	-5	36	106	17	(-22,12)
2	2026-01-01 14:16:09.000	34092	-2843	1475	56	264.47	4	-7	36	106	17	(-22,12)
2	2026-01-01 14:16:10.000	34127	-2875	1370	56	303.31	2	-9	36	106	17	(-22,11)
2	2026-01-01 14:16:11.000	34162	-2839	1289	56	271.47	0	-7	36	106	17	(-22,10)
2	2026-01-01 14:16:12.000	34197	-2772	1242	56	246.83	-1	-8	36	106	13	(-22,10)
2	2026-01-01 14:16:13.000	34232	-2838	1221	56	222.22	-3	-7	36	106	13	(-22,10)
2	2026-01-01 14:16:14.000	34267	-2826	1230	56	182.01	-5	-6	36	106	13	(-22,10)
2	2026-01-01 14:16:15.000	34302	-2788	1249	56	153.87	-6	-4	36	106	13	(-22,10)
2	2026-01-01 14:16:16.000	34337	-2824	1213	56	151.22	-5	-3	36	106	13	(-22,9)
2	2026-01-01 14:16:17.000	34372	-2797	1112	56	129.76	-4	-3	36	106	9	(-22,9)
2	2026-01-01 14:16:18.000	34407	-2847	1193	56	135.74	-2	-5	36	106	6	(-22,9)
2	2026-01-01 14:16:19.000	34442	-2775	1243	56	179.46	-3	-3	36	106	6	(-22,10)
2	2026-01-01 14:16:20.000	34477	-2805	1330	64	180.17	-1	-4	36	106	6	(-22,10)
2	2026-01-01 14:16:21.000	34512	-2815	1435	64	205.84	0	-3	36	106	5	(-22,11)
2	2026-01-01 14:16:22.000	34547	-2924	1450	64	250.64	-2	-5	36	106	5	(-23,11)
2	2026-01-01 14:16:23.000	34582	-2873	1479	64	241.48	-1	-4	36	106	1	(-22,12)
2	2026-01-01 14:16:24.000	34617	-2909	1588	64	208.1	-2	-4	30	106	1	(-23,12)
2	2026-01-01 14:16:25.000	34652	-2862	1496	64	212.28	-2	-3	30	106	0	(-22,12)
2	2026-01-01 14:16:26.000	34687	-2925	1587	64	213.25	-4	-5	30	106	0	(-23,12)
2	2026-01-01 14:16:27.000	34722	-2876	1706	64	236.79	-6	-7	30	106	0	(-22,13)
2	2026-01-01 14:16:28.000	34757	-2814	1765	64	201.27	-8	-8	30	106	0	(-22,14)
2	2026-01-01 14:16:29.000	34792	-2932	1817	64	213.74	-6	-9	30	106	0	(-23,14)
2	2026-01-01 14:16:30.000	34827	-3032	1903	64	206.76	-6	-10	30	106	0	(-24,15)
2	2026-01-01 14:16:31.000	34862	-2916	2006	64	240.5	-4	-8	30	106	0	(-23,16)
2	2026-01-01 14:16:32.000	34897	-2947	1993	64	260.43	-6	-10	30	106	0	(-23,16)
2	2026-01-01 14:16:33.000	34932	-2832	2037	64	276.27	-6	-10	30	106	0	(-22,16)
2	2026-01-01 14:16:34.000	34967	-2714	2047	64	264.07	-7	-8	30	106	0	(-21,16)
2	2026-01-01 14:16:35.000	35002	-2709	2137	64	230.04	-6	-8	30	106	0	(-21,17)
2	2026-01-01 14:16:36.000	35037	-2733	2165	64	266.13	-4	-6	30	106	0	(-21,17)
2	2026-01-01 14:16:37.000	35072	-2787	2117	64	258.87	-4	-8	30	106	0	(-22,17)
2	2026-01-01 14:16:38.000	35107	-2786	2154	64	288.93	-6	-7	30	106	0	(-22,17)
2	2026-01-01 14:16:39.000	35142	-2697	2170	24	283.25	-6	-6	30	106	0	(-21,17)
2	2026-01-01 14:16:40.000	35177	-2589	2112	24	312.98	-7	-5	30	106	0	(-20,16)
2	2026-01-01 14:16:41.000	35212	-2504	2004	24	311.91	-6	-3	30	106	0	(-20,16)
2	2026-01-01 14:16:42.000	35247	-2516	2024	8	282.63	-6	-1	30	106	0	(-20,16)
2	2026-01-01 14:16:43.000	35282	-2428	1932	8	270.42	-6	0	28	106	0	(-19,15)
2	2026-01-01 14:16:44.000	35317	-2520	1828	8	288.79	-8	1	28	106	0	(-20,14)
2	2026-01-01 14:16:45.000	35352	-2502	1754	8	322.04	-8	2	28	106	0	(-20,14)
2	2026-01-01 14:16:46.000	35387	-2499	1763	8	283.45	-9	4	28	106	0	(-20,14)
2	2026-01-01 14:16:47.000	35422	-2467	1659	8	310.41	-10	4	28	106	0	(-19,13)
2	2026-01-01 14:16:48.000	35457	-2504	1697	8	308.33	-8	6	28	106	0	(-20,13)
2	2026-01-01 14:16:49.000	35492	-2523	1763	8	307.29	-9	8	28	106	0	(-20,14)
2	2026-01-01 14:16:50.000	35527	-2517	1863	8	300.28	-10	6	21	106	0	(-20,15)
2	2026-01-01 14:16:51.000	35562	-2450	1902	8	298.78	-10	6	21	106	0	(-19,15)
2	2026-01-01 14:16:52.000	35597	-2472	1888	8	317.16	-9	6	21	106	0	(-19,15)
2	2026-01-01 14:16:53.000	35632	-2466	1802	24	300.7	-8	5	21	106	0	(-19,14)
2	2026-01-01 14:16:54.000	35667	-2556	1909	0	255.81	-10	3	21	106	0	(-20,15)
2	2026-01-01 14:16:55.000	35702	-2459	2025	0	230.06	-9	2	21	106	0	(-19,16)
2	2026-01-01 14:16:56.000	35737	-2541	1998	0	186.25	-10	3	21	106	0	(-20,16)
2	2026-01-01 14:16:57.000	35772	-2604	2050	0	198.0	-9	2	21	106	0	(-20,16)
2	2026-01-01 14:16:58.000	35807	-2580	1992	0	171.44	-7	4	21	106	0	(-20,16)
2	2026-01-01 14:16:59.000	35842	-2606	1928	0	195.88	-9	6	21	106	0	(-20,15)
2	2026-01-01 14:17:00.000	35877	-2669	1925	0	236.63	-10	5	21	106	0	(-21,15)
2	2026-01-01 14:17:01.000	35912	-2633	1830	0	245.29	-8	6	21	106	0	(-21,14)
2	2026-01-01 14:17:02.000	35947	-2698	1716	0	273.44	-6	8	21	106	0	(-21,13)
2	2026-01-01 14:17:03.000	35982	-2757	1774	0	282.25	-4	8	21	106	0	(-22,14)
2	2026-01-01 14:17:04.000	36017	-2860	1723	0	237.37	-3	6	21	106	0	(-22,13)
2	2026-01-01 14:17:05.000	36052	-2968	1684	0	244.13	-1	4	21	106	0	(-23,13)
2	2026-01-01 14:17:06.000	36087	-2899	1647	0	207.54	-1	4	21	106	0	(-23,13)
2	2026-01-01 14:17:07.000	36122	-2920	1650	-16	180.61	-2	2	21	106	0	(-23,13)
2	2026-01-01 14:17:08.000	36157	-3026	1651	-16	156.17	-4	2	21	106	0	(-24,13)
2	2026-01-01 14:17:09.000	36192	-3018	1738	-16	152.52	-3	0	21	106	0	(-24,14)
2	2026-01-01 14:17:10.000	36227	-2939	1724	-16	141.56	-4	-2	21	106	0	(-23,13)
2	2026-01-01 14:17:11.000	36262	-3037	1726	-16	167.59	-2	-4	21	106	0	(-24,13)
2	2026-01-01 14:17:12.000	36297	-2982	1719	0	205.85	0	-2	21	106	0	(-23,13)
2	2026-01-01 14:17:13.000	36332	-2959	1714	0	170.92	0	0	21	106	0	(-23,13)
2	2026-01-01 14:17:14.000	36367	-3070	1756	0	191.91	-1	-2	21	106	0	(-24,14)
2	2026-01-01 14:17:15.000	36402	-3091	1708	0	207.58	-3	-1	21	106	0	(-24,13)
2	2026-01-01 14:17:16.000	36437	-3013	1634	0	180.28	-2	0	21	106	0	(-24,13)
2	2026-01-01 14:17:17.000	36472	-3035	1531	0	199.58	-2	2	21	106	0	(-24,12)
2	2026-01-01 14:17:18.000	36507	-3014	1564	0	226.72	-3	0	21	106	0	(-24,12)
2	2026-01-01 14:17:19.000	36542	-3038	1513	0	185.1	-4	2	21	106	0	(-24,12)
2	2026-01-01 14:17:20.000	36577	-2983	1614	0	170.86	-2	0	21	106	0	(-23,13)
2	2026-01-01 14:17:21.000	36612	-2995	1659	0	201.12	-3	2	21	106	0	(-23,13)
2	2026-01-01 14:17:22.000	36647	-3102	1689	0	207.34	-4	0	21	106	0	(-24,13)
2	2026-01-01 14:17:23.000	36682	-3018	1688	0	240.27	-5	2	21	106	0	(-24,13)
2	2026-01-01 14:17:24.000	36717	-3118	1588	0	219.33	-5	0	21	106	0	(-24,12)
2	2026-01-01 14:17:25.000	36752	-3109	1620	0	187.63	-6	-1	21	106	0	(-24,13)
2	2026-01-01 14:17:26.000	36787	-3189	1734	0	225.67	-4	-2	21	106	0	(-25,14)
2	2026-01-01 14:17:27.000	36822	-3251	1724	0	194.82	-3	0	21	106	0	(-25,13)
2	2026-01-01 14:17:28.000	36857	-3168	1676	0	192.32	-1	2	21	106	13	(-25,13)
2	2026-01-01 14:17:29.000	36892	-3174	1621	0	208.54	0	2	21	106	13	(-25,13)
2	2026-01-01 14:17:30.000	36927	-3068	1710	0	203.31	2	0	21	106	13	(-24,13)
2	2026-01-01 14:17:31.000	36962	-3013	1783	0	231.63	4	2	21	106	13	(-24,14)
2	2026-01-01 14:17:32.000	36997	-2933	1718	0	208.02	6	1	21	106	13	(-23,13)
2	2026-01-01 14:17:33.000	37032	-2981	1684	0	227.02	4	0	21	106	13	(-23,13)
2	2026-01-01 14:17:34.000	37067	-2868	1661	0	222.3	6	1	21	106	13	(-22,13)
2	2026-01-01 14:17:35.000	37102	-2867	1659	0	251.33	7	1	21	106	13	(-22,13)
2	2026-01-01 14:17:36.000	37137	-2845	1540	0	271.19	5	2	21	106	13	(-22,12)
2	2026-01-01 14:17:37.000	37172	-2902	1512	32	239.7	6	3	21	106	8	(-23,12)
2	2026-01-01 14:17:38.000	37207	-2829	1504	32	205.66	8	3	21	106	8	(-22,12)
2	2026-01-01 14:17:39.000	37242	-2937	1558	32	216.24	9	2	21	106	5	(-23,12)
2	2026-01-01 14:17:40.000	37277	-2904	1505	32	204.0	10	0	21	106	5	(-23,12)
2	2026-01-01 14:17:41.000	37312	-3005	1411	32	188.51	10	-1	21	106	5	(-23,11)
2	2026-01-01 14:17:42.000	37347	-3089	1474	32	149.67	9	1	21	106	5	(-24,12)
2	2026-01-01 14:17:43.000	37382	-3063	1401	32	190.63	10	2	21	106	5	(-24,11)
2	2026-01-01 14:17:44.000	37417	-3170	1292	32	234.48	10	4	21	106	5	(-25,10)
2	2026-01-01 14:17:45.000	37452	-3090	1242	32	204.94	10	3	21	106	5	(-24,10)
2	2026-01-01 14:17:46.000	37487	-3062	1213	32	239.68	10	5	21	106	5	(-24,9)
2	2026-01-01 14:17:47.000	37522	-3071	1253	32	234.18	8	5	21	106	5	(-24,10)
2	2026-01-01 14:17:48.000	37557	-3069	1203	32	203.07	7	3	21	106	5	(-24,9)
2	2026-01-01 14:17:49.000	37592	-2996	1148	32	162.86	9	1	21	106	29	(-23,9)
2	2026-01-01 14:17:50.000	37627	-3101	1133	0	200.48	9	3	21	106	29	(-24,9)
2	2026-01-01 14:17:51.000	37662	-3148	1217	0	168.75	9	2	21	106	29	(-25,10)
2	2026-01-01 14:17:52.000	37697	-3128	1314	0	190.13	9	3	21	106	29	(-24,10)
2	2026-01-01 14:17:53.000	37732	-3244	1335	0	176.46	8	4	21	106	29	(-25,10)
2	2026-01-01 14:17:54.000	37767	-3238	1428	0	170.29	9	3	21	106	29	(-25,11)
2	2026-01-01 14:17:55.000	37802	-3202	1508	0	147.86	7	2	17	106	29	(-25,12)
2	2026-01-01 14:17:56.000	37837	-3322	1413	0	188.02	9	2	17	106	29	(-26,11)
2	2026-01-01 14:17:57.000	37872	-3358	1384	0	214.12	9	2	17	106	29	(-26,11)
2	2026-01-01 14:17:58.000	37907	-3474	1479	0	243.96	7	0	17	106	29	(-27,12)
2	2026-01-01 14:17:59.000	37942	-3555	1546	0	241.08	6	-2	17	106	29	(-28,12)
2	2026-01-01 14:18:00.000	37977	-3488	1618	0	275.98	7	-2	17	106	29	(-27,13)
2	2026-01-01 14:18:01.000	38012	-3557	1576	0	235.56	7	-4	17	106	29	(-28,12)
2	2026-01-01 14:18:02.000	38047	-3663	1657	0	261.81	9	-4	17	106	29	(-29,13)
2	2026-01-01 14:18:03.000	38082	-3628	1729	0	229.27	10	-2	17	106	29	(-28,14)
2	2026-01-01 14:18:04.000	38117	-3647	1827	0	224.18	8	-4	17	106	29	(-28,14)
2	2026-01-01 14:18:05.000	38152	-3639	1938	0	203.99	6	-3	17	106	29	(-28,15)
2	2026-01-01 14:18:06.000	38187	-3685	2054	0	202.82	8	-2	17	106	27	(-29,16)
2	2026-01-01 14:18:07.000	38222	-3764	2081	0	210.98	10	-3	17	106	27	(-29,16)
2	2026-01-01 14:18:08.000	38257	-3729	1961	0	221.54	10	-5	17	106	27	(-29,15)
2	2026-01-01 14:18:09.000	38292	-3836	1945	0	259.07	9	-4	17	106	27	(-30,15)
2	2026-01-01 14:18:10.000	38327	-3777	2056	0	214.62	9	-2	17	106	27	(-30,16)
2	2026-01-01 14:18:11.000	38362	-3823	2123	0	231.37	8	-3	17	106	27	(-30,17)
2	2026-01-01 14:18:12.000	38397	-3720	2094	0	249.14	8	-1	17	106	27	(-29,16)
2	2026-01-01 14:18:13.000	38432	-3640	2150	0	240.87	9	-3	17	106	27	(-28,17)
2	2026-01-01 14:18:14.000	38467	-3685	2243	0	234.76	9	-4	17	106	27	(-29,18)
2	2026-01-01 14:18:15.000	38502	-3704	2205	0	217.29	7	-3	17	106	27	(-29,17)
2	2026-01-01 14:18:16.000	38537	-3599	2246	0	224.63	7	-5	12	106	27	(-28,18)
2	2026-01-01 14:18:17.000	38572	-3585	2346	0	238.5	9	-7	12	106	27	(-28,18)
2	2026-01-01 14:18:18.000	38607	-3491	2350	0	279.92	9	-7	12	106	27	(-27,18)
2	2026-01-01 14:18:19.000	38642	-3550	2461	0	311.56	9	-6	12	106	27	(-28,19)
2	2026-01-01 14:18:20.000	38677	-3498	2562	0	340.21	9	-4	12	106	27	(-27,20)
2	2026-01-01 14:18:21.000	38712	-3394	2477	0	308.29	7	-2	12	106	27	(-27,19)
2	2026-01-01 14:18:22.000	38747	-3308	2471	0	303.56	9	0	10	106	27	(-26,19)
2	2026-01-01 14:18:23.000	38782	-3383	2444	0	314.07	8	-1	10	106	27	(-26,19)
2	2026-01-01 14:18:24.000	38817	-3295	2378	0	326.0	8	-3	10	106	22	(-26,19)
2	2026-01-01 14:18:25.000	38852	-3277	2358	0	335.86	7	-3	10	106	22	(-26,18)
2	2026-01-01 14:18:26.000	38887	-3194	2238	0	313.49	5	-4	10	106	22	(-25,17)
2	2026-01-01 14:18:27.000	38922	-3292	2269	0	334.16	7	-5	10	106	22	(-26,18)
2	2026-01-01 14:18:28.000	38957	-3175	2219	0	1.13	7	-6	10	106	22	(-25,17)
2	2026-01-01 14:18:29.000	38992	-3234	2190	128	325.61	9	-6	10	106	22	(-25,17)
2	2026-01-01 14:18:30.000	39027	-3252	2117	128	299.97	9	-4	10	106	22	(-25,17)
2	2026-01-01 14:18:31.000	39062	-3231	2234	128	318.76	10	-5	10	106	44	(-25,17)
2	2026-01-01 14:18:32.000	39097	-3340	2303	128	309.78	9	-6	10	106	44	(-26,18)
2	2026-01-01 14:18:33.000	39132	-3436	2278	128	345.33	7	-7	10	106	40	(-27,18)
2	2026-01-01 14:18:34.000	39167	-3502	2266	128	347.27	5	-6	10	106	40	(-27,18)
2	2026-01-01 14:18:35.000	39202	-3431	2269	128	29.6	3	-8	10	106	40	(-27,18)
2	2026-01-01 14:18:36.000	39237	-3317	2164	0	60.06	5	-8	10	106	40	(-26,17)
2	2026-01-01 14:18:37.000	39272	-3424	2166	0	79.51	5	-10	10	106	39	(-27,17)
2	2026-01-01 14:18:38.000	39307	-3537	2077	0	91.6	6	-8	10	106	39	(-28,16)
2	2026-01-01 14:18:39.000	39342	-3599	2015	0	126.67	4	-7	10	106	39	(-28,16)
2	2026-01-01 14:18:40.000	39377	-3685	1920	32	122.91	5	-9	10	106	39	(-29,15)
2	2026-01-01 14:18:41.000	39412	-3667	1804	32	97.59	4	-7	10	106	36	(-29,14)
2	2026-01-01 14:18:42.000	39447	-3786	1840	32	53.91	2	-9	10	106	36	(-30,14)
2	2026-01-01 14:18:43.000	39482	-3746	1865	32	37.49	3	-10	10	106	36	(-29,15)
2	2026-01-01 14:18:44.000	39517	-3694	1768	32	73.02	2	-10	10	106	36	(-29,14)
2	2026-01-01 14:18:45.000	39552	-3757	1800	32	29.35	2	-10	10	106	31	(-29,14)
2	2026-01-01 14:18:46.000	39587	-3794	1873	32	46.89	4	-9	10	106	31	(-30,15)
2	2026-01-01 14:18:47.000	39622	-3790	1801	32	18.68	4	-9	10	106	31	(-30,14)
2	2026-01-01 14:18:48.000	39657	-3883	1707	32	6.81	3	-9	10	106	31	(-30,13)
2	2026-01-01 14:18:49.000	39692	-3980	1589	32	24.63	3	-10	10	106	26	(-31,12)
2	2026-01-01 14:18:50.000	39727	-3874	1656	32	47.82	5	-9	10	106	26	(-30,13)
2	2026-01-01 14:18:51.000	39762	-3977	1671	128	42.71	7	-10	10	106	26	(-31,13)
2	2026-01-01 14:18:52.000	39797	-3994	1576	128	14.03	8	-10	10	106	26	(-31,12)
2	2026-01-01 14:18:53.000	39832	-4089	1496	128	346.1	9	-10	10	106	26	(-32,12)
2	2026-01-01 14:18:54.000	39867	-3974	1613	128	10.59	8	-10	10	106	23	(-31,13)
2	2026-01-01 14:18:55.000	39902	-4004	1542	128	10.18	9	-8	10	106	23	(-31,12)
2	2026-01-01 14:18:56.000	39937	-4101	1569	128	13.2	9	-7	10	106	23	(-32,12)
2	2026-01-01 14:18:57.000	39972	-4187	1602	0	340.93	10	-8	10	106	23	(-33,13)
2	2026-01-01 14:18:58.000	40007	-4102	1513	0	332.67	10	-6	10	106	23	(-32,12)
2	2026-01-01 14:18:59.000	40042	-4206	1468	0	327.96	10	-5	10	106	23	(-33,11)
2	2026-01-01 14:19:00.000	40077	-4315	1425	0	336.64	10	-4	10	106	23	(-34,11)
2	2026-01-01 14:19:01.000	40112	-4263	1447	0	315.89	8	-4	10	106	23	(-33,11)
2	2026-01-01 14:19:02.000	40147	-4154	1560	0	353.35	9	-2	10	106	23	(-32,12)
2	2026-01-01 14:19:03.000	40182	-4103	1662	0	30.31	9	-4	10	106	23	(-32,13)
2	2026-01-01 14:19:04.000	40217	-4120	1636	0	71.55	10	-5	10	106	23	(-32,13)
2	2026-01-01 14:19:05.000	40252	-4048	1637	0	46.55	8	-4	10	106	23	(-32,13)
2	2026-01-01 14:19:06.000	40287	-4049	1689	0	38.44	9	-5	10	106	46	(-32,13)
2	2026-01-01 14:19:07.000	40322	-3968	1754	0	74.5	7	-5	10	106	46	(-31,14)
2	2026-01-01 14:19:08.000	40357	-3972	1855	0	91.41	5	-5	10	106	41	(-31,14)
2	2026-01-01 14:19:09.000	40392	-4053	1896	0	77.43	6	-3	10	106	41	(-32,15)
2	2026-01-01 14:19:10.000	40427	-4122	1832	0	88.22	8	-5	10	106	41	(-32,14)
2	2026-01-01 14:19:11.000	40462	-4158	1879	0	122.72	6	-5	10	106	41	(-32,15)
2	2026-01-01 14:19:12.000	40497	-4119	1849	16	118.28	7	-3	10	106	41	(-32,14)
2	2026-01-01 14:19:13.000	40532	-4216	1733	16	87.35	9	-2	10	106	41	(-33,14)
2	2026-01-01 14:19:14.000	40567	-4287	1722	0	47.4	7	-4	10	106	41	(-33,13)
2	2026-01-01 14:19:15.000	40602	-4364	1776	0	49.3	7	-4	10	106	41	(-34,14)
2	2026-01-01 14:19:16.000	40637	-4440	1882	0	52.85	6	-5	10	106	41	(-35,15)
2	2026-01-01 14:19:17.000	40672	-4420	1770	0	50.44	6	-5	10	106	41	(-35,14)
2	2026-01-01 14:19:18.000	40707	-4326	1884	0	43.77	6	-6	10	106	41	(-34,15)
2	2026-01-01 14:19:19.000	40742	-4352	1898	0	21.92	8	-7	10	106	41	(-34,15)
2	2026-01-01 14:19:20.000	40777	-4428	1792	0	9.49	8	-9	10	106	37	(-35,14)
2	2026-01-01 14:19:21.000	40812	-4344	1741	0	345.19	9	-10	10	106	37	(-34,14)
2	2026-01-01 14:19:22.000	40847	-4451	1804	0	339.85	10	-8	10	106	36	(-35,14)
2	2026-01-01 14:19:23.000	40882	-4514	1870	0	11.58	10	-8	4	106	36	(-35,15)
2	2026-01-01 14:19:24.000	40917	-4525	1795	128	351.79	9	-8	4	106	36	(-35,14)
2	2026-01-01 14:19:25.000	40952	-4547	1695	128	359.17	9	-8	4	106	36	(-36,13)
2	2026-01-01 14:19:26.000	40987	-4516	1605	128	37.68	10	-9	4	106	31	(-35,13)
2	2026-01-01 14:19:27.000	41022	-4447	1516	128	63.49	10	-7	4	106	31	(-35,12)
2	2026-01-01 14:19:28.000	41057	-4344	1597	128	97.04	8	-5	4	106	31	(-34,12)
2	2026-01-01 14:19:29.000	41092	-4425	1669	-16	78.59	10	-4	4	106	31	(-35,13)
2	2026-01-01 14:19:30.000	41127	-4414	1594	0	98.33	10	-6	4	106	31	(-34,12)
2	2026-01-01 14:19:31.000	41162	-4459	1580	0	64.19	10	-5	4	106	31	(-35,12)
2	2026-01-01 14:19:32.000	41197	-4386	1597	0	96.06	10	-6	4	106	26	(-34,12)
2	2026-01-01 14:19:33.000	41232	-4369	1665	0	123.29	10	-4	4	106	26	(-34,13)
2	2026-01-01 14:19:34.000	41267	-4305	1571	0	152.34	9	-3	4	106	26	(-34,12)
2	2026-01-01 14:19:35.000	41302	-4416	1607	0	158.05	9	-4	4	106	26	(-34,13)
2	2026-01-01 14:19:36.000	41337	-4492	1558	24	168.81	10	-4	4	106	26	(-35,12)
2	2026-01-01 14:19:37.000	41372	-4479	1595	24	145.31	10	-6	4	106	26	(-35,12)
2	2026-01-01 14:19:38.000	41407	-4496	1551	24	179.65	10	-5	4	106	26	(-35,12)
2	2026-01-01 14:19:39.000	41442	-4472	1620	24	147.51	10	-6	4	106	26	(-35,13)
2	2026-01-01 14:19:40.000	41477	-4395	1618	24	138.7	10	-5	4	106	36	(-34,13)
2	2026-01-01 14:19:41.000	41512	-4427	1515	32	97.34	9	-7	4	106	46	(-35,12)
2	2026-01-01 14:19:42.000	41547	-4347	1462	32	89.44	10	-9	4	106	46	(-34,11)
2	2026-01-01 14:19:43.000	41582	-4418	1439	32	102.44	9	-9	4	106	46	(-35,11)
2	2026-01-01 14:19:44.000	41617	-4307	1376	32	138.01	10	-9	4	106	43	(-34,11)
2	2026-01-01 14:19:45.000	41652	-4249	1428	32	146.54	10	-10	4	106	41	(-33,11)
2	2026-01-01 14:19:46.000	41687	-4190	1315	32	105.06	9	-9	4	106	41	(-33,10)
2	2026-01-01 14:19:47.000	41722	-4192	1391	32	99.71	10	-9	4	106	50	(-33,11)
2	2026-01-01 14:19:48.000	41757	-4258	1329	32	88.93	10	-10	0	106	50	(-33,10)
2	2026-01-01 14:19:49.000	41792	-4151	1309	32	83.76	10	-10	0	106	50	(-32,10)
2	2026-01-01 14:19:50.000	41827	-4105	1254	64	75.56	9	-9	0	106	50	(-32,10)
2	2026-01-01 14:19:51.000	41862	-3990	1160	64	108.91	9	-8	0	106	50	(-31,9)
2	2026-01-01 14:19:52.000	41897	-3925	1090	64	90.93	7	-10	0	106	50	(-31,9)
2	2026-01-01 14:19:53.000	41932	-3841	1204	8	94.41	5	-10	0	106	50	(-30,9)
2	2026-01-01 14:19:54.000	41967	-3761	1134	8	71.74	4	-10	0	106	45	(-29,9)
2	2026-01-01 14:19:55.000	42002	-3747	1024	8	27.65	6	-9	0	106	42	(-29,8)
2	2026-01-01 14:19:56.000	42037	-3673	920	8	56.14	4	-9	0	106	38	(-29,7)
2	2026-01-01 14:19:57.000	42072	-3660	1004	8	12.28	2	-8	0	106	38	(-29,8)
2	2026-01-01 14:19:58.000	42107	-3607	1045	8	11.01	0	-10	0	106	38	(-28,8)
2	2026-01-01 14:19:59.000	42142	-3488	1062	64	349.7	-1	-10	0	106	38	(-27,8)
3	2026-01-01 16:00:00.000	177	26	1797	0	103.5	-7	-4	100	99	38	(0,14)
3	2026-01-01 16:00:01.000	212	12	1799	0	80.3	-6	-3	100	99	38	(0,14)
3	2026-01-01 16:00:02.000	247	-8	1859	0	103.39	-4	-5	100	99	38	(0,15)
3	2026-01-01 16:00:03.000	282	-51	1922	0	93.8	-5	-5	100	99	35	(0,15)
3	2026-01-01 16:00:04.000	317	66	1859	0	66.5	-7	-7	100	99	35	(1,15)
3	2026-01-01 16:00:05.000	352	45	1899	0	42.48	-9	-6	100	99	35	(0,15)
3	2026-01-01 16:00:06.000	387	164	1798	0	28.72	-10	-6	100	99	35	(1,14)
3	2026-01-01 16:00:07.000	422	138	1863	0	64.34	-10	-4	100	99	35	(1,15)
3	2026-01-01 16:00:08.000	457	196	1890	0	104.55	-8	-5	100	99	35	(2,15)
3	2026-01-01 16:00:09.000	492	149	1884	0	112.43	-6	-4	100	99	30	(1,15)
3	2026-01-01 16:00:10.000	527	222	1807	0	88.37	-7	-5	100	99	30	(2,14)
3	2026-01-01 16:00:11.000	562	233	1723	0	69.13	-9	-7	100	99	30	(2,13)
3	2026-01-01 16:00:12.000	597	315	1683	0	106.65	-7	-7	100	99	30	(2,13)
3	2026-01-01 16:00:13.000	632	354	1687	0	99.63	-5	-9	100	99	30	(3,13)
3	2026-01-01 16:00:14.000	667	285	1802	0	130.61	-7	-9	100	99	30	(2,14)
3	2026-01-01 16:00:15.000	702	268	1801	0	93.27	-5	-9	100	99	30	(2,14)
3	2026-01-01 16:00:16.000	737	344	1739	0	135.48	-3	-9	100	99	30	(3,14)
3	2026-01-01 16:00:17.000	772	320	1658	0	100.46	-2	-10	100	99	30	(2,13)
3	2026-01-01 16:00:18.000	807	289	1676	0	133.38	0	-8	100	99	30	(2,13)
3	2026-01-01 16:00:19.000	842	324	1720	0	149.0	0	-6	94	99	30	(3,13)
3	2026-01-01 16:00:20.000	877	431	1825	0	134.88	1	-4	94	99	30	(3,14)
3	2026-01-01 16:00:21.000	912	483	1866	0	103.15	2	-3	94	99	40	(4,15)
3	2026-01-01 16:00:22.000	947	391	1803	0	94.65	2	-1	94	99	40	(3,14)
3	2026-01-01 16:00:23.000	982	375	1778	0	83.15	1	0	94	99	40	(3,14)
3	2026-01-01 16:00:24.000	1017	452	1682	0	107.7	2	1	94	99	40	(4,13)
3	2026-01-01 16:00:25.000	1052	517	1778	0	85.55	0	0	94	99	40	(4,14)
3	2026-01-01 16:00:26.000	1087	522	1860	0	118.8	-2	-1	94	99	40	(4,15)
3	2026-01-01 16:00:27.000	1122	429	1810	0	113.31	-2	1	94	99	40	(3,14)
3	2026-01-01 16:00:28.000	1157	418	1892	0	95.44	-1	2	94	99	40	(3,15)
3	2026-01-01 16:00:29.000	1192	509	1824	0	123.03	-2	3	94	99	40	(4,14)
3	2026-01-01 16:00:30.000	1227	479	1886	0	118.78	-1	1	94	99	40	(4,15)
3	2026-01-01 16:00:31.000	1262	407	1822	0	102.62	-1	1	94	99	40	(3,14)
3	2026-01-01 16:00:32.000	1297	439	1845	0	92.17	-1	-1	94	99	40	(3,14)
3	2026-01-01 16:00:33.000	1332	455	1926	0	135.43	0	-2	94	99	40	(4,15)
3	2026-01-01 16:00:34.000	1367	519	1943	64	116.17	0	-2	94	99	35	(4,15)
3	2026-01-01 16:00:35.000	1402	606	1898	64	107.01	-1	-3	100	99	35	(5,15)
3	2026-01-01 16:00:36.000	1437	586	1918	64	110.29	-1	-2	100	99	35	(5,15)
3	2026-01-01 16:00:37.000	1472	692	1814	64	93.75	1	0	100	99	32	(5,14)
3	2026-01-01 16:00:38.000	1507	698	1905	64	123.27	1	-1	100	99	27	(5,15)
3	2026-01-01 16:00:39.000	1542	686	1813	64	149.3	1	0	100	99	27	(5,14)
3	2026-01-01 16:00:40.000	1577	677	1910	128	129.39	2	0	100	99	27	(5,15)
3	2026-01-01 16:00:41.000	1612	711	1942	128	96.64	1	0	100	99	27	(6,15)
3	2026-01-01 16:00:42.000	1647	794	2048	16	57.35	-1	-1	100	99	27	(6,16)
3	2026-01-01 16:00:43.000	1682	690	2121	16	31.8	-3	-2	100	99	27	(5,17)
3	2026-01-01 16:00:44.000	1717	574	2107	16	29.74	-4	-4	100	99	27	(4,16)
3	2026-01-01 16:00:45.000	1752	601	2156	16	27.68	-6	-2	100	99	27	(5,17)
3	2026-01-01 16:00:46.000	1787	708	2177	16	353.02	-7	-4	100	99	27	(6,17)
3	2026-01-01 16:00:47.000	1822	605	2092	16	311.15	-5	-2	100	99	27	(5,16)
3	2026-01-01 16:00:48.000	1857	512	2072	0	292.01	-5	-4	100	99	27	(4,16)
3	2026-01-01 16:00:49.000	1892	533	1972	0	321.24	-5	-4	100	99	27	(4,15)
3	2026-01-01 16:00:50.000	1927	498	2087	0	354.91	-4	-3	100	99	27	(4,16)
3	2026-01-01 16:00:51.000	1962	548	2034	0	336.52	-4	-3	100	99	26	(4,16)
3	2026-01-01 16:00:52.000	1997	604	1976	0	12.02	-4	-4	100	99	26	(5,15)
3	2026-01-01 16:00:53.000	2032	566	2095	0	54.98	-2	-4	100	99	21	(4,16)
3	2026-01-01 16:00:54.000	2067	662	2009	0	26.23	-1	-2	100	99	21	(5,16)
3	2026-01-01 16:00:55.000	2102	568	2122	0	70.54	-1	-1	100	99	21	(4,17)
3	2026-01-01 16:00:56.000	2137	473	2236	0	44.62	1	0	100	99	21	(4,17)
3	2026-01-01 16:00:57.000	2172	422	2162	0	53.58	1	-1	100	99	21	(3,17)
3	2026-01-01 16:00:58.000	2207	470	2266	64	62.18	1	0	100	99	21	(4,18)
3	2026-01-01 16:00:59.000	2242	452	2356	64	31.12	2	-1	100	99	21	(4,18)
3	2026-01-01 16:01:00.000	2277	428	2335	-8	59.66	4	-3	100	99	21	(3,18)
3	2026-01-01 16:01:01.000	2312	386	2422	-16	65.33	2	-4	100	99	21	(3,19)
3	2026-01-01 16:01:02.000	2347	438	2337	-16	105.35	4	-6	100	99	21	(3,18)
3	2026-01-01 16:01:03.000	2382	465	2448	-16	68.54	4	-5	100	99	21	(4,19)
3	2026-01-01 16:01:04.000	2417	407	2534	-16	56.4	6	-4	100	99	21	(3,20)
3	2026-01-01 16:01:05.000	2452	414	2510	-16	47.58	6	-6	100	99	21	(3,20)
3	2026-01-01 16:01:06.000	2487	525	2426	-16	53.43	8	-7	100	99	21	(4,19)
3	2026-01-01 16:01:07.000	2522	581	2381	-16	50.06	6	-6	100	99	21	(5,19)
3	2026-01-01 16:01:08.000	2557	584	2263	-16	12.02	7	-5	100	99	21	(5,18)
3	2026-01-01 16:01:09.000	2592	485	2220	-16	351.26	8	-3	100	99	21	(4,17)
3	2026-01-01 16:01:10.000	2627	522	2233	-16	313.76	8	-5	100	99	21	(4,17)
3	2026-01-01 16:01:11.000	2662	588	2118	-16	285.05	7	-4	100	99	21	(5,17)
3	2026-01-01 16:01:12.000	2697	468	2110	-16	250.33	9	-2	100	99	21	(4,16)
3	2026-01-01 16:01:13.000	2732	444	2048	-16	246.0	7	0	90	99	21	(3,16)
3	2026-01-01 16:01:14.000	2767	425	2026	-16	275.96	6	-2	90	99	21	(3,16)
3	2026-01-01 16:01:15.000	2802	335	2106	-16	282.48	5	-4	90	99	21	(3,16)
3	2026-01-01 16:01:16.000	2837	273	2219	24	316.27	7	-4	90	99	21	(2,17)
3	2026-01-01 16:01:17.000	2872	375	2179	24	307.78	7	-3	90	99	21	(3,17)
3	2026-01-01 16:01:18.000	2907	433	2225	24	318.24	9	-5	90	99	21	(3,17)
3	2026-01-01 16:01:19.000	2942	316	2159	24	280.56	8	-3	90	99	21	(2,17)
3	2026-01-01 16:01:20.000	2977	365	2198	24	284.69	6	-4	90	99	21	(3,17)
3	2026-01-01 16:01:21.000	3012	346	2144	24	261.63	7	-5	90	99	21	(3,17)
3	2026-01-01 16:01:22.000	3047	379	2141	24	228.78	8	-4	100	99	21	(3,17)
3	2026-01-01 16:01:23.000	3082	492	2032	24	268.18	9	-6	100	99	21	(4,16)
3	2026-01-01 16:01:24.000	3117	393	2071	24	235.54	8	-7	100	99	21	(3,16)
3	2026-01-01 16:01:25.000	3152	287	1976	24	222.03	8	-9	100	99	21	(2,15)
3	2026-01-01 16:01:26.000	3187	342	1877	24	207.08	10	-8	100	99	21	(3,15)
3	2026-01-01 16:01:27.000	3222	418	1914	24	218.16	10	-9	100	99	21	(3,15)
3	2026-01-01 16:01:28.000	3257	426	1849	0	179.42	10	-8	100	99	21	(3,14)
3	2026-01-01 16:01:29.000	3292	322	1844	0	203.41	10	-9	100	99	21	(3,14)
3	2026-01-01 16:01:30.000	3327	271	1961	0	204.83	10	-9	100	99	21	(2,15)
3	2026-01-01 16:01:31.000	3362	180	2066	0	193.65	10	-10	100	99	21	(1,16)
3	2026-01-01 16:01:32.000	3397	232	2088	0	161.98	10	-8	100	99	21	(2,16)
3	2026-01-01 16:01:33.000	3432	272	2102	0	158.28	10	-6	100	99	21	(2,16)
3	2026-01-01 16:01:34.000	3467	256	1999	0	122.59	8	-5	100	99	21	(2,16)
3	2026-01-01 16:01:35.000	3502	302	2005	0	78.0	7	-4	100	99	21	(2,16)
3	2026-01-01 16:01:36.000	3537	377	1943	0	49.82	7	-4	100	99	21	(3,15)
3	2026-01-01 16:01:37.000	3572	257	1973	-16	82.7	7	-2	100	99	21	(2,15)
3	2026-01-01 16:01:38.000	3607	256	1984	-16	59.28	5	-3	100	99	21	(2,16)
3	2026-01-01 16:01:39.000	3642	301	1931	-16	102.16	3	-5	100	99	38	(2,15)
3	2026-01-01 16:01:40.000	3677	385	1905	-16	118.81	2	-4	100	99	38	(3,15)
3	2026-01-01 16:01:41.000	3712	440	1964	-16	162.78	2	-3	100	99	38	(3,15)
3	2026-01-01 16:01:42.000	3747	358	1890	-16	192.43	0	-5	100	99	38	(3,15)
3	2026-01-01 16:01:43.000	3782	275	1827	16	170.71	-2	-6	100	99	35	(2,14)
3	2026-01-01 16:01:44.000	3817	218	1755	16	169.58	-4	-5	100	99	35	(2,14)
3	2026-01-01 16:01:45.000	3852	165	1862	16	133.71	-5	-7	100	99	35	(1,15)
3	2026-01-01 16:01:46.000	3887	283	1947	16	92.2	-7	-8	100	99	35	(2,15)
3	2026-01-01 16:01:47.000	3922	237	1848	16	136.83	-9	-6	94	99	35	(2,14)
3	2026-01-01 16:01:48.000	3957	265	1765	16	147.77	-9	-7	94	99	35	(2,14)
3	2026-01-01 16:01:49.000	3992	323	1836	16	168.42	-10	-7	94	99	35	(3,14)
3	2026-01-01 16:01:50.000	4027	270	1753	16	142.14	-10	-6	94	106	35	(2,14)
3	2026-01-01 16:01:51.000	4062	171	1749	16	130.67	-8	-6	100	106	35	(1,14)
3	2026-01-01 16:01:52.000	4097	128	1862	16	129.51	-6	-4	100	106	35	(1,15)
3	2026-01-01 16:01:53.000	4132	89	1818	16	109.41	-6	-4	100	106	35	(1,14)
3	2026-01-01 16:01:54.000	4167	-16	1725	16	68.96	-7	-2	100	106	31	(0,13)
3	2026-01-01 16:01:55.000	4202	-84	1668	16	77.63	-7	-4	100	106	50	(-1,13)
3	2026-01-01 16:01:56.000	4237	-154	1642	0	89.87	-9	-5	100	106	50	(-1,13)
3	2026-01-01 16:01:57.000	4272	-274	1706	0	106.09	-8	-6	100	106	50	(-2,13)
3	2026-01-01 16:01:58.000	4307	-161	1711	0	123.62	-8	-4	100	106	45	(-1,13)
3	2026-01-01 16:01:59.000	4342	-46	1736	0	88.95	-9	-2	100	106	45	(0,14)
3	2026-01-01 16:02:00.000	4377	7	1846	0	133.9	-7	0	100	106	45	(0,14)
3	2026-01-01 16:02:01.000	4412	106	1932	0	108.77	-6	-1	100	106	45	(1,15)
3	2026-01-01 16:02:02.000	4447	56	1911	0	143.37	-7	-3	100	106	45	(0,15)
3	2026-01-01 16:02:03.000	4482	33	1810	0	135.28	-7	-4	100	106	45	(0,14)
3	2026-01-01 16:02:04.000	4517	51	1803	0	179.13	-9	-4	100	106	43	(0,14)
3	2026-01-01 16:02:05.000	4552	-3	1735	0	144.18	-9	-2	100	106	43	(0,14)
3	2026-01-01 16:02:06.000	4587	-79	1724	0	146.58	-9	0	100	106	43	(-1,13)
3	2026-01-01 16:02:07.000	4622	-130	1668	0	165.07	-8	2	100	106	43	(-1,13)
3	2026-01-01 16:02:08.000	4657	-141	1701	0	209.52	-9	0	100	106	43	(-1,13)
3	2026-01-01 16:02:09.000	4692	-90	1656	0	209.09	-8	2	100	106	43	(-1,13)
3	2026-01-01 16:02:10.000	4727	-21	1633	0	177.29	-6	0	100	106	43	(0,13)
3	2026-01-01 16:02:11.000	4762	-112	1715	0	132.9	-6	-2	100	106	43	(-1,13)
3	2026-01-01 16:02:12.000	4797	-57	1626	0	138.44	-8	-1	100	106	43	(0,13)
3	2026-01-01 16:02:13.000	4832	24	1600	0	162.57	-7	-1	100	106	43	(0,12)
3	2026-01-01 16:02:14.000	4867	-92	1697	0	200.24	-6	0	100	106	43	(-1,13)
3	2026-01-01 16:02:15.000	4902	-170	1794	0	224.62	-8	2	100	106	43	(-1,14)
3	2026-01-01 16:02:16.000	4937	-181	1807	0	230.81	-10	3	100	106	43	(-1,14)
3	2026-01-01 16:02:17.000	4972	-115	1750	0	202.51	-10	3	100	106	43	(-1,14)
3	2026-01-01 16:02:18.000	5007	-202	1748	0	184.46	-9	5	100	106	43	(-2,14)
3	2026-01-01 16:02:19.000	5042	-170	1665	0	197.81	-9	7	100	106	41	(-1,13)
3	2026-01-01 16:02:20.000	5077	-109	1554	-8	209.31	-10	7	100	106	41	(-1,12)
3	2026-01-01 16:02:21.000	5112	-161	1622	-8	206.58	-10	5	100	106	41	(-1,13)
3	2026-01-01 16:02:22.000	5147	-114	1529	-8	231.05	-10	7	100	106	41	(-1,12)
3	2026-01-01 16:02:23.000	5182	-200	1456	-8	226.69	-8	5	100	106	41	(-2,11)
3	2026-01-01 16:02:24.000	5217	-200	1460	-8	266.95	-10	6	100	106	41	(-2,11)
3	2026-01-01 16:02:25.000	5252	-207	1537	64	277.27	-10	7	100	106	41	(-2,12)
3	2026-01-01 16:02:26.000	5287	-178	1528	0	245.86	-8	7	100	106	41	(-1,12)
3	2026-01-01 16:02:27.000	5322	-62	1408	0	260.08	-10	5	100	106	40	(0,11)
3	2026-01-01 16:02:28.000	5357	-65	1488	0	272.8	-10	5	100	106	40	(-1,12)
3	2026-01-01 16:02:29.000	5392	-121	1538	0	292.01	-10	5	100	106	40	(-1,12)
3	2026-01-01 16:02:30.000	5427	-231	1596	0	253.25	-9	7	100	106	38	(-2,12)
3	2026-01-01 16:02:31.000	5462	-218	1512	0	225.27	-10	9	100	106	38	(-2,12)
3	2026-01-01 16:02:32.000	5497	-123	1399	0	259.63	-9	8	100	106	38	(-1,11)
3	2026-01-01 16:02:33.000	5532	-229	1323	0	254.15	-7	10	100	106	35	(-2,10)
3	2026-01-01 16:02:34.000	5567	-194	1436	0	209.86	-9	10	100	106	35	(-2,11)
3	2026-01-01 16:02:35.000	5602	-296	1422	0	196.22	-7	8	100	106	30	(-2,11)
3	2026-01-01 16:02:36.000	5637	-337	1320	0	192.45	-5	6	100	106	30	(-3,10)
3	2026-01-01 16:02:37.000	5672	-405	1300	0	175.02	-5	4	100	106	29	(-3,10)
3	2026-01-01 16:02:38.000	5707	-503	1345	0	138.39	-6	2	100	106	29	(-4,11)
3	2026-01-01 16:02:39.000	5742	-552	1266	0	110.56	-4	4	100	106	29	(-4,10)
3	2026-01-01 16:02:40.000	5777	-622	1352	0	68.72	-4	2	100	106	29	(-5,11)
3	2026-01-01 16:02:41.000	5812	-626	1319	0	113.06	-4	0	100	106	29	(-5,10)
3	2026-01-01 16:02:42.000	5847	-598	1301	0	90.22	-3	-1	100	106	29	(-5,10)
3	2026-01-01 16:02:43.000	5882	-663	1223	0	66.55	-4	-2	100	106	29	(-5,10)
3	2026-01-01 16:02:44.000	5917	-668	1115	0	38.85	-6	-4	100	106	29	(-5,9)
3	2026-01-01 16:02:45.000	5952	-580	1168	0	81.17	-4	-4	100	106	29	(-5,9)
3	2026-01-01 16:02:46.000	5987	-662	1176	0	81.61	-3	-3	100	106	29	(-5,9)
3	2026-01-01 16:02:47.000	6022	-761	1175	0	86.29	-1	-1	100	106	29	(-6,9)
3	2026-01-01 16:02:48.000	6057	-753	1157	0	67.79	-3	-2	100	106	26	(-6,9)
3	2026-01-01 16:02:49.000	6092	-824	1041	0	95.83	-5	-2	100	106	23	(-6,8)
3	2026-01-01 16:02:50.000	6127	-787	928	-8	90.37	-3	0	100	106	23	(-6,7)
3	2026-01-01 16:02:51.000	6162	-716	944	-8	112.23	-4	-1	100	106	23	(-6,7)
3	2026-01-01 16:02:52.000	6197	-822	874	-8	126.67	-6	-2	100	106	23	(-6,7)
3	2026-01-01 16:02:53.000	6232	-839	946	-8	118.33	-5	-1	100	106	23	(-7,7)
3	2026-01-01 16:02:54.000	6267	-940	850	-8	86.02	-4	-1	100	106	23	(-7,7)
3	2026-01-01 16:02:55.000	6302	-927	835	-8	60.39	-3	-3	100	106	21	(-7,7)
3	2026-01-01 16:02:56.000	6337	-858	800	-8	56.23	-2	-5	100	106	21	(-7,6)
3	2026-01-01 16:02:57.000	6372	-834	838	-8	28.8	-4	-4	100	106	21	(-7,7)
3	2026-01-01 16:02:58.000	6407	-927	812	-8	55.03	-4	-4	100	106	18	(-7,6)
3	2026-01-01 16:02:59.000	6442	-837	852	-8	31.33	-4	-5	100	106	18	(-7,7)
3	2026-01-01 16:03:00.000	6477	-854	732	-8	63.54	-2	-3	100	106	18	(-7,6)
3	2026-01-01 16:03:01.000	6512	-770	730	-8	91.73	-2	-3	100	106	18	(-6,6)
3	2026-01-01 16:03:02.000	6547	-857	623	-8	55.59	-3	-3	100	106	18	(-7,5)
3	2026-01-01 16:03:03.000	6582	-870	513	-8	36.16	-4	-1	100	106	18	(-7,4)
3	2026-01-01 16:03:04.000	6617	-873	632	-8	14.97	-5	-1	100	106	14	(-7,5)
3	2026-01-01 16:03:05.000	6652	-829	560	-8	31.7	-7	-3	94	106	14	(-6,4)
3	2026-01-01 16:03:06.000	6687	-815	505	-8	347.27	-9	-5	94	106	14	(-6,4)
3	2026-01-01 16:03:07.000	6722	-846	511	-8	336.02	-8	-4	94	106	14	(-7,4)
3	2026-01-01 16:03:08.000	6757	-823	447	-8	10.98	-7	-3	94	106	14	(-6,3)
3	2026-01-01 16:03:09.000	6792	-919	329	-8	346.24	-9	-4	94	106	14	(-7,3)
3	2026-01-01 16:03:10.000	6827	-807	246	-8	312.82	-10	-3	94	106	14	(-6,2)
3	2026-01-01 16:03:11.000	6862	-913	269	-8	278.82	-8	-5	94	106	14	(-7,2)
3	2026-01-01 16:03:12.000	6897	-844	273	-8	244.96	-9	-3	94	106	9	(-7,2)
3	2026-01-01 16:03:13.000	6932	-918	269	-8	263.77	-10	-1	94	106	9	(-7,2)
3	2026-01-01 16:03:14.000	6967	-972	201	-8	286.94	-9	-1	94	106	9	(-8,2)
3	2026-01-01 16:03:15.000	7002	-958	234	-8	257.86	-10	1	94	106	9	(-7,2)
3	2026-01-01 16:03:16.000	7037	-946	198	-8	252.61	-10	-1	94	106	9	(-7,2)
3	2026-01-01 16:03:17.000	7072	-928	266	-8	213.33	-10	-2	94	106	9	(-7,2)
3	2026-01-01 16:03:18.000	7107	-878	299	-8	185.37	-9	0	90	106	9	(-7,2)
3	2026-01-01 16:03:19.000	7142	-943	295	-8	187.29	-8	0	90	106	9	(-7,2)
3	2026-01-01 16:03:20.000	7177	-914	284	128	194.04	-6	1	90	106	9	(-7,2)
3	2026-01-01 16:03:21.000	7212	-1015	313	128	206.79	-5	0	90	106	9	(-8,2)
3	2026-01-01 16:03:22.000	7247	-954	335	128	191.16	-5	-2	90	106	6	(-7,3)
3	2026-01-01 16:03:23.000	7282	-979	352	128	201.76	-6	-3	90	106	6	(-8,3)
3	2026-01-01 16:03:24.000	7317	-1081	430	0	209.11	-8	-4	90	106	4	(-8,3)
3	2026-01-01 16:03:25.000	7352	-1023	464	0	231.8	-8	-6	90	106	4	(-8,4)
3	2026-01-01 16:03:26.000	7387	-1081	427	0	195.23	-8	-8	90	106	4	(-8,3)
3	2026-01-01 16:03:27.000	7422	-1060	371	0	169.8	-10	-8	90	106	4	(-8,3)
3	2026-01-01 16:03:28.000	7457	-976	380	0	189.1	-10	-9	90	106	4	(-8,3)
3	2026-01-01 16:03:29.000	7492	-1055	361	0	150.2	-10	-10	90	106	4	(-8,3)
3	2026-01-01 16:03:30.000	7527	-1022	277	0	136.18	-9	-9	90	106	4	(-8,2)
3	2026-01-01 16:03:31.000	7562	-930	339	0	168.84	-8	-7	90	106	4	(-7,3)
3	2026-01-01 16:03:32.000	7597	-872	301	0	179.28	-7	-5	90	106	0	(-7,2)
3	2026-01-01 16:03:33.000	7632	-836	377	0	185.04	-8	-7	90	106	0	(-7,3)
3	2026-01-01 16:03:34.000	7667	-933	422	0	166.32	-7	-7	90	106	0	(-7,3)
3	2026-01-01 16:03:35.000	7702	-1002	348	0	146.48	-8	-6	90	106	0	(-8,3)
3	2026-01-01 16:03:36.000	7737	-1090	262	0	108.69	-10	-4	90	106	0	(-9,2)
3	2026-01-01 16:03:37.000	7772	-981	348	0	65.05	-10	-5	90	106	0	(-8,3)
3	2026-01-01 16:03:38.000	7807	-1001	287	0	63.04	-10	-3	90	106	0	(-8,2)
3	2026-01-01 16:03:39.000	7842	-920	379	0	72.28	-9	-4	90	106	0	(-7,3)
3	2026-01-01 16:03:40.000	7877	-831	266	0	70.0	-10	-2	90	106	0	(-6,2)
3	2026-01-01 16:03:41.000	7912	-836	286	0	92.11	-10	-1	90	106	0	(-7,2)
3	2026-01-01 16:03:42.000	7947	-954	390	0	101.72	-10	0	90	106	0	(-7,3)
3	2026-01-01 16:03:43.000	7982	-876	324	0	117.92	-9	1	90	106	0	(-7,3)
3	2026-01-01 16:03:44.000	8017	-907	268	0	86.76	-7	3	90	106	0	(-7,2)
3	2026-01-01 16:03:45.000	8052	-806	175	0	44.75	-9	4	90	106	0	(-6,1)
3	2026-01-01 16:03:46.000	8087	-851	131	0	44.99	-9	5	90	106	0	(-7,1)
3	2026-01-01 16:03:47.000	8122	-759	191	0	71.05	-10	4	90	106	0	(-6,1)
3	2026-01-01 16:03:48.000	8157	-751	139	0	109.35	-10	5	90	106	0	(-6,1)
3	2026-01-01 16:03:49.000	8192	-769	231	8	103.18	-8	4	90	106	0	(-6,2)
3	2026-01-01 16:03:50.000	8227	-659	330	64	138.15	-8	6	90	106	0	(-5,3)
3	2026-01-01 16:03:51.000	8262	-635	220	64	125.87	-9	4	90	106	0	(-5,2)
3	2026-01-01 16:03:52.000	8297	-747	183	64	86.13	-9	2	90	106	0	(-6,1)
3	2026-01-01 16:03:53.000	8332	-720	242	64	118.82	-8	1	90	106	0	(-6,2)
3	2026-01-01 16:03:54.000	8367	-647	294	64	106.93	-7	1	90	106	0	(-5,2)
3	2026-01-01 16:03:55.000	8402	-570	293	64	139.2	-8	2	90	106	0	(-4,2)
3	2026-01-01 16:03:56.000	8437	-681	266	64	110.29	-10	4	90	106	0	(-5,2)
3	2026-01-01 16:03:57.000	8472	-615	333	64	126.53	-10	5	90	106	0	(-5,3)
3	2026-01-01 16:03:58.000	8507	-586	315	64	168.54	-10	6	90	106	0	(-5,2)
3	2026-01-01 16:03:59.000	8542	-541	221	64	198.15	-8	5	90	106	0	(-4,2)
3	2026-01-01 16:04:00.000	8577	-513	139	64	171.78	-10	4	90	106	24	(-4,1)
3	2026-01-01 16:04:01.000	8612	-607	54	64	130.0	-8	6	90	106	24	(-5,0)
3	2026-01-01 16:04:02.000	8647	-644	-28	64	124.69	-6	4	90	106	24	(-5,0)
3	2026-01-01 16:04:03.000	8682	-582	-8	64	90.94	-4	4	90	106	24	(-5,0)
3	2026-01-01 16:04:04.000	8717	-682	-81	64	77.62	-4	3	90	106	24	(-5,-1)
3	2026-01-01 16:04:05.000	8752	-612	-105	40	50.47	-5	4	90	106	24	(-5,-1)
3	2026-01-01 16:04:06.000	8787	-637	-81	40	57.0	-7	6	90	106	24	(-5,-1)
3	2026-01-01 16:04:07.000	8822	-732	-197	40	79.86	-8	5	90	106	24	(-6,-2)
3	2026-01-01 16:04:08.000	8857	-655	-123	0	115.07	-7	4	90	106	24	(-5,-1)
3	2026-01-01 16:04:09.000	8892	-553	-21	0	111.56	-6	2	90	106	20	(-4,0)
3	2026-01-01 16:04:10.000	8927	-520	96	0	138.98	-7	2	90	106	20	(-4,1)
3	2026-01-01 16:04:11.000	8962	-482	172	0	147.16	-6	1	90	106	20	(-4,1)
3	2026-01-01 16:04:12.000	8997	-425	54	0	119.16	-7	-1	90	106	20	(-3,0)
3	2026-01-01 16:04:13.000	9032	-487	16	0	149.74	-5	-2	90	106	20	(-4,0)
3	2026-01-01 16:04:14.000	9067	-575	-57	0	120.98	-7	0	90	106	20	(-4,0)
3	2026-01-01 16:04:15.000	9102	-603	27	0	76.52	-7	-2	90	106	20	(-5,0)
3	2026-01-01 16:04:16.000	9137	-653	-15	0	94.91	-8	0	90	106	20	(-5,0)
3	2026-01-01 16:04:17.000	9172	-728	82	0	77.34	-8	0	90	106	18	(-6,1)
3	2026-01-01 16:04:18.000	9207	-647	109	0	66.9	-8	-1	90	106	18	(-5,1)
3	2026-01-01 16:04:19.000	9242	-653	3	0	84.85	-8	-1	90	106	18	(-5,0)
3	2026-01-01 16:04:20.000	9277	-546	-7	0	85.75	-10	-1	90	106	18	(-4,0)
3	2026-01-01 16:04:21.000	9312	-510	11	0	52.43	-10	0	90	106	18	(-4,0)
3	2026-01-01 16:04:22.000	9347	-618	128	0	74.63	-10	2	90	106	18	(-5,1)
3	2026-01-01 16:04:23.000	9382	-514	20	0	69.41	-8	2	90	106	18	(-4,0)
3	2026-01-01 16:04:24.000	9417	-600	99	0	113.56	-10	4	90	106	18	(-5,1)
3	2026-01-01 16:04:25.000	9452	-649	117	0	86.24	-10	6	90	106	18	(-5,1)
3	2026-01-01 16:04:26.000	9487	-560	186	0	111.88	-8	6	90	106	14	(-4,1)
3	2026-01-01 16:04:27.000	9522	-446	136	0	151.03	-9	6	90	106	14	(-3,1)
3	2026-01-01 16:04:28.000	9557	-515	213	0	190.09	-10	4	90	106	14	(-4,2)
3	2026-01-01 16:04:29.000	9592	-481	248	0	195.13	-10	6	90	106	14	(-4,2)
3	2026-01-01 16:04:30.000	9627	-561	336	0	191.59	-10	4	90	106	10	(-4,3)
3	2026-01-01 16:04:31.000	9662	-524	219	0	171.16	-10	6	90	106	7	(-4,2)
3	2026-01-01 16:04:32.000	9697	-599	159	0	140.58	-9	5	90	106	2	(-5,1)
3	2026-01-01 16:04:33.000	9732	-639	209	0	160.32	-8	6	90	106	2	(-5,2)
3	2026-01-01 16:04:34.000	9767	-752	201	0	161.37	-7	4	88	106	2	(-6,2)
3	2026-01-01 16:04:35.000	9802	-798	96	0	191.63	-8	6	85	106	2	(-6,1)
3	2026-01-01 16:04:36.000	9837	-771	177	0	209.24	-6	4	85	106	2	(-6,1)
3	2026-01-01 16:04:37.000	9872	-889	235	0	190.82	-7	6	85	106	9	(-7,2)
3	2026-01-01 16:04:38.000	9907	-773	337	0	210.47	-7	5	85	106	5	(-6,3)
3	2026-01-01 16:04:39.000	9942	-679	338	0	210.88	-8	7	85	106	5	(-5,3)
3	2026-01-01 16:04:40.000	9977	-676	325	0	185.55	-9	5	85	106	5	(-5,3)
3	2026-01-01 16:04:41.000	10012	-705	344	0	143.61	-10	4	92	106	5	(-6,3)
3	2026-01-01 16:04:42.000	10047	-603	261	0	99.83	-9	5	92	106	3	(-5,2)
3	2026-01-01 16:04:43.000	10082	-658	346	0	105.66	-7	6	92	106	0	(-5,3)
3	2026-01-01 16:04:44.000	10117	-629	327	0	78.89	-5	6	92	106	0	(-5,3)
3	2026-01-01 16:04:45.000	10152	-623	444	0	76.24	-4	5	92	106	0	(-5,3)
3	2026-01-01 16:04:46.000	10187	-541	435	0	105.9	-2	6	92	106	0	(-4,3)
3	2026-01-01 16:04:47.000	10222	-465	355	0	139.31	-4	7	92	106	0	(-4,3)
3	2026-01-01 16:04:48.000	10257	-571	451	0	116.73	-6	9	92	106	0	(-4,4)
3	2026-01-01 16:04:49.000	10292	-548	555	0	103.72	-6	9	92	106	0	(-4,4)
3	2026-01-01 16:04:50.000	10327	-556	559	0	125.18	-5	8	92	106	0	(-4,4)
3	2026-01-01 16:04:51.000	10362	-511	471	0	164.15	-7	7	92	106	0	(-4,4)
3	2026-01-01 16:04:52.000	10397	-504	447	0	152.12	-5	9	92	106	17	(-4,3)
3	2026-01-01 16:04:53.000	10432	-406	505	0	187.8	-6	10	92	106	16	(-3,4)
3	2026-01-01 16:04:54.000	10467	-397	547	0	190.74	-7	9	92	106	16	(-3,4)
3	2026-01-01 16:04:55.000	10502	-330	447	0	159.53	-9	8	92	106	16	(-3,3)
3	2026-01-01 16:04:56.000	10537	-299	378	0	175.7	-9	7	92	106	16	(-2,3)
3	2026-01-01 16:04:57.000	10572	-282	451	-16	143.82	-10	5	92	106	13	(-2,4)
3	2026-01-01 16:04:58.000	10607	-363	333	-16	181.28	-10	5	92	106	13	(-3,3)
3	2026-01-01 16:04:59.000	10642	-340	378	-16	158.76	-10	6	92	106	13	(-3,3)
3	2026-01-01 16:05:00.000	10677	-259	397	-16	200.19	-9	8	92	106	13	(-2,3)
3	2026-01-01 16:05:01.000	10712	-143	414	-16	222.86	-10	9	92	106	13	(-1,3)
3	2026-01-01 16:05:02.000	10747	-177	440	-16	248.79	-10	10	92	106	13	(-1,3)
3	2026-01-01 16:05:03.000	10782	-193	555	-16	229.17	-10	10	92	106	13	(-2,4)
3	2026-01-01 16:05:04.000	10817	-95	596	-16	205.0	-10	10	92	106	13	(-1,5)
3	2026-01-01 16:05:05.000	10852	22	695	-16	198.38	-10	10	92	106	13	(0,5)
3	2026-01-01 16:05:06.000	10887	37	716	-16	233.45	-9	8	92	106	13	(0,6)
3	2026-01-01 16:05:07.000	10922	112	662	-16	193.33	-9	8	92	106	13	(1,5)
3	2026-01-01 16:05:08.000	10957	80	766	0	189.05	-10	10	92	106	13	(1,6)
3	2026-01-01 16:05:09.000	10992	89	797	0	202.41	-8	10	92	106	13	(1,6)
3	2026-01-01 16:05:10.000	11027	174	872	0	168.08	-6	10	92	106	13	(1,7)
3	2026-01-01 16:05:11.000	11062	248	980	0	171.78	-5	9	92	106	13	(2,8)
3	2026-01-01 16:05:12.000	11097	288	1005	0	128.71	-7	10	92	106	13	(2,8)
3	2026-01-01 16:05:13.000	11132	393	1018	0	87.77	-8	10	92	106	13	(3,8)
3	2026-01-01 16:05:14.000	11167	320	1113	0	54.94	-10	10	92	106	13	(2,9)
3	2026-01-01 16:05:15.000	11202	363	1117	8	86.01	-8	10	92	106	8	(3,9)
3	2026-01-01 16:05:16.000	11237	480	1144	8	128.22	-9	10	92	106	8	(4,9)
3	2026-01-01 16:05:17.000	11272	499	1253	8	114.64	-8	10	92	106	8	(4,10)
3	2026-01-01 16:05:18.000	11307	615	1317	8	84.36	-10	8	92	106	8	(5,10)
3	2026-01-01 16:05:19.000	11342	613	1329	8	41.68	-9	9	92	106	8	(5,10)
3	2026-01-01 16:05:20.000	11377	567	1283	8	54.87	-10	8	92	106	8	(4,10)
3	2026-01-01 16:05:21.000	11412	632	1288	8	73.09	-8	9	92	106	8	(5,10)
3	2026-01-01 16:05:22.000	11447	572	1343	8	38.83	-10	10	92	106	8	(4,10)
3	2026-01-01 16:05:23.000	11482	471	1293	8	74.59	-9	10	92	106	8	(4,10)
3	2026-01-01 16:05:24.000	11517	567	1293	8	66.11	-10	10	92	106	7	(4,10)
3	2026-01-01 16:05:25.000	11552	455	1347	8	60.25	-10	8	92	106	7	(4,11)
3	2026-01-01 16:05:26.000	11587	508	1371	8	88.89	-8	8	92	106	7	(4,11)
3	2026-01-01 16:05:27.000	11622	474	1393	8	51.66	-9	9	89	106	7	(4,11)
3	2026-01-01 16:05:28.000	11657	573	1351	8	32.23	-7	10	89	106	7	(4,11)
3	2026-01-01 16:05:29.000	11692	659	1380	40	60.99	-8	10	89	106	7	(5,11)
3	2026-01-01 16:05:30.000	11727	611	1412	40	82.68	-10	10	89	106	2	(5,11)
3	2026-01-01 16:05:31.000	11762	532	1433	40	66.33	-10	10	86	106	2	(4,11)
3	2026-01-01 16:05:32.000	11797	454	1527	40	103.05	-9	9	86	106	17	(4,12)
3	2026-01-01 16:05:33.000	11832	406	1447	40	96.53	-8	8	86	106	17	(3,11)
3	2026-01-01 16:05:34.000	11867	426	1475	40	110.02	-7	8	86	106	17	(3,12)
3	2026-01-01 16:05:35.000	11902	314	1574	40	98.73	-9	10	86	106	17	(2,12)
3	2026-01-01 16:05:36.000	11937	277	1693	40	129.78	-7	10	86	106	17	(2,13)
3	2026-01-01 16:05:37.000	11972	213	1641	40	164.25	-6	10	86	106	13	(2,13)
3	2026-01-01 16:05:38.000	12007	261	1588	0	136.07	-7	8	86	106	13	(2,12)
3	2026-01-01 16:05:39.000	12042	202	1501	0	121.61	-5	6	86	106	13	(2,12)
3	2026-01-01 16:05:40.000	12077	273	1592	0	125.03	-5	4	86	106	13	(2,12)
3	2026-01-01 16:05:41.000	12112	248	1557	0	106.49	-4	3	86	106	27	(2,12)
3	2026-01-01 16:05:42.000	12147	176	1474	24	94.84	-6	1	86	106	27	(1,12)
3	2026-01-01 16:05:43.000	12182	197	1429	24	52.02	-5	2	86	106	27	(2,11)
3	2026-01-01 16:05:44.000	12217	275	1430	24	93.49	-3	2	86	106	27	(2,11)
3	2026-01-01 16:05:45.000	12252	312	1321	24	99.53	-2	4	86	106	27	(2,10)
3	2026-01-01 16:05:46.000	12287	390	1201	24	77.87	-1	4	86	106	27	(3,9)
3	2026-01-01 16:05:47.000	12322	501	1287	24	68.76	-3	5	86	106	27	(4,10)
3	2026-01-01 16:05:48.000	12357	444	1192	24	84.33	-4	7	86	106	27	(3,9)
3	2026-01-01 16:05:49.000	12392	475	1184	24	73.59	-4	9	86	106	27	(4,9)
3	2026-01-01 16:05:50.000	12427	363	1264	24	62.35	-4	10	86	106	27	(3,10)
3	2026-01-01 16:05:51.000	12462	462	1346	24	40.76	-2	9	86	106	27	(4,11)
3	2026-01-01 16:05:52.000	12497	566	1427	64	23.41	0	8	86	106	22	(4,11)
3	2026-01-01 16:05:53.000	12532	623	1435	64	55.68	0	6	86	106	22	(5,11)
3	2026-01-01 16:05:54.000	12567	667	1541	64	95.0	-2	6	86	106	22	(5,12)
3	2026-01-01 16:05:55.000	12602	687	1636	64	89.18	-4	5	86	106	17	(5,13)
3	2026-01-01 16:05:56.000	12637	749	1559	64	98.2	-4	6	83	106	17	(6,12)
3	2026-01-01 16:05:57.000	12672	799	1679	64	119.98	-3	6	83	106	17	(6,13)
3	2026-01-01 16:05:58.000	12707	712	1680	64	122.66	-1	7	83	106	17	(6,13)
3	2026-01-01 16:05:59.000	12742	666	1607	64	158.28	-2	6	83	106	17	(5,13)
3	2026-01-01 16:06:00.000	12777	686	1704	64	130.36	-2	6	83	106	17	(5,13)
3	2026-01-01 16:06:01.000	12812	639	1663	64	155.46	0	8	83	106	17	(5,13)
3	2026-01-01 16:06:02.000	12847	557	1720	64	161.55	-1	6	83	106	17	(4,13)
3	2026-01-01 16:06:03.000	12882	537	1664	64	131.17	-3	4	83	106	12	(4,13)
3	2026-01-01 16:06:04.000	12917	452	1728	64	150.81	-5	2	83	106	12	(4,14)
3	2026-01-01 16:06:05.000	12952	477	1643	64	153.35	-7	2	83	106	12	(4,13)
3	2026-01-01 16:06:06.000	12987	521	1681	64	118.79	-8	4	83	106	12	(4,13)
3	2026-01-01 16:06:07.000	13022	488	1665	64	147.69	-9	2	83	106	12	(4,13)
3	2026-01-01 16:06:08.000	13057	558	1663	64	135.73	-10	2	83	106	12	(4,13)
3	2026-01-01 16:06:09.000	13092	596	1762	64	172.67	-10	1	83	106	12	(5,14)
3	2026-01-01 16:06:10.000	13127	701	1754	64	195.22	-8	2	83	106	12	(5,14)
3	2026-01-01 16:06:11.000	13162	627	1826	64	214.52	-8	0	83	106	12	(5,14)
3	2026-01-01 16:06:12.000	13197	696	1770	64	259.19	-10	1	83	106	10	(5,14)
3	2026-01-01 16:06:13.000	13232	777	1824	64	255.23	-10	0	83	106	10	(6,14)
3	2026-01-01 16:06:14.000	13267	814	1908	64	212.79	-8	-1	83	106	10	(6,15)
3	2026-01-01 16:06:15.000	13302	763	1954	64	238.43	-7	1	83	106	10	(6,15)
3	2026-01-01 16:06:16.000	13337	823	2008	64	200.11	-7	0	83	106	10	(6,16)
3	2026-01-01 16:06:17.000	13372	817	1910	64	232.77	-9	-2	83	106	10	(6,15)
3	2026-01-01 16:06:18.000	13407	887	1976	64	233.06	-9	-4	83	106	8	(7,15)
3	2026-01-01 16:06:19.000	13442	844	2032	64	268.82	-7	-5	83	106	8	(7,16)
3	2026-01-01 16:06:20.000	13477	841	2085	64	264.17	-9	-6	83	106	8	(7,16)
3	2026-01-01 16:06:21.000	13512	831	2185	64	261.02	-8	-7	83	106	8	(6,17)
3	2026-01-01 16:06:22.000	13547	868	2188	64	275.09	-7	-5	83	106	8	(7,17)
3	2026-01-01 16:06:23.000	13582	833	2150	64	303.05	-6	-3	83	106	8	(7,17)
3	2026-01-01 16:06:24.000	13617	804	2080	64	281.92	-4	-3	83	106	8	(6,16)
3	2026-01-01 16:06:25.000	13652	814	2056	64	307.55	-6	-3	83	106	5	(6,16)
3	2026-01-01 16:06:26.000	13687	842	2017	64	351.69	-6	-2	83	106	5	(7,16)
3	2026-01-01 16:06:27.000	13722	730	2045	16	348.94	-7	-1	83	106	5	(6,16)
3	2026-01-01 16:06:28.000	13757	833	2140	16	3.27	-9	1	83	106	3	(7,17)
3	2026-01-01 16:06:29.000	13792	767	2086	16	38.07	-10	2	83	106	3	(6,16)
3	2026-01-01 16:06:30.000	13827	886	2035	16	9.36	-10	3	83	106	3	(7,16)
3	2026-01-01 16:06:31.000	13862	771	2127	16	11.46	-10	3	83	106	3	(6,17)
3	2026-01-01 16:06:32.000	13897	673	2161	16	340.41	-10	2	83	106	28	(5,17)
3	2026-01-01 16:06:33.000	13932	600	2259	16	337.12	-9	4	83	106	28	(5,18)
3	2026-01-01 16:06:34.000	13967	489	2206	16	17.65	-10	4	83	106	28	(4,17)
3	2026-01-01 16:06:35.000	14002	396	2179	16	28.38	-9	2	83	106	28	(3,17)
3	2026-01-01 16:06:36.000	14037	489	2286	16	65.23	-10	2	83	106	28	(4,18)
3	2026-01-01 16:06:37.000	14072	504	2218	0	45.05	-10	1	83	106	28	(4,17)
3	2026-01-01 16:06:38.000	14107	571	2242	0	79.38	-8	0	83	106	26	(4,18)
3	2026-01-01 16:06:39.000	14142	515	2283	0	83.35	-9	-2	83	106	26	(4,18)
3	2026-01-01 16:06:40.000	14177	419	2211	0	71.69	-10	-1	83	106	26	(3,17)
3	2026-01-01 16:06:41.000	14212	490	2219	0	76.89	-9	-1	83	106	26	(4,17)
3	2026-01-01 16:06:42.000	14247	474	2302	0	42.65	-9	-3	83	106	23	(4,18)
3	2026-01-01 16:06:43.000	14282	520	2212	0	26.21	-8	-1	83	106	23	(4,17)
3	2026-01-01 16:06:44.000	14317	454	2140	0	5.56	-6	0	83	106	18	(4,17)
3	2026-01-01 16:06:45.000	14352	561	2223	0	24.7	-8	-1	83	106	18	(4,17)
3	2026-01-01 16:06:46.000	14387	665	2151	0	56.88	-7	-1	83	106	18	(5,17)
3	2026-01-01 16:06:47.000	14422	684	2045	0	64.4	-5	0	83	106	15	(5,16)
3	2026-01-01 16:06:48.000	14457	802	2059	0	86.41	-7	-1	83	106	15	(6,16)
3	2026-01-01 16:06:49.000	14492	756	1957	0	106.56	-9	1	83	106	15	(6,15)
3	2026-01-01 16:06:50.000	14527	679	1882	0	137.46	-10	-1	82	106	15	(5,15)
3	2026-01-01 16:06:51.000	14562	772	1802	0	171.65	-10	-3	82	106	10	(6,14)
3	2026-01-01 16:06:52.000	14597	881	1765	0	208.06	-10	-4	82	106	10	(7,14)
3	2026-01-01 16:06:53.000	14632	906	1695	0	238.77	-10	-2	78	106	10	(7,13)
3	2026-01-01 16:06:54.000	14667	837	1690	0	199.87	-10	0	78	106	10	(7,13)
3	2026-01-01 16:06:55.000	14702	909	1597	0	192.63	-10	1	78	106	10	(7,12)
3	2026-01-01 16:06:56.000	14737	897	1510	0	193.73	-8	0	78	106	10	(7,12)
3	2026-01-01 16:06:57.000	14772	778	1471	0	217.95	-9	-1	78	106	10	(6,11)
3	2026-01-01 16:06:58.000	14807	663	1512	0	193.71	-7	-1	78	106	5	(5,12)
3	2026-01-01 16:06:59.000	14842	740	1449	0	228.07	-8	0	78	106	5	(6,11)
3	2026-01-01 16:07:00.000	14877	655	1376	0	200.45	-10	-2	78	106	5	(5,11)
3	2026-01-01 16:07:01.000	14912	561	1397	0	208.92	-8	-3	78	106	5	(4,11)
3	2026-01-01 16:07:02.000	14947	661	1288	0	181.97	-10	-4	78	106	5	(5,10)
3	2026-01-01 16:07:03.000	14982	768	1371	128	214.01	-10	-6	78	106	5	(6,11)
3	2026-01-01 16:07:04.000	15017	767	1411	-16	183.71	-10	-5	78	106	5	(6,11)
3	2026-01-01 16:07:05.000	15052	851	1365	0	167.63	-10	-5	78	106	29	(7,11)
3	2026-01-01 16:07:06.000	15087	836	1471	0	133.96	-10	-7	78	106	29	(7,11)
3	2026-01-01 16:07:07.000	15122	786	1554	0	116.74	-8	-7	78	106	29	(6,12)
3	2026-01-01 16:07:08.000	15157	807	1534	0	142.17	-7	-5	78	106	29	(6,12)
3	2026-01-01 16:07:09.000	15192	862	1585	0	176.45	-8	-5	78	106	29	(7,12)
3	2026-01-01 16:07:10.000	15227	965	1557	0	150.18	-8	-3	72	106	29	(8,12)
3	2026-01-01 16:07:11.000	15262	1057	1582	0	138.52	-6	-2	72	106	29	(8,12)
3	2026-01-01 16:07:12.000	15297	1033	1514	0	164.61	-7	-4	72	106	29	(8,12)
3	2026-01-01 16:07:13.000	15332	925	1408	0	128.06	-9	-2	72	106	29	(7,11)
3	2026-01-01 16:07:14.000	15367	871	1326	0	116.3	-7	-4	72	106	26	(7,10)
3	2026-01-01 16:07:15.000	15402	823	1418	0	98.1	-6	-4	72	106	26	(6,11)
3	2026-01-01 16:07:16.000	15437	731	1390	0	126.43	-6	-2	72	106	26	(6,11)
3	2026-01-01 16:07:17.000	15472	638	1426	0	156.7	-6	-2	72	106	26	(5,11)
3	2026-01-01 16:07:18.000	15507	564	1464	0	182.28	-4	-4	72	106	26	(4,11)
3	2026-01-01 16:07:19.000	15542	464	1572	0	157.01	-3	-2	72	106	26	(4,12)
3	2026-01-01 16:07:20.000	15577	509	1546	0	142.28	-1	-1	72	106	26	(4,12)
3	2026-01-01 16:07:21.000	15612	562	1574	0	116.5	1	1	72	106	22	(4,12)
3	2026-01-01 16:07:22.000	15647	571	1531	0	103.5	0	1	72	106	22	(4,12)
3	2026-01-01 16:07:23.000	15682	666	1597	0	92.25	2	0	72	106	22	(5,12)
3	2026-01-01 16:07:24.000	15717	745	1553	0	130.31	0	1	72	106	18	(6,12)
3	2026-01-01 16:07:25.000	15752	635	1604	0	96.12	1	0	72	106	14	(5,13)
3	2026-01-01 16:07:26.000	15787	693	1491	0	108.92	-1	0	72	106	14	(5,12)
3	2026-01-01 16:07:27.000	15822	733	1584	0	126.96	1	2	72	106	14	(6,12)
3	2026-01-01 16:07:28.000	15857	789	1500	0	116.7	-1	0	72	106	31	(6,12)
3	2026-01-01 16:07:29.000	15892	841	1463	0	160.88	-3	-2	72	106	31	(7,11)
3	2026-01-01 16:07:30.000	15927	947	1365	0	128.16	-1	0	72	106	31	(7,11)
3	2026-01-01 16:07:31.000	15962	1020	1388	0	95.49	-2	2	70	106	31	(8,11)
3	2026-01-01 16:07:32.000	15997	995	1505	0	116.17	-4	4	70	106	31	(8,12)
3	2026-01-01 16:07:33.000	16032	983	1457	0	108.97	-3	5	70	106	26	(8,11)
3	2026-01-01 16:07:34.000	16067	878	1470	0	130.53	-1	3	70	106	26	(7,11)
3	2026-01-01 16:07:35.000	16102	942	1375	0	121.77	-1	1	70	106	26	(7,11)
3	2026-01-01 16:07:36.000	16137	880	1420	0	153.68	1	2	70	106	26	(7,11)
3	2026-01-01 16:07:37.000	16172	896	1509	0	114.38	3	2	70	106	26	(7,12)
3	2026-01-01 16:07:38.000	16207	791	1561	0	73.76	5	2	70	106	26	(6,12)
3	2026-01-01 16:07:39.000	16242	704	1507	0	111.92	3	1	70	106	26	(6,12)
3	2026-01-01 16:07:40.000	16277	585	1435	0	102.79	1	1	70	106	26	(5,11)
3	2026-01-01 16:07:41.000	16312	619	1481	0	118.84	2	3	70	106	24	(5,12)
3	2026-01-01 16:07:42.000	16347	675	1427	0	161.73	0	3	70	106	24	(5,11)
3	2026-01-01 16:07:43.000	16382	712	1523	0	158.88	1	1	70	106	24	(6,12)
3	2026-01-01 16:07:44.000	16417	613	1456	0	116.95	-1	1	70	106	24	(5,11)
3	2026-01-01 16:07:45.000	16452	715	1496	0	89.83	-3	2	70	106	24	(6,12)
3	2026-01-01 16:07:46.000	16487	602	1472	0	82.97	-5	0	62	106	24	(5,12)
3	2026-01-01 16:07:47.000	16522	610	1493	0	69.04	-3	0	62	106	24	(5,12)
3	2026-01-01 16:07:48.000	16557	531	1558	0	105.73	-5	1	62	106	24	(4,12)
3	2026-01-01 16:07:49.000	16592	478	1483	0	89.62	-6	2	62	106	24	(4,12)
3	2026-01-01 16:07:50.000	16627	539	1572	0	85.72	-5	2	62	106	24	(4,12)
3	2026-01-01 16:07:51.000	16662	552	1682	0	122.99	-7	4	62	106	24	(4,13)
3	2026-01-01 16:07:52.000	16697	627	1631	0	81.69	-6	4	62	106	47	(5,13)
3	2026-01-01 16:07:53.000	16732	544	1680	0	113.0	-6	6	62	106	43	(4,13)
3	2026-01-01 16:07:54.000	16767	580	1625	0	130.85	-7	6	62	106	43	(5,13)
3	2026-01-01 16:07:55.000	16802	684	1528	56	147.23	-5	4	62	106	43	(5,12)
3	2026-01-01 16:07:56.000	16837	570	1536	56	181.82	-5	4	62	106	43	(4,12)
3	2026-01-01 16:07:57.000	16872	574	1516	56	141.0	-6	5	62	106	43	(4,12)
3	2026-01-01 16:07:58.000	16907	510	1598	56	129.23	-8	6	62	106	50	(4,12)
3	2026-01-01 16:07:59.000	16942	524	1709	56	85.58	-9	5	62	106	50	(4,13)
3	2026-01-01 16:08:00.000	16977	513	1673	56	100.75	-8	5	62	106	50	(4,13)
3	2026-01-01 16:08:01.000	17012	406	1723	56	97.35	-7	7	62	106	50	(3,13)
3	2026-01-01 16:08:02.000	17047	355	1838	56	124.21	-6	8	54	106	50	(3,14)
3	2026-01-01 16:08:03.000	17082	339	1904	56	91.06	-5	7	54	106	50	(3,15)
3	2026-01-01 16:08:04.000	17117	417	1962	56	55.78	-3	7	54	106	50	(3,15)
3	2026-01-01 16:08:05.000	17152	513	1996	56	62.51	-1	5	54	106	50	(4,16)
3	2026-01-01 16:08:06.000	17187	594	2115	56	31.36	-2	4	54	106	46	(5,17)
3	2026-01-01 16:08:07.000	17222	705	2109	56	32.21	-2	6	54	106	46	(6,16)
3	2026-01-01 16:08:08.000	17257	665	2083	56	51.82	-4	8	74	106	43	(5,16)
3	2026-01-01 16:08:09.000	17292	695	2161	56	41.64	-2	7	74	106	43	(5,17)
3	2026-01-01 16:08:10.000	17327	736	2195	56	65.14	-1	8	74	106	43	(6,17)
3	2026-01-01 16:08:11.000	17362	745	2196	56	82.7	-3	8	74	106	43	(6,17)
3	2026-01-01 16:08:12.000	17397	740	2193	56	58.56	-4	7	67	106	43	(6,17)
3	2026-01-01 16:08:13.000	17432	684	2108	-16	38.97	-4	8	67	106	43	(5,16)
3	2026-01-01 16:08:14.000	17467	677	2076	-16	14.77	-2	8	67	106	43	(5,16)
3	2026-01-01 16:08:15.000	17502	591	1960	0	349.8	-2	8	67	106	43	(5,15)
3	2026-01-01 16:08:16.000	17537	505	2010	0	326.12	-3	9	67	106	43	(4,16)
3	2026-01-01 16:08:17.000	17572	429	1988	40	317.64	-5	8	67	106	50	(3,16)
3	2026-01-01 16:08:18.000	17607	405	2052	40	345.34	-7	10	67	106	50	(3,16)
3	2026-01-01 16:08:19.000	17642	287	1939	40	345.95	-7	10	67	106	48	(2,15)
3	2026-01-01 16:08:20.000	17677	291	1961	40	311.21	-8	9	67	106	48	(2,15)
3	2026-01-01 16:08:21.000	17712	230	1921	-16	267.71	-8	7	67	106	48	(2,15)
3	2026-01-01 16:08:22.000	17747	167	1939	-16	258.42	-6	6	67	106	46	(1,15)
3	2026-01-01 16:08:23.000	17782	211	1880	-16	242.42	-8	8	67	106	44	(2,15)
3	2026-01-01 16:08:24.000	17817	235	1923	-16	205.79	-10	6	67	106	44	(2,15)
3	2026-01-01 16:08:25.000	17852	288	1955	-16	166.95	-8	7	67	106	44	(2,15)
3	2026-01-01 16:08:26.000	17887	199	1997	-16	179.72	-6	8	67	106	44	(2,16)
3	2026-01-01 16:08:27.000	17922	146	1955	-16	218.9	-6	10	67	106	39	(1,15)
3	2026-01-01 16:08:28.000	17957	263	1966	-16	238.33	-5	10	67	106	39	(2,15)
3	2026-01-01 16:08:29.000	17992	376	1877	-16	278.68	-5	10	67	106	39	(3,15)
3	2026-01-01 16:08:30.000	18027	490	1824	-16	248.79	-7	9	67	106	39	(4,14)
3	2026-01-01 16:08:31.000	18062	471	1809	40	256.56	-5	7	65	106	34	(4,14)
3	2026-01-01 16:08:32.000	18097	536	1704	40	241.5	-4	6	65	106	34	(4,13)
3	2026-01-01 16:08:33.000	18132	462	1786	40	280.84	-3	6	56	106	33	(4,14)
3	2026-01-01 16:08:34.000	18167	407	1886	128	300.17	-5	5	56	106	33	(3,15)
3	2026-01-01 16:08:35.000	18202	325	1955	128	290.38	-4	5	56	106	33	(3,15)
3	2026-01-01 16:08:36.000	18237	220	2001	128	252.9	-6	4	56	106	33	(2,16)
3	2026-01-01 16:08:37.000	18272	106	1997	128	265.21	-6	3	56	106	32	(1,16)
3	2026-01-01 16:08:38.000	18307	219	2027	128	289.81	-5	2	56	106	32	(2,16)
3	2026-01-01 16:08:39.000	18342	203	2125	128	323.2	-4	4	56	106	32	(2,17)
3	2026-01-01 16:08:40.000	18377	97	2016	0	329.01	-5	6	56	106	32	(1,16)
3	2026-01-01 16:08:41.000	18412	40	2046	0	306.42	-7	8	56	106	29	(0,16)
3	2026-01-01 16:08:42.000	18447	-19	2003	0	327.89	-5	9	56	106	27	(0,16)
3	2026-01-01 16:08:43.000	18482	43	2100	0	301.16	-7	9	56	106	27	(0,16)
3	2026-01-01 16:08:44.000	18517	5	2180	0	320.3	-6	8	56	106	27	(0,17)
3	2026-01-01 16:08:45.000	18552	-91	2235	0	314.03	-4	9	56	106	27	(-1,17)
3	2026-01-01 16:08:46.000	18587	-202	2289	0	337.36	-6	7	56	106	27	(-2,18)
3	2026-01-01 16:08:47.000	18622	-317	2384	0	355.85	-4	7	56	106	27	(-2,19)
3	2026-01-01 16:08:48.000	18657	-305	2362	0	359.4	-5	7	56	106	40	(-2,18)
3	2026-01-01 16:08:49.000	18692	-394	2311	0	11.96	-4	6	56	106	40	(-3,18)
3	2026-01-01 16:08:50.000	18727	-397	2392	0	31.39	-5	4	56	106	50	(-3,19)
3	2026-01-01 16:08:51.000	18762	-501	2362	0	64.15	-6	6	55	106	50	(-4,18)
3	2026-01-01 16:08:52.000	18797	-432	2353	0	84.76	-4	5	55	106	50	(-3,18)
3	2026-01-01 16:08:53.000	18832	-352	2260	0	117.05	-3	6	55	106	50	(-3,18)
3	2026-01-01 16:08:54.000	18867	-460	2167	0	81.16	-1	7	55	106	50	(-4,17)
3	2026-01-01 16:08:55.000	18902	-545	2123	0	105.42	-2	5	55	106	50	(-4,17)
3	2026-01-01 16:08:56.000	18937	-562	2230	0	61.15	-4	3	52	106	46	(-4,17)
3	2026-01-01 16:08:57.000	18972	-541	2220	0	97.49	-4	4	52	106	46	(-4,17)
3	2026-01-01 16:08:58.000	19007	-447	2189	0	56.74	-4	3	52	106	46	(-3,17)
3	2026-01-01 16:08:59.000	19042	-346	2285	0	61.25	-6	4	52	106	46	(-3,18)
3	2026-01-01 16:09:00.000	19077	-250	2390	0	27.59	-5	2	52	106	46	(-2,19)
3	2026-01-01 16:09:01.000	19112	-182	2376	0	57.56	-3	1	52	106	43	(-1,19)
3	2026-01-01 16:09:02.000	19147	-227	2471	0	27.83	-5	0	52	106	43	(-2,19)
3	2026-01-01 16:09:03.000	19182	-212	2508	0	44.11	-5	-2	52	106	43	(-2,20)
3	2026-01-01 16:09:04.000	19217	-111	2533	0	4.25	-7	0	45	106	42	(-1,20)
3	2026-01-01 16:09:05.000	19252	-22	2557	0	18.19	-9	-2	45	106	42	(0,20)
3	2026-01-01 16:09:06.000	19287	39	2545	0	348.07	-10	-2	45	106	42	(0,20)
3	2026-01-01 16:09:07.000	19322	51	2486	0	336.76	-9	-3	45	106	42	(0,19)
3	2026-01-01 16:09:08.000	19357	99	2477	0	305.97	-8	-5	45	106	42	(1,19)
3	2026-01-01 16:09:09.000	19392	27	2501	0	273.04	-10	-5	45	106	42	(0,20)
3	2026-01-01 16:09:10.000	19427	127	2528	0	301.95	-10	-5	45	106	42	(1,20)
3	2026-01-01 16:09:11.000	19462	9	2511	0	325.79	-9	-6	45	106	42	(0,20)
3	2026-01-01 16:09:12.000	19497	96	2474	0	284.71	-10	-6	45	106	42	(1,19)
3	2026-01-01 16:09:13.000	19532	167	2532	0	262.77	-10	-8	45	106	42	(1,20)
3	2026-01-01 16:09:14.000	19567	147	2625	0	290.95	-10	-9	45	106	42	(1,21)
3	2026-01-01 16:09:15.000	19602	121	2549	0	271.87	-10	-8	42	106	38	(1,20)
3	2026-01-01 16:09:16.000	19637	132	2475	0	280.43	-9	-8	42	106	38	(1,19)
3	2026-01-01 16:09:17.000	19672	125	2408	0	288.5	-9	-7	42	106	38	(1,19)
3	2026-01-01 16:09:18.000	19707	39	2329	0	275.21	-9	-9	42	106	38	(0,18)
3	2026-01-01 16:09:19.000	19742	-27	2401	0	313.04	-10	-10	42	106	38	(0,19)
3	2026-01-01 16:09:20.000	19777	74	2335	0	329.56	-10	-10	42	106	38	(1,18)
3	2026-01-01 16:09:21.000	19812	169	2394	16	306.52	-8	-8	42	106	38	(1,19)
3	2026-01-01 16:09:22.000	19847	150	2365	16	289.24	-7	-7	42	106	33	(1,18)
3	2026-01-01 16:09:23.000	19882	139	2341	16	332.95	-9	-5	42	106	33	(1,18)
3	2026-01-01 16:09:24.000	19917	180	2223	16	295.52	-7	-7	42	106	33	(1,17)
3	2026-01-01 16:09:25.000	19952	63	2259	16	322.48	-8	-5	36	106	31	(0,18)
3	2026-01-01 16:09:26.000	19987	99	2169	16	326.28	-9	-4	36	106	31	(1,17)
3	2026-01-01 16:09:27.000	20022	39	2112	16	8.0	-8	-6	36	106	31	(0,16)
3	2026-01-01 16:09:28.000	20057	68	2085	16	7.01	-6	-8	36	106	31	(1,16)
3	2026-01-01 16:09:29.000	20092	156	2087	16	346.14	-6	-10	36	106	31	(1,16)
3	2026-01-01 16:09:30.000	20127	165	2054	16	351.1	-4	-10	36	106	31	(1,16)
3	2026-01-01 16:09:31.000	20162	49	1969	16	316.09	-4	-10	36	106	31	(0,15)
3	2026-01-01 16:09:32.000	20197	88	1868	16	327.62	-6	-9	36	106	31	(1,15)
3	2026-01-01 16:09:33.000	20232	208	1922	16	329.94	-6	-10	36	106	31	(2,15)
3	2026-01-01 16:09:34.000	20267	138	2024	16	329.83	-6	-10	36	106	31	(1,16)
3	2026-01-01 16:09:35.000	20302	159	1939	16	288.28	-4	-8	36	106	31	(1,15)
3	2026-01-01 16:09:36.000	20337	209	1935	16	287.74	-3	-10	36	106	30	(2,15)
3	2026-01-01 16:09:37.000	20372	225	1899	16	305.29	-2	-9	36	106	30	(2,15)
3	2026-01-01 16:09:38.000	20407	179	2006	16	309.64	-2	-10	36	106	30	(1,16)
3	2026-01-01 16:09:39.000	20442	283	1962	16	291.85	-3	-8	36	106	30	(2,15)
3	2026-01-01 16:09:40.000	20477	266	1893	16	293.72	-2	-6	36	106	30	(2,15)
3	2026-01-01 16:09:41.000	20512	215	1985	16	338.2	-1	-8	36	106	30	(2,16)
3	2026-01-01 16:09:42.000	20547	327	1995	16	346.86	-1	-9	36	106	50	(3,16)
3	2026-01-01 16:09:43.000	20582	362	2072	16	337.09	0	-7	36	106	50	(3,16)
3	2026-01-01 16:09:44.000	20617	381	2092	16	316.25	0	-8	36	106	50	(3,16)
3	2026-01-01 16:09:45.000	20652	298	2175	0	330.95	-2	-6	36	106	50	(2,17)
3	2026-01-01 16:09:46.000	20687	288	2200	0	356.6	-1	-8	36	106	50	(2,17)
3	2026-01-01 16:09:47.000	20722	322	2265	0	356.64	1	-8	36	106	50	(3,18)
3	2026-01-01 16:09:48.000	20757	229	2242	0	315.64	-1	-7	36	106	50	(2,18)
3	2026-01-01 16:09:49.000	20792	241	2164	-8	296.42	-1	-9	36	106	47	(2,17)
3	2026-01-01 16:09:50.000	20827	221	2169	-8	304.91	0	-10	28	106	47	(2,17)
3	2026-01-01 16:09:51.000	20862	313	2159	-8	324.99	1	-10	28	106	47	(2,17)
3	2026-01-01 16:09:52.000	20897	399	2089	-8	3.17	1	-8	28	106	47	(3,16)
3	2026-01-01 16:09:53.000	20932	376	2130	-8	355.3	0	-10	28	106	45	(3,17)
3	2026-01-01 16:09:54.000	20967	256	2249	-8	19.63	2	-10	26	106	45	(2,18)
3	2026-01-01 16:09:55.000	21002	260	2254	-8	49.1	0	-10	26	106	45	(2,18)
3	2026-01-01 16:09:56.000	21037	324	2219	-8	24.55	1	-8	26	106	45	(3,17)
3	2026-01-01 16:09:57.000	21072	435	2265	-8	357.49	-1	-8	26	106	45	(3,18)
3	2026-01-01 16:09:58.000	21107	522	2346	-8	7.09	-1	-8	26	106	45	(4,18)
3	2026-01-01 16:09:59.000	21142	545	2441	-8	29.51	1	-10	26	106	45	(4,19)
3	2026-01-01 16:10:00.000	21177	432	2538	-8	57.66	-1	-9	26	106	40	(3,20)
3	2026-01-01 16:10:01.000	21212	331	2569	-8	99.54	-3	-10	26	106	40	(3,20)
3	2026-01-01 16:10:02.000	21247	230	2626	-8	92.37	-5	-8	26	106	35	(2,21)
3	2026-01-01 16:10:03.000	21282	330	2590	-8	101.76	-6	-6	26	106	35	(3,20)
3	2026-01-01 16:10:04.000	21317	446	2568	-8	63.27	-5	-6	26	106	35	(3,20)
3	2026-01-01 16:10:05.000	21352	364	2530	-8	33.91	-5	-4	26	106	31	(3,20)
3	2026-01-01 16:10:06.000	21387	327	2601	-8	56.36	-4	-5	26	106	29	(3,20)
3	2026-01-01 16:10:07.000	21422	213	2524	-8	98.96	-5	-3	26	106	29	(2,20)
3	2026-01-01 16:10:08.000	21457	230	2609	-8	113.75	-3	-2	26	106	29	(2,20)
3	2026-01-01 16:10:09.000	21492	180	2703	-8	125.54	-5	-4	26	106	29	(1,21)
3	2026-01-01 16:10:10.000	21527	78	2655	-8	147.75	-6	-2	26	106	29	(1,21)
3	2026-01-01 16:10:11.000	21562	2	2561	-8	174.31	-6	-2	26	106	29	(0,20)
3	2026-01-01 16:10:12.000	21597	15	2594	-8	168.76	-7	0	26	106	29	(0,20)
3	2026-01-01 16:10:13.000	21632	-20	2641	-8	181.13	-7	-2	26	106	28	(0,21)
3	2026-01-01 16:10:14.000	21667	-44	2647	-8	183.6	-5	-3	26	106	28	(0,21)
3	2026-01-01 16:10:15.000	21702	-127	2619	-8	206.72	-6	-3	26	106	28	(-1,20)
3	2026-01-01 16:10:16.000	21737	-161	2589	-8	249.22	-4	-2	26	106	28	(-1,20)
3	2026-01-01 16:10:17.000	21772	-70	2680	-8	270.03	-2	-2	20	106	28	(-1,21)
3	2026-01-01 16:10:18.000	21807	14	2638	-8	274.95	-3	-1	20	106	28	(0,21)
3	2026-01-01 16:10:19.000	21842	-106	2609	56	287.35	-3	0	20	106	28	(-1,20)
3	2026-01-01 16:10:20.000	21877	-35	2668	56	262.9	-1	1	20	106	28	(0,21)
3	2026-01-01 16:10:21.000	21912	-61	2744	56	279.34	-2	0	20	106	28	(0,21)
3	2026-01-01 16:10:22.000	21947	-178	2737	56	283.09	-4	0	20	106	28	(-1,21)
3	2026-01-01 16:10:23.000	21982	-186	2808	56	242.24	-2	-2	20	106	28	(-1,22)
3	2026-01-01 16:10:24.000	22017	-166	2775	56	281.73	-4	-1	20	106	28	(-1,22)
3	2026-01-01 16:10:25.000	22052	-193	2813	56	283.55	-2	-3	20	106	27	(-2,22)
3	2026-01-01 16:10:26.000	22087	-203	2820	56	296.13	-3	-4	20	106	26	(-2,22)
3	2026-01-01 16:10:27.000	22122	-124	2849	56	270.9	-3	-4	20	106	26	(-1,22)
3	2026-01-01 16:10:28.000	22157	-146	2779	56	305.52	-5	-3	20	106	26	(-1,22)
3	2026-01-01 16:10:29.000	22192	-104	2855	56	306.68	-7	-5	20	106	26	(-1,22)
3	2026-01-01 16:10:30.000	22227	-190	2761	56	286.84	-6	-5	20	106	26	(-1,22)
3	2026-01-01 16:10:31.000	22262	-275	2710	8	262.56	-4	-7	20	106	26	(-2,21)
3	2026-01-01 16:10:32.000	22297	-290	2819	0	275.12	-5	-6	20	106	26	(-2,22)
3	2026-01-01 16:10:33.000	22332	-256	2805	128	264.1	-6	-4	20	106	26	(-2,22)
3	2026-01-01 16:10:34.000	22367	-165	2723	128	279.03	-4	-6	20	106	26	(-1,21)
3	2026-01-01 16:10:35.000	22402	-189	2696	128	279.89	-6	-8	20	106	26	(-1,21)
3	2026-01-01 16:10:36.000	22437	-253	2585	128	287.86	-8	-8	20	106	26	(-2,20)
3	2026-01-01 16:10:37.000	22472	-313	2689	128	280.26	-7	-9	20	106	26	(-2,21)
3	2026-01-01 16:10:38.000	22507	-395	2580	128	302.45	-9	-10	20	106	26	(-3,20)
3	2026-01-01 16:10:39.000	22542	-329	2466	128	336.85	-7	-9	20	106	26	(-3,19)
3	2026-01-01 16:10:40.000	22577	-398	2420	128	293.27	-6	-10	20	106	26	(-3,19)
3	2026-01-01 16:10:41.000	22612	-495	2301	128	283.92	-6	-10	20	106	26	(-4,18)
3	2026-01-01 16:10:42.000	22647	-415	2293	128	294.76	-6	-10	20	106	26	(-3,18)
3	2026-01-01 16:10:43.000	22682	-457	2316	64	259.94	-8	-8	20	106	26	(-4,18)
3	2026-01-01 16:10:44.000	22717	-413	2319	64	296.12	-9	-10	33	106	26	(-3,18)
3	2026-01-01 16:10:45.000	22752	-480	2233	64	313.44	-10	-8	33	106	26	(-4,17)
3	2026-01-01 16:10:46.000	22787	-551	2310	64	308.62	-10	-8	33	106	25	(-4,18)
3	2026-01-01 16:10:47.000	22822	-602	2239	64	309.0	-10	-7	33	106	20	(-5,17)
3	2026-01-01 16:10:48.000	22857	-519	2332	64	278.03	-10	-6	33	106	20	(-4,18)
3	2026-01-01 16:10:49.000	22892	-439	2349	64	244.64	-9	-4	33	106	20	(-3,18)
3	2026-01-01 16:10:50.000	22927	-397	2438	64	245.32	-10	-6	33	106	20	(-3,19)
3	2026-01-01 16:10:51.000	22962	-505	2370	64	237.46	-10	-5	33	106	20	(-4,19)
3	2026-01-01 16:10:52.000	22997	-599	2384	64	193.39	-8	-6	45	106	20	(-5,19)
3	2026-01-01 16:10:53.000	23032	-499	2297	64	205.98	-9	-4	45	106	20	(-4,18)
3	2026-01-01 16:10:54.000	23067	-473	2327	64	206.09	-10	-6	53	106	20	(-4,18)
3	2026-01-01 16:10:55.000	23102	-469	2365	64	226.62	-8	-4	53	106	20	(-4,18)
3	2026-01-01 16:10:56.000	23137	-351	2372	64	200.44	-6	-4	53	106	20	(-3,19)
3	2026-01-01 16:10:57.000	23172	-364	2370	64	160.62	-4	-6	53	106	20	(-3,19)
3	2026-01-01 16:10:58.000	23207	-453	2482	64	161.18	-5	-7	53	106	19	(-4,19)
3	2026-01-01 16:10:59.000	23242	-499	2562	64	124.21	-5	-7	53	106	18	(-4,20)
3	2026-01-01 16:11:00.000	23277	-431	2501	64	94.12	-6	-6	53	106	16	(-3,20)
3	2026-01-01 16:11:01.000	23312	-480	2474	0	96.21	-6	-6	51	106	16	(-4,19)
3	2026-01-01 16:11:02.000	23347	-519	2476	0	54.21	-8	-6	51	106	16	(-4,19)
3	2026-01-01 16:11:03.000	23382	-563	2503	0	74.52	-8	-8	51	106	16	(-4,20)
3	2026-01-01 16:11:04.000	23417	-675	2533	0	111.74	-9	-6	51	106	16	(-5,20)
3	2026-01-01 16:11:05.000	23452	-663	2621	0	143.24	-10	-8	51	106	16	(-5,20)
3	2026-01-01 16:11:06.000	23487	-681	2722	64	119.49	-10	-6	51	106	16	(-5,21)
3	2026-01-01 16:11:07.000	23522	-634	2779	64	131.28	-10	-8	51	106	16	(-5,22)
3	2026-01-01 16:11:08.000	23557	-527	2748	64	151.0	-9	-7	51	106	16	(-4,21)
3	2026-01-01 16:11:09.000	23592	-494	2812	64	176.47	-8	-5	43	106	16	(-4,22)
3	2026-01-01 16:11:10.000	23627	-542	2829	0	197.19	-6	-3	43	106	13	(-4,22)
3	2026-01-01 16:11:11.000	23662	-581	2908	0	230.61	-5	-3	43	106	10	(-5,23)
3	2026-01-01 16:11:12.000	23697	-615	2810	0	255.13	-6	-5	43	106	10	(-5,22)
3	2026-01-01 16:11:13.000	23732	-496	2836	0	255.75	-7	-6	43	106	10	(-4,22)
3	2026-01-01 16:11:14.000	23767	-547	2902	0	220.33	-9	-6	43	106	9	(-4,23)
3	2026-01-01 16:11:15.000	23802	-587	2913	0	254.05	-7	-6	43	106	5	(-5,23)
3	2026-01-01 16:11:16.000	23837	-615	2854	0	215.07	-5	-8	43	106	5	(-5,22)
3	2026-01-01 16:11:17.000	23872	-524	2735	0	233.73	-5	-9	43	106	5	(-4,21)
3	2026-01-01 16:11:18.000	23907	-598	2715	0	243.37	-5	-9	43	106	5	(-5,21)
3	2026-01-01 16:11:19.000	23942	-485	2663	0	252.07	-3	-10	43	106	1	(-4,21)
3	2026-01-01 16:11:20.000	23977	-539	2767	0	245.51	-4	-10	43	106	1	(-4,22)
3	2026-01-01 16:11:21.000	24012	-578	2812	0	233.51	-2	-8	43	106	1	(-5,22)
3	2026-01-01 16:11:22.000	24047	-633	2857	64	261.37	-3	-9	43	106	1	(-5,22)
3	2026-01-01 16:11:23.000	24082	-631	2746	64	300.59	-1	-10	43	106	1	(-5,21)
3	2026-01-01 16:11:24.000	24117	-717	2812	64	319.09	1	-10	43	106	1	(-6,22)
3	2026-01-01 16:11:25.000	24152	-770	2822	64	326.0	1	-10	43	106	0	(-6,22)
3	2026-01-01 16:11:26.000	24187	-773	2874	64	305.06	-1	-10	43	106	0	(-6,22)
3	2026-01-01 16:11:27.000	24222	-663	2922	64	319.83	1	-8	43	106	0	(-5,23)
3	2026-01-01 16:11:28.000	24257	-749	2994	64	282.94	-1	-10	43	106	0	(-6,23)
3	2026-01-01 16:11:29.000	24292	-804	3009	64	250.99	-2	-8	43	106	0	(-6,24)
3	2026-01-01 16:11:30.000	24327	-880	2947	64	259.37	-4	-8	43	106	0	(-7,23)
3	2026-01-01 16:11:31.000	24362	-832	2859	64	279.24	-2	-8	43	106	0	(-6,22)
3	2026-01-01 16:11:32.000	24397	-718	2946	64	280.82	-4	-10	43	106	0	(-6,23)
3	2026-01-01 16:11:33.000	24432	-759	2938	64	266.85	-3	-10	43	106	0	(-6,23)
3	2026-01-01 16:11:34.000	24467	-790	2865	64	297.49	-1	-10	43	106	0	(-6,22)
3	2026-01-01 16:11:35.000	24502	-711	2905	64	299.84	1	-10	43	106	0	(-6,23)
3	2026-01-01 16:11:36.000	24537	-745	2852	64	283.94	1	-9	43	106	15	(-6,22)
3	2026-01-01 16:11:37.000	24572	-850	2955	64	262.28	-1	-7	43	106	15	(-7,23)
3	2026-01-01 16:11:38.000	24607	-831	3028	64	225.94	-3	-7	43	106	15	(-6,24)
3	2026-01-01 16:11:39.000	24642	-903	3055	0	207.59	-1	-7	43	106	15	(-7,24)
3	2026-01-01 16:11:40.000	24677	-837	2947	0	192.07	0	-9	43	106	15	(-7,23)
3	2026-01-01 16:11:41.000	24712	-718	2924	0	168.51	0	-9	40	106	15	(-6,23)
3	2026-01-01 16:11:42.000	24747	-733	2897	0	153.32	0	-10	40	106	15	(-6,23)
3	2026-01-01 16:11:43.000	24782	-815	2800	0	158.82	1	-10	40	106	15	(-6,22)
3	2026-01-01 16:11:44.000	24817	-914	2749	0	183.89	2	-9	40	106	15	(-7,21)
3	2026-01-01 16:11:45.000	24852	-827	2846	0	156.37	0	-9	40	106	12	(-6,22)
3	2026-01-01 16:11:46.000	24887	-756	2905	0	153.24	1	-8	40	106	12	(-6,23)
3	2026-01-01 16:11:47.000	24922	-700	2819	0	194.7	3	-10	40	106	12	(-5,22)
3	2026-01-01 16:11:48.000	24957	-590	2701	128	175.62	3	-9	40	106	12	(-5,21)
3	2026-01-01 16:11:49.000	24992	-508	2764	128	180.87	3	-10	40	106	12	(-4,22)
3	2026-01-01 16:11:50.000	25027	-446	2863	128	190.94	1	-10	40	106	7	(-3,22)
3	2026-01-01 16:11:51.000	25062	-457	2766	128	232.12	-1	-8	40	106	7	(-4,22)
3	2026-01-01 16:11:52.000	25097	-488	2828	128	208.97	-1	-8	40	106	7	(-4,22)
3	2026-01-01 16:11:53.000	25132	-556	2888	128	188.12	1	-7	40	106	2	(-4,23)
3	2026-01-01 16:11:54.000	25167	-593	2994	128	200.53	2	-7	40	106	2	(-5,23)
3	2026-01-01 16:11:55.000	25202	-652	2911	128	180.05	2	-8	40	106	2	(-5,23)
3	2026-01-01 16:11:56.000	25237	-552	2863	128	142.35	3	-10	33	106	0	(-4,22)
3	2026-01-01 16:11:57.000	25272	-669	2798	128	140.6	5	-9	33	106	0	(-5,22)
3	2026-01-01 16:11:58.000	25307	-560	2698	8	119.68	3	-7	33	106	0	(-4,21)
3	2026-01-01 16:11:59.000	25342	-458	2787	8	97.82	1	-9	33	106	0	(-4,22)
3	2026-01-01 16:12:00.000	25377	-376	2720	8	94.95	-1	-10	33	106	20	(-3,21)
3	2026-01-01 16:12:01.000	25412	-396	2699	8	98.84	-2	-10	33	106	20	(-3,21)
3	2026-01-01 16:12:02.000	25447	-405	2670	8	63.64	-3	-8	33	106	19	(-3,21)
3	2026-01-01 16:12:03.000	25482	-490	2557	8	84.74	-2	-8	33	106	19	(-4,20)
3	2026-01-01 16:12:04.000	25517	-496	2481	8	59.47	-2	-7	33	106	19	(-4,19)
3	2026-01-01 16:12:05.000	25552	-476	2463	8	35.89	-3	-7	33	106	19	(-4,19)
3	2026-01-01 16:12:06.000	25587	-442	2361	8	78.63	-5	-9	33	106	19	(-3,18)
3	2026-01-01 16:12:07.000	25622	-362	2336	8	60.05	-6	-8	33	106	17	(-3,18)
3	2026-01-01 16:12:08.000	25657	-444	2235	8	75.23	-4	-9	33	106	17	(-3,17)
3	2026-01-01 16:12:09.000	25692	-365	2135	8	72.01	-2	-8	33	106	17	(-3,17)
3	2026-01-01 16:12:10.000	25727	-425	2066	8	115.23	-3	-8	33	106	17	(-3,16)
3	2026-01-01 16:12:11.000	25762	-366	2073	8	71.25	-1	-8	33	106	17	(-3,16)
3	2026-01-01 16:12:12.000	25797	-286	2110	8	99.58	0	-7	33	106	17	(-2,16)
3	2026-01-01 16:12:13.000	25832	-276	2201	16	117.83	-1	-9	33	106	17	(-2,17)
3	2026-01-01 16:12:14.000	25867	-356	2191	16	148.21	-1	-10	43	106	17	(-3,17)
3	2026-01-01 16:12:15.000	25902	-269	2191	56	118.82	-1	-10	43	106	17	(-2,17)
3	2026-01-01 16:12:16.000	25937	-343	2246	56	137.13	-3	-8	43	106	17	(-3,18)
3	2026-01-01 16:12:17.000	25972	-408	2141	56	174.92	-1	-9	43	106	17	(-3,17)
3	2026-01-01 16:12:18.000	26007	-351	2037	56	165.32	-2	-7	43	106	17	(-3,16)
3	2026-01-01 16:12:19.000	26042	-439	2142	56	136.43	-4	-9	43	106	17	(-3,17)
3	2026-01-01 16:12:20.000	26077	-543	2200	56	101.19	-3	-8	43	106	17	(-4,17)
3	2026-01-01 16:12:21.000	26112	-594	2109	56	69.35	-4	-10	43	106	17	(-5,16)
3	2026-01-01 16:12:22.000	26147	-572	2161	56	27.55	-6	-10	43	106	17	(-4,17)
3	2026-01-01 16:12:23.000	26182	-689	2075	56	47.64	-8	-10	43	106	17	(-5,16)
3	2026-01-01 16:12:24.000	26217	-665	2022	0	44.3	-8	-10	43	106	17	(-5,16)
3	2026-01-01 16:12:25.000	26252	-627	1946	0	51.33	-7	-9	43	106	17	(-5,15)
3	2026-01-01 16:12:26.000	26287	-584	1936	0	30.56	-9	-8	43	106	17	(-5,15)
3	2026-01-01 16:12:27.000	26322	-469	2004	0	69.2	-10	-8	43	106	17	(-4,16)
3	2026-01-01 16:12:28.000	26357	-368	2081	0	39.55	-10	-9	43	106	17	(-3,16)
3	2026-01-01 16:12:29.000	26392	-334	2201	0	16.44	-9	-10	43	106	17	(-3,17)
3	2026-01-01 16:12:30.000	26427	-325	2163	0	350.18	-10	-8	43	106	17	(-3,17)
3	2026-01-01 16:12:31.000	26462	-318	2281	0	25.69	-10	-9	43	106	12	(-2,18)
3	2026-01-01 16:12:32.000	26497	-229	2196	0	41.68	-9	-10	43	106	12	(-2,17)
3	2026-01-01 16:12:33.000	26532	-248	2307	56	20.12	-9	-10	43	106	7	(-2,18)
3	2026-01-01 16:12:34.000	26567	-131	2259	56	45.74	-10	-10	38	106	7	(-1,18)
3	2026-01-01 16:12:35.000	26602	-146	2208	56	46.35	-10	-9	31	106	7	(-1,17)
3	2026-01-01 16:12:36.000	26637	-188	2110	56	78.83	-10	-9	31	106	2	(-1,16)
3	2026-01-01 16:12:37.000	26672	-245	2222	56	115.21	-10	-8	31	106	0	(-2,17)
3	2026-01-01 16:12:38.000	26707	-245	2274	56	152.12	-10	-10	31	106	0	(-2,18)
3	2026-01-01 16:12:39.000	26742	-346	2251	56	124.86	-10	-10	31	106	0	(-3,18)
3	2026-01-01 16:12:40.000	26777	-441	2219	56	142.35	-10	-8	31	106	0	(-3,17)
3	2026-01-01 16:12:41.000	26812	-427	2274	8	183.43	-10	-7	31	106	0	(-3,18)
3	2026-01-01 16:12:42.000	26847	-466	2275	8	227.12	-10	-5	31	106	0	(-4,18)
3	2026-01-01 16:12:43.000	26882	-474	2348	8	269.18	-10	-6	31	106	0	(-4,18)
3	2026-01-01 16:12:44.000	26917	-581	2425	8	314.03	-8	-6	31	106	0	(-5,19)
3	2026-01-01 16:12:45.000	26952	-567	2361	8	294.07	-6	-6	31	106	0	(-4,18)
3	2026-01-01 16:12:46.000	26987	-562	2335	8	268.88	-4	-7	31	106	0	(-4,18)
3	2026-01-01 16:12:47.000	27022	-547	2256	8	239.4	-6	-6	31	106	0	(-4,18)
3	2026-01-01 16:12:48.000	27057	-586	2356	8	275.66	-4	-7	31	106	0	(-5,18)
3	2026-01-01 16:12:49.000	27092	-638	2414	8	230.85	-2	-8	31	106	0	(-5,19)
3	2026-01-01 16:12:50.000	27127	-575	2478	8	211.87	-1	-10	31	106	0	(-4,19)
3	2026-01-01 16:12:51.000	27162	-609	2416	8	228.84	0	-9	31	106	0	(-5,19)
3	2026-01-01 16:12:52.000	27197	-710	2483	0	233.78	2	-10	31	106	0	(-6,19)
3	2026-01-01 16:12:53.000	27232	-793	2416	0	213.85	0	-10	31	106	0	(-6,19)
3	2026-01-01 16:12:54.000	27267	-788	2296	0	229.91	0	-10	31	106	0	(-6,18)
3	2026-01-01 16:12:55.000	27302	-778	2356	0	263.32	-2	-9	30	106	0	(-6,18)
3	2026-01-01 16:12:56.000	27337	-798	2265	0	231.1	-2	-9	30	106	0	(-6,18)
3	2026-01-01 16:12:57.000	27372	-701	2375	0	250.77	-1	-7	46	106	0	(-5,19)
3	2026-01-01 16:12:58.000	27407	-706	2419	0	275.61	-1	-6	46	106	0	(-6,19)
3	2026-01-01 16:12:59.000	27442	-701	2478	0	267.67	0	-7	46	106	0	(-5,19)
3	2026-01-01 16:13:00.000	27477	-710	2390	0	286.48	-2	-6	46	106	0	(-6,19)
3	2026-01-01 16:13:01.000	27512	-741	2298	0	277.11	-4	-6	46	106	0	(-6,18)
3	2026-01-01 16:13:02.000	27547	-754	2348	0	286.97	-6	-8	46	106	0	(-6,18)
3	2026-01-01 16:13:03.000	27582	-757	2267	0	276.82	-7	-7	46	106	0	(-6,18)
3	2026-01-01 16:13:04.000	27617	-650	2184	0	299.57	-6	-8	46	106	0	(-5,17)
3	2026-01-01 16:13:05.000	27652	-674	2180	64	311.27	-7	-10	46	106	0	(-5,17)
3	2026-01-01 16:13:06.000	27687	-754	2250	64	286.05	-5	-10	46	106	0	(-6,18)
3	2026-01-01 16:13:07.000	27722	-787	2335	64	318.29	-3	-10	46	106	0	(-6,18)
3	2026-01-01 16:13:08.000	27757	-797	2247	64	329.36	-5	-9	46	106	12	(-6,18)
3	2026-01-01 16:13:09.000	27792	-757	2362	64	12.48	-4	-8	46	106	12	(-6,18)
3	2026-01-01 16:13:10.000	27827	-715	2250	64	35.78	-4	-8	46	106	12	(-6,18)
3	2026-01-01 16:13:11.000	27862	-820	2137	64	58.67	-4	-8	46	106	12	(-6,17)
3	2026-01-01 16:13:12.000	27897	-844	2081	64	98.15	-3	-7	46	106	12	(-7,16)
3	2026-01-01 16:13:13.000	27932	-906	2042	64	99.8	-4	-5	46	106	12	(-7,16)
3	2026-01-01 16:13:14.000	27967	-846	2143	64	59.23	-2	-6	46	106	12	(-7,17)
3	2026-01-01 16:13:15.000	28002	-836	2117	64	35.31	0	-8	46	106	12	(-7,17)
3	2026-01-01 16:13:16.000	28037	-896	2029	64	9.98	1	-6	46	106	12	(-7,16)
3	2026-01-01 16:13:17.000	28072	-1000	1911	64	336.76	2	-6	46	106	12	(-8,15)
3	2026-01-01 16:13:18.000	28107	-1112	1805	64	333.86	0	-4	46	106	12	(-9,14)
3	2026-01-01 16:13:19.000	28142	-1038	1809	64	15.41	-2	-6	46	106	7	(-8,14)
3	2026-01-01 16:13:20.000	28177	-1040	1826	64	13.13	0	-5	46	106	7	(-8,14)
3	2026-01-01 16:13:21.000	28212	-1120	1934	64	51.22	0	-7	46	106	7	(-9,15)
3	2026-01-01 16:13:22.000	28247	-1090	1893	64	71.19	1	-6	46	106	7	(-9,15)
3	2026-01-01 16:13:23.000	28282	-1167	1917	64	98.15	2	-6	46	106	7	(-9,15)
3	2026-01-01 16:13:24.000	28317	-1246	1873	64	138.41	2	-8	46	106	5	(-10,15)
3	2026-01-01 16:13:25.000	28352	-1137	1951	64	132.37	0	-9	46	106	5	(-9,15)
3	2026-01-01 16:13:26.000	28387	-1026	2032	64	93.18	-2	-10	46	106	5	(-8,16)
3	2026-01-01 16:13:27.000	28422	-936	2057	40	79.49	-3	-8	46	106	5	(-7,16)
3	2026-01-01 16:13:28.000	28457	-1054	1939	40	101.88	-4	-8	46	106	5	(-8,15)
3	2026-01-01 16:13:29.000	28492	-1082	1940	0	81.1	-3	-8	46	106	5	(-8,15)
3	2026-01-01 16:13:30.000	28527	-1057	1858	0	48.24	-3	-7	46	106	5	(-8,15)
3	2026-01-01 16:13:31.000	28562	-1097	1888	0	55.99	-2	-5	46	106	5	(-9,15)
3	2026-01-01 16:13:32.000	28597	-1047	1969	0	21.14	-4	-3	46	106	5	(-8,15)
3	2026-01-01 16:13:33.000	28632	-1028	1858	0	336.72	-6	-4	46	106	5	(-8,15)
3	2026-01-01 16:13:34.000	28667	-959	1753	8	334.37	-8	-6	46	106	5	(-7,14)
3	2026-01-01 16:13:35.000	28702	-882	1654	8	293.5	-10	-7	46	106	5	(-7,13)
3	2026-01-01 16:13:36.000	28737	-796	1578	8	253.46	-8	-5	46	106	5	(-6,12)
3	2026-01-01 16:13:37.000	28772	-853	1661	8	210.4	-10	-7	46	106	5	(-7,13)
3	2026-01-01 16:13:38.000	28807	-768	1600	8	206.27	-8	-8	40	106	5	(-6,12)
3	2026-01-01 16:13:39.000	28842	-676	1626	8	170.38	-8	-6	40	106	0	(-5,13)
3	2026-01-01 16:13:40.000	28877	-775	1519	8	198.33	-7	-6	40	106	0	(-6,12)
3	2026-01-01 16:13:41.000	28912	-831	1494	8	180.67	-9	-8	40	106	0	(-6,12)
3	2026-01-01 16:13:42.000	28947	-715	1542	8	153.53	-8	-7	40	106	0	(-6,12)
3	2026-01-01 16:13:43.000	28982	-691	1494	16	116.42	-10	-9	40	106	0	(-5,12)
3	2026-01-01 16:13:44.000	29017	-793	1487	16	153.51	-10	-10	40	106	0	(-6,12)
3	2026-01-01 16:13:45.000	29052	-738	1446	16	123.28	-10	-10	40	106	0	(-6,11)
3	2026-01-01 16:13:46.000	29087	-820	1414	16	92.6	-10	-10	40	106	8	(-6,11)
3	2026-01-01 16:13:47.000	29122	-761	1344	16	67.78	-9	-10	40	106	8	(-6,10)
3	2026-01-01 16:13:48.000	29157	-665	1420	16	106.57	-7	-10	40	106	8	(-5,11)
3	2026-01-01 16:13:49.000	29192	-718	1384	16	91.23	-9	-10	40	106	8	(-6,11)
3	2026-01-01 16:13:50.000	29227	-824	1340	16	118.81	-7	-8	40	106	8	(-6,10)
3	2026-01-01 16:13:51.000	29262	-944	1300	16	137.49	-9	-8	40	106	8	(-7,10)
3	2026-01-01 16:13:52.000	29297	-1058	1407	16	104.1	-9	-10	40	106	8	(-8,11)
3	2026-01-01 16:13:53.000	29332	-1107	1461	16	132.73	-8	-9	40	106	28	(-9,11)
3	2026-01-01 16:13:54.000	29367	-1099	1497	16	148.68	-8	-8	40	106	28	(-9,12)
3	2026-01-01 16:13:55.000	29402	-1109	1569	16	180.65	-10	-8	40	106	27	(-9,12)
3	2026-01-01 16:13:56.000	29437	-1137	1555	16	200.11	-8	-7	40	106	27	(-9,12)
3	2026-01-01 16:13:57.000	29472	-1233	1627	128	162.01	-7	-5	40	106	42	(-10,13)
3	2026-01-01 16:13:58.000	29507	-1249	1714	128	138.45	-5	-7	40	106	42	(-10,13)
3	2026-01-01 16:13:59.000	29542	-1187	1833	128	163.51	-3	-6	40	106	42	(-9,14)
3	2026-01-01 16:14:00.000	29577	-1154	1752	128	168.39	-5	-6	40	106	37	(-9,14)
3	2026-01-01 16:14:01.000	29612	-1113	1772	128	165.67	-5	-4	40	106	37	(-9,14)
3	2026-01-01 16:14:02.000	29647	-1104	1743	128	143.3	-3	-2	40	106	37	(-9,14)
3	2026-01-01 16:14:03.000	29682	-1196	1671	128	185.85	-1	-3	40	106	37	(-9,13)
3	2026-01-01 16:14:04.000	29717	-1099	1782	128	165.01	0	-1	40	106	37	(-9,14)
3	2026-01-01 16:14:05.000	29752	-1049	1753	0	141.87	1	1	40	106	37	(-8,14)
3	2026-01-01 16:14:06.000	29787	-966	1763	0	178.45	1	1	40	106	37	(-8,14)
3	2026-01-01 16:14:07.000	29822	-1060	1774	0	220.79	2	2	40	106	33	(-8,14)
3	2026-01-01 16:14:08.000	29857	-1129	1890	0	241.55	1	3	40	106	33	(-9,15)
3	2026-01-01 16:14:09.000	29892	-1100	1837	0	276.56	1	3	40	106	32	(-9,14)
3	2026-01-01 16:14:10.000	29927	-998	1743	0	262.85	1	5	40	106	28	(-8,14)
3	2026-01-01 16:14:11.000	29962	-1057	1755	0	288.6	2	5	40	106	28	(-8,14)
3	2026-01-01 16:14:12.000	29997	-992	1737	0	287.11	3	4	40	106	28	(-8,14)
3	2026-01-01 16:14:13.000	30032	-1030	1856	0	296.69	1	5	40	106	28	(-8,14)
3	2026-01-01 16:14:14.000	30067	-1031	1764	0	273.53	-1	5	40	106	28	(-8,14)
3	2026-01-01 16:14:15.000	30102	-1028	1719	0	261.85	-1	7	40	106	28	(-8,13)
3	2026-01-01 16:14:16.000	30137	-925	1705	0	227.63	0	7	40	106	28	(-7,13)
3	2026-01-01 16:14:17.000	30172	-863	1589	0	235.46	2	9	40	106	28	(-7,12)
3	2026-01-01 16:14:18.000	30207	-811	1556	0	248.1	0	8	40	106	28	(-6,12)
3	2026-01-01 16:14:19.000	30242	-731	1601	0	212.98	-1	7	40	106	28	(-6,13)
3	2026-01-01 16:14:20.000	30277	-842	1581	0	214.96	-1	7	40	106	28	(-7,12)
3	2026-01-01 16:14:21.000	30312	-833	1472	0	243.62	-2	5	40	106	26	(-7,12)
3	2026-01-01 16:14:22.000	30347	-859	1357	0	271.1	-1	7	40	106	26	(-7,11)
3	2026-01-01 16:14:23.000	30382	-976	1243	0	278.57	-2	9	40	106	26	(-8,10)
3	2026-01-01 16:14:24.000	30417	-1036	1152	0	310.08	0	8	40	106	26	(-8,9)
3	2026-01-01 16:14:25.000	30452	-982	1121	0	304.5	2	9	40	106	26	(-8,9)
3	2026-01-01 16:14:26.000	30487	-993	1005	0	324.89	0	10	40	106	26	(-8,8)
3	2026-01-01 16:14:27.000	30522	-880	1125	0	286.73	1	10	40	106	21	(-7,9)
3	2026-01-01 16:14:28.000	30557	-984	1112	0	298.59	0	10	57	106	21	(-8,9)
3	2026-01-01 16:14:29.000	30592	-1019	1166	0	302.17	1	10	57	106	21	(-8,9)
3	2026-01-01 16:14:30.000	30627	-914	1282	0	267.68	1	8	57	106	21	(-7,10)
3	2026-01-01 16:14:31.000	30662	-859	1213	0	302.84	2	7	57	106	35	(-7,9)
3	2026-01-01 16:14:32.000	30697	-928	1107	0	315.35	2	9	57	106	35	(-7,9)
3	2026-01-01 16:14:33.000	30732	-842	1098	0	306.5	0	10	57	106	35	(-7,9)
3	2026-01-01 16:14:34.000	30767	-870	1126	0	286.44	-1	10	57	106	34	(-7,9)
3	2026-01-01 16:14:35.000	30802	-967	1017	16	279.42	1	10	57	106	34	(-8,8)
3	2026-01-01 16:14:36.000	30837	-890	933	16	259.56	3	10	57	106	34	(-7,7)
3	2026-01-01 16:14:37.000	30872	-930	851	16	252.78	4	8	57	106	34	(-7,7)
3	2026-01-01 16:14:38.000	30907	-862	874	16	285.09	6	8	57	106	34	(-7,7)
3	2026-01-01 16:14:39.000	30942	-878	757	16	287.01	7	10	57	106	34	(-7,6)
3	2026-01-01 16:14:40.000	30977	-897	812	16	260.36	5	10	57	106	34	(-7,6)
3	2026-01-01 16:14:41.000	31012	-882	720	0	294.37	5	8	57	106	34	(-7,6)
3	2026-01-01 16:14:42.000	31047	-930	782	0	326.45	7	6	54	106	34	(-7,6)
3	2026-01-01 16:14:43.000	31082	-969	727	0	359.22	9	8	54	106	34	(-8,6)
3	2026-01-01 16:14:44.000	31117	-1030	613	32	338.55	10	6	54	106	34	(-8,5)
3	2026-01-01 16:14:45.000	31152	-1116	559	0	312.87	10	8	47	106	34	(-9,4)
3	2026-01-01 16:14:46.000	31187	-1118	519	0	297.88	10	7	47	106	34	(-9,4)
3	2026-01-01 16:14:47.000	31222	-1141	590	0	308.53	8	9	47	106	29	(-9,5)
3	2026-01-01 16:14:48.000	31257	-1209	615	0	348.8	9	10	47	106	29	(-9,5)
3	2026-01-01 16:14:49.000	31292	-1157	653	-16	1.07	10	10	47	106	29	(-9,5)
3	2026-01-01 16:14:50.000	31327	-1222	716	-16	25.93	9	10	47	106	29	(-10,6)
3	2026-01-01 16:14:51.000	31362	-1104	700	-16	17.01	10	10	47	106	29	(-9,5)
3	2026-01-01 16:14:52.000	31397	-1098	659	-16	55.09	9	10	47	106	29	(-9,5)
3	2026-01-01 16:14:53.000	31432	-978	752	-16	29.63	9	9	47	106	29	(-8,6)
3	2026-01-01 16:14:54.000	31467	-1061	763	-16	10.97	7	9	47	106	29	(-8,6)
3	2026-01-01 16:14:55.000	31502	-1056	843	-16	39.87	9	8	47	106	29	(-8,7)
3	2026-01-01 16:14:56.000	31537	-972	838	-16	16.75	10	9	47	106	29	(-8,7)
3	2026-01-01 16:14:57.000	31572	-971	776	-8	12.11	9	9	40	106	42	(-8,6)
3	2026-01-01 16:14:58.000	31607	-1002	744	-8	22.84	7	8	31	106	42	(-8,6)
3	2026-01-01 16:14:59.000	31642	-1030	682	-8	30.77	7	9	29	106	42	(-8,5)
3	2026-01-01 16:15:00.000	31677	-933	718	-8	71.75	7	7	29	106	42	(-7,6)
3	2026-01-01 16:15:01.000	31712	-894	621	-8	92.4	6	5	29	106	42	(-7,5)
3	2026-01-01 16:15:02.000	31747	-822	588	-8	125.57	8	5	29	106	37	(-6,5)
3	2026-01-01 16:15:03.000	31782	-851	479	-8	126.92	9	4	29	106	37	(-7,4)
3	2026-01-01 16:15:04.000	31817	-749	542	-8	142.83	9	5	29	106	37	(-6,4)
3	2026-01-01 16:15:05.000	31852	-837	539	-8	185.63	8	3	29	106	37	(-7,4)
3	2026-01-01 16:15:06.000	31887	-890	433	-8	165.57	9	4	29	106	37	(-7,3)
3	2026-01-01 16:15:07.000	31922	-962	529	-8	161.98	10	4	29	106	32	(-8,4)
3	2026-01-01 16:15:08.000	31957	-983	567	-8	175.71	10	5	29	106	30	(-8,4)
3	2026-01-01 16:15:09.000	31992	-1059	687	-8	137.63	10	5	29	106	30	(-8,5)
3	2026-01-01 16:15:10.000	32027	-1005	706	-8	174.58	8	4	29	106	30	(-8,6)
3	2026-01-01 16:15:11.000	32062	-895	596	-8	162.49	7	4	29	106	30	(-7,5)
3	2026-01-01 16:15:12.000	32097	-910	678	-8	168.88	6	4	29	106	30	(-7,5)
3	2026-01-01 16:15:13.000	32132	-939	746	-8	187.02	7	4	29	106	30	(-7,6)
3	2026-01-01 16:15:14.000	32167	-823	627	-8	213.04	5	2	40	106	30	(-6,5)
3	2026-01-01 16:15:15.000	32202	-901	733	-8	252.34	7	3	40	106	30	(-7,6)
3	2026-01-01 16:15:16.000	32237	-896	811	-8	263.97	6	3	40	106	30	(-7,6)
3	2026-01-01 16:15:17.000	32272	-831	799	-8	286.25	6	5	40	106	30	(-6,6)
3	2026-01-01 16:15:18.000	32307	-881	903	-8	242.76	7	4	40	106	30	(-7,7)
3	2026-01-01 16:15:19.000	32342	-977	883	-8	264.65	7	3	40	106	30	(-8,7)
3	2026-01-01 16:15:20.000	32377	-952	906	-8	279.95	7	2	40	106	30	(-7,7)
3	2026-01-01 16:15:21.000	32412	-1069	853	-8	273.6	7	0	40	106	30	(-8,7)
3	2026-01-01 16:15:22.000	32447	-1124	872	-8	302.39	6	-1	40	106	30	(-9,7)
3	2026-01-01 16:15:23.000	32482	-1168	957	-8	295.18	8	0	40	106	30	(-9,7)
3	2026-01-01 16:15:24.000	32517	-1079	1014	-8	252.86	7	-1	40	106	26	(-8,8)
3	2026-01-01 16:15:25.000	32552	-1147	946	-8	271.84	6	0	40	106	26	(-9,7)
3	2026-01-01 16:15:26.000	32587	-1174	899	-8	304.0	4	-2	40	106	26	(-9,7)
3	2026-01-01 16:15:27.000	32622	-1235	977	-8	334.76	6	-2	40	106	26	(-10,8)
3	2026-01-01 16:15:28.000	32657	-1299	867	-8	16.36	8	-4	40	106	25	(-10,7)
3	2026-01-01 16:15:29.000	32692	-1411	778	-8	336.68	9	-3	40	106	25	(-11,6)
3	2026-01-01 16:15:30.000	32727	-1473	792	-8	322.61	10	-3	40	106	20	(-12,6)
3	2026-01-01 16:15:31.000	32762	-1391	872	-8	353.67	10	-1	40	106	17	(-11,7)
3	2026-01-01 16:15:32.000	32797	-1273	765	-8	28.46	8	-1	40	106	17	(-10,6)
3	2026-01-01 16:15:33.000	32832	-1297	658	24	5.41	7	-3	40	106	17	(-10,5)
3	2026-01-01 16:15:34.000	32867	-1271	704	24	333.88	7	-5	40	106	17	(-10,6)
3	2026-01-01 16:15:35.000	32902	-1175	724	24	9.62	8	-3	40	106	17	(-9,6)
3	2026-01-01 16:15:36.000	32937	-1246	782	24	31.96	9	-2	40	106	17	(-10,6)
3	2026-01-01 16:15:37.000	32972	-1320	737	24	75.82	10	-3	40	106	17	(-10,6)
3	2026-01-01 16:15:38.000	33007	-1417	814	24	102.33	10	-4	40	106	15	(-11,6)
3	2026-01-01 16:15:39.000	33042	-1325	727	24	93.35	9	-4	40	106	15	(-10,6)
3	2026-01-01 16:15:40.000	33077	-1421	616	24	77.96	10	-3	40	106	14	(-11,5)
3	2026-01-01 16:15:41.000	33112	-1414	565	24	115.4	10	-3	40	106	12	(-11,4)
3	2026-01-01 16:15:42.000	33147	-1298	536	24	143.92	8	-4	40	106	8	(-10,4)
3	2026-01-01 16:15:43.000	33182	-1198	623	24	103.03	10	-6	32	106	8	(-9,5)
3	2026-01-01 16:15:44.000	33217	-1169	577	24	127.58	10	-4	32	106	8	(-9,5)
3	2026-01-01 16:15:45.000	33252	-1188	638	24	121.14	10	-6	32	106	8	(-9,5)
3	2026-01-01 16:15:46.000	33287	-1074	750	24	140.68	10	-8	24	106	8	(-8,6)
3	2026-01-01 16:15:47.000	33322	-1045	827	24	133.17	10	-8	24	106	8	(-8,6)
3	2026-01-01 16:15:48.000	33357	-1042	910	24	100.32	10	-8	24	106	23	(-8,7)
3	2026-01-01 16:15:49.000	33392	-1039	792	24	127.69	10	-6	24	106	23	(-8,6)
3	2026-01-01 16:15:50.000	33427	-997	703	24	126.14	10	-5	24	106	23	(-8,5)
3	2026-01-01 16:15:51.000	33462	-1071	660	24	163.61	10	-7	24	106	38	(-8,5)
3	2026-01-01 16:15:52.000	33497	-1105	611	24	147.58	10	-7	24	106	36	(-9,5)
3	2026-01-01 16:15:53.000	33532	-1059	592	24	124.98	10	-7	24	106	48	(-8,5)
3	2026-01-01 16:15:54.000	33567	-1091	685	24	161.65	8	-5	24	106	48	(-9,5)
3	2026-01-01 16:15:55.000	33602	-1023	607	24	122.22	10	-5	24	106	48	(-8,5)
3	2026-01-01 16:15:56.000	33637	-1056	518	24	82.26	10	-7	19	106	48	(-8,4)
3	2026-01-01 16:15:57.000	33672	-1022	628	24	106.68	10	-7	19	106	48	(-8,5)
3	2026-01-01 16:15:58.000	33707	-1001	713	24	95.83	10	-8	19	106	43	(-8,6)
3	2026-01-01 16:15:59.000	33742	-955	636	24	103.2	9	-10	19	106	43	(-7,5)
3	2026-01-01 16:16:00.000	33777	-895	693	24	147.75	7	-9	19	106	38	(-7,5)
3	2026-01-01 16:16:01.000	33812	-886	696	24	157.97	5	-7	19	106	38	(-7,5)
3	2026-01-01 16:16:02.000	33847	-806	792	8	160.46	6	-9	19	106	38	(-6,6)
3	2026-01-01 16:16:03.000	33882	-809	846	16	204.96	6	-9	19	106	38	(-6,7)
3	2026-01-01 16:16:04.000	33917	-867	763	16	176.29	7	-7	19	106	49	(-7,6)
3	2026-01-01 16:16:05.000	33952	-912	802	16	209.78	5	-8	19	106	49	(-7,6)
3	2026-01-01 16:16:06.000	33987	-1017	771	16	180.01	6	-10	19	106	45	(-8,6)
3	2026-01-01 16:16:07.000	34022	-1074	705	16	149.22	5	-10	19	106	45	(-8,6)
3	2026-01-01 16:16:08.000	34057	-1114	672	16	168.38	7	-8	19	106	45	(-9,5)
3	2026-01-01 16:16:09.000	34092	-1020	776	16	200.16	7	-7	19	106	45	(-8,6)
3	2026-01-01 16:16:10.000	34127	-1057	769	16	163.79	6	-5	19	106	45	(-8,6)
3	2026-01-01 16:16:11.000	34162	-1097	782	16	192.81	4	-7	19	106	45	(-9,6)
3	2026-01-01 16:16:12.000	34197	-1166	791	16	186.74	6	-5	19	106	45	(-9,6)
3	2026-01-01 16:16:13.000	34232	-1252	885	16	156.46	4	-5	19	106	45	(-10,7)
3	2026-01-01 16:16:14.000	34267	-1251	861	16	180.31	6	-3	19	106	45	(-10,7)
3	2026-01-01 16:16:15.000	34302	-1234	780	16	200.61	5	-2	19	106	45	(-10,6)
3	2026-01-01 16:16:16.000	34337	-1292	754	16	183.44	3	-3	19	106	45	(-10,6)
3	2026-01-01 16:16:17.000	34372	-1305	784	16	172.83	2	-2	19	106	45	(-10,6)
3	2026-01-01 16:16:18.000	34407	-1329	893	16	206.91	3	-1	19	106	50	(-10,7)
3	2026-01-01 16:16:19.000	34442	-1327	884	16	213.7	1	-1	19	106	47	(-10,7)
3	2026-01-01 16:16:20.000	34477	-1271	872	16	237.21	1	0	19	106	47	(-10,7)
3	2026-01-01 16:16:21.000	34512	-1380	766	128	256.82	0	1	19	106	47	(-11,6)
3	2026-01-01 16:16:22.000	34547	-1366	777	128	265.45	0	2	19	106	47	(-11,6)
3	2026-01-01 16:16:23.000	34582	-1396	801	128	304.52	1	0	19	106	47	(-11,6)
3	2026-01-01 16:16:24.000	34617	-1360	836	128	300.36	0	1	19	106	47	(-11,7)
3	2026-01-01 16:16:25.000	34652	-1334	765	128	325.27	-1	2	19	106	47	(-10,6)
3	2026-01-01 16:16:26.000	34687	-1417	662	128	332.5	-3	1	19	106	47	(-11,5)
3	2026-01-01 16:16:27.000	34722	-1475	739	128	330.91	-2	0	19	106	47	(-12,6)
3	2026-01-01 16:16:28.000	34757	-1546	797	128	0.51	-4	-1	19	106	43	(-12,6)
3	2026-01-01 16:16:29.000	34792	-1439	913	128	20.16	-3	-3	19	106	43	(-11,7)
3	2026-01-01 16:16:30.000	34827	-1402	883	128	41.12	-3	-4	19	106	50	(-11,7)
3	2026-01-01 16:16:31.000	34862	-1369	877	128	69.21	-5	-4	19	106	50	(-11,7)
3	2026-01-01 16:16:32.000	34897	-1296	831	128	105.13	-6	-6	19	106	50	(-10,6)
3	2026-01-01 16:16:33.000	34932	-1246	778	128	69.08	-6	-5	19	106	50	(-10,6)
3	2026-01-01 16:16:34.000	34967	-1161	742	128	36.5	-5	-6	19	106	50	(-9,6)
3	2026-01-01 16:16:35.000	35002	-1201	743	128	65.82	-5	-4	13	106	50	(-9,6)
3	2026-01-01 16:16:36.000	35037	-1095	650	128	80.82	-7	-2	13	106	50	(-9,5)
3	2026-01-01 16:16:37.000	35072	-984	672	128	51.33	-6	-3	13	106	50	(-8,5)
3	2026-01-01 16:16:38.000	35107	-943	687	128	47.72	-8	-2	25	106	50	(-7,5)
3	2026-01-01 16:16:39.000	35142	-1054	707	128	5.35	-6	-3	25	106	50	(-8,6)
3	2026-01-01 16:16:40.000	35177	-956	820	128	24.0	-7	-5	25	106	50	(-7,6)
3	2026-01-01 16:16:41.000	35212	-940	800	128	1.46	-6	-6	25	106	48	(-7,6)
3	2026-01-01 16:16:42.000	35247	-911	822	128	25.21	-7	-4	38	106	48	(-7,6)
3	2026-01-01 16:16:43.000	35282	-967	817	128	16.31	-6	-6	38	106	48	(-8,6)
3	2026-01-01 16:16:44.000	35317	-1039	906	16	356.6	-6	-6	38	106	48	(-8,7)
3	2026-01-01 16:16:45.000	35352	-1128	967	16	337.44	-7	-7	38	106	48	(-9,8)
3	2026-01-01 16:16:46.000	35387	-1185	865	16	5.83	-7	-6	38	106	48	(-9,7)
3	2026-01-01 16:16:47.000	35422	-1257	900	16	332.12	-9	-4	38	106	48	(-10,7)
3	2026-01-01 16:16:48.000	35457	-1310	837	-16	326.7	-8	-6	38	106	48	(-10,7)
3	2026-01-01 16:16:49.000	35492	-1401	840	-16	336.27	-7	-6	38	106	45	(-11,7)
3	2026-01-01 16:16:50.000	35527	-1295	783	-16	344.84	-9	-4	38	106	45	(-10,6)
3	2026-01-01 16:16:51.000	35562	-1240	849	-16	19.72	-7	-5	38	106	45	(-10,7)
3	2026-01-01 16:16:52.000	35597	-1274	811	-8	15.26	-8	-4	38	106	45	(-10,6)
3	2026-01-01 16:16:53.000	35632	-1373	901	-8	34.8	-10	-6	38	106	45	(-11,7)
3	2026-01-01 16:16:54.000	35667	-1492	919	-8	351.01	-10	-8	38	106	45	(-12,7)
3	2026-01-01 16:16:55.000	35702	-1603	938	-8	313.02	-9	-7	38	106	45	(-13,7)
3	2026-01-01 16:16:56.000	35737	-1549	896	-8	329.07	-7	-5	38	106	45	(-12,7)
3	2026-01-01 16:16:57.000	35772	-1552	927	-8	9.72	-7	-4	38	106	45	(-12,7)
3	2026-01-01 16:16:58.000	35807	-1543	1009	-8	20.77	-8	-3	38	106	45	(-12,8)
3	2026-01-01 16:16:59.000	35842	-1538	1034	-8	57.72	-8	-5	54	106	42	(-12,8)
3	2026-01-01 16:17:00.000	35877	-1633	1078	0	60.16	-8	-7	54	106	42	(-13,8)
3	2026-01-01 16:17:01.000	35912	-1676	962	0	16.42	-6	-9	54	106	42	(-13,8)
3	2026-01-01 16:17:02.000	35947	-1679	915	0	332.53	-6	-9	54	106	42	(-13,7)
3	2026-01-01 16:17:03.000	35982	-1778	970	0	359.05	-5	-10	54	106	42	(-14,8)
3	2026-01-01 16:17:04.000	36017	-1684	956	0	342.44	-6	-9	54	106	39	(-13,7)
3	2026-01-01 16:17:05.000	36052	-1590	1021	0	327.1	-6	-10	54	106	39	(-12,8)
3	2026-01-01 16:17:06.000	36087	-1483	1136	0	293.47	-5	-8	54	106	39	(-12,9)
3	2026-01-01 16:17:07.000	36122	-1552	1130	0	330.89	-4	-7	54	106	37	(-12,9)
3	2026-01-01 16:17:08.000	36157	-1657	1022	0	289.47	-4	-8	54	106	37	(-13,8)
3	2026-01-01 16:17:09.000	36192	-1605	943	0	317.98	-6	-10	54	106	37	(-13,7)
3	2026-01-01 16:17:10.000	36227	-1504	1026	0	296.45	-8	-9	54	106	37	(-12,8)
3	2026-01-01 16:17:11.000	36262	-1619	1033	0	319.95	-9	-10	54	106	37	(-13,8)
3	2026-01-01 16:17:12.000	36297	-1572	1111	0	295.59	-10	-8	54	106	37	(-12,9)
3	2026-01-01 16:17:13.000	36332	-1558	1164	0	339.03	-10	-10	54	106	37	(-12,9)
3	2026-01-01 16:17:14.000	36367	-1590	1257	8	338.18	-10	-8	54	106	37	(-12,10)
3	2026-01-01 16:17:15.000	36402	-1612	1146	8	339.52	-10	-7	54	106	37	(-13,9)
3	2026-01-01 16:17:16.000	36437	-1506	1263	8	354.5	-10	-8	54	106	37	(-12,10)
3	2026-01-01 16:17:17.000	36472	-1594	1237	8	357.97	-10	-8	54	106	37	(-12,10)
3	2026-01-01 16:17:18.000	36507	-1481	1330	8	320.33	-10	-6	54	106	37	(-12,10)
3	2026-01-01 16:17:19.000	36542	-1546	1253	8	305.97	-9	-6	54	106	37	(-12,10)
3	2026-01-01 16:17:20.000	36577	-1493	1175	8	343.6	-7	-4	54	106	37	(-12,9)
3	2026-01-01 16:17:21.000	36612	-1574	1175	8	6.93	-6	-3	54	106	37	(-12,9)
3	2026-01-01 16:17:22.000	36647	-1652	1231	8	345.97	-5	-2	54	106	37	(-13,10)
3	2026-01-01 16:17:23.000	36682	-1661	1295	8	8.5	-4	-3	54	106	33	(-13,10)
3	2026-01-01 16:17:24.000	36717	-1731	1261	8	35.56	-2	-3	54	106	33	(-14,10)
3	2026-01-01 16:17:25.000	36752	-1764	1344	8	11.39	-4	-4	54	106	33	(-14,10)
3	2026-01-01 16:17:26.000	36787	-1777	1437	8	43.06	-3	-3	54	106	28	(-14,11)
3	2026-01-01 16:17:27.000	36822	-1844	1460	32	86.75	-3	-2	54	106	26	(-14,11)
3	2026-01-01 16:17:28.000	36857	-1762	1510	32	128.99	-1	-3	54	106	36	(-14,12)
3	2026-01-01 16:17:29.000	36892	-1672	1445	32	164.95	-2	-4	54	106	36	(-13,11)
3	2026-01-01 16:17:30.000	36927	-1619	1475	32	144.59	-2	-5	54	106	36	(-13,12)
3	2026-01-01 16:17:31.000	36962	-1605	1433	32	172.11	-1	-4	54	106	36	(-13,11)
3	2026-01-01 16:17:32.000	36997	-1537	1354	32	183.04	0	-2	54	106	36	(-12,11)
3	2026-01-01 16:17:33.000	37032	-1540	1272	32	215.33	-2	-3	52	106	36	(-12,10)
3	2026-01-01 16:17:34.000	37067	-1520	1371	32	189.14	0	-5	52	106	36	(-12,11)
3	2026-01-01 16:17:35.000	37102	-1458	1422	32	232.52	-1	-5	52	106	36	(-11,11)
3	2026-01-01 16:17:36.000	37137	-1390	1335	32	232.93	-3	-4	52	106	50	(-11,10)
3	2026-01-01 16:17:37.000	37172	-1479	1446	32	211.69	-1	-3	52	106	50	(-12,11)
3	2026-01-01 16:17:38.000	37207	-1414	1357	32	173.19	0	-4	61	106	50	(-11,11)
3	2026-01-01 16:17:39.000	37242	-1371	1307	32	137.58	0	-6	61	106	50	(-11,10)
3	2026-01-01 16:17:40.000	37277	-1413	1348	8	144.15	1	-7	61	106	50	(-11,11)
3	2026-01-01 16:17:41.000	37312	-1431	1459	16	144.54	1	-8	61	106	50	(-11,11)
3	2026-01-01 16:17:42.000	37347	-1516	1510	16	101.7	2	-9	61	106	50	(-12,12)
3	2026-01-01 16:17:43.000	37382	-1489	1555	16	122.49	4	-10	61	106	50	(-12,12)
3	2026-01-01 16:17:44.000	37417	-1373	1536	16	99.66	3	-9	61	106	50	(-11,12)
3	2026-01-01 16:17:45.000	37452	-1352	1562	16	110.84	2	-8	61	106	50	(-11,12)
3	2026-01-01 16:17:46.000	37487	-1257	1486	16	122.8	3	-10	61	106	50	(-10,12)
3	2026-01-01 16:17:47.000	37522	-1292	1544	16	138.3	2	-10	61	106	50	(-10,12)
3	2026-01-01 16:17:48.000	37557	-1309	1442	16	102.7	0	-10	61	106	50	(-10,11)
3	2026-01-01 16:17:49.000	37592	-1300	1381	16	142.77	0	-9	61	106	50	(-10,11)
3	2026-01-01 16:17:50.000	37627	-1184	1352	16	159.36	0	-10	61	106	47	(-9,11)
3	2026-01-01 16:17:51.000	37662	-1225	1334	16	198.2	0	-10	61	106	42	(-10,10)
3	2026-01-01 16:17:52.000	37697	-1170	1402	16	232.13	-1	-10	61	106	42	(-9,11)
3	2026-01-01 16:17:53.000	37732	-1161	1424	16	269.23	1	-8	61	106	42	(-9,11)
3	2026-01-01 16:17:54.000	37767	-1100	1366	16	232.96	-1	-6	61	106	42	(-9,11)
3	2026-01-01 16:17:55.000	37802	-1144	1457	16	196.09	-1	-8	61	106	42	(-9,11)
3	2026-01-01 16:17:56.000	37837	-1173	1460	16	213.77	0	-9	61	106	40	(-9,11)
3	2026-01-01 16:17:57.000	37872	-1128	1368	16	189.05	-2	-10	61	106	38	(-9,11)
3	2026-01-01 16:17:58.000	37907	-1042	1380	16	150.75	-2	-8	61	106	34	(-8,11)
3	2026-01-01 16:17:59.000	37942	-1039	1435	16	175.85	-3	-8	52	106	34	(-8,11)
3	2026-01-01 16:18:00.000	37977	-975	1488	16	137.72	-1	-9	52	106	34	(-8,12)
3	2026-01-01 16:18:01.000	38012	-967	1488	16	129.05	-1	-7	52	106	34	(-8,12)
3	2026-01-01 16:18:02.000	38047	-866	1376	16	164.15	-1	-8	52	106	50	(-7,11)
3	2026-01-01 16:18:03.000	38082	-982	1449	16	149.75	-2	-7	52	106	50	(-8,11)
3	2026-01-01 16:18:04.000	38117	-862	1403	16	158.68	-4	-9	52	106	50	(-7,11)
3	2026-01-01 16:18:05.000	38152	-862	1391	40	201.66	-6	-7	52	106	50	(-7,11)
3	2026-01-01 16:18:06.000	38187	-928	1413	32	195.13	-4	-5	52	106	50	(-7,11)
3	2026-01-01 16:18:07.000	38222	-1022	1375	32	166.0	-6	-7	52	106	50	(-8,11)
3	2026-01-01 16:18:08.000	38257	-1085	1346	32	175.17	-6	-7	46	106	50	(-8,11)
3	2026-01-01 16:18:09.000	38292	-1037	1320	0	175.96	-8	-8	46	106	45	(-8,10)
3	2026-01-01 16:18:10.000	38327	-1075	1283	8	212.43	-8	-9	46	106	45	(-8,10)
3	2026-01-01 16:18:11.000	38362	-1027	1215	8	233.04	-6	-9	46	106	45	(-8,9)
3	2026-01-01 16:18:12.000	38397	-1094	1122	8	198.46	-5	-10	46	106	45	(-9,9)
3	2026-01-01 16:18:13.000	38432	-1078	1143	8	176.3	-6	-10	43	106	45	(-8,9)
3	2026-01-01 16:18:14.000	38467	-969	1023	8	178.48	-5	-9	43	106	45	(-8,8)
3	2026-01-01 16:18:15.000	38502	-981	1082	8	187.74	-4	-9	43	106	45	(-8,8)
3	2026-01-01 16:18:16.000	38537	-1007	1005	8	170.08	-5	-8	43	106	45	(-8,8)
3	2026-01-01 16:18:17.000	38572	-1072	946	8	208.72	-7	-7	43	106	45	(-8,7)
3	2026-01-01 16:18:18.000	38607	-1009	859	8	230.19	-5	-7	43	106	45	(-8,7)
3	2026-01-01 16:18:19.000	38642	-932	823	8	228.54	-5	-9	43	106	45	(-7,6)
3	2026-01-01 16:18:20.000	38677	-921	758	8	216.76	-5	-10	43	106	45	(-7,6)
3	2026-01-01 16:18:21.000	38712	-833	747	8	222.43	-3	-8	42	106	45	(-7,6)
3	2026-01-01 16:18:22.000	38747	-795	798	8	231.29	-3	-6	42	106	45	(-6,6)
3	2026-01-01 16:18:23.000	38782	-715	879	8	208.14	-1	-5	42	106	45	(-6,7)
3	2026-01-01 16:18:24.000	38817	-745	763	8	197.1	-3	-6	42	106	45	(-6,6)
3	2026-01-01 16:18:25.000	38852	-707	734	8	161.46	-5	-5	42	106	41	(-6,6)
3	2026-01-01 16:18:26.000	38887	-813	673	8	157.3	-6	-4	41	106	50	(-6,5)
3	2026-01-01 16:18:27.000	38922	-776	573	8	164.04	-6	-2	41	106	50	(-6,4)
3	2026-01-01 16:18:28.000	38957	-814	685	8	141.23	-4	-3	41	106	50	(-6,5)
3	2026-01-01 16:18:29.000	38992	-921	791	8	109.73	-2	-4	41	106	50	(-7,6)
3	2026-01-01 16:18:30.000	39027	-892	719	8	79.2	-4	-6	41	106	50	(-7,6)
3	2026-01-01 16:18:31.000	39062	-1005	822	8	106.9	-2	-4	41	106	47	(-8,6)
3	2026-01-01 16:18:32.000	39097	-1114	863	8	116.37	-4	-4	41	106	47	(-9,7)
3	2026-01-01 16:18:33.000	39132	-1019	843	8	121.13	-4	-4	41	106	47	(-8,7)
3	2026-01-01 16:18:34.000	39167	-936	952	8	107.59	-2	-3	41	106	50	(-7,7)
3	2026-01-01 16:18:35.000	39202	-1015	978	8	81.4	-1	-3	41	106	50	(-8,8)
3	2026-01-01 16:18:36.000	39237	-1035	1034	8	118.16	1	-2	41	106	50	(-8,8)
3	2026-01-01 16:18:37.000	39272	-915	1042	8	117.25	3	0	41	106	50	(-7,8)
3	2026-01-01 16:18:38.000	39307	-843	1076	8	156.88	1	-1	41	106	50	(-7,8)
3	2026-01-01 16:18:39.000	39342	-829	1154	24	170.66	0	0	41	106	45	(-6,9)
3	2026-01-01 16:18:40.000	39377	-924	1123	24	197.97	2	0	41	106	45	(-7,9)
3	2026-01-01 16:18:41.000	39412	-948	1031	24	186.46	1	-1	32	106	45	(-7,8)
3	2026-01-01 16:18:42.000	39447	-1067	1124	24	165.99	-1	-3	32	106	45	(-8,9)
3	2026-01-01 16:18:43.000	39482	-1083	1223	24	126.12	-3	-2	32	106	45	(-8,10)
3	2026-01-01 16:18:44.000	39517	-984	1268	24	109.85	-2	-4	32	106	45	(-8,10)
3	2026-01-01 16:18:45.000	39552	-1037	1360	56	100.23	0	-2	32	106	45	(-8,11)
3	2026-01-01 16:18:46.000	39587	-954	1363	0	141.86	-1	-4	32	106	42	(-7,11)
3	2026-01-01 16:18:47.000	39622	-837	1257	0	175.58	-1	-2	32	106	42	(-7,10)
3	2026-01-01 16:18:48.000	39657	-815	1326	0	160.94	-2	-1	32	106	42	(-6,10)
3	2026-01-01 16:18:49.000	39692	-742	1252	0	137.37	-2	-1	32	106	42	(-6,10)
3	2026-01-01 16:18:50.000	39727	-850	1238	0	166.36	-2	1	32	106	42	(-7,10)
3	2026-01-01 16:18:51.000	39762	-911	1231	0	165.15	0	3	32	106	42	(-7,10)
3	2026-01-01 16:18:52.000	39797	-918	1319	0	144.04	2	3	32	106	42	(-7,10)
3	2026-01-01 16:18:53.000	39832	-906	1214	0	171.01	0	4	32	106	50	(-7,9)
3	2026-01-01 16:18:54.000	39867	-968	1208	0	210.86	-2	3	32	106	46	(-8,9)
3	2026-01-01 16:18:55.000	39902	-953	1131	0	225.85	-3	1	32	106	46	(-7,9)
3	2026-01-01 16:18:56.000	39937	-853	1129	0	220.65	-1	2	32	106	46	(-7,9)
3	2026-01-01 16:18:57.000	39972	-792	1098	0	204.18	-3	1	32	106	46	(-6,9)
3	2026-01-01 16:18:58.000	40007	-870	1009	0	229.73	-2	0	43	106	46	(-7,8)
3	2026-01-01 16:18:59.000	40042	-935	913	0	232.21	-1	-1	43	106	46	(-7,7)
3	2026-01-01 16:19:00.000	40077	-858	878	0	228.59	-2	-1	43	106	46	(-7,7)
3	2026-01-01 16:19:01.000	40112	-895	901	0	208.87	0	1	43	106	44	(-7,7)
3	2026-01-01 16:19:02.000	40147	-867	830	0	252.21	1	1	43	106	44	(-7,6)
3	2026-01-01 16:19:03.000	40182	-899	825	0	254.18	3	2	43	106	40	(-7,6)
3	2026-01-01 16:19:04.000	40217	-879	730	0	233.04	2	0	43	106	40	(-7,6)
3	2026-01-01 16:19:05.000	40252	-981	794	0	204.54	4	2	43	106	40	(-8,6)
3	2026-01-01 16:19:06.000	40287	-1009	731	0	235.04	3	2	35	106	40	(-8,6)
3	2026-01-01 16:19:07.000	40322	-1094	760	0	207.15	5	4	27	106	36	(-9,6)
3	2026-01-01 16:19:08.000	40357	-1212	796	0	170.85	7	4	27	106	36	(-9,6)
3	2026-01-01 16:19:09.000	40392	-1262	860	0	212.68	6	3	27	106	36	(-10,7)
3	2026-01-01 16:19:10.000	40427	-1166	890	0	187.31	7	1	27	106	36	(-9,7)
3	2026-01-01 16:19:11.000	40462	-1085	956	0	185.39	7	1	27	106	36	(-8,7)
3	2026-01-01 16:19:12.000	40497	-1135	1059	0	167.33	8	3	21	106	36	(-9,8)
3	2026-01-01 16:19:13.000	40532	-1077	1159	0	126.64	6	1	21	106	36	(-8,9)
3	2026-01-01 16:19:14.000	40567	-1021	1275	0	146.68	6	2	21	106	36	(-8,10)
3	2026-01-01 16:19:15.000	40602	-1102	1389	0	144.05	4	4	21	106	36	(-9,11)
3	2026-01-01 16:19:16.000	40637	-1006	1437	0	110.37	3	5	21	106	34	(-8,11)
3	2026-01-01 16:19:17.000	40672	-892	1320	0	139.6	3	3	21	106	34	(-7,10)
3	2026-01-01 16:19:18.000	40707	-976	1420	0	155.59	3	2	21	106	33	(-8,11)
3	2026-01-01 16:19:19.000	40742	-1096	1349	0	151.28	5	0	21	106	33	(-9,11)
3	2026-01-01 16:19:20.000	40777	-1081	1290	24	157.71	5	-2	21	106	33	(-8,10)
3	2026-01-01 16:19:21.000	40812	-1119	1410	24	143.27	7	-3	16	106	33	(-9,11)
3	2026-01-01 16:19:22.000	40847	-1132	1433	24	154.21	6	-3	16	106	33	(-9,11)
3	2026-01-01 16:19:23.000	40882	-1060	1371	24	119.97	6	-2	16	106	33	(-8,11)
3	2026-01-01 16:19:24.000	40917	-1018	1431	-8	111.86	4	0	16	106	33	(-8,11)
3	2026-01-01 16:19:25.000	40952	-1008	1400	-8	102.4	6	-1	10	106	33	(-8,11)
3	2026-01-01 16:19:26.000	40987	-1029	1353	-8	87.66	6	0	10	106	33	(-8,11)
3	2026-01-01 16:19:27.000	41022	-980	1453	-8	95.18	5	-1	10	106	33	(-8,11)
3	2026-01-01 16:19:28.000	41057	-919	1460	-8	130.87	3	-1	10	106	33	(-7,11)
3	2026-01-01 16:19:29.000	41092	-959	1473	-8	100.47	4	0	10	106	33	(-7,12)
3	2026-01-01 16:19:30.000	41127	-922	1585	-8	137.7	5	0	10	106	50	(-7,12)
3	2026-01-01 16:19:31.000	41162	-853	1472	-8	162.71	7	-1	10	106	50	(-7,12)
3	2026-01-01 16:19:32.000	41197	-928	1511	-8	197.78	9	1	10	106	50	(-7,12)
3	2026-01-01 16:19:33.000	41232	-820	1599	-8	242.03	8	-1	10	106	45	(-6,12)
3	2026-01-01 16:19:34.000	41267	-727	1679	-8	201.85	6	-3	8	106	45	(-6,13)
3	2026-01-01 16:19:35.000	41302	-784	1588	-8	181.21	6	-3	8	106	45	(-6,12)
3	2026-01-01 16:19:36.000	41337	-725	1535	-8	201.25	8	-3	8	106	45	(-6,12)
3	2026-01-01 16:19:37.000	41372	-773	1642	-8	209.31	9	-5	8	106	45	(-6,13)
3	2026-01-01 16:19:38.000	41407	-697	1717	-8	207.79	9	-5	8	106	45	(-5,13)
3	2026-01-01 16:19:39.000	41442	-634	1814	-8	216.86	8	-7	8	106	45	(-5,14)
3	2026-01-01 16:19:40.000	41477	-739	1897	0	199.24	7	-5	8	106	45	(-6,15)
3	2026-01-01 16:19:41.000	41512	-740	1897	0	240.04	9	-3	8	106	45	(-6,15)
3	2026-01-01 16:19:42.000	41547	-649	1817	0	238.09	9	-5	8	106	45	(-5,14)
3	2026-01-01 16:19:43.000	41582	-579	1913	16	197.88	8	-3	8	106	45	(-5,15)
3	2026-01-01 16:19:44.000	41617	-637	1801	16	168.05	8	-5	8	106	45	(-5,14)
3	2026-01-01 16:19:45.000	41652	-632	1689	16	202.6	6	-7	8	106	45	(-5,13)
3	2026-01-01 16:19:46.000	41687	-525	1808	16	168.8	5	-9	8	106	45	(-4,14)
3	2026-01-01 16:19:47.000	41722	-577	1857	56	173.87	6	-9	8	106	45	(-5,15)
3	2026-01-01 16:19:48.000	41757	-532	1801	56	148.05	4	-8	8	106	42	(-4,14)
3	2026-01-01 16:19:49.000	41792	-546	1880	56	125.8	5	-9	8	106	38	(-4,15)
3	2026-01-01 16:19:50.000	41827	-486	1948	56	165.05	3	-9	8	106	38	(-4,15)
3	2026-01-01 16:19:51.000	41862	-553	2064	56	146.07	5	-8	8	106	38	(-4,16)
3	2026-01-01 16:19:52.000	41897	-584	2033	56	119.87	4	-6	8	106	35	(-5,16)
3	2026-01-01 16:19:53.000	41932	-553	1917	56	158.07	6	-8	8	106	35	(-4,15)
3	2026-01-01 16:19:54.000	41967	-645	1950	40	176.44	7	-9	8	106	35	(-5,15)
3	2026-01-01 16:19:55.000	42002	-712	1974	40	191.63	7	-10	8	106	34	(-6,15)
3	2026-01-01 16:19:56.000	42037	-772	1939	40	178.28	7	-9	8	106	29	(-6,15)
3	2026-01-01 16:19:57.000	42072	-860	1870	40	182.22	5	-8	8	106	29	(-7,15)
3	2026-01-01 16:19:58.000	42107	-925	1882	40	170.69	4	-9	8	106	42	(-7,15)
3	2026-01-01 16:19:59.000	42142	-819	1770	0	206.87	5	-8	8	106	42	(-6,14)
