1	2026-01-01 12:00:00.000	177	154	-1512	0	159.43	-2	-7	100	96	24	(1,-12)
1	2026-01-01 12:00:01.000	212	233	-1485	0	156.28	-3	-5	100	96	24	(2,-12)
1	2026-01-01 12:00:02.000	247	260	-1565	0	115.82	-5	-5	100	96	24	(2,-12)
1	2026-01-01 12:00:03.000	282	209	-1630	-8	101.62	-3	-3	100	96	24	(2,-13)
1	2026-01-01 12:00:04.000	317	130	-1679	-8	99.75	-5	-4	100	96	24	(1,-13)
1	2026-01-01 12:00:05.000	352	172	-1654	-8	78.08	-7	-3	100	96	24	(1,-13)
1	2026-01-01 12:00:06.000	387	157	-1651	-8	96.89	-6	-1	100	96	24	(1,-13)
1	2026-01-01 12:00:07.000	422	195	-1668	-8	77.13	-4	-2	100	96	24	(2,-13)
1	2026-01-01 12:00:08.000	457	189	-1655	-8	61.23	-6	0	100	96	21	(1,-13)
1	2026-01-01 12:00:09.000	492	118	-1682	-8	104.0	-5	1	100	96	21	(1,-13)
1	2026-01-01 12:00:10.000	527	137	-1693	0	120.93	-5	2	100	96	21	(1,-13)
1	2026-01-01 12:00:11.000	562	168	-1721	0	86.57	-3	1	100	96	17	(1,-13)
1	2026-01-01 12:00:12.000	597	242	-1749	0	102.54	-5	0	100	96	17	(2,-14)
1	2026-01-01 12:00:13.000	632	192	-1809	0	126.77	-3	-2	100	96	41	(2,-14)
1	2026-01-01 12:00:14.000	667	120	-1768	0	101.9	-1	-4	100	96	41	(1,-14)
1	2026-01-01 12:00:15.000	702	43	-1706	0	99.4	0	-6	90	96	38	(0,-13)
1	2026-01-01 12:00:16.000	737	107	-1670	0	105.88	-1	-6	90	96	38	(1,-13)
1	2026-01-01 12:00:17.000	772	52	-1709	8	137.36	0	-7	90	96	38	(0,-13)
1	2026-01-01 12:00:18.000	807	128	-1789	8	110.27	-1	-8	90	96	38	(1,-14)
1	2026-01-01 12:00:19.000	842	170	-1789	8	154.42	-3	-7	90	96	38	(1,-14)
1	2026-01-01 12:00:20.000	877	189	-1861	8	118.83	-4	-7	90	96	38	(1,-15)
1	2026-01-01 12:00:21.000	912	123	-1934	8	96.26	-2	-8	90	96	38	(1,-15)
1	2026-01-01 12:00:22.000	947	57	-1981	8	134.8	-4	-10	90	96	38	(0,-15)
1	2026-01-01 12:00:23.000	982	63	-1999	8	166.16	-4	-9	90	96	38	(0,-16)
1	2026-01-01 12:00:24.000	1017	111	-1985	8	161.26	-4	-9	90	96	38	(1,-16)
1	2026-01-01 12:00:25.000	1052	114	-2017	8	168.38	-6	-7	90	96	38	(1,-16)
1	2026-01-01 12:00:26.000	1087	80	-2004	8	185.72	-4	-8	90	96	36	(1,-16)
1	2026-01-01 12:00:27.000	1122	16	-2054	8	145.48	-4	-10	90	96	36	(0,-16)
1	2026-01-01 12:00:28.000	1157	-61	-2088	8	123.95	-2	-9	90	96	36	(0,-16)
1	2026-01-01 12:00:29.000	1192	-112	-2027	8	162.11	-3	-8	90	96	36	(-1,-16)
1	2026-01-01 12:00:30.000	1227	-126	-2084	128	191.64	-3	-6	90	96	36	(-1,-16)
1	2026-01-01 12:00:31.000	1262	-119	-2060	128	230.99	-2	-8	90	96	36	(-1,-16)
1	2026-01-01 12:00:32.000	1297	-91	-2070	0	215.28	-3	-9	90	96	32	(-1,-16)
1	2026-01-01 12:00:33.000	1332	-149	-2034	0	258.68	-1	-7	90	96	32	(-1,-16)
1	2026-01-01 12:00:34.000	1367	-112	-1997	0	281.91	-3	-5	90	96	32	(-1,-16)
1	2026-01-01 12:00:35.000	1402	-37	-1946	0	310.73	-1	-3	90	96	32	(0,-15)
1	2026-01-01 12:00:36.000	1437	41	-1888	0	350.89	-2	-3	90	96	32	(0,-15)
1	2026-01-01 12:00:37.000	1472	-17	-1968	0	315.49	-2	-1	90	96	32	(0,-15)
1	2026-01-01 12:00:38.000	1507	43	-2034	0	327.25	0	-2	90	96	32	(0,-16)
1	2026-01-01 12:00:39.000	1542	100	-2065	0	348.13	-2	-2	90	96	32	(1,-16)
1	2026-01-01 12:00:40.000	1577	55	-2113	0	329.8	-4	-3	90	96	32	(0,-17)
1	2026-01-01 12:00:41.000	1612	-6	-2125	0	11.97	-6	-3	90	96	32	(0,-17)
1	2026-01-01 12:00:42.000	1647	-74	-2082	0	21.4	-5	-5	90	96	32	(-1,-16)
1	2026-01-01 12:00:43.000	1682	-149	-2045	0	341.79	-5	-5	90	96	32	(-1,-16)
1	2026-01-01 12:00:44.000	1717	-199	-1970	0	344.74	-5	-4	83	96	32	(-2,-15)
1	2026-01-01 12:00:45.000	1752	-276	-1921	0	25.65	-6	-4	75	96	32	(-2,-15)
1	2026-01-01 12:00:46.000	1787	-335	-1944	0	42.91	-6	-2	75	96	32	(-3,-15)
1	2026-01-01 12:00:47.000	1822	-263	-1978	0	54.76	-7	0	75	96	30	(-2,-15)
1	2026-01-01 12:00:48.000	1857	-301	-2003	0	12.53	-8	1	75	96	30	(-2,-16)
1	2026-01-01 12:00:49.000	1892	-299	-2056	0	0.45	-6	0	75	96	30	(-2,-16)
1	2026-01-01 12:00:50.000	1927	-290	-2014	0	34.7	-6	0	75	96	28	(-2,-16)
1	2026-01-01 12:00:51.000	1962	-290	-2051	0	12.88	-7	-2	75	96	28	(-2,-16)
1	2026-01-01 12:00:52.000	1997	-354	-2108	0	51.0	-7	-4	75	96	28	(-3,-16)
1	2026-01-01 12:00:53.000	2032	-329	-2179	0	11.68	-8	-4	75	96	28	(-3,-17)
1	2026-01-01 12:00:54.000	2067	-364	-2136	-8	348.45	-9	-5	75	96	28	(-3,-17)
1	2026-01-01 12:00:55.000	2102	-389	-2127	-8	15.21	-7	-3	75	96	28	(-3,-17)
1	2026-01-01 12:00:56.000	2137	-364	-2078	-8	55.78	-7	-4	75	96	28	(-3,-16)
1	2026-01-01 12:00:57.000	2172	-367	-2011	-8	99.72	-7	-3	75	96	28	(-3,-16)
1	2026-01-01 12:00:58.000	2207	-447	-2014	-8	62.8	-8	-4	75	96	28	(-3,-16)
1	2026-01-01 12:00:59.000	2242	-373	-2022	-8	57.33	-10	-2	75	96	28	(-3,-16)
1	2026-01-01 12:01:00.000	2277	-416	-2057	-8	85.65	-10	0	75	96	28	(-3,-16)
1	2026-01-01 12:01:01.000	2312	-387	-2033	-8	73.67	-10	-1	75	96	28	(-3,-16)
1	2026-01-01 12:01:02.000	2347	-390	-2027	-8	55.73	-10	-2	75	96	28	(-3,-16)
1	2026-01-01 12:01:03.000	2382	-427	-2058	-8	27.29	-9	-1	75	96	28	(-3,-16)
1	2026-01-01 12:01:04.000	2417	-382	-1982	-8	56.35	-10	-1	75	96	27	(-3,-15)
1	2026-01-01 12:01:05.000	2452	-337	-1952	-8	97.01	-10	0	75	96	27	(-3,-15)
1	2026-01-01 12:01:06.000	2487	-369	-2003	-8	74.1	-8	2	75	96	27	(-3,-16)
1	2026-01-01 12:01:07.000	2522	-337	-2079	-8	99.69	-9	1	87	96	27	(-3,-16)
1	2026-01-01 12:01:08.000	2557	-340	-2025	-8	87.13	-7	-1	87	96	27	(-3,-16)
1	2026-01-01 12:01:09.000	2592	-335	-1971	-8	107.83	-6	0	87	96	27	(-3,-15)
1	2026-01-01 12:01:10.000	2627	-332	-1985	-8	71.98	-5	-2	87	96	27	(-3,-16)
1	2026-01-01 12:01:11.000	2662	-304	-2010	-8	88.63	-7	-3	87	96	27	(-2,-16)
1	2026-01-01 12:01:12.000	2697	-345	-2036	-8	128.93	-7	-5	87	96	38	(-3,-16)
1	2026-01-01 12:01:13.000	2732	-312	-2033	-8	116.23	-5	-6	87	96	38	(-2,-16)
1	2026-01-01 12:01:14.000	2767	-382	-1970	-8	147.26	-4	-5	87	96	38	(-3,-15)
1	2026-01-01 12:01:15.000	2802	-370	-2004	-8	127.4	-4	-5	87	96	38	(-3,-16)
1	2026-01-01 12:01:16.000	2837	-386	-2052	-8	104.42	-4	-6	87	96	38	(-3,-16)
1	2026-01-01 12:01:17.000	2872	-310	-2035	-8	61.37	-3	-8	87	96	38	(-2,-16)
1	2026-01-01 12:01:18.000	2907	-372	-1997	-8	21.09	-5	-7	87	96	38	(-3,-16)
1	2026-01-01 12:01:19.000	2942	-435	-1953	-8	30.9	-5	-8	87	96	38	(-3,-15)
1	2026-01-01 12:01:20.000	2977	-472	-2029	-8	346.52	-6	-6	87	96	38	(-4,-16)
1	2026-01-01 12:01:21.000	3012	-473	-2051	-8	26.37	-8	-7	87	96	38	(-4,-16)
1	2026-01-01 12:01:22.000	3047	-504	-1994	-8	13.48	-7	-8	87	96	33	(-4,-16)
1	2026-01-01 12:01:23.000	3082	-543	-2055	0	22.57	-9	-7	87	96	33	(-4,-16)
1	2026-01-01 12:01:24.000	3117	-463	-2087	0	42.88	-10	-8	81	101	29	(-4,-16)
1	2026-01-01 12:01:25.000	3152	-432	-2011	0	68.94	-10	-10	81	101	29	(-3,-16)
1	2026-01-01 12:01:26.000	3187	-454	-2067	0	111.02	-9	-10	81	106	29	(-4,-16)
1	2026-01-01 12:01:27.000	3222	-481	-2100	0	129.14	-10	-10	81	106	29	(-4,-16)
1	2026-01-01 12:01:28.000	3257	-451	-2067	0	135.86	-10	-10	81	106	29	(-4,-16)
1	2026-01-01 12:01:29.000	3292	-381	-1994	0	166.47	-10	-10	81	106	29	(-3,-16)
1	2026-01-01 12:01:30.000	3327	-317	-2021	0	150.76	-9	-10	81	106	25	(-2,-16)
1	2026-01-01 12:01:31.000	3362	-342	-1989	0	126.92	-10	-8	81	106	25	(-3,-16)
1	2026-01-01 12:01:32.000	3397	-333	-1965	0	149.6	-8	-7	81	106	25	(-3,-15)
1	2026-01-01 12:01:33.000	3432	-261	-1928	0	186.1	-10	-7	81	106	25	(-2,-15)
1	2026-01-01 12:01:34.000	3467	-272	-1976	0	216.76	-9	-5	81	106	25	(-2,-15)
1	2026-01-01 12:01:35.000	3502	-332	-2038	0	229.91	-10	-7	81	106	25	(-3,-16)
1	2026-01-01 12:01:36.000	3537	-341	-2029	0	219.86	-10	-6	81	106	25	(-3,-16)
1	2026-01-01 12:01:37.000	3572	-323	-2007	0	181.76	-10	-6	81	106	25	(-3,-16)
1	2026-01-01 12:01:38.000	3607	-300	-2000	0	187.34	-9	-5	81	106	25	(-2,-16)
1	2026-01-01 12:01:39.000	3642	-256	-2073	0	206.0	-7	-6	81	106	25	(-2,-16)
1	2026-01-01 12:01:40.000	3677	-211	-2047	0	184.63	-9	-7	81	106	25	(-2,-16)
1	2026-01-01 12:01:41.000	3712	-132	-2021	64	217.09	-8	-6	81	106	25	(-1,-16)
1	2026-01-01 12:01:42.000	3747	-174	-2016	64	246.78	-6	-5	81	106	25	(-1,-16)
1	2026-01-01 12:01:43.000	3782	-149	-1955	64	280.39	-6	-4	81	106	25	(-1,-15)
1	2026-01-01 12:01:44.000	3817	-158	-1889	40	269.67	-8	-6	81	106	23	(-1,-15)
1	2026-01-01 12:01:45.000	3852	-224	-1957	40	285.55	-6	-6	81	106	23	(-2,-15)
1	2026-01-01 12:01:46.000	3887	-247	-1988	40	260.37	-5	-5	81	106	23	(-2,-16)
1	2026-01-01 12:01:47.000	3922	-294	-1919	40	301.32	-4	-7	81	106	23	(-2,-15)
1	2026-01-01 12:01:48.000	3957	-311	-1892	24	288.86	-5	-9	81	106	23	(-2,-15)
1	2026-01-01 12:01:49.000	3992	-282	-1945	0	297.81	-4	-9	81	106	48	(-2,-15)
1	2026-01-01 12:01:50.000	4027	-347	-1990	0	306.98	-5	-10	81	106	48	(-3,-16)
1	2026-01-01 12:01:51.000	4062	-421	-1980	0	286.29	-5	-9	81	106	48	(-3,-15)
1	2026-01-01 12:01:52.000	4097	-461	-1951	0	294.26	-6	-9	81	106	48	(-4,-15)
1	2026-01-01 12:01:53.000	4132	-424	-2025	0	286.66	-7	-10	81	106	48	(-3,-16)
1	2026-01-01 12:01:54.000	4167	-350	-2034	0	311.74	-7	-10	81	106	48	(-3,-16)
1	2026-01-01 12:01:55.000	4202	-318	-2020	0	345.86	-8	-10	81	106	48	(-2,-16)
1	2026-01-01 12:01:56.000	4237	-386	-2085	0	357.41	-9	-9	81	106	48	(-3,-16)
1	2026-01-01 12:01:57.000	4272	-366	-2072	0	337.31	-7	-10	81	106	48	(-3,-16)
1	2026-01-01 12:01:58.000	4307	-381	-2001	0	11.07	-6	-10	81	106	48	(-3,-16)
1	2026-01-01 12:01:59.000	4342	-363	-1962	0	52.5	-7	-8	81	106	48	(-3,-15)
1	2026-01-01 12:02:00.000	4377	-334	-2023	0	35.03	-5	-7	81	106	48	(-3,-16)
1	2026-01-01 12:02:01.000	4412	-341	-2041	0	2.8	-5	-5	81	106	48	(-3,-16)
1	2026-01-01 12:02:02.000	4447	-293	-2082	0	330.62	-4	-5	81	106	48	(-2,-16)
1	2026-01-01 12:02:03.000	4482	-303	-2125	24	348.62	-6	-6	81	106	48	(-2,-17)
1	2026-01-01 12:02:04.000	4517	-280	-2188	24	3.25	-6	-5	81	106	48	(-2,-17)
1	2026-01-01 12:02:05.000	4552	-308	-2251	24	324.39	-6	-7	81	106	48	(-2,-18)
1	2026-01-01 12:02:06.000	4587	-370	-2186	24	352.59	-6	-9	81	106	48	(-3,-17)
1	2026-01-01 12:02:07.000	4622	-445	-2246	24	318.89	-8	-10	81	106	48	(-3,-18)
1	2026-01-01 12:02:08.000	4657	-405	-2313	24	357.01	-10	-10	81	106	48	(-3,-18)
1	2026-01-01 12:02:09.000	4692	-337	-2262	24	19.74	-8	-8	81	106	48	(-3,-18)
1	2026-01-01 12:02:10.000	4727	-337	-2336	24	359.83	-8	-10	81	106	48	(-3,-18)
1	2026-01-01 12:02:11.000	4762	-311	-2256	24	18.98	-8	-9	81	106	48	(-2,-18)
1	2026-01-01 12:02:12.000	4797	-310	-2329	24	0.85	-9	-10	81	106	48	(-2,-18)
1	2026-01-01 12:02:13.000	4832	-264	-2312	24	359.06	-8	-10	81	106	48	(-2,-18)
1	2026-01-01 12:02:14.000	4867	-284	-2360	24	35.39	-10	-9	81	106	48	(-2,-18)
1	2026-01-01 12:02:15.000	4902	-282	-2309	24	60.16	-10	-8	81	106	48	(-2,-18)
1	2026-01-01 12:02:16.000	4937	-219	-2320	24	71.2	-9	-8	81	106	48	(-2,-18)
1	2026-01-01 12:02:17.000	4972	-160	-2248	24	89.75	-7	-8	81	106	48	(-1,-18)
1	2026-01-01 12:02:18.000	5007	-210	-2192	24	59.23	-8	-10	81	106	48	(-2,-17)
1	2026-01-01 12:02:19.000	5042	-166	-2229	40	97.53	-6	-10	81	106	48	(-1,-17)
1	2026-01-01 12:02:20.000	5077	-215	-2294	40	66.29	-5	-8	81	106	48	(-2,-18)
1	2026-01-01 12:02:21.000	5112	-278	-2302	40	51.0	-4	-8	81	106	48	(-2,-18)
1	2026-01-01 12:02:22.000	5147	-258	-2248	40	28.7	-4	-9	81	106	48	(-2,-18)
1	2026-01-01 12:02:23.000	5182	-233	-2324	128	5.73	-6	-8	81	106	48	(-2,-18)
1	2026-01-01 12:02:24.000	5217	-191	-2260	128	333.66	-7	-9	81	106	48	(-1,-18)
1	2026-01-01 12:02:25.000	5252	-182	-2298	128	295.21	-7	-7	81	106	48	(-1,-18)
1	2026-01-01 12:02:26.000	5287	-238	-2221	128	305.35	-8	-8	81	106	48	(-2,-17)
1	2026-01-01 12:02:27.000	5322	-304	-2298	128	319.78	-6	-9	81	106	48	(-2,-18)
1	2026-01-01 12:02:28.000	5357	-317	-2231	-16	330.04	-5	-7	93	106	48	(-2,-17)
1	2026-01-01 12:02:29.000	5392	-348	-2270	-16	306.63	-6	-6	93	106	48	(-3,-18)
1	2026-01-01 12:02:30.000	5427	-401	-2265	-16	301.95	-7	-4	93	106	48	(-3,-18)
1	2026-01-01 12:02:31.000	5462	-458	-2238	40	313.21	-5	-4	93	106	48	(-4,-17)
1	2026-01-01 12:02:32.000	5497	-392	-2215	40	330.79	-4	-3	93	106	48	(-3,-17)
1	2026-01-01 12:02:33.000	5532	-374	-2230	40	336.41	-2	-5	93	106	48	(-3,-17)
1	2026-01-01 12:02:34.000	5567	-332	-2217	40	353.55	-4	-3	93	106	48	(-3,-17)
1	2026-01-01 12:02:35.000	5602	-378	-2272	40	19.66	-2	-5	93	106	48	(-3,-18)
1	2026-01-01 12:02:36.000	5637	-454	-2204	40	8.06	0	-7	93	106	48	(-4,-17)
1	2026-01-01 12:02:37.000	5672	-456	-2183	40	335.26	1	-7	93	106	48	(-4,-17)
1	2026-01-01 12:02:38.000	5707	-457	-2185	0	338.45	-1	-7	93	106	48	(-4,-17)
1	2026-01-01 12:02:39.000	5742	-524	-2263	0	323.75	-3	-8	93	106	48	(-4,-18)
1	2026-01-01 12:02:40.000	5777	-453	-2228	0	284.65	-3	-6	93	106	45	(-4,-17)
1	2026-01-01 12:02:41.000	5812	-520	-2162	0	315.53	-3	-7	93	106	45	(-4,-17)
1	2026-01-01 12:02:42.000	5847	-587	-2237	0	346.24	-5	-8	93	106	45	(-5,-17)
1	2026-01-01 12:02:43.000	5882	-565	-2224	56	332.89	-5	-9	93	106	45	(-4,-17)
1	2026-01-01 12:02:44.000	5917	-531	-2198	56	302.04	-4	-8	84	106	45	(-4,-17)
1	2026-01-01 12:02:45.000	5952	-595	-2210	16	272.06	-2	-6	84	106	45	(-5,-17)
1	2026-01-01 12:02:46.000	5987	-642	-2201	16	231.99	-1	-5	84	106	45	(-5,-17)
1	2026-01-01 12:02:47.000	6022	-631	-2122	40	193.09	0	-6	84	106	50	(-5,-17)
1	2026-01-01 12:02:48.000	6057	-693	-2136	40	153.34	1	-6	84	106	50	(-5,-17)
1	2026-01-01 12:02:49.000	6092	-698	-2120	40	109.35	1	-5	84	106	50	(-5,-17)
1	2026-01-01 12:02:50.000	6127	-731	-2059	40	139.03	0	-5	84	106	50	(-6,-16)
1	2026-01-01 12:02:51.000	6162	-672	-2076	40	135.95	-1	-7	84	106	50	(-5,-16)
1	2026-01-01 12:02:52.000	6197	-746	-2141	40	180.39	-3	-6	84	106	50	(-6,-17)
1	2026-01-01 12:02:53.000	6232	-761	-2104	40	196.38	-5	-5	84	106	50	(-6,-16)
1	2026-01-01 12:02:54.000	6267	-795	-2085	40	185.56	-4	-6	84	106	50	(-6,-16)
1	2026-01-01 12:02:55.000	6302	-807	-2141	40	155.64	-4	-4	84	106	50	(-6,-17)
1	2026-01-01 12:02:56.000	6337	-747	-2061	64	134.64	-3	-4	84	106	50	(-6,-16)
1	2026-01-01 12:02:57.000	6372	-680	-2123	64	96.01	-3	-2	84	106	50	(-5,-17)
1	2026-01-01 12:02:58.000	6407	-635	-2100	64	59.14	-1	0	84	106	50	(-5,-16)
1	2026-01-01 12:02:59.000	6442	-712	-2091	64	29.04	1	-2	84	106	50	(-6,-16)
1	2026-01-01 12:03:00.000	6477	-707	-2032	64	57.9	2	-2	84	106	50	(-6,-16)
1	2026-01-01 12:03:01.000	6512	-667	-2023	64	88.4	4	-3	84	106	50	(-5,-16)
1	2026-01-01 12:03:02.000	6547	-672	-2025	64	89.32	4	-4	84	106	50	(-5,-16)
1	2026-01-01 12:03:03.000	6582	-609	-2043	64	86.22	4	-5	84	106	50	(-5,-16)
1	2026-01-01 12:03:04.000	6617	-593	-2037	64	71.09	3	-7	84	106	50	(-5,-16)
1	2026-01-01 12:03:05.000	6652	-573	-1966	64	111.29	2	-8	84	106	50	(-4,-15)
1	2026-01-01 12:03:06.000	6687	-505	-1908	64	90.8	1	-8	84	106	50	(-4,-15)
1	2026-01-01 12:03:07.000	6722	-438	-1927	64	83.24	-1	-7	84	106	50	(-3,-15)
1	2026-01-01 12:03:08.000	6757	-472	-1854	64	93.67	-3	-7	84	106	50	(-4,-14)
1	2026-01-01 12:03:09.000	6792	-492	-1862	64	85.28	-5	-8	84	106	50	(-4,-15)
1	2026-01-01 12:03:10.000	6827	-472	-1815	64	105.34	-5	-9	83	106	50	(-4,-14)
1	2026-01-01 12:03:11.000	6862	-417	-1856	64	112.76	-5	-7	83	106	50	(-3,-14)
1	2026-01-01 12:03:12.000	6897	-452	-1913	64	145.05	-7	-5	83	106	50	(-4,-15)
1	2026-01-01 12:03:13.000	6932	-406	-1941	64	164.57	-7	-4	83	106	50	(-3,-15)
1	2026-01-01 12:03:14.000	6967	-464	-1895	64	191.23	-8	-4	83	106	50	(-4,-15)
1	2026-01-01 12:03:15.000	7002	-464	-1839	64	192.19	-10	-5	83	106	50	(-4,-14)
1	2026-01-01 12:03:16.000	7037	-514	-1890	64	188.86	-10	-4	83	106	50	(-4,-15)
1	2026-01-01 12:03:17.000	7072	-566	-1911	0	203.45	-10	-6	83	106	48	(-4,-15)
1	2026-01-01 12:03:18.000	7107	-522	-1956	0	163.26	-9	-7	83	106	48	(-4,-15)
1	2026-01-01 12:03:19.000	7142	-584	-2034	0	175.79	-7	-6	81	106	48	(-5,-16)
1	2026-01-01 12:03:20.000	7177	-584	-2090	0	140.92	-6	-8	81	106	48	(-5,-16)
1	2026-01-01 12:03:21.000	7212	-543	-2132	0	104.82	-4	-9	81	106	48	(-4,-17)
1	2026-01-01 12:03:22.000	7247	-541	-2189	0	100.27	-4	-7	81	106	48	(-4,-17)
1	2026-01-01 12:03:23.000	7282	-478	-2127	0	140.22	-5	-7	81	106	48	(-4,-17)
1	2026-01-01 12:03:24.000	7317	-454	-2067	0	144.07	-5	-7	81	106	48	(-4,-16)
1	2026-01-01 12:03:25.000	7352	-385	-2072	0	119.71	-3	-5	81	106	48	(-3,-16)
1	2026-01-01 12:03:26.000	7387	-411	-2109	0	132.08	-2	-7	81	106	48	(-3,-16)
1	2026-01-01 12:03:27.000	7422	-372	-2108	0	148.18	-4	-8	81	106	48	(-3,-16)
1	2026-01-01 12:03:28.000	7457	-393	-2045	0	177.27	-6	-6	81	106	48	(-3,-16)
1	2026-01-01 12:03:29.000	7492	-329	-2010	0	163.97	-4	-6	81	106	48	(-3,-16)
1	2026-01-01 12:03:30.000	7527	-266	-1986	0	143.79	-2	-8	81	106	48	(-2,-16)
1	2026-01-01 12:03:31.000	7562	-322	-1924	0	137.61	-4	-9	81	106	48	(-3,-15)
1	2026-01-01 12:03:32.000	7597	-337	-1951	0	98.4	-5	-10	81	106	48	(-3,-15)
1	2026-01-01 12:03:33.000	7632	-329	-1899	0	92.43	-3	-10	81	106	48	(-3,-15)
1	2026-01-01 12:03:34.000	7667	-291	-1950	0	136.04	-1	-10	81	106	48	(-2,-15)
1	2026-01-01 12:03:35.000	7702	-260	-1880	0	99.73	-1	-10	81	106	48	(-2,-15)
1	2026-01-01 12:03:36.000	7737	-206	-1889	0	59.26	-1	-10	81	106	48	(-2,-15)
1	2026-01-01 12:03:37.000	7772	-254	-1888	0	64.1	-2	-9	81	106	48	(-2,-15)
1	2026-01-01 12:03:38.000	7807	-216	-1810	0	43.02	-3	-8	81	106	48	(-2,-14)
1	2026-01-01 12:03:39.000	7842	-213	-1856	0	8.42	-3	-9	81	106	48	(-2,-14)
1	2026-01-01 12:03:40.000	7877	-195	-1802	0	8.56	-1	-7	81	106	48	(-2,-14)
1	2026-01-01 12:03:41.000	7912	-150	-1826	0	29.65	-1	-5	81	106	48	(-1,-14)
1	2026-01-01 12:03:42.000	7947	-98	-1758	0	63.96	0	-5	81	106	48	(-1,-14)
1	2026-01-01 12:03:43.000	7982	-37	-1767	0	89.38	-1	-6	81	106	48	(0,-14)
1	2026-01-01 12:03:44.000	8017	-101	-1840	0	52.01	1	-7	81	106	48	(-1,-14)
1	2026-01-01 12:03:45.000	8052	-87	-1794	0	44.72	1	-8	81	106	48	(-1,-14)
1	2026-01-01 12:03:46.000	8087	-44	-1721	128	89.66	1	-7	81	106	48	(0,-13)
1	2026-01-01 12:03:47.000	8122	-118	-1765	128	46.38	2	-7	81	106	48	(-1,-14)
1	2026-01-01 12:03:48.000	8157	-113	-1696	128	31.5	3	-9	81	106	48	(-1,-13)
1	2026-01-01 12:03:49.000	8192	-146	-1667	128	20.21	1	-10	81	106	48	(-1,-13)
1	2026-01-01 12:03:50.000	8227	-105	-1643	128	59.09	1	-10	81	106	48	(-1,-13)
1	2026-01-01 12:03:51.000	8262	-42	-1600	128	68.03	2	-9	81	106	48	(0,-12)
1	2026-01-01 12:03:52.000	8297	-35	-1603	0	92.66	3	-10	81	106	48	(0,-13)
1	2026-01-01 12:03:53.000	8332	-73	-1584	0	110.72	1	-8	81	106	50	(-1,-12)
1	2026-01-01 12:03:54.000	8367	-79	-1585	40	115.76	0	-9	81	106	50	(-1,-12)
1	2026-01-01 12:03:55.000	8402	-45	-1639	40	81.66	0	-9	81	106	50	(0,-13)
1	2026-01-01 12:03:56.000	8437	-101	-1707	40	62.89	2	-9	81	106	50	(-1,-13)
1	2026-01-01 12:03:57.000	8472	-153	-1659	40	90.21	0	-7	81	106	50	(-1,-13)
1	2026-01-01 12:03:58.000	8507	-109	-1601	40	59.06	-2	-6	81	106	50	(-1,-13)
1	2026-01-01 12:03:59.000	8542	-57	-1646	40	23.84	-3	-7	81	106	50	(0,-13)
1	2026-01-01 12:04:00.000	8577	-89	-1636	40	55.81	-2	-8	81	106	50	(-1,-13)
1	2026-01-01 12:04:01.000	8612	-92	-1586	40	89.41	-4	-7	81	106	50	(-1,-12)
1	2026-01-01 12:04:02.000	8647	-17	-1543	40	116.77	-5	-5	81	106	50	(0,-12)
1	2026-01-01 12:04:03.000	8682	-80	-1478	40	83.94	-3	-5	81	106	50	(-1,-12)
1	2026-01-01 12:04:04.000	8717	-85	-1533	40	117.17	-1	-5	81	106	50	(-1,-12)
1	2026-01-01 12:04:05.000	8752	-150	-1589	40	86.68	0	-6	81	106	50	(-1,-12)
1	2026-01-01 12:04:06.000	8787	-178	-1514	-8	71.87	0	-7	81	106	50	(-1,-12)
1	2026-01-01 12:04:07.000	8822	-110	-1572	-8	84.56	-1	-9	81	106	50	(-1,-12)
1	2026-01-01 12:04:08.000	8857	-126	-1535	-8	110.38	-2	-10	81	106	50	(-1,-12)
1	2026-01-01 12:04:09.000	8892	-87	-1563	-8	153.42	-2	-10	81	106	50	(-1,-12)
1	2026-01-01 12:04:10.000	8927	-64	-1538	32	142.31	-3	-9	81	106	50	(0,-12)
1	2026-01-01 12:04:11.000	8962	-47	-1522	32	106.95	-1	-9	81	106	50	(0,-12)
1	2026-01-01 12:04:12.000	8997	-33	-1539	32	96.28	-1	-7	81	106	50	(0,-12)
1	2026-01-01 12:04:13.000	9032	-33	-1529	32	88.18	-3	-7	87	106	50	(0,-12)
1	2026-01-01 12:04:14.000	9067	20	-1470	32	81.18	-1	-5	87	106	49	(0,-11)
1	2026-01-01 12:04:15.000	9102	2	-1478	32	39.29	-2	-3	87	106	49	(0,-12)
1	2026-01-01 12:04:16.000	9137	-58	-1513	32	21.22	-1	-2	87	106	49	(0,-12)
1	2026-01-01 12:04:17.000	9172	-40	-1577	32	18.39	-2	-1	87	106	49	(0,-12)
1	2026-01-01 12:04:18.000	9207	31	-1512	32	62.65	0	-3	87	106	49	(0,-12)
1	2026-01-01 12:04:19.000	9242	39	-1472	32	73.15	-2	-5	87	106	49	(0,-12)
1	2026-01-01 12:04:20.000	9277	63	-1420	32	65.04	0	-7	87	106	49	(0,-11)
1	2026-01-01 12:04:21.000	9312	59	-1403	56	25.98	-1	-7	87	106	45	(0,-11)
1	2026-01-01 12:04:22.000	9347	-16	-1389	56	7.82	-3	-9	87	106	45	(0,-11)
1	2026-01-01 12:04:23.000	9382	-85	-1388	56	6.08	-3	-8	85	106	45	(-1,-11)
1	2026-01-01 12:04:24.000	9417	-67	-1375	56	353.7	-4	-6	85	106	45	(-1,-11)
1	2026-01-01 12:04:25.000	9452	-30	-1303	56	4.94	-3	-6	85	106	44	(0,-10)
1	2026-01-01 12:04:26.000	9487	-76	-1260	56	342.61	-2	-5	85	106	44	(-1,-10)
1	2026-01-01 12:04:27.000	9522	-119	-1316	56	314.39	-1	-7	85	106	44	(-1,-10)
1	2026-01-01 12:04:28.000	9557	-187	-1393	56	345.54	-3	-9	85	106	44	(-1,-11)
1	2026-01-01 12:04:29.000	9592	-164	-1452	56	319.6	-4	-8	85	106	44	(-1,-11)
1	2026-01-01 12:04:30.000	9627	-238	-1405	56	0.43	-3	-10	85	106	44	(-2,-11)
1	2026-01-01 12:04:31.000	9662	-221	-1377	56	328.01	-5	-9	85	106	50	(-2,-11)
1	2026-01-01 12:04:32.000	9697	-182	-1365	40	289.45	-4	-10	85	106	50	(-1,-11)
1	2026-01-01 12:04:33.000	9732	-158	-1434	40	328.31	-6	-9	85	106	50	(-1,-11)
1	2026-01-01 12:04:34.000	9767	-227	-1484	40	350.26	-8	-10	85	106	50	(-2,-12)
1	2026-01-01 12:04:35.000	9802	-162	-1480	40	15.56	-10	-8	85	106	50	(-1,-12)
1	2026-01-01 12:04:36.000	9837	-112	-1462	0	344.4	-10	-7	85	106	50	(-1,-11)
1	2026-01-01 12:04:37.000	9872	-83	-1521	0	320.31	-8	-8	85	106	50	(-1,-12)
1	2026-01-01 12:04:38.000	9907	-6	-1508	0	301.79	-7	-9	85	106	50	(0,-12)
1	2026-01-01 12:04:39.000	9942	-10	-1545	0	341.45	-6	-7	85	106	50	(0,-12)
1	2026-01-01 12:04:40.000	9977	47	-1539	0	328.53	-8	-7	85	106	50	(0,-12)
1	2026-01-01 12:04:41.000	10012	37	-1562	0	354.15	-9	-9	85	106	50	(0,-12)
1	2026-01-01 12:04:42.000	10047	77	-1533	0	19.28	-7	-10	85	106	50	(1,-12)
1	2026-01-01 12:04:43.000	10082	-1	-1503	0	31.48	-8	-10	85	106	50	(0,-12)
1	2026-01-01 12:04:44.000	10117	6	-1571	0	61.6	-7	-10	85	106	50	(0,-12)
1	2026-01-01 12:04:45.000	10152	25	-1647	0	101.38	-9	-10	85	106	50	(0,-13)
1	2026-01-01 12:04:46.000	10187	-55	-1722	0	71.86	-10	-10	85	106	50	(0,-13)
1	2026-01-01 12:04:47.000	10222	-100	-1761	0	50.03	-10	-10	85	106	50	(-1,-14)
1	2026-01-01 12:04:48.000	10257	-57	-1834	0	91.34	-10	-10	85	106	50	(0,-14)
1	2026-01-01 12:04:49.000	10292	-25	-1836	0	82.41	-9	-10	85	106	50	(0,-14)
1	2026-01-01 12:04:50.000	10327	43	-1796	0	78.74	-10	-10	85	106	50	(0,-14)
1	2026-01-01 12:04:51.000	10362	-11	-1863	0	65.31	-10	-8	85	106	50	(0,-15)
1	2026-01-01 12:04:52.000	10397	-90	-1806	0	101.29	-10	-8	85	106	46	(-1,-14)
1	2026-01-01 12:04:53.000	10432	-64	-1740	0	70.19	-10	-7	85	106	46	(0,-14)
1	2026-01-01 12:04:54.000	10467	-86	-1803	0	49.99	-9	-7	85	106	46	(-1,-14)
1	2026-01-01 12:04:55.000	10502	-65	-1753	0	26.03	-10	-5	85	106	46	(-1,-14)
1	2026-01-01 12:04:56.000	10537	-123	-1729	0	12.01	-10	-6	85	106	46	(-1,-14)
1	2026-01-01 12:04:57.000	10572	-200	-1681	0	2.56	-9	-8	85	106	46	(-2,-13)
1	2026-01-01 12:04:58.000	10607	-161	-1615	0	19.37	-8	-10	85	106	46	(-1,-13)
1	2026-01-01 12:04:59.000	10642	-239	-1542	0	14.69	-10	-10	85	106	46	(-2,-12)
1	2026-01-01 12:05:00.000	10677	-252	-1473	0	18.31	-10	-10	85	106	46	(-2,-12)
1	2026-01-01 12:05:01.000	10712	-332	-1481	0	335.68	-10	-8	85	106	46	(-3,-12)
1	2026-01-01 12:05:02.000	10747	-399	-1436	0	1.06	-9	-9	85	106	46	(-3,-11)
1	2026-01-01 12:05:03.000	10782	-371	-1508	0	340.45	-10	-8	85	106	46	(-3,-12)
1	2026-01-01 12:05:04.000	10817	-397	-1532	0	300.93	-10	-10	85	106	46	(-3,-12)
1	2026-01-01 12:05:05.000	10852	-333	-1491	0	305.25	-8	-9	85	106	46	(-3,-12)
1	2026-01-01 12:05:06.000	10887	-378	-1468	0	282.31	-8	-10	85	106	46	(-3,-11)
1	2026-01-01 12:05:07.000	10922	-333	-1462	0	306.78	-9	-10	85	106	46	(-3,-11)
1	2026-01-01 12:05:08.000	10957	-311	-1490	0	274.42	-9	-8	85	106	46	(-2,-12)
1	2026-01-01 12:05:09.000	10992	-293	-1557	0	262.51	-10	-8	85	106	46	(-2,-12)
1	2026-01-01 12:05:10.000	11027	-285	-1582	0	239.24	-10	-9	85	106	46	(-2,-12)
1	2026-01-01 12:05:11.000	11062	-283	-1572	0	257.86	-9	-10	85	106	46	(-2,-12)
1	2026-01-01 12:05:12.000	11097	-355	-1526	0	279.98	-7	-10	85	106	46	(-3,-12)
1	2026-01-01 12:05:13.000	11132	-412	-1519	0	269.09	-7	-8	85	106	46	(-3,-12)
1	2026-01-01 12:05:14.000	11167	-457	-1508	0	297.36	-7	-9	85	106	46	(-4,-12)
1	2026-01-01 12:05:15.000	11202	-414	-1430	0	297.21	-6	-10	85	106	46	(-3,-11)
1	2026-01-01 12:05:16.000	11237	-443	-1510	0	287.53	-4	-8	85	106	46	(-3,-12)
1	2026-01-01 12:05:17.000	11272	-472	-1524	0	262.35	-4	-10	85	106	41	(-4,-12)
1	2026-01-01 12:05:18.000	11307	-501	-1468	0	276.66	-4	-10	85	106	41	(-4,-11)
1	2026-01-01 12:05:19.000	11342	-428	-1529	0	299.29	-5	-10	85	106	41	(-3,-12)
1	2026-01-01 12:05:20.000	11377	-465	-1589	0	293.57	-7	-10	85	106	41	(-4,-12)
1	2026-01-01 12:05:21.000	11412	-531	-1611	0	293.56	-8	-8	85	106	41	(-4,-13)
1	2026-01-01 12:05:22.000	11447	-568	-1551	0	314.0	-6	-9	85	106	41	(-4,-12)
1	2026-01-01 12:05:23.000	11482	-625	-1505	0	292.64	-4	-9	85	106	41	(-5,-12)
1	2026-01-01 12:05:24.000	11517	-601	-1541	0	317.4	-5	-10	85	106	41	(-5,-12)
1	2026-01-01 12:05:25.000	11552	-564	-1498	0	323.69	-7	-8	85	106	41	(-4,-12)
1	2026-01-01 12:05:26.000	11587	-535	-1530	0	306.48	-9	-8	85	106	41	(-4,-12)
1	2026-01-01 12:05:27.000	11622	-601	-1544	0	314.28	-10	-9	85	106	41	(-5,-12)
1	2026-01-01 12:05:28.000	11657	-673	-1581	0	282.15	-10	-10	85	106	50	(-5,-12)
1	2026-01-01 12:05:29.000	11692	-611	-1561	0	259.6	-10	-10	85	106	50	(-5,-12)
1	2026-01-01 12:05:30.000	11727	-684	-1609	0	224.25	-10	-10	85	106	50	(-5,-13)
1	2026-01-01 12:05:31.000	11762	-675	-1539	0	240.73	-10	-10	85	106	50	(-5,-12)
1	2026-01-01 12:05:32.000	11797	-645	-1591	0	276.69	-8	-10	85	106	48	(-5,-12)
1	2026-01-01 12:05:33.000	11832	-722	-1524	0	317.86	-7	-9	85	106	48	(-6,-12)
1	2026-01-01 12:05:34.000	11867	-789	-1492	0	306.96	-7	-8	85	106	48	(-6,-12)
1	2026-01-01 12:05:35.000	11902	-852	-1547	0	279.87	-8	-10	85	106	48	(-7,-12)
1	2026-01-01 12:05:36.000	11937	-835	-1588	0	283.73	-6	-10	85	106	48	(-7,-12)
1	2026-01-01 12:05:37.000	11972	-783	-1601	0	268.59	-6	-10	85	106	48	(-6,-13)
1	2026-01-01 12:05:38.000	12007	-764	-1607	0	278.3	-8	-8	85	106	48	(-6,-13)
1	2026-01-01 12:05:39.000	12042	-743	-1658	0	322.77	-9	-10	85	106	48	(-6,-13)
1	2026-01-01 12:05:40.000	12077	-751	-1595	0	352.48	-7	-8	97	106	48	(-6,-12)
1	2026-01-01 12:05:41.000	12112	-704	-1591	0	332.73	-7	-9	97	106	48	(-6,-12)
1	2026-01-01 12:05:42.000	12147	-624	-1610	0	17.23	-7	-10	97	106	48	(-5,-13)
1	2026-01-01 12:05:43.000	12182	-661	-1654	0	338.7	-9	-10	97	106	48	(-5,-13)
1	2026-01-01 12:05:44.000	12217	-646	-1583	0	342.24	-7	-10	97	106	43	(-5,-12)
1	2026-01-01 12:05:45.000	12252	-633	-1568	0	337.72	-7	-10	97	106	43	(-5,-12)
1	2026-01-01 12:05:46.000	12287	-623	-1491	0	14.12	-9	-10	97	106	43	(-5,-12)
1	2026-01-01 12:05:47.000	12322	-587	-1479	0	32.54	-10	-10	97	106	43	(-5,-12)
1	2026-01-01 12:05:48.000	12357	-558	-1552	0	348.22	-10	-10	97	106	43	(-4,-12)
1	2026-01-01 12:05:49.000	12392	-486	-1632	0	7.88	-10	-8	97	106	43	(-4,-13)
1	2026-01-01 12:05:50.000	12427	-435	-1597	0	330.07	-9	-9	97	106	43	(-3,-12)
1	2026-01-01 12:05:51.000	12462	-357	-1600	0	307.87	-10	-10	97	106	43	(-3,-12)
1	2026-01-01 12:05:52.000	12497	-286	-1648	0	323.17	-10	-8	97	106	42	(-2,-13)
1	2026-01-01 12:05:53.000	12532	-324	-1624	0	4.0	-10	-6	97	106	42	(-3,-13)
1	2026-01-01 12:05:54.000	12567	-342	-1604	0	0.49	-10	-7	97	106	42	(-3,-13)
1	2026-01-01 12:05:55.000	12602	-328	-1524	0	42.4	-10	-8	97	106	42	(-3,-12)
1	2026-01-01 12:05:56.000	12637	-303	-1520	0	41.05	-8	-10	97	106	42	(-2,-12)
1	2026-01-01 12:05:57.000	12672	-243	-1451	0	15.84	-6	-10	97	106	42	(-2,-11)
1	2026-01-01 12:05:58.000	12707	-256	-1402	0	49.67	-8	-9	97	106	38	(-2,-11)
1	2026-01-01 12:05:59.000	12742	-179	-1351	0	24.92	-9	-9	97	106	38	(-1,-11)
1	2026-01-01 12:06:00.000	12777	-201	-1408	0	355.15	-10	-10	97	106	38	(-2,-11)
1	2026-01-01 12:06:01.000	12812	-223	-1338	0	354.48	-10	-10	87	106	38	(-2,-10)
1	2026-01-01 12:06:02.000	12847	-235	-1295	0	336.07	-10	-8	87	106	38	(-2,-10)
1	2026-01-01 12:06:03.000	12882	-243	-1288	0	342.96	-10	-9	87	106	38	(-2,-10)
1	2026-01-01 12:06:04.000	12917	-177	-1337	0	0.15	-9	-10	87	106	38	(-1,-10)
1	2026-01-01 12:06:05.000	12952	-120	-1287	0	323.51	-10	-10	87	106	38	(-1,-10)
1	2026-01-01 12:06:06.000	12987	-134	-1364	0	334.53	-10	-10	87	106	38	(-1,-11)
1	2026-01-01 12:06:07.000	13022	-174	-1321	0	333.41	-10	-10	87	106	38	(-1,-10)
1	2026-01-01 12:06:08.000	13057	-131	-1290	0	331.67	-10	-10	87	106	38	(-1,-10)
1	2026-01-01 12:06:09.000	13092	-187	-1268	0	319.26	-8	-10	87	106	38	(-1,-10)
1	2026-01-01 12:06:10.000	13127	-156	-1326	0	294.61	-10	-8	87	106	38	(-1,-10)
1	2026-01-01 12:06:11.000	13162	-186	-1317	0	313.68	-9	-8	87	106	34	(-1,-10)
1	2026-01-01 12:06:12.000	13197	-181	-1341	0	274.37	-7	-6	87	106	34	(-1,-10)
1	2026-01-01 12:06:13.000	13232	-225	-1265	0	255.06	-7	-4	87	106	34	(-2,-10)
1	2026-01-01 12:06:14.000	13267	-186	-1260	0	271.46	-7	-6	87	106	34	(-1,-10)
1	2026-01-01 12:06:15.000	13302	-248	-1186	0	279.43	-5	-8	87	106	34	(-2,-9)
1	2026-01-01 12:06:16.000	13337	-196	-1266	0	299.9	-3	-6	87	106	34	(-2,-10)
1	2026-01-01 12:06:17.000	13372	-126	-1316	0	269.99	-2	-8	87	106	34	(-1,-10)
1	2026-01-01 12:06:18.000	13407	-107	-1317	0	260.08	-2	-8	87	106	34	(-1,-10)
1	2026-01-01 12:06:19.000	13442	-30	-1237	0	221.07	-4	-9	87	106	34	(0,-10)
1	2026-01-01 12:06:20.000	13477	41	-1282	0	258.95	-2	-9	87	106	34	(0,-10)
1	2026-01-01 12:06:21.000	13512	117	-1209	0	260.73	-2	-8	87	106	34	(1,-9)
1	2026-01-01 12:06:22.000	13547	72	-1171	0	237.91	-2	-10	87	106	34	(1,-9)
1	2026-01-01 12:06:23.000	13582	21	-1152	0	262.37	-1	-8	87	106	34	(0,-9)
1	2026-01-01 12:06:24.000	13617	49	-1193	0	218.35	-1	-9	87	106	34	(0,-9)
1	2026-01-01 12:06:25.000	13652	74	-1216	0	174.65	-2	-7	87	106	34	(1,-10)
1	2026-01-01 12:06:26.000	13687	118	-1254	0	201.94	-2	-8	87	106	34	(1,-10)
1	2026-01-01 12:06:27.000	13722	84	-1276	0	238.02	0	-10	87	106	34	(1,-10)
1	2026-01-01 12:06:28.000	13757	48	-1327	0	216.82	-2	-8	87	106	34	(0,-10)
1	2026-01-01 12:06:29.000	13792	62	-1335	0	261.77	-2	-8	87	106	34	(0,-10)
1	2026-01-01 12:06:30.000	13827	49	-1330	56	246.87	0	-6	87	106	34	(0,-10)
1	2026-01-01 12:06:31.000	13862	83	-1322	56	214.1	-1	-4	87	106	34	(1,-10)
1	2026-01-01 12:06:32.000	13897	97	-1290	56	243.76	-3	-4	87	106	34	(1,-10)
1	2026-01-01 12:06:33.000	13932	155	-1257	56	254.06	-4	-2	100	106	34	(1,-10)
1	2026-01-01 12:06:34.000	13967	93	-1312	16	239.63	-5	-3	100	106	34	(1,-10)
1	2026-01-01 12:06:35.000	14002	96	-1245	16	266.15	-7	-4	100	106	33	(1,-10)
1	2026-01-01 12:06:36.000	14037	157	-1179	24	265.87	-6	-6	100	106	33	(1,-9)
1	2026-01-01 12:06:37.000	14072	209	-1252	24	222.12	-5	-8	100	106	32	(2,-10)
1	2026-01-01 12:06:38.000	14107	137	-1314	-16	178.09	-5	-6	100	106	32	(1,-10)
1	2026-01-01 12:06:39.000	14142	80	-1384	-16	152.54	-6	-6	100	106	32	(1,-11)
1	2026-01-01 12:06:40.000	14177	92	-1340	-16	173.23	-4	-7	100	106	32	(1,-10)
1	2026-01-01 12:06:41.000	14212	20	-1366	-16	140.58	-5	-8	100	106	32	(0,-11)
1	2026-01-01 12:06:42.000	14247	-1	-1420	128	111.16	-6	-6	100	106	32	(0,-11)
1	2026-01-01 12:06:43.000	14282	-48	-1413	128	127.98	-8	-5	100	106	32	(0,-11)
1	2026-01-01 12:06:44.000	14317	-108	-1472	128	96.02	-7	-4	100	106	32	(-1,-12)
1	2026-01-01 12:06:45.000	14352	-132	-1460	128	70.18	-6	-6	100	106	32	(-1,-11)
1	2026-01-01 12:06:46.000	14387	-111	-1404	128	90.61	-5	-5	96	106	32	(-1,-11)
1	2026-01-01 12:06:47.000	14422	-167	-1430	128	54.71	-5	-4	96	106	32	(-1,-11)
1	2026-01-01 12:06:48.000	14457	-215	-1439	128	30.46	-4	-4	96	106	32	(-2,-11)
1	2026-01-01 12:06:49.000	14492	-251	-1416	128	7.82	-5	-5	96	106	32	(-2,-11)
1	2026-01-01 12:06:50.000	14527	-172	-1414	128	349.71	-4	-7	96	106	32	(-1,-11)
1	2026-01-01 12:06:51.000	14562	-133	-1381	128	4.36	-2	-8	96	106	32	(-1,-11)
1	2026-01-01 12:06:52.000	14597	-148	-1390	128	22.19	-3	-10	96	106	32	(-1,-11)
1	2026-01-01 12:06:53.000	14632	-171	-1327	128	40.52	-3	-9	96	106	32	(-1,-10)
1	2026-01-01 12:06:54.000	14667	-164	-1321	128	29.07	-1	-10	96	106	32	(-1,-10)
1	2026-01-01 12:06:55.000	14702	-126	-1386	128	353.38	0	-9	96	106	32	(-1,-11)
1	2026-01-01 12:06:56.000	14737	-48	-1324	128	338.73	0	-7	96	106	32	(0,-10)
1	2026-01-01 12:06:57.000	14772	-42	-1295	128	357.67	0	-6	96	106	32	(0,-10)
1	2026-01-01 12:06:58.000	14807	-106	-1330	128	328.44	-1	-8	96	106	32	(-1,-10)
1	2026-01-01 12:06:59.000	14842	-174	-1312	128	328.52	-1	-6	96	106	50	(-1,-10)
1	2026-01-01 12:07:00.000	14877	-242	-1247	128	340.96	-2	-7	96	106	50	(-2,-10)
1	2026-01-01 12:07:01.000	14912	-239	-1189	128	307.69	0	-9	96	106	50	(-2,-9)
1	2026-01-01 12:07:02.000	14947	-248	-1146	128	318.77	-1	-10	96	106	50	(-2,-9)
1	2026-01-01 12:07:03.000	14982	-261	-1176	128	293.04	-1	-9	96	106	50	(-2,-9)
1	2026-01-01 12:07:04.000	15017	-203	-1245	128	273.97	-1	-9	96	106	50	(-2,-10)
1	2026-01-01 12:07:05.000	15052	-188	-1253	128	278.68	-1	-10	96	106	50	(-1,-10)
1	2026-01-01 12:07:06.000	15087	-151	-1198	128	238.18	-3	-10	96	106	48	(-1,-9)
1	2026-01-01 12:07:07.000	15122	-224	-1146	128	266.3	-5	-8	96	106	48	(-2,-9)
1	2026-01-01 12:07:08.000	15157	-191	-1164	128	255.84	-7	-6	96	106	48	(-1,-9)
1	2026-01-01 12:07:09.000	15192	-143	-1214	128	239.33	-9	-6	96	106	48	(-1,-9)
1	2026-01-01 12:07:10.000	15227	-68	-1259	128	253.47	-9	-6	96	106	50	(-1,-10)
1	2026-01-01 12:07:11.000	15262	-2	-1278	128	228.73	-8	-4	96	106	50	(0,-10)
1	2026-01-01 12:07:12.000	15297	-45	-1231	128	195.53	-10	-6	96	106	50	(0,-10)
1	2026-01-01 12:07:13.000	15332	-87	-1191	128	228.72	-10	-4	96	106	46	(-1,-9)
1	2026-01-01 12:07:14.000	15367	-153	-1114	128	208.06	-9	-4	96	106	46	(-1,-9)
1	2026-01-01 12:07:15.000	15402	-109	-1178	128	172.16	-10	-5	96	106	46	(-1,-9)
1	2026-01-01 12:07:16.000	15437	-120	-1164	128	197.4	-9	-6	96	106	46	(-1,-9)
1	2026-01-01 12:07:17.000	15472	-113	-1178	0	203.78	-10	-5	96	106	46	(-1,-9)
1	2026-01-01 12:07:18.000	15507	-97	-1157	0	181.78	-10	-6	96	106	50	(-1,-9)
1	2026-01-01 12:07:19.000	15542	-70	-1093	0	215.47	-8	-6	87	106	50	(-1,-9)
1	2026-01-01 12:07:20.000	15577	-10	-1046	0	183.25	-10	-6	87	106	50	(0,-8)
1	2026-01-01 12:07:21.000	15612	1	-1059	0	227.03	-10	-6	87	106	45	(0,-8)
1	2026-01-01 12:07:22.000	15647	42	-1003	0	194.57	-10	-6	87	106	45	(0,-8)
1	2026-01-01 12:07:23.000	15682	29	-967	0	214.79	-9	-5	87	106	42	(0,-8)
1	2026-01-01 12:07:24.000	15717	100	-963	0	202.43	-9	-7	87	106	41	(1,-8)
1	2026-01-01 12:07:25.000	15752	20	-918	0	166.54	-7	-6	87	106	41	(0,-7)
1	2026-01-01 12:07:26.000	15787	87	-878	0	152.71	-8	-7	87	106	41	(1,-7)
1	2026-01-01 12:07:27.000	15822	67	-804	0	187.6	-8	-5	87	106	41	(1,-6)
1	2026-01-01 12:07:28.000	15857	123	-773	0	231.45	-9	-4	87	106	41	(1,-6)
1	2026-01-01 12:07:29.000	15892	113	-790	0	256.22	-7	-6	87	106	41	(1,-6)
1	2026-01-01 12:07:30.000	15927	90	-739	0	261.16	-5	-6	81	106	41	(1,-6)
1	2026-01-01 12:07:31.000	15962	80	-728	0	267.6	-4	-5	81	106	41	(1,-6)
1	2026-01-01 12:07:32.000	15997	150	-769	0	260.38	-5	-5	81	106	41	(1,-6)
1	2026-01-01 12:07:33.000	16032	154	-831	0	233.28	-7	-5	99	106	41	(1,-6)
1	2026-01-01 12:07:34.000	16067	203	-902	0	193.65	-5	-4	99	106	41	(2,-7)
1	2026-01-01 12:07:35.000	16102	229	-904	0	199.76	-3	-2	99	106	50	(2,-7)
1	2026-01-01 12:07:36.000	16137	176	-890	0	183.38	-3	0	99	106	50	(1,-7)
1	2026-01-01 12:07:37.000	16172	209	-842	0	152.88	-1	0	99	106	50	(2,-7)
1	2026-01-01 12:07:38.000	16207	267	-784	0	121.0	-1	-1	99	106	50	(2,-6)
1	2026-01-01 12:07:39.000	16242	244	-750	0	115.18	1	1	99	106	50	(2,-6)
1	2026-01-01 12:07:40.000	16277	182	-813	0	70.89	-1	0	99	106	50	(1,-6)
1	2026-01-01 12:07:41.000	16312	237	-828	0	65.2	-2	0	99	106	50	(2,-6)
1	2026-01-01 12:07:42.000	16347	315	-906	0	101.86	0	1	99	106	50	(2,-7)
1	2026-01-01 12:07:43.000	16382	394	-907	0	102.07	-1	2	99	106	50	(3,-7)
1	2026-01-01 12:07:44.000	16417	446	-984	16	129.29	-3	3	99	106	46	(3,-8)
1	2026-01-01 12:07:45.000	16452	514	-942	16	101.32	-4	2	99	106	46	(4,-7)
1	2026-01-01 12:07:46.000	16487	467	-928	16	59.82	-6	1	99	106	46	(4,-7)
1	2026-01-01 12:07:47.000	16522	411	-957	16	79.37	-6	0	99	106	46	(3,-7)
1	2026-01-01 12:07:48.000	16557	340	-886	16	119.91	-5	1	99	106	46	(3,-7)
1	2026-01-01 12:07:49.000	16592	390	-905	16	129.43	-4	3	99	106	46	(3,-7)
1	2026-01-01 12:07:50.000	16627	441	-950	16	145.82	-2	3	99	106	46	(3,-7)
1	2026-01-01 12:07:51.000	16662	504	-979	16	166.76	-2	1	99	106	46	(4,-8)
1	2026-01-01 12:07:52.000	16697	564	-1035	16	124.37	0	3	99	106	46	(4,-8)
1	2026-01-01 12:07:53.000	16732	555	-1027	16	111.4	-2	5	99	106	50	(4,-8)
1	2026-01-01 12:07:54.000	16767	516	-1018	16	137.53	-2	5	99	106	50	(4,-8)
1	2026-01-01 12:07:55.000	16802	573	-1027	16	157.38	-3	7	99	106	50	(4,-8)
1	2026-01-01 12:07:56.000	16837	575	-957	16	155.88	-2	5	99	106	50	(4,-7)
1	2026-01-01 12:07:57.000	16872	555	-931	16	120.32	-3	6	99	106	50	(4,-7)
1	2026-01-01 12:07:58.000	16907	544	-1008	16	145.03	-5	8	99	106	50	(4,-8)
1	2026-01-01 12:07:59.000	16942	569	-1030	16	168.77	-6	10	99	106	50	(4,-8)
1	2026-01-01 12:08:00.000	16977	632	-1009	16	161.86	-8	10	99	106	50	(5,-8)
1	2026-01-01 12:08:01.000	17012	688	-1070	16	160.92	-10	9	99	106	50	(5,-8)
1	2026-01-01 12:08:02.000	17047	672	-1041	16	161.79	-9	7	99	106	50	(5,-8)
1	2026-01-01 12:08:03.000	17082	730	-1063	0	178.69	-10	7	99	106	50	(6,-8)
1	2026-01-01 12:08:04.000	17117	775	-1039	0	166.11	-10	9	99	106	50	(6,-8)
1	2026-01-01 12:08:05.000	17152	738	-1014	0	205.68	-10	10	99	106	50	(6,-8)
1	2026-01-01 12:08:06.000	17187	701	-962	0	235.17	-10	10	99	106	48	(5,-8)
1	2026-01-01 12:08:07.000	17222	636	-1010	0	207.65	-10	10	99	106	44	(5,-8)
1	2026-01-01 12:08:08.000	17257	621	-994	0	178.33	-10	10	99	106	44	(5,-8)
1	2026-01-01 12:08:09.000	17292	637	-927	0	166.8	-9	10	99	106	42	(5,-7)
1	2026-01-01 12:08:10.000	17327	653	-948	0	133.76	-10	10	99	106	42	(5,-7)
1	2026-01-01 12:08:11.000	17362	592	-979	0	96.03	-10	10	99	106	42	(5,-8)
1	2026-01-01 12:08:12.000	17397	522	-917	0	108.44	-10	8	99	106	42	(4,-7)
1	2026-01-01 12:08:13.000	17432	543	-879	0	101.06	-10	10	99	106	42	(4,-7)
1	2026-01-01 12:08:14.000	17467	579	-801	0	136.11	-8	10	99	106	38	(5,-6)
1	2026-01-01 12:08:15.000	17502	628	-863	0	140.39	-10	10	99	106	38	(5,-7)
1	2026-01-01 12:08:16.000	17537	708	-797	0	135.66	-10	10	99	106	38	(6,-6)
1	2026-01-01 12:08:17.000	17572	702	-795	0	159.12	-10	10	99	106	38	(5,-6)
1	2026-01-01 12:08:18.000	17607	724	-766	0	154.96	-10	10	99	106	38	(6,-6)
1	2026-01-01 12:08:19.000	17642	729	-712	56	119.54	-9	10	99	106	38	(6,-6)
1	2026-01-01 12:08:20.000	17677	711	-701	24	160.66	-7	10	99	106	38	(6,-5)
1	2026-01-01 12:08:21.000	17712	703	-672	24	119.69	-9	10	99	106	38	(5,-5)
1	2026-01-01 12:08:22.000	17747	729	-721	0	126.57	-7	10	99	106	38	(6,-6)
1	2026-01-01 12:08:23.000	17782	673	-671	0	93.1	-5	8	99	106	38	(5,-5)
1	2026-01-01 12:08:24.000	17817	605	-686	0	68.72	-3	10	99	106	38	(5,-5)
1	2026-01-01 12:08:25.000	17852	610	-636	0	47.93	-5	8	99	106	38	(5,-5)
1	2026-01-01 12:08:26.000	17887	534	-618	0	52.37	-4	10	99	106	38	(4,-5)
1	2026-01-01 12:08:27.000	17922	528	-601	0	27.98	-6	10	99	106	38	(4,-5)
1	2026-01-01 12:08:28.000	17957	569	-580	0	345.89	-4	10	99	106	38	(4,-5)
1	2026-01-01 12:08:29.000	17992	633	-540	0	2.36	-4	10	99	106	38	(5,-4)
1	2026-01-01 12:08:30.000	18027	574	-615	0	29.98	-4	8	99	106	38	(4,-5)
1	2026-01-01 12:08:31.000	18062	538	-642	0	35.01	-3	10	99	106	38	(4,-5)
1	2026-01-01 12:08:32.000	18097	489	-597	0	356.36	-1	10	99	106	38	(4,-5)
1	2026-01-01 12:08:33.000	18132	448	-650	0	312.13	-1	9	99	106	38	(4,-5)
1	2026-01-01 12:08:34.000	18167	383	-726	0	299.98	-3	9	99	106	38	(3,-6)
1	2026-01-01 12:08:35.000	18202	352	-748	0	279.15	-2	9	99	106	38	(3,-6)
1	2026-01-01 12:08:36.000	18237	429	-694	0	253.87	0	7	99	106	38	(3,-5)
1	2026-01-01 12:08:37.000	18272	412	-770	0	235.63	2	8	100	106	38	(3,-6)
1	2026-01-01 12:08:38.000	18307	448	-795	0	207.23	3	7	100	106	37	(4,-6)
1	2026-01-01 12:08:39.000	18342	432	-797	0	199.22	1	9	100	106	37	(3,-6)
1	2026-01-01 12:08:40.000	18377	380	-766	0	180.14	1	10	100	106	35	(3,-6)
1	2026-01-01 12:08:41.000	18412	399	-792	0	221.27	3	9	100	106	35	(3,-6)
1	2026-01-01 12:08:42.000	18447	379	-778	0	259.03	3	7	100	106	35	(3,-6)
1	2026-01-01 12:08:43.000	18482	336	-737	0	233.95	2	8	100	106	35	(3,-6)
1	2026-01-01 12:08:44.000	18517	263	-723	0	221.29	2	7	100	106	35	(2,-6)
1	2026-01-01 12:08:45.000	18552	309	-755	0	219.03	0	7	100	106	35	(2,-6)
1	2026-01-01 12:08:46.000	18587	257	-805	0	183.82	0	9	96	106	35	(2,-6)
1	2026-01-01 12:08:47.000	18622	181	-836	0	167.5	0	10	96	106	35	(1,-7)
1	2026-01-01 12:08:48.000	18657	147	-858	0	142.1	2	10	96	106	35	(1,-7)
1	2026-01-01 12:08:49.000	18692	99	-918	0	184.85	1	10	96	106	35	(1,-7)
1	2026-01-01 12:08:50.000	18727	115	-922	-16	202.51	1	10	96	106	35	(1,-7)
1	2026-01-01 12:08:51.000	18762	127	-997	-16	184.01	3	9	96	106	35	(1,-8)
1	2026-01-01 12:08:52.000	18797	57	-937	-16	151.87	4	7	96	106	50	(0,-7)
1	2026-01-01 12:08:53.000	18832	105	-995	-16	150.5	4	8	96	106	50	(1,-8)
1	2026-01-01 12:08:54.000	18867	123	-1027	-16	185.01	3	7	96	106	50	(1,-8)
1	2026-01-01 12:08:55.000	18902	134	-972	-16	213.36	2	9	96	106	50	(1,-8)
1	2026-01-01 12:08:56.000	18937	151	-953	-16	224.44	2	8	96	106	50	(1,-7)
1	2026-01-01 12:08:57.000	18972	183	-1033	-16	225.14	2	10	96	106	50	(1,-8)
1	2026-01-01 12:08:58.000	19007	139	-1018	-16	232.24	1	8	96	106	47	(1,-8)
1	2026-01-01 12:08:59.000	19042	164	-1038	-16	187.76	0	9	96	106	47	(1,-8)
1	2026-01-01 12:09:00.000	19077	107	-1077	-16	220.29	-2	7	96	106	47	(1,-8)
1	2026-01-01 12:09:01.000	19112	158	-1151	-16	239.4	-4	9	96	106	47	(1,-9)
1	2026-01-01 12:09:02.000	19147	104	-1188	-16	264.29	-3	10	96	106	47	(1,-9)
1	2026-01-01 12:09:03.000	19182	86	-1149	-16	302.14	-2	9	96	106	47	(1,-9)
1	2026-01-01 12:09:04.000	19217	162	-1104	-16	339.57	-3	9	96	106	47	(1,-9)
1	2026-01-01 12:09:05.000	19252	225	-1104	-16	299.94	-1	10	96	106	47	(2,-9)
1	2026-01-01 12:09:06.000	19287	265	-1047	-16	282.86	-2	10	96	106	47	(2,-8)
1	2026-01-01 12:09:07.000	19322	203	-976	-16	285.68	-2	8	96	106	47	(2,-8)
1	2026-01-01 12:09:08.000	19357	282	-1038	-16	267.91	-4	8	96	106	47	(2,-8)
1	2026-01-01 12:09:09.000	19392	298	-993	-8	285.12	-4	7	96	106	47	(2,-8)
1	2026-01-01 12:09:10.000	19427	269	-925	-8	309.09	-6	9	96	106	47	(2,-7)
1	2026-01-01 12:09:11.000	19462	270	-958	-8	306.55	-4	10	96	106	47	(2,-7)
1	2026-01-01 12:09:12.000	19497	292	-961	0	284.63	-4	9	96	106	47	(2,-8)
1	2026-01-01 12:09:13.000	19532	300	-1015	0	253.93	-2	9	96	106	47	(2,-8)
1	2026-01-01 12:09:14.000	19567	332	-1005	0	249.43	-3	8	96	106	47	(3,-8)
1	2026-01-01 12:09:15.000	19602	349	-952	0	281.64	-1	10	96	106	47	(3,-7)
1	2026-01-01 12:09:16.000	19637	425	-976	0	256.6	1	10	96	106	47	(3,-8)
1	2026-01-01 12:09:17.000	19672	442	-1046	0	280.66	3	10	96	106	47	(3,-8)
1	2026-01-01 12:09:18.000	19707	481	-996	0	239.97	2	8	96	106	47	(4,-8)
1	2026-01-01 12:09:19.000	19742	416	-918	0	226.06	2	9	96	106	47	(3,-7)
1	2026-01-01 12:09:20.000	19777	405	-937	0	181.47	1	9	96	106	47	(3,-7)
1	2026-01-01 12:09:21.000	19812	453	-899	0	197.81	1	7	96	106	47	(4,-7)
1	2026-01-01 12:09:22.000	19847	448	-891	0	187.52	3	6	96	106	47	(4,-7)
1	2026-01-01 12:09:23.000	19882	459	-859	0	161.57	5	6	96	106	47	(4,-7)
1	2026-01-01 12:09:24.000	19917	502	-852	40	159.37	4	7	96	106	47	(4,-7)
1	2026-01-01 12:09:25.000	19952	547	-824	-8	138.01	6	9	96	106	47	(4,-6)
1	2026-01-01 12:09:26.000	19987	571	-811	-8	132.64	4	9	96	106	47	(4,-6)
1	2026-01-01 12:09:27.000	20022	607	-745	-8	153.29	3	10	96	106	47	(5,-6)
1	2026-01-01 12:09:28.000	20057	645	-738	-8	194.69	2	8	96	106	47	(5,-6)
1	2026-01-01 12:09:29.000	20092	646	-816	-8	199.41	0	9	96	106	47	(5,-6)
1	2026-01-01 12:09:30.000	20127	701	-846	-8	207.0	-2	8	96	106	47	(5,-7)
1	2026-01-01 12:09:31.000	20162	688	-795	-8	210.16	0	7	95	106	47	(5,-6)
1	2026-01-01 12:09:32.000	20197	763	-721	-8	201.77	-1	7	95	106	47	(6,-6)
1	2026-01-01 12:09:33.000	20232	775	-722	-8	206.66	-1	9	95	106	47	(6,-6)
1	2026-01-01 12:09:34.000	20267	798	-733	-8	228.39	0	7	95	106	47	(6,-6)
1	2026-01-01 12:09:35.000	20302	817	-680	-8	200.99	-2	5	95	106	47	(6,-5)
1	2026-01-01 12:09:36.000	20337	818	-684	-8	185.7	0	7	95	106	47	(6,-5)
1	2026-01-01 12:09:37.000	20372	897	-732	-8	212.09	0	7	95	106	47	(7,-6)
1	2026-01-01 12:09:38.000	20407	950	-679	-8	203.83	0	8	95	106	47	(7,-5)
1	2026-01-01 12:09:39.000	20442	908	-731	-8	231.59	1	9	95	106	47	(7,-6)
1	2026-01-01 12:09:40.000	20477	960	-712	-8	189.42	3	9	92	106	46	(8,-6)
1	2026-01-01 12:09:41.000	20512	912	-642	16	198.53	5	9	92	106	46	(7,-5)
1	2026-01-01 12:09:42.000	20547	953	-670	16	215.25	3	7	92	106	46	(7,-5)
1	2026-01-01 12:09:43.000	20582	887	-626	16	211.09	5	5	92	106	44	(7,-5)
1	2026-01-01 12:09:44.000	20617	823	-564	16	187.25	5	6	92	106	44	(6,-4)
1	2026-01-01 12:09:45.000	20652	848	-534	16	154.74	5	4	92	106	44	(7,-4)
1	2026-01-01 12:09:46.000	20687	865	-611	16	127.08	6	4	92	106	44	(7,-5)
1	2026-01-01 12:09:47.000	20722	878	-683	16	122.65	4	5	92	106	44	(7,-5)
1	2026-01-01 12:09:48.000	20757	841	-674	16	158.04	5	5	92	106	44	(7,-5)
1	2026-01-01 12:09:49.000	20792	901	-710	16	117.81	5	4	92	106	44	(7,-6)
1	2026-01-01 12:09:50.000	20827	980	-641	16	131.94	5	5	92	106	44	(8,-5)
1	2026-01-01 12:09:51.000	20862	1024	-592	16	146.33	7	6	92	106	44	(8,-5)
1	2026-01-01 12:09:52.000	20897	1040	-627	16	101.5	9	5	92	106	43	(8,-5)
1	2026-01-01 12:09:53.000	20932	1115	-656	16	84.07	7	3	92	106	43	(9,-5)
1	2026-01-01 12:09:54.000	20967	1183	-607	16	69.08	9	2	92	106	43	(9,-5)
1	2026-01-01 12:09:55.000	21002	1155	-572	16	26.29	7	3	92	106	43	(9,-4)
1	2026-01-01 12:09:56.000	21037	1091	-619	16	35.56	9	4	92	106	43	(9,-5)
1	2026-01-01 12:09:57.000	21072	1108	-631	16	352.19	10	6	92	106	50	(9,-5)
1	2026-01-01 12:09:58.000	21107	1067	-551	16	339.72	8	4	92	106	48	(8,-4)
1	2026-01-01 12:09:59.000	21142	1093	-530	16	340.24	8	3	92	106	48	(9,-4)
1	2026-01-01 12:10:00.000	21177	1056	-473	16	5.85	6	2	92	106	48	(8,-4)
1	2026-01-01 12:10:01.000	21212	1006	-440	16	337.59	6	0	92	106	48	(8,-3)
1	2026-01-01 12:10:02.000	21247	948	-415	16	315.33	4	2	92	106	48	(7,-3)
1	2026-01-01 12:10:03.000	21282	948	-465	16	292.88	4	4	91	106	48	(7,-4)
1	2026-01-01 12:10:04.000	21317	940	-435	16	312.32	3	3	91	106	48	(7,-3)
1	2026-01-01 12:10:05.000	21352	1002	-510	16	303.94	1	4	91	106	48	(8,-4)
1	2026-01-01 12:10:06.000	21387	990	-479	16	342.27	3	3	91	106	48	(8,-4)
1	2026-01-01 12:10:07.000	21422	1053	-497	16	317.87	4	4	91	106	48	(8,-4)
1	2026-01-01 12:10:08.000	21457	1084	-491	16	351.36	6	6	86	106	48	(8,-4)
1	2026-01-01 12:10:09.000	21492	1048	-442	16	313.68	7	8	86	106	48	(8,-3)
1	2026-01-01 12:10:10.000	21527	1069	-451	16	337.07	7	8	86	106	48	(8,-4)
1	2026-01-01 12:10:11.000	21562	1009	-373	16	325.99	6	6	86	106	48	(8,-3)
1	2026-01-01 12:10:12.000	21597	1051	-334	16	282.13	6	5	86	106	48	(8,-3)
1	2026-01-01 12:10:13.000	21632	983	-277	16	287.62	5	4	86	106	48	(8,-2)
1	2026-01-01 12:10:14.000	21667	919	-349	16	304.74	5	5	86	106	47	(7,-3)
1	2026-01-01 12:10:15.000	21702	853	-281	16	331.76	4	6	86	106	47	(7,-2)
1	2026-01-01 12:10:16.000	21737	914	-297	16	341.42	2	4	86	106	47	(7,-2)
1	2026-01-01 12:10:17.000	21772	981	-357	16	24.76	4	5	86	106	47	(8,-3)
1	2026-01-01 12:10:18.000	21807	1015	-278	0	27.45	4	3	86	106	47	(8,-2)
1	2026-01-01 12:10:19.000	21842	1054	-266	0	54.23	2	1	86	106	47	(8,-2)
1	2026-01-01 12:10:20.000	21877	999	-251	0	57.54	4	-1	86	106	47	(8,-2)
1	2026-01-01 12:10:21.000	21912	924	-199	128	34.82	2	-2	86	106	47	(7,-2)
1	2026-01-01 12:10:22.000	21947	931	-225	128	353.3	2	-1	86	106	47	(7,-2)
1	2026-01-01 12:10:23.000	21982	970	-178	8	343.29	2	-2	86	106	47	(8,-1)
1	2026-01-01 12:10:24.000	22017	936	-152	8	304.52	4	-3	86	106	47	(7,-1)
1	2026-01-01 12:10:25.000	22052	1000	-151	8	293.27	3	-3	86	106	47	(8,-1)
1	2026-01-01 12:10:26.000	22087	1045	-130	8	287.02	1	-4	86	106	47	(8,-1)
1	2026-01-01 12:10:27.000	22122	1079	-73	8	301.24	0	-6	86	106	47	(8,-1)
1	2026-01-01 12:10:28.000	22157	1148	0	8	327.63	1	-8	86	106	47	(9,0)
1	2026-01-01 12:10:29.000	22192	1090	50	8	324.72	2	-9	86	106	47	(9,0)
1	2026-01-01 12:10:30.000	22227	1075	81	8	357.17	3	-9	86	106	47	(8,1)
1	2026-01-01 12:10:31.000	22262	1131	22	8	333.81	3	-9	86	106	47	(9,0)
1	2026-01-01 12:10:32.000	22297	1082	36	24	6.13	4	-10	86	106	47	(8,0)
1	2026-01-01 12:10:33.000	22332	1118	80	24	44.78	3	-9	86	106	47	(9,1)
1	2026-01-01 12:10:34.000	22367	1107	133	24	4.7	3	-8	79	106	47	(9,1)
1	2026-01-01 12:10:35.000	22402	1144	62	24	351.85	3	-10	79	106	47	(9,0)
1	2026-01-01 12:10:36.000	22437	1076	48	24	319.32	1	-10	79	106	47	(8,0)
1	2026-01-01 12:10:37.000	22472	1152	21	24	337.05	1	-8	79	106	47	(9,0)
1	2026-01-01 12:10:38.000	22507	1204	-37	24	17.45	2	-6	79	106	47	(9,0)
1	2026-01-01 12:10:39.000	22542	1200	17	24	14.15	3	-6	79	106	47	(9,0)
1	2026-01-01 12:10:40.000	22577	1179	-13	24	32.17	2	-8	79	106	47	(9,0)
1	2026-01-01 12:10:41.000	22612	1102	30	24	65.39	1	-9	79	106	47	(9,0)
1	2026-01-01 12:10:42.000	22647	1086	-9	24	46.12	3	-7	79	106	47	(8,0)
1	2026-01-01 12:10:43.000	22682	1085	-49	24	64.53	2	-9	79	106	47	(8,0)
1	2026-01-01 12:10:44.000	22717	1085	7	24	57.31	3	-10	79	106	47	(8,0)
1	2026-01-01 12:10:45.000	22752	1160	83	24	57.96	4	-9	79	106	47	(9,1)
1	2026-01-01 12:10:46.000	22787	1184	62	24	96.0	4	-10	79	106	47	(9,0)
1	2026-01-01 12:10:47.000	22822	1148	75	24	54.68	6	-10	79	106	47	(9,1)
1	2026-01-01 12:10:48.000	22857	1143	145	24	12.25	5	-10	79	106	47	(9,1)
1	2026-01-01 12:10:49.000	22892	1186	178	24	15.34	7	-10	79	106	47	(9,1)
1	2026-01-01 12:10:50.000	22927	1144	147	24	57.66	9	-10	91	106	47	(9,1)
1	2026-01-01 12:10:51.000	22962	1098	161	24	51.86	10	-8	91	106	47	(9,1)
1	2026-01-01 12:10:52.000	22997	1088	99	24	82.64	10	-9	91	106	47	(8,1)
1	2026-01-01 12:10:53.000	23032	1071	50	24	94.25	10	-8	91	106	47	(8,0)
1	2026-01-01 12:10:54.000	23067	1134	74	24	91.77	10	-6	91	106	47	(9,1)
1	2026-01-01 12:10:55.000	23102	1141	41	-16	56.09	10	-4	91	106	47	(9,0)
1	2026-01-01 12:10:56.000	23137	1198	68	-16	94.18	10	-5	91	106	47	(9,1)
1	2026-01-01 12:10:57.000	23172	1185	105	0	62.1	10	-4	91	106	47	(9,1)
1	2026-01-01 12:10:58.000	23207	1243	29	0	65.05	8	-6	91	106	47	(10,0)
1	2026-01-01 12:10:59.000	23242	1256	25	0	98.13	8	-6	91	106	47	(10,0)
1	2026-01-01 12:11:00.000	23277	1178	39	0	127.91	6	-8	91	106	47	(9,0)
1	2026-01-01 12:11:01.000	23312	1221	11	0	147.92	7	-7	91	106	46	(10,0)
1	2026-01-01 12:11:02.000	23347	1219	76	0	110.51	5	-7	91	106	46	(10,1)
1	2026-01-01 12:11:03.000	23382	1187	143	0	116.56	5	-9	91	106	46	(9,1)
1	2026-01-01 12:11:04.000	23417	1139	89	0	96.18	7	-10	91	106	46	(9,1)
1	2026-01-01 12:11:05.000	23452	1081	161	0	135.2	9	-10	91	106	46	(8,1)
1	2026-01-01 12:11:06.000	23487	1022	166	0	159.13	10	-10	91	106	46	(8,1)
1	2026-01-01 12:11:07.000	23522	1099	172	0	115.34	8	-9	91	106	46	(9,1)
1	2026-01-01 12:11:08.000	23557	1109	204	0	86.32	7	-7	91	106	46	(9,2)
1	2026-01-01 12:11:09.000	23592	1091	177	0	61.94	8	-6	91	106	46	(9,1)
1	2026-01-01 12:11:10.000	23627	1140	186	0	68.56	8	-8	91	106	46	(9,1)
1	2026-01-01 12:11:11.000	23662	1202	227	0	43.91	8	-8	91	106	46	(9,2)
1	2026-01-01 12:11:12.000	23697	1135	220	0	9.26	6	-6	91	106	44	(9,2)
1	2026-01-01 12:11:13.000	23732	1203	221	0	37.52	5	-4	100	106	44	(9,2)
1	2026-01-01 12:11:14.000	23767	1159	169	0	62.65	4	-6	100	106	44	(9,1)
1	2026-01-01 12:11:15.000	23802	1097	142	0	51.53	5	-7	100	106	44	(9,1)
1	2026-01-01 12:11:16.000	23837	1047	200	0	23.93	7	-9	100	106	44	(8,2)
1	2026-01-01 12:11:17.000	23872	1086	162	0	16.24	5	-10	100	106	44	(8,1)
1	2026-01-01 12:11:18.000	23907	1056	177	0	345.42	5	-10	100	106	39	(8,1)
1	2026-01-01 12:11:19.000	23942	1110	121	0	24.03	6	-10	100	106	39	(9,1)
1	2026-01-01 12:11:20.000	23977	1086	195	0	38.61	6	-8	100	106	39	(8,2)
1	2026-01-01 12:11:21.000	24012	1120	267	0	12.45	6	-9	100	106	39	(9,2)
1	2026-01-01 12:11:22.000	24047	1154	308	8	359.5	8	-8	100	106	39	(9,2)
1	2026-01-01 12:11:23.000	24082	1168	230	8	7.93	9	-8	100	106	39	(9,2)
1	2026-01-01 12:11:24.000	24117	1096	301	8	340.98	8	-6	100	106	39	(9,2)
1	2026-01-01 12:11:25.000	24152	1153	275	8	302.48	7	-4	100	106	39	(9,2)
1	2026-01-01 12:11:26.000	24187	1158	230	-16	286.89	9	-5	100	106	39	(9,2)
1	2026-01-01 12:11:27.000	24222	1151	174	-16	254.3	7	-7	100	106	39	(9,1)
1	2026-01-01 12:11:28.000	24257	1228	245	-16	254.51	8	-8	100	106	37	(10,2)
1	2026-01-01 12:11:29.000	24292	1162	225	24	221.88	6	-8	100	106	32	(9,2)
1	2026-01-01 12:11:30.000	24327	1099	161	24	235.16	7	-7	100	106	32	(9,1)
1	2026-01-01 12:11:31.000	24362	1062	99	24	246.63	8	-6	100	106	32	(8,1)
1	2026-01-01 12:11:32.000	24397	1014	24	24	286.27	9	-6	100	106	32	(8,0)
1	2026-01-01 12:11:33.000	24432	1037	64	24	289.0	7	-4	100	106	32	(8,0)
1	2026-01-01 12:11:34.000	24467	1060	132	24	323.66	6	-4	100	106	28	(8,1)
1	2026-01-01 12:11:35.000	24502	1037	148	24	293.87	6	-4	100	106	28	(8,1)
1	2026-01-01 12:11:36.000	24537	1014	82	24	268.99	8	-3	100	106	28	(8,1)
1	2026-01-01 12:11:37.000	24572	1060	104	24	286.35	8	-5	100	106	28	(8,1)
1	2026-01-01 12:11:38.000	24607	1025	84	24	324.75	10	-7	100	106	28	(8,1)
1	2026-01-01 12:11:39.000	24642	1104	35	24	341.54	8	-5	100	106	28	(9,0)
1	2026-01-01 12:11:40.000	24677	1052	99	24	304.82	6	-7	100	106	28	(8,1)
1	2026-01-01 12:11:41.000	24712	1109	86	24	264.66	5	-7	100	106	28	(9,1)
1	2026-01-01 12:11:42.000	24747	1110	21	24	222.36	5	-9	100	106	28	(9,0)
1	2026-01-01 12:11:43.000	24782	1157	65	24	264.96	6	-10	100	106	28	(9,1)
1	2026-01-01 12:11:44.000	24817	1128	113	24	248.85	6	-10	100	106	28	(9,1)
1	2026-01-01 12:11:45.000	24852	1087	174	24	277.89	7	-10	100	106	28	(8,1)
1	2026-01-01 12:11:46.000	24887	1020	219	24	238.55	6	-10	100	106	28	(8,2)
1	2026-01-01 12:11:47.000	24922	997	184	24	193.71	8	-10	100	106	28	(8,1)
1	2026-01-01 12:11:48.000	24957	943	255	24	156.33	7	-8	100	106	28	(7,2)
1	2026-01-01 12:11:49.000	24992	908	263	24	137.1	8	-8	100	106	50	(7,2)
1	2026-01-01 12:11:50.000	25027	981	342	-8	104.92	9	-7	100	106	50	(8,3)
1	2026-01-01 12:11:51.000	25062	1039	263	-8	61.21	7	-7	100	106	50	(8,2)
1	2026-01-01 12:11:52.000	25097	1087	202	0	59.32	8	-9	100	106	50	(8,2)
1	2026-01-01 12:11:53.000	25132	1125	254	0	93.62	8	-7	100	106	50	(9,2)
1	2026-01-01 12:11:54.000	25167	1089	211	0	104.02	6	-9	100	106	50	(9,2)
1	2026-01-01 12:11:55.000	25202	1104	233	0	143.08	7	-10	100	106	50	(9,2)
1	2026-01-01 12:11:56.000	25237	1124	264	0	105.68	7	-10	100	106	50	(9,2)
1	2026-01-01 12:11:57.000	25272	1098	255	0	113.58	9	-10	100	106	50	(9,2)
1	2026-01-01 12:11:58.000	25307	1059	304	0	156.25	8	-8	100	106	50	(8,2)
1	2026-01-01 12:11:59.000	25342	1082	371	0	137.45	10	-6	100	106	45	(8,3)
1	2026-01-01 12:12:00.000	25377	1119	374	0	166.41	10	-4	100	106	45	(9,3)
1	2026-01-01 12:12:01.000	25412	1049	323	0	195.6	10	-2	100	106	45	(8,3)
1	2026-01-01 12:12:02.000	25447	1095	377	0	183.21	10	-1	100	106	40	(9,3)
1	2026-01-01 12:12:03.000	25482	1030	327	0	174.22	8	-2	100	106	40	(8,3)
1	2026-01-01 12:12:04.000	25517	1028	273	0	212.72	8	-3	100	106	40	(8,2)
1	2026-01-01 12:12:05.000	25552	956	278	0	192.01	7	-1	100	106	40	(7,2)
1	2026-01-01 12:12:06.000	25587	959	230	0	204.94	5	1	100	106	40	(7,2)
1	2026-01-01 12:12:07.000	25622	991	275	0	204.3	5	1	100	106	40	(8,2)
1	2026-01-01 12:12:08.000	25657	927	230	0	197.23	5	2	100	106	40	(7,2)
1	2026-01-01 12:12:09.000	25692	908	230	0	223.86	3	3	100	106	40	(7,2)
1	2026-01-01 12:12:10.000	25727	933	292	0	223.23	2	3	100	106	40	(7,2)
1	2026-01-01 12:12:11.000	25762	981	232	0	197.15	0	5	100	106	40	(8,2)
1	2026-01-01 12:12:12.000	25797	1007	187	0	211.33	2	3	100	106	40	(8,1)
1	2026-01-01 12:12:13.000	25832	1022	131	0	236.73	1	5	100	106	40	(8,1)
1	2026-01-01 12:12:14.000	25867	993	52	0	216.29	1	3	100	106	40	(8,0)
1	2026-01-01 12:12:15.000	25902	954	97	0	213.87	3	2	100	106	40	(7,1)
1	2026-01-01 12:12:16.000	25937	938	24	0	202.56	1	0	100	106	36	(7,0)
1	2026-01-01 12:12:17.000	25972	872	-33	0	198.79	1	-1	100	106	36	(7,0)
1	2026-01-01 12:12:18.000	26007	801	-69	0	160.05	1	-2	100	106	33	(6,-1)
1	2026-01-01 12:12:19.000	26042	782	-138	0	204.53	3	-4	100	106	33	(6,-1)
1	2026-01-01 12:12:20.000	26077	763	-100	0	210.82	5	-6	100	106	46	(6,-1)
1	2026-01-01 12:12:21.000	26112	732	-76	0	248.16	5	-4	100	106	44	(6,-1)
1	2026-01-01 12:12:22.000	26147	778	-64	0	285.26	3	-5	94	106	44	(6,0)
1	2026-01-01 12:12:23.000	26182	801	-19	0	244.33	4	-5	94	106	44	(6,0)
1	2026-01-01 12:12:24.000	26217	755	-40	0	216.37	4	-3	94	106	44	(6,0)
1	2026-01-01 12:12:25.000	26252	778	-99	0	181.56	3	-2	94	106	44	(6,-1)
1	2026-01-01 12:12:26.000	26287	738	-148	0	192.34	3	-2	94	106	44	(6,-1)
1	2026-01-01 12:12:27.000	26322	803	-201	8	157.42	2	-2	94	106	44	(6,-2)
1	2026-01-01 12:12:28.000	26357	870	-246	8	133.35	3	0	94	106	44	(7,-2)
1	2026-01-01 12:12:29.000	26392	835	-293	8	143.2	4	0	94	106	44	(7,-2)
1	2026-01-01 12:12:30.000	26427	799	-291	8	119.19	2	-2	94	106	44	(6,-2)
1	2026-01-01 12:12:31.000	26462	813	-306	8	103.66	4	-2	94	106	44	(6,-2)
1	2026-01-01 12:12:32.000	26497	758	-231	8	71.42	6	-4	94	106	50	(6,-2)
1	2026-01-01 12:12:33.000	26532	731	-200	8	79.51	8	-6	94	106	50	(6,-2)
1	2026-01-01 12:12:34.000	26567	731	-229	8	96.11	7	-5	94	106	50	(6,-2)
1	2026-01-01 12:12:35.000	26602	662	-288	128	108.96	6	-5	94	106	50	(5,-2)
1	2026-01-01 12:12:36.000	26637	632	-243	128	132.13	5	-5	94	106	50	(5,-2)
1	2026-01-01 12:12:37.000	26672	576	-305	128	121.44	4	-7	94	106	50	(4,-2)
1	2026-01-01 12:12:38.000	26707	535	-242	128	146.21	2	-8	94	106	50	(4,-2)
1	2026-01-01 12:12:39.000	26742	483	-199	128	162.27	1	-9	94	106	50	(4,-2)
1	2026-01-01 12:12:40.000	26777	442	-269	128	119.54	2	-7	94	106	50	(3,-2)
1	2026-01-01 12:12:41.000	26812	475	-255	128	116.49	1	-5	94	106	50	(4,-2)
1	2026-01-01 12:12:42.000	26847	552	-248	128	127.46	-1	-6	94	106	50	(4,-2)
1	2026-01-01 12:12:43.000	26882	597	-252	128	127.93	-3	-6	94	106	50	(5,-2)
1	2026-01-01 12:12:44.000	26917	527	-248	128	160.33	-5	-4	94	106	50	(4,-2)
1	2026-01-01 12:12:45.000	26952	553	-300	128	188.95	-3	-3	94	106	50	(4,-2)
1	2026-01-01 12:12:46.000	26987	546	-298	128	220.03	-4	-2	94	106	50	(4,-2)
1	2026-01-01 12:12:47.000	27022	569	-267	128	257.71	-6	-1	94	106	50	(4,-2)
1	2026-01-01 12:12:48.000	27057	576	-318	128	245.49	-6	-3	94	106	50	(4,-2)
1	2026-01-01 12:12:49.000	27092	516	-395	128	270.01	-7	-4	94	106	50	(4,-3)
1	2026-01-01 12:12:50.000	27127	538	-358	128	242.27	-8	-4	94	106	50	(4,-3)
1	2026-01-01 12:12:51.000	27162	462	-336	-16	253.33	-6	-6	94	106	50	(4,-3)
1	2026-01-01 12:12:52.000	27197	505	-353	-16	288.75	-6	-5	94	106	50	(4,-3)
1	2026-01-01 12:12:53.000	27232	427	-431	-16	297.47	-7	-3	94	106	50	(3,-3)
1	2026-01-01 12:12:54.000	27267	392	-448	0	321.11	-5	-5	94	106	50	(3,-4)
1	2026-01-01 12:12:55.000	27302	374	-524	0	324.48	-5	-3	94	106	50	(3,-4)
1	2026-01-01 12:12:56.000	27337	430	-599	0	357.05	-7	-1	94	106	50	(3,-5)
1	2026-01-01 12:12:57.000	27372	361	-533	0	39.57	-9	-2	94	106	50	(3,-4)
1	2026-01-01 12:12:58.000	27407	311	-478	0	74.26	-7	-3	94	106	50	(2,-4)
1	2026-01-01 12:12:59.000	27442	376	-405	0	54.6	-6	-3	94	106	50	(3,-3)
1	2026-01-01 12:13:00.000	27477	382	-342	0	88.1	-7	-4	94	106	50	(3,-3)
1	2026-01-01 12:13:01.000	27512	440	-398	0	80.19	-6	-3	94	106	50	(3,-3)
1	2026-01-01 12:13:02.000	27547	502	-433	0	45.15	-4	-3	94	106	50	(4,-3)
1	2026-01-01 12:13:03.000	27582	512	-412	0	65.99	-5	-5	94	106	50	(4,-3)
1	2026-01-01 12:13:04.000	27617	446	-457	0	66.01	-6	-3	94	106	47	(3,-4)
1	2026-01-01 12:13:05.000	27652	419	-381	0	104.6	-7	-1	94	106	46	(3,-3)
1	2026-01-01 12:13:06.000	27687	374	-349	64	79.15	-5	1	94	106	46	(3,-3)
1	2026-01-01 12:13:07.000	27722	429	-340	64	80.96	-3	-1	94	106	46	(3,-3)
1	2026-01-01 12:13:08.000	27757	442	-376	64	101.5	-2	-3	94	106	46	(3,-3)
1	2026-01-01 12:13:09.000	27792	385	-329	64	88.91	-3	-5	94	106	46	(3,-3)
1	2026-01-01 12:13:10.000	27827	380	-382	64	121.78	-4	-6	94	106	46	(3,-3)
1	2026-01-01 12:13:11.000	27862	318	-445	64	108.23	-3	-4	94	106	46	(2,-3)
1	2026-01-01 12:13:12.000	27897	325	-469	64	93.4	-5	-4	94	106	46	(3,-4)
1	2026-01-01 12:13:13.000	27932	314	-429	64	56.02	-3	-6	94	106	46	(2,-3)
1	2026-01-01 12:13:14.000	27967	372	-465	64	62.69	-3	-7	94	106	46	(3,-4)
1	2026-01-01 12:13:15.000	28002	350	-462	64	72.91	-1	-9	94	106	46	(3,-4)
1	2026-01-01 12:13:16.000	28037	283	-451	64	70.01	-1	-7	94	106	46	(2,-4)
1	2026-01-01 12:13:17.000	28072	253	-396	64	32.15	0	-9	94	106	46	(2,-3)
1	2026-01-01 12:13:18.000	28107	264	-329	64	27.97	2	-8	94	106	46	(2,-3)
1	2026-01-01 12:13:19.000	28142	297	-393	64	46.38	0	-8	94	106	46	(2,-3)
1	2026-01-01 12:13:20.000	28177	338	-407	64	36.92	1	-6	94	106	46	(3,-3)
1	2026-01-01 12:13:21.000	28212	407	-458	128	358.39	-1	-4	94	106	41	(3,-4)
1	2026-01-01 12:13:22.000	28247	380	-384	128	341.67	-2	-5	94	106	41	(3,-3)
1	2026-01-01 12:13:23.000	28282	313	-352	128	1.05	-1	-4	92	106	41	(2,-3)
1	2026-01-01 12:13:24.000	28317	252	-335	128	17.04	1	-5	92	106	41	(2,-3)
1	2026-01-01 12:13:25.000	28352	327	-356	128	1.8	0	-6	92	106	41	(3,-3)
1	2026-01-01 12:13:26.000	28387	394	-357	128	8.58	-1	-7	92	106	41	(3,-3)
1	2026-01-01 12:13:27.000	28422	403	-294	128	352.93	1	-9	92	106	41	(3,-2)
1	2026-01-01 12:13:28.000	28457	435	-337	128	23.16	2	-7	92	106	41	(3,-3)
1	2026-01-01 12:13:29.000	28492	401	-372	128	341.91	0	-6	92	106	41	(3,-3)
1	2026-01-01 12:13:30.000	28527	454	-410	128	17.81	1	-5	92	106	41	(4,-3)
1	2026-01-01 12:13:31.000	28562	426	-483	128	58.37	3	-3	92	106	41	(3,-4)
1	2026-01-01 12:13:32.000	28597	360	-518	128	61.59	4	-3	92	106	41	(3,-4)
1	2026-01-01 12:13:33.000	28632	365	-486	0	102.18	3	-1	92	106	41	(3,-4)
1	2026-01-01 12:13:34.000	28667	402	-566	-8	107.09	3	-1	92	106	41	(3,-4)
1	2026-01-01 12:13:35.000	28702	435	-626	-8	102.46	3	0	92	106	37	(3,-5)
1	2026-01-01 12:13:36.000	28737	484	-689	-8	88.01	2	1	92	106	37	(4,-5)
1	2026-01-01 12:13:37.000	28772	479	-703	0	117.46	0	3	92	106	35	(4,-5)
1	2026-01-01 12:13:38.000	28807	404	-667	0	131.04	1	2	92	106	35	(3,-5)
1	2026-01-01 12:13:39.000	28842	442	-591	128	90.92	3	2	92	106	35	(3,-5)
1	2026-01-01 12:13:40.000	28877	387	-597	128	99.56	4	4	92	106	35	(3,-5)
1	2026-01-01 12:13:41.000	28912	462	-600	128	107.18	5	4	92	106	35	(4,-5)
1	2026-01-01 12:13:42.000	28947	486	-576	-16	81.96	3	3	92	106	35	(4,-4)
1	2026-01-01 12:13:43.000	28982	492	-518	-16	44.06	5	5	100	106	35	(4,-4)
1	2026-01-01 12:13:44.000	29017	493	-502	-16	24.35	3	3	100	106	30	(4,-4)
1	2026-01-01 12:13:45.000	29052	515	-468	-16	16.99	3	5	100	106	30	(4,-4)
1	2026-01-01 12:13:46.000	29087	468	-456	-16	37.05	1	4	100	106	30	(4,-4)
1	2026-01-01 12:13:47.000	29122	436	-518	-16	13.16	1	3	100	106	30	(3,-4)
1	2026-01-01 12:13:48.000	29157	503	-538	-16	333.81	-1	3	100	106	30	(4,-4)
1	2026-01-01 12:13:49.000	29192	528	-600	-16	297.28	-3	4	100	106	30	(4,-5)
1	2026-01-01 12:13:50.000	29227	593	-569	-16	269.29	-1	4	100	106	30	(5,-4)
1	2026-01-01 12:13:51.000	29262	537	-514	24	285.32	-2	5	100	106	28	(4,-4)
1	2026-01-01 12:13:52.000	29297	606	-482	24	328.46	-3	4	100	106	28	(5,-4)
1	2026-01-01 12:13:53.000	29332	648	-456	24	342.6	-2	4	100	106	28	(5,-4)
1	2026-01-01 12:13:54.000	29367	572	-382	24	315.1	-2	6	100	106	42	(4,-3)
1	2026-01-01 12:13:55.000	29402	626	-413	24	334.04	-3	5	100	106	42	(5,-3)
1	2026-01-01 12:13:56.000	29437	616	-337	24	316.56	-5	6	100	106	42	(5,-3)
1	2026-01-01 12:13:57.000	29472	597	-279	24	312.29	-3	7	100	106	42	(5,-2)
1	2026-01-01 12:13:58.000	29507	590	-303	24	353.36	-5	7	100	106	42	(5,-2)
1	2026-01-01 12:13:59.000	29542	613	-244	24	332.87	-5	9	100	106	42	(5,-2)
1	2026-01-01 12:14:00.000	29577	665	-255	24	326.66	-5	8	100	106	42	(5,-2)
1	2026-01-01 12:14:01.000	29612	656	-274	24	10.5	-4	9	100	106	42	(5,-2)
1	2026-01-01 12:14:02.000	29647	667	-221	24	54.03	-2	8	100	106	42	(5,-2)
1	2026-01-01 12:14:03.000	29682	628	-269	24	34.88	-3	10	100	106	42	(5,-2)
1	2026-01-01 12:14:04.000	29717	562	-263	24	14.1	-3	10	100	106	42	(4,-2)
1	2026-01-01 12:14:05.000	29752	549	-231	24	355.05	-1	10	100	106	42	(4,-2)
1	2026-01-01 12:14:06.000	29787	476	-174	24	315.54	-1	10	100	106	42	(4,-1)
1	2026-01-01 12:14:07.000	29822	546	-249	24	287.18	0	10	100	106	38	(4,-2)
1	2026-01-01 12:14:08.000	29857	521	-197	24	301.84	2	10	100	106	38	(4,-2)
1	2026-01-01 12:14:09.000	29892	580	-193	24	320.57	3	10	100	106	38	(5,-2)
1	2026-01-01 12:14:10.000	29927	635	-236	24	354.41	1	9	100	106	38	(5,-2)
1	2026-01-01 12:14:11.000	29962	608	-225	24	21.3	-1	10	100	106	38	(5,-2)
1	2026-01-01 12:14:12.000	29997	546	-155	24	47.1	1	10	100	106	38	(4,-1)
1	2026-01-01 12:14:13.000	30032	562	-118	24	40.01	-1	8	100	106	38	(4,-1)
1	2026-01-01 12:14:14.000	30067	602	-78	24	68.14	0	6	100	106	38	(5,-1)
1	2026-01-01 12:14:15.000	30102	600	-15	24	110.68	-1	6	97	106	38	(5,0)
1	2026-01-01 12:14:16.000	30137	579	52	8	117.06	-3	8	97	106	37	(5,0)
1	2026-01-01 12:14:17.000	30172	508	15	8	87.29	-2	6	97	106	37	(4,0)
1	2026-01-01 12:14:18.000	30207	522	31	8	105.68	-3	8	97	106	37	(4,0)
1	2026-01-01 12:14:19.000	30242	477	13	8	130.53	-4	6	97	106	37	(4,0)
1	2026-01-01 12:14:20.000	30277	544	52	8	92.28	-6	7	97	106	37	(4,0)
1	2026-01-01 12:14:21.000	30312	468	63	8	71.52	-8	5	97	106	37	(4,0)
1	2026-01-01 12:14:22.000	30347	533	122	8	100.91	-8	7	97	106	37	(4,1)
1	2026-01-01 12:14:23.000	30382	547	187	8	121.52	-6	9	97	106	36	(4,1)
1	2026-01-01 12:14:24.000	30417	579	218	8	141.64	-6	7	97	106	36	(5,2)
1	2026-01-01 12:14:25.000	30452	612	192	40	177.72	-7	9	97	106	36	(5,2)
1	2026-01-01 12:14:26.000	30487	538	159	40	206.78	-8	8	97	106	36	(4,1)
1	2026-01-01 12:14:27.000	30522	588	95	40	171.97	-8	6	97	106	48	(5,1)
1	2026-01-01 12:14:28.000	30557	560	72	40	153.3	-8	4	97	106	48	(4,1)
1	2026-01-01 12:14:29.000	30592	514	61	40	112.17	-7	5	97	106	48	(4,0)
1	2026-01-01 12:14:30.000	30627	525	0	0	81.69	-9	4	97	106	48	(4,0)
1	2026-01-01 12:14:31.000	30662	590	-6	0	97.74	-10	3	97	106	48	(5,0)
1	2026-01-01 12:14:32.000	30697	554	-46	0	105.04	-9	2	97	106	48	(4,0)
1	2026-01-01 12:14:33.000	30732	599	-114	0	134.27	-9	2	97	106	48	(5,-1)
1	2026-01-01 12:14:34.000	30767	611	-163	0	163.56	-7	3	97	106	48	(5,-1)
1	2026-01-01 12:14:35.000	30802	603	-171	0	169.62	-6	5	97	106	48	(5,-1)
1	2026-01-01 12:14:36.000	30837	537	-168	0	145.81	-6	4	97	106	48	(4,-1)
1	2026-01-01 12:14:37.000	30872	464	-143	-16	115.89	-8	5	97	106	48	(4,-1)
1	2026-01-01 12:14:38.000	30907	433	-139	-16	74.22	-8	6	97	106	48	(3,-1)
1	2026-01-01 12:14:39.000	30942	465	-84	-8	62.44	-10	7	97	106	48	(4,-1)
1	2026-01-01 12:14:40.000	30977	534	-83	-8	66.17	-8	8	97	106	48	(4,-1)
1	2026-01-01 12:14:41.000	31012	507	-98	-8	62.65	-9	6	97	106	48	(4,-1)
1	2026-01-01 12:14:42.000	31047	531	-127	-8	82.61	-9	8	97	106	48	(4,-1)
1	2026-01-01 12:14:43.000	31082	510	-144	-8	113.3	-7	10	97	106	48	(4,-1)
1	2026-01-01 12:14:44.000	31117	546	-180	-8	108.78	-7	10	97	106	50	(4,-1)
1	2026-01-01 12:14:45.000	31152	583	-129	-8	66.82	-5	9	97	106	50	(5,-1)
1	2026-01-01 12:14:46.000	31187	511	-54	-8	40.72	-6	9	97	106	50	(4,0)
1	2026-01-01 12:14:47.000	31222	450	-118	-8	85.35	-6	8	97	106	50	(4,-1)
1	2026-01-01 12:14:48.000	31257	385	-70	-8	78.5	-5	8	97	106	50	(3,-1)
1	2026-01-01 12:14:49.000	31292	317	-145	-8	65.4	-3	10	97	106	50	(2,-1)
1	2026-01-01 12:14:50.000	31327	308	-68	-8	74.73	-2	9	97	106	50	(2,-1)
1	2026-01-01 12:14:51.000	31362	311	-29	-8	75.28	-1	10	97	106	50	(2,0)
1	2026-01-01 12:14:52.000	31397	349	-48	-8	41.95	-2	10	97	106	45	(3,0)
1	2026-01-01 12:14:53.000	31432	363	32	-8	10.11	0	8	97	106	45	(3,0)
1	2026-01-01 12:14:54.000	31467	374	60	-8	28.13	-2	7	97	106	45	(3,0)
1	2026-01-01 12:14:55.000	31502	361	125	-8	61.7	-1	6	97	106	45	(3,1)
1	2026-01-01 12:14:56.000	31537	408	165	-8	50.64	-2	8	97	106	45	(3,1)
1	2026-01-01 12:14:57.000	31572	380	178	-8	22.4	0	9	93	106	45	(3,1)
1	2026-01-01 12:14:58.000	31607	310	220	-8	58.68	-2	7	93	106	42	(2,2)
1	2026-01-01 12:14:59.000	31642	350	287	-8	51.62	-2	7	93	106	42	(3,2)
1	2026-01-01 12:15:00.000	31677	315	295	-8	13.62	-2	6	93	106	40	(2,2)
1	2026-01-01 12:15:01.000	31712	378	328	-8	53.99	-3	4	93	106	40	(3,3)
1	2026-01-01 12:15:02.000	31747	421	335	-8	29.0	-5	2	93	106	40	(3,3)
1	2026-01-01 12:15:03.000	31782	354	410	-8	12.35	-7	4	93	106	40	(3,3)
1	2026-01-01 12:15:04.000	31817	306	409	-8	38.93	-6	4	93	106	40	(2,3)
1	2026-01-01 12:15:05.000	31852	342	452	-8	42.19	-4	6	93	106	40	(3,4)
1	2026-01-01 12:15:06.000	31887	262	515	-8	25.15	-6	8	93	106	40	(2,4)
1	2026-01-01 12:15:07.000	31922	331	531	-8	12.29	-4	7	93	106	40	(3,4)
1	2026-01-01 12:15:08.000	31957	293	497	-8	358.31	-4	8	93	106	40	(2,4)
1	2026-01-01 12:15:09.000	31992	291	511	-8	24.78	-4	9	93	106	40	(2,4)
1	2026-01-01 12:15:10.000	32027	278	435	-8	1.32	-4	8	93	106	40	(2,3)
1	2026-01-01 12:15:11.000	32062	206	431	-8	325.16	-2	9	93	106	40	(2,3)
1	2026-01-01 12:15:12.000	32097	194	419	-8	323.44	-1	10	93	106	40	(2,3)
1	2026-01-01 12:15:13.000	32132	208	458	-8	324.56	1	8	93	106	40	(2,4)
1	2026-01-01 12:15:14.000	32167	287	501	-8	352.3	0	9	93	106	40	(2,4)
1	2026-01-01 12:15:15.000	32202	345	561	-8	308.85	2	10	93	106	38	(3,4)
1	2026-01-01 12:15:16.000	32237	371	608	-8	278.59	4	10	93	106	38	(3,5)
1	2026-01-01 12:15:17.000	32272	397	605	-8	233.78	2	10	93	106	38	(3,5)
1	2026-01-01 12:15:18.000	32307	343	650	-8	236.94	0	10	93	106	38	(3,5)
1	2026-01-01 12:15:19.000	32342	327	603	-8	260.3	1	8	93	106	38	(3,5)
1	2026-01-01 12:15:20.000	32377	336	557	-8	239.0	2	7	93	106	38	(3,4)
1	2026-01-01 12:15:21.000	32412	276	623	-8	248.32	0	7	93	106	38	(2,5)
1	2026-01-01 12:15:22.000	32447	270	575	-8	234.96	1	7	93	106	38	(2,4)
1	2026-01-01 12:15:23.000	32482	191	564	0	244.63	0	9	93	106	38	(1,4)
1	2026-01-01 12:15:24.000	32517	225	601	0	220.36	2	9	100	106	38	(2,5)
1	2026-01-01 12:15:25.000	32552	191	635	0	232.11	0	10	100	106	33	(1,5)
1	2026-01-01 12:15:26.000	32587	140	607	0	252.33	2	10	100	106	33	(1,5)
1	2026-01-01 12:15:27.000	32622	123	547	0	234.95	2	8	100	106	33	(1,4)
1	2026-01-01 12:15:28.000	32657	66	478	0	247.2	3	8	100	106	33	(1,4)
1	2026-01-01 12:15:29.000	32692	26	402	0	280.48	4	9	100	106	33	(0,3)
1	2026-01-01 12:15:30.000	32727	50	323	0	237.52	5	10	100	106	33	(0,3)
1	2026-01-01 12:15:31.000	32762	-5	362	0	245.43	5	10	100	106	33	(0,3)
1	2026-01-01 12:15:32.000	32797	33	396	0	252.91	3	9	100	106	31	(0,3)
1	2026-01-01 12:15:33.000	32832	74	320	0	212.5	2	10	100	106	31	(1,2)
1	2026-01-01 12:15:34.000	32867	50	268	0	225.09	3	10	100	106	31	(0,2)
1	2026-01-01 12:15:35.000	32902	-27	302	0	238.34	1	10	100	106	31	(0,2)
1	2026-01-01 12:15:36.000	32937	14	270	24	266.85	1	10	100	106	31	(0,2)
1	2026-01-01 12:15:37.000	32972	11	222	24	260.0	-1	10	100	106	31	(0,2)
1	2026-01-01 12:15:38.000	33007	75	232	0	300.44	0	10	100	106	31	(1,2)
1	2026-01-01 12:15:39.000	33042	7	277	0	301.85	1	9	100	106	31	(0,2)
1	2026-01-01 12:15:40.000	33077	-44	288	0	307.95	3	9	100	106	31	(0,2)
1	2026-01-01 12:15:41.000	33112	-97	349	0	300.67	1	10	100	106	31	(-1,3)
1	2026-01-01 12:15:42.000	33147	-155	339	0	301.24	3	9	100	106	31	(-1,3)
1	2026-01-01 12:15:43.000	33182	-164	405	0	344.19	3	8	100	106	31	(-1,3)
1	2026-01-01 12:15:44.000	33217	-183	362	128	20.44	4	7	100	106	31	(-1,3)
1	2026-01-01 12:15:45.000	33252	-149	298	128	42.77	5	5	100	106	31	(-1,2)
1	2026-01-01 12:15:46.000	33287	-121	254	128	34.89	6	7	100	106	31	(-1,2)
1	2026-01-01 12:15:47.000	33322	-163	220	128	64.51	5	9	100	106	31	(-1,2)
1	2026-01-01 12:15:48.000	33357	-84	266	128	101.68	5	10	100	106	31	(-1,2)
1	2026-01-01 12:15:49.000	33392	-79	246	128	77.65	7	8	100	106	31	(-1,2)
1	2026-01-01 12:15:50.000	33427	-53	258	128	77.45	9	9	100	106	31	(0,2)
1	2026-01-01 12:15:51.000	33462	-133	207	0	69.53	7	7	100	106	31	(-1,2)
1	2026-01-01 12:15:52.000	33497	-97	220	0	104.3	8	5	100	106	31	(-1,2)
1	2026-01-01 12:15:53.000	33532	-26	157	0	95.55	9	3	100	106	31	(0,1)
1	2026-01-01 12:15:54.000	33567	10	191	0	134.21	10	2	100	106	31	(0,1)
1	2026-01-01 12:15:55.000	33602	48	154	0	91.31	8	4	100	106	31	(0,1)
1	2026-01-01 12:15:56.000	33637	-29	174	0	117.28	9	4	100	106	31	(0,1)
1	2026-01-01 12:15:57.000	33672	1	252	0	85.94	9	4	100	106	31	(0,2)
1	2026-01-01 12:15:58.000	33707	33	287	0	124.25	7	6	100	106	31	(0,2)
1	2026-01-01 12:15:59.000	33742	97	275	0	168.1	6	4	100	106	31	(1,2)
1	2026-01-01 12:16:00.000	33777	56	259	0	200.64	6	4	100	106	31	(0,2)
1	2026-01-01 12:16:01.000	33812	123	271	0	223.87	6	2	100	106	31	(1,2)
1	2026-01-01 12:16:02.000	33847	178	280	0	221.61	8	2	100	106	31	(1,2)
1	2026-01-01 12:16:03.000	33882	166	319	128	222.4	7	4	100	106	31	(1,2)
1	2026-01-01 12:16:04.000	33917	231	313	128	256.94	8	2	100	106	31	(2,2)
1	2026-01-01 12:16:05.000	33952	210	235	128	272.9	6	3	100	106	31	(2,2)
1	2026-01-01 12:16:06.000	33987	179	218	128	240.31	5	1	100	106	31	(1,2)
1	2026-01-01 12:16:07.000	34022	248	180	128	272.17	3	2	100	106	31	(2,1)
1	2026-01-01 12:16:08.000	34057	257	142	128	248.98	2	1	100	106	31	(2,1)
1	2026-01-01 12:16:09.000	34092	270	187	128	280.1	2	3	100	106	31	(2,1)
1	2026-01-01 12:16:10.000	34127	317	112	128	250.61	4	3	100	106	31	(2,1)
1	2026-01-01 12:16:11.000	34162	333	123	128	244.38	4	2	100	106	28	(3,1)
1	2026-01-01 12:16:12.000	34197	367	129	56	215.62	5	0	100	106	23	(3,1)
1	2026-01-01 12:16:13.000	34232	356	206	56	211.75	5	2	100	106	23	(3,2)
1	2026-01-01 12:16:14.000	34267	426	236	56	201.76	3	1	100	106	23	(3,2)
1	2026-01-01 12:16:15.000	34302	374	198	56	240.23	1	3	100	106	23	(3,2)
1	2026-01-01 12:16:16.000	34337	354	198	56	200.31	1	3	100	106	23	(3,2)
1	2026-01-01 12:16:17.000	34372	369	141	56	200.14	3	2	100	106	40	(3,1)
1	2026-01-01 12:16:18.000	34407	440	181	56	227.84	1	2	100	106	40	(3,1)
1	2026-01-01 12:16:19.000	34442	490	245	0	199.51	0	4	100	106	40	(4,2)
1	2026-01-01 12:16:20.000	34477	538	306	0	163.82	0	5	99	106	40	(4,2)
1	2026-01-01 12:16:21.000	34512	494	369	0	198.28	-2	4	96	106	40	(4,3)
1	2026-01-01 12:16:22.000	34547	461	404	0	179.49	-4	2	96	106	40	(4,3)
1	2026-01-01 12:16:23.000	34582	386	400	0	162.06	-4	3	96	106	36	(3,3)
1	2026-01-01 12:16:24.000	34617	390	367	0	202.87	-2	4	96	106	36	(3,3)
1	2026-01-01 12:16:25.000	34652	372	412	0	232.66	-1	2	96	106	36	(3,3)
1	2026-01-01 12:16:26.000	34687	309	332	0	225.78	-1	0	96	106	36	(2,3)
1	2026-01-01 12:16:27.000	34722	308	324	0	200.83	0	-1	96	106	33	(2,3)
1	2026-01-01 12:16:28.000	34757	263	398	0	217.49	1	0	96	106	33	(2,3)
1	2026-01-01 12:16:29.000	34792	239	393	0	227.75	-1	0	96	106	33	(2,3)
1	2026-01-01 12:16:30.000	34827	172	359	0	193.33	-3	2	96	106	33	(1,3)
1	2026-01-01 12:16:31.000	34862	252	342	0	194.83	-4	0	96	106	33	(2,3)
1	2026-01-01 12:16:32.000	34897	317	409	8	183.64	-3	-1	96	106	33	(2,3)
1	2026-01-01 12:16:33.000	34932	254	488	8	160.63	-1	-3	96	106	29	(2,4)
1	2026-01-01 12:16:34.000	34967	218	565	8	163.99	0	-5	95	106	45	(2,4)
1	2026-01-01 12:16:35.000	35002	245	577	8	191.35	2	-6	95	106	45	(2,5)
1	2026-01-01 12:16:36.000	35037	259	612	8	188.42	0	-6	95	106	45	(2,5)
1	2026-01-01 12:16:37.000	35072	242	678	8	215.87	-2	-8	95	106	45	(2,5)
1	2026-01-01 12:16:38.000	35107	266	686	8	258.9	-3	-7	95	106	45	(2,5)
1	2026-01-01 12:16:39.000	35142	306	670	8	263.84	-5	-9	93	106	45	(2,5)
1	2026-01-01 12:16:40.000	35177	347	701	8	249.22	-6	-10	93	106	45	(3,5)
1	2026-01-01 12:16:41.000	35212	375	678	8	280.44	-4	-10	93	106	43	(3,5)
1	2026-01-01 12:16:42.000	35247	322	726	8	310.13	-5	-9	89	106	41	(3,6)
1	2026-01-01 12:16:43.000	35282	358	754	8	330.55	-3	-8	89	106	41	(3,6)
1	2026-01-01 12:16:44.000	35317	392	730	8	332.51	-1	-10	89	106	41	(3,6)
1	2026-01-01 12:16:45.000	35352	414	679	8	329.45	-3	-8	89	106	41	(3,5)
1	2026-01-01 12:16:46.000	35387	461	661	8	333.51	-5	-10	89	106	41	(4,5)
1	2026-01-01 12:16:47.000	35422	509	625	8	335.33	-4	-10	89	106	41	(4,5)
1	2026-01-01 12:16:48.000	35457	430	669	8	350.64	-6	-10	89	106	41	(3,5)
1	2026-01-01 12:16:49.000	35492	433	723	8	27.0	-4	-9	89	106	41	(3,6)
1	2026-01-01 12:16:50.000	35527	427	748	8	353.48	-5	-7	89	106	41	(3,6)
1	2026-01-01 12:16:51.000	35562	430	705	8	323.8	-3	-5	89	106	41	(3,6)
1	2026-01-01 12:16:52.000	35597	472	730	8	323.8	-3	-4	89	106	41	(4,6)
1	2026-01-01 12:16:53.000	35632	548	680	8	2.35	-1	-2	89	106	41	(4,5)
1	2026-01-01 12:16:54.000	35667	536	719	8	319.82	-1	0	89	106	41	(4,6)
1	2026-01-01 12:16:55.000	35702	525	780	8	2.75	1	0	89	106	41	(4,6)
1	2026-01-01 12:16:56.000	35737	492	759	8	31.77	2	-1	89	106	41	(4,6)
1	2026-01-01 12:16:57.000	35772	464	746	8	16.34	3	-2	97	106	41	(4,6)
1	2026-01-01 12:16:58.000	35807	474	681	0	345.09	5	-2	97	106	38	(4,5)
1	2026-01-01 12:16:59.000	35842	423	646	0	327.58	5	-1	97	106	38	(3,5)
1	2026-01-01 12:17:00.000	35877	362	665	0	324.88	4	-2	97	106	38	(3,5)
1	2026-01-01 12:17:01.000	35912	290	668	0	323.62	2	-4	97	106	38	(2,5)
1	2026-01-01 12:17:02.000	35947	310	698	0	311.2	3	-5	97	106	38	(2,5)
1	2026-01-01 12:17:03.000	35982	372	736	0	290.8	1	-7	97	106	38	(3,6)
1	2026-01-01 12:17:04.000	36017	446	681	0	306.31	-1	-8	90	106	38	(3,5)
1	2026-01-01 12:17:05.000	36052	490	748	0	348.58	-2	-6	90	106	38	(4,6)
1	2026-01-01 12:17:06.000	36087	478	806	0	337.44	-1	-5	90	106	38	(4,6)
1	2026-01-01 12:17:07.000	36122	527	827	0	304.76	-2	-6	90	106	38	(4,6)
1	2026-01-01 12:17:08.000	36157	605	841	0	330.93	0	-4	90	106	38	(5,7)
1	2026-01-01 12:17:09.000	36192	678	777	0	343.71	-1	-5	90	106	38	(5,6)
1	2026-01-01 12:17:10.000	36227	734	703	0	348.45	-2	-3	90	106	38	(6,5)
1	2026-01-01 12:17:11.000	36262	681	650	56	312.05	-4	-3	90	106	38	(5,5)
1	2026-01-01 12:17:12.000	36297	615	652	56	353.63	-5	-3	90	106	38	(5,5)
1	2026-01-01 12:17:13.000	36332	544	727	56	38.21	-7	-1	90	106	38	(4,6)
1	2026-01-01 12:17:14.000	36367	516	803	56	7.93	-5	-2	90	106	38	(4,6)
1	2026-01-01 12:17:15.000	36402	496	746	56	325.11	-4	-4	90	106	38	(4,6)
1	2026-01-01 12:17:16.000	36437	525	698	56	314.26	-4	-2	90	106	38	(4,5)
1	2026-01-01 12:17:17.000	36472	455	686	56	298.06	-2	-3	90	106	38	(4,5)
1	2026-01-01 12:17:18.000	36507	514	745	56	309.4	-1	-2	90	106	38	(4,6)
1	2026-01-01 12:17:19.000	36542	468	744	56	353.42	-1	-3	90	106	38	(4,6)
1	2026-01-01 12:17:20.000	36577	405	715	56	16.96	1	-1	90	106	38	(3,6)
1	2026-01-01 12:17:21.000	36612	357	645	56	33.65	2	0	90	106	38	(3,5)
1	2026-01-01 12:17:22.000	36647	395	602	56	37.17	2	-2	90	106	38	(3,5)
1	2026-01-01 12:17:23.000	36682	364	577	0	54.87	4	0	90	106	38	(3,5)
1	2026-01-01 12:17:24.000	36717	388	632	0	43.96	4	1	90	106	38	(3,5)
1	2026-01-01 12:17:25.000	36752	389	662	0	71.72	5	1	90	106	38	(3,5)
1	2026-01-01 12:17:26.000	36787	354	645	0	53.41	3	3	90	106	38	(3,5)
1	2026-01-01 12:17:27.000	36822	352	690	0	33.66	2	5	90	106	38	(3,5)
1	2026-01-01 12:17:28.000	36857	306	610	0	30.34	3	4	90	106	38	(2,5)
1	2026-01-01 12:17:29.000	36892	386	647	0	41.62	2	3	90	106	34	(3,5)
1	2026-01-01 12:17:30.000	36927	450	675	0	83.09	1	4	90	106	34	(4,5)
1	2026-01-01 12:17:31.000	36962	458	737	0	68.96	1	6	90	106	34	(4,6)
1	2026-01-01 12:17:32.000	36997	414	691	0	46.09	0	8	90	106	34	(3,5)
1	2026-01-01 12:17:33.000	37032	380	687	0	10.42	1	8	90	106	34	(3,5)
1	2026-01-01 12:17:34.000	37067	330	640	0	347.64	3	6	90	106	34	(3,5)
1	2026-01-01 12:17:35.000	37102	404	586	16	11.37	2	5	90	106	34	(3,5)
1	2026-01-01 12:17:36.000	37137	469	632	16	56.16	3	4	90	106	34	(4,5)
1	2026-01-01 12:17:37.000	37172	500	581	16	73.86	5	2	90	106	34	(4,5)
1	2026-01-01 12:17:38.000	37207	554	609	0	103.02	4	1	90	106	34	(4,5)
1	2026-01-01 12:17:39.000	37242	507	600	0	78.28	5	1	90	106	34	(4,5)
1	2026-01-01 12:17:40.000	37277	510	653	0	37.29	4	1	90	106	31	(4,5)
1	2026-01-01 12:17:41.000	37312	495	635	0	69.38	5	3	90	106	28	(4,5)
1	2026-01-01 12:17:42.000	37347	492	648	0	25.67	4	1	90	106	28	(4,5)
1	2026-01-01 12:17:43.000	37382	526	616	0	353.08	5	0	90	106	28	(4,5)
1	2026-01-01 12:17:44.000	37417	452	590	0	341.9	4	-1	90	106	28	(4,5)
1	2026-01-01 12:17:45.000	37452	449	653	0	309.3	2	-1	90	106	28	(4,5)
1	2026-01-01 12:17:46.000	37487	526	711	0	312.54	0	0	90	106	28	(4,6)
1	2026-01-01 12:17:47.000	37522	509	708	0	339.75	-1	0	90	106	28	(4,6)
1	2026-01-01 12:17:48.000	37557	498	743	0	306.11	1	-2	90	106	28	(4,6)
1	2026-01-01 12:17:49.000	37592	470	789	0	277.97	0	0	90	106	28	(4,6)
1	2026-01-01 12:17:50.000	37627	490	832	0	291.16	-2	2	80	106	25	(4,6)
1	2026-01-01 12:17:51.000	37662	550	836	0	268.66	-2	4	80	106	25	(4,7)
1	2026-01-01 12:17:52.000	37697	549	768	0	225.51	-1	3	80	106	25	(4,6)
1	2026-01-01 12:17:53.000	37732	539	730	0	244.98	0	3	80	106	25	(4,6)
1	2026-01-01 12:17:54.000	37767	468	720	0	259.99	-1	4	80	106	25	(4,6)
1	2026-01-01 12:17:55.000	37802	395	697	0	246.84	0	6	80	106	49	(3,5)
1	2026-01-01 12:17:56.000	37837	335	627	0	286.94	-2	8	80	106	49	(3,5)
1	2026-01-01 12:17:57.000	37872	360	617	0	301.89	-1	9	80	106	49	(3,5)
1	2026-01-01 12:17:58.000	37907	355	677	0	291.1	0	10	80	106	44	(3,5)
1	2026-01-01 12:17:59.000	37942	305	672	0	256.53	-2	10	71	106	44	(2,5)
1	2026-01-01 12:18:00.000	37977	240	729	0	294.63	0	9	71	106	44	(2,6)
1	2026-01-01 12:18:01.000	38012	260	798	0	328.85	-2	10	71	106	44	(2,6)
1	2026-01-01 12:18:02.000	38047	320	868	0	358.51	-1	8	71	106	44	(2,7)
1	2026-01-01 12:18:03.000	38082	379	855	0	33.16	-3	9	71	106	44	(3,7)
1	2026-01-01 12:18:04.000	38117	364	787	0	77.05	-5	9	71	106	44	(3,6)
1	2026-01-01 12:18:05.000	38152	348	753	0	79.72	-6	10	71	106	44	(3,6)
1	2026-01-01 12:18:06.000	38187	350	814	0	122.32	-6	8	71	106	44	(3,6)
1	2026-01-01 12:18:07.000	38222	295	864	0	161.43	-7	7	71	106	44	(2,7)
1	2026-01-01 12:18:08.000	38257	318	919	0	136.56	-6	5	71	106	44	(2,7)
1	2026-01-01 12:18:09.000	38292	341	899	0	119.5	-6	7	71	106	44	(3,7)
1	2026-01-01 12:18:10.000	38327	399	877	0	128.72	-5	7	71	106	44	(3,7)
1	2026-01-01 12:18:11.000	38362	466	902	0	86.56	-7	8	71	106	44	(4,7)
1	2026-01-01 12:18:12.000	38397	525	952	0	76.97	-8	7	71	106	44	(4,7)
1	2026-01-01 12:18:13.000	38432	490	984	0	54.15	-7	5	71	106	44	(4,8)
1	2026-01-01 12:18:14.000	38467	553	1039	56	24.49	-6	3	71	106	44	(4,8)
1	2026-01-01 12:18:15.000	38502	541	981	56	353.12	-4	2	71	106	42	(4,8)
1	2026-01-01 12:18:16.000	38537	461	950	32	354.36	-2	2	71	106	42	(4,7)
1	2026-01-01 12:18:17.000	38572	467	966	32	5.97	-2	0	71	106	42	(4,8)
1	2026-01-01 12:18:18.000	38607	465	916	32	342.4	-1	-2	71	106	42	(4,7)
1	2026-01-01 12:18:19.000	38642	464	876	32	3.01	-3	-1	71	106	42	(4,7)
1	2026-01-01 12:18:20.000	38677	452	930	32	344.89	-1	-1	71	106	42	(4,7)
1	2026-01-01 12:18:21.000	38712	399	980	32	18.52	-2	0	71	106	42	(3,8)
1	2026-01-01 12:18:22.000	38747	394	947	32	11.73	-3	-1	71	106	42	(3,7)
1	2026-01-01 12:18:23.000	38782	462	915	32	16.96	-5	-1	71	106	42	(4,7)
1	2026-01-01 12:18:24.000	38817	409	897	32	27.54	-5	-1	62	106	42	(3,7)
1	2026-01-01 12:18:25.000	38852	364	890	32	10.27	-3	-3	62	106	42	(3,7)
1	2026-01-01 12:18:26.000	38887	340	967	32	31.46	-3	-3	62	106	42	(3,8)
1	2026-01-01 12:18:27.000	38922	408	916	32	20.61	-2	-3	62	106	42	(3,7)
1	2026-01-01 12:18:28.000	38957	483	970	32	12.81	-2	-4	62	106	42	(4,8)
1	2026-01-01 12:18:29.000	38992	432	905	32	9.2	-2	-3	62	106	42	(3,7)
1	2026-01-01 12:18:30.000	39027	379	983	32	28.16	-2	-5	62	106	42	(3,8)
1	2026-01-01 12:18:31.000	39062	442	922	32	5.24	-2	-6	62	106	42	(3,7)
1	2026-01-01 12:18:32.000	39097	375	911	32	21.1	-3	-5	62	106	42	(3,7)
1	2026-01-01 12:18:33.000	39132	344	990	32	359.23	-5	-3	62	106	42	(3,8)
1	2026-01-01 12:18:34.000	39167	334	972	0	29.22	-6	-4	62	106	42	(3,8)
1	2026-01-01 12:18:35.000	39202	361	905	8	42.33	-6	-5	62	106	40	(3,7)
1	2026-01-01 12:18:36.000	39237	330	903	8	50.62	-4	-4	62	106	40	(3,7)
1	2026-01-01 12:18:37.000	39272	383	948	0	59.91	-6	-3	62	106	40	(3,7)
1	2026-01-01 12:18:38.000	39307	356	914	0	73.88	-8	-2	62	106	40	(3,7)
1	2026-01-01 12:18:39.000	39342	287	966	0	44.77	-8	-3	62	106	40	(2,8)
1	2026-01-01 12:18:40.000	39377	326	1034	0	59.94	-10	-5	62	106	35	(3,8)
1	2026-01-01 12:18:41.000	39412	379	1108	0	93.34	-9	-3	62	106	35	(3,9)
1	2026-01-01 12:18:42.000	39447	303	1087	0	128.54	-8	-4	62	106	45	(2,8)
1	2026-01-01 12:18:43.000	39482	340	1150	0	114.57	-7	-4	62	106	45	(3,9)
1	2026-01-01 12:18:44.000	39517	273	1192	16	126.41	-6	-5	62	106	45	(2,9)
1	2026-01-01 12:18:45.000	39552	307	1183	16	154.91	-6	-4	62	106	45	(2,9)
1	2026-01-01 12:18:46.000	39587	352	1182	16	149.25	-4	-6	62	106	45	(3,9)
1	2026-01-01 12:18:47.000	39622	354	1217	16	190.19	-4	-7	62	106	45	(3,10)
1	2026-01-01 12:18:48.000	39657	368	1253	16	231.02	-6	-7	62	106	45	(3,10)
1	2026-01-01 12:18:49.000	39692	430	1303	16	203.89	-5	-8	62	106	45	(3,10)
1	2026-01-01 12:18:50.000	39727	463	1338	16	213.12	-4	-7	62	106	45	(4,10)
1	2026-01-01 12:18:51.000	39762	392	1395	16	174.25	-6	-5	62	106	45	(3,11)
1	2026-01-01 12:18:52.000	39797	361	1459	16	172.7	-7	-7	62	106	45	(3,11)
1	2026-01-01 12:18:53.000	39832	382	1381	16	210.57	-6	-7	62	106	45	(3,11)
1	2026-01-01 12:18:54.000	39867	305	1421	40	182.19	-4	-5	62	106	45	(2,11)
1	2026-01-01 12:18:55.000	39902	379	1424	40	157.98	-3	-5	62	106	45	(3,11)
1	2026-01-01 12:18:56.000	39937	358	1438	40	117.98	-1	-4	62	106	45	(3,11)
1	2026-01-01 12:18:57.000	39972	435	1362	40	161.27	-3	-2	62	106	45	(3,11)
1	2026-01-01 12:18:58.000	40007	448	1439	40	127.98	-3	0	62	106	45	(4,11)
1	2026-01-01 12:18:59.000	40042	411	1499	40	154.66	-3	1	62	106	45	(3,12)
1	2026-01-01 12:19:00.000	40077	449	1562	40	190.73	-2	0	62	106	45	(4,12)
1	2026-01-01 12:19:01.000	40112	479	1523	40	190.91	-1	2	62	106	45	(4,12)
1	2026-01-01 12:19:02.000	40147	487	1529	40	147.26	0	3	62	106	45	(4,12)
1	2026-01-01 12:19:03.000	40182	424	1529	40	182.3	-2	2	62	106	45	(3,12)
1	2026-01-01 12:19:04.000	40217	502	1572	40	146.37	-3	0	62	106	45	(4,12)
1	2026-01-01 12:19:05.000	40252	479	1520	40	163.65	-5	-1	62	106	44	(4,12)
1	2026-01-01 12:19:06.000	40287	464	1506	40	176.53	-5	-1	62	106	44	(4,12)
1	2026-01-01 12:19:07.000	40322	526	1431	0	135.95	-4	-3	62	106	44	(4,11)
1	2026-01-01 12:19:08.000	40357	505	1458	0	144.63	-2	-5	62	106	44	(4,11)
1	2026-01-01 12:19:09.000	40392	433	1405	0	116.01	-2	-7	62	106	44	(3,11)
1	2026-01-01 12:19:10.000	40427	373	1423	0	160.0	-3	-6	62	106	44	(3,11)
1	2026-01-01 12:19:11.000	40462	436	1419	0	185.06	-3	-8	62	106	44	(3,11)
1	2026-01-01 12:19:12.000	40497	455	1352	0	173.56	-1	-8	62	106	44	(4,11)
1	2026-01-01 12:19:13.000	40532	485	1364	0	198.75	1	-6	62	106	44	(4,11)
1	2026-01-01 12:19:14.000	40567	511	1395	0	156.78	1	-4	62	106	44	(4,11)
1	2026-01-01 12:19:15.000	40602	529	1444	0	192.01	1	-6	62	106	44	(4,11)
1	2026-01-01 12:19:16.000	40637	459	1477	0	184.73	-1	-8	62	106	44	(4,12)
1	2026-01-01 12:19:17.000	40672	457	1508	0	205.1	1	-8	62	106	44	(4,12)
1	2026-01-01 12:19:18.000	40707	379	1455	0	232.01	3	-10	62	106	44	(3,11)
1	2026-01-01 12:19:19.000	40742	302	1381	0	194.12	5	-9	62	106	44	(2,11)
1	2026-01-01 12:19:20.000	40777	311	1418	0	156.79	4	-8	62	106	44	(2,11)
1	2026-01-01 12:19:21.000	40812	375	1475	0	135.92	2	-9	62	106	44	(3,12)
1	2026-01-01 12:19:22.000	40847	409	1415	0	106.09	1	-10	62	106	50	(3,11)
1	2026-01-01 12:19:23.000	40882	437	1364	0	89.69	2	-8	62	106	50	(3,11)
1	2026-01-01 12:19:24.000	40917	374	1355	0	102.5	4	-8	62	106	50	(3,11)
1	2026-01-01 12:19:25.000	40952	397	1358	0	84.58	6	-6	62	106	50	(3,11)
1	2026-01-01 12:19:26.000	40987	457	1399	0	90.55	4	-5	62	106	50	(4,11)
1	2026-01-01 12:19:27.000	41022	423	1464	0	110.97	4	-5	62	106	50	(3,11)
1	2026-01-01 12:19:28.000	41057	416	1428	0	145.56	5	-6	56	106	50	(3,11)
1	2026-01-01 12:19:29.000	41092	426	1490	0	168.86	3	-7	56	106	50	(3,12)
1	2026-01-01 12:19:30.000	41127	379	1511	0	155.94	2	-5	56	106	50	(3,12)
1	2026-01-01 12:19:31.000	41162	422	1585	0	116.49	1	-7	56	106	50	(3,12)
1	2026-01-01 12:19:32.000	41197	363	1513	0	140.72	0	-5	56	106	50	(3,12)
1	2026-01-01 12:19:33.000	41232	374	1477	0	157.08	1	-5	56	106	50	(3,12)
1	2026-01-01 12:19:34.000	41267	436	1517	0	184.87	3	-3	56	106	50	(3,12)
1	2026-01-01 12:19:35.000	41302	455	1475	0	184.13	5	-4	56	106	50	(4,12)
1	2026-01-01 12:19:36.000	41337	437	1511	0	226.28	5	-6	56	106	50	(3,12)
1	2026-01-01 12:19:37.000	41372	376	1574	0	210.76	4	-6	56	106	50	(3,12)
1	2026-01-01 12:19:38.000	41407	342	1605	0	243.84	4	-7	56	106	50	(3,13)
1	2026-01-01 12:19:39.000	41442	332	1684	0	209.31	4	-7	56	106	50	(3,13)
1	2026-01-01 12:19:40.000	41477	291	1761	0	199.02	5	-7	56	106	50	(2,14)
1	2026-01-01 12:19:41.000	41512	289	1771	0	159.54	3	-8	56	106	50	(2,14)
1	2026-01-01 12:19:42.000	41547	309	1740	0	132.58	5	-6	56	106	50	(2,14)
1	2026-01-01 12:19:43.000	41582	235	1687	0	118.35	4	-5	56	106	50	(2,13)
1	2026-01-01 12:19:44.000	41617	196	1622	0	133.73	4	-7	56	106	50	(2,13)
1	2026-01-01 12:19:45.000	41652	220	1613	0	92.76	4	-9	56	106	50	(2,13)
1	2026-01-01 12:19:46.000	41687	227	1552	64	50.44	4	-10	56	106	50	(2,12)
1	2026-01-01 12:19:47.000	41722	203	1578	8	67.41	4	-10	56	106	50	(2,12)
1	2026-01-01 12:19:48.000	41757	176	1566	32	22.55	2	-9	56	106	50	(1,12)
1	2026-01-01 12:19:49.000	41792	252	1595	32	341.55	0	-8	56	106	50	(2,12)
1	2026-01-01 12:19:50.000	41827	238	1664	32	330.03	0	-9	56	106	49	(2,13)
1	2026-01-01 12:19:51.000	41862	249	1627	32	302.47	2	-10	56	106	48	(2,13)
1	2026-01-01 12:19:52.000	41897	213	1705	32	347.22	2	-10	56	106	50	(2,13)
1	2026-01-01 12:19:53.000	41932	187	1703	32	331.01	0	-10	56	106	50	(1,13)
1	2026-01-01 12:19:54.000	41967	188	1739	32	295.93	-1	-10	56	106	50	(1,14)
1	2026-01-01 12:19:55.000	42002	123	1816	32	329.41	1	-10	56	106	50	(1,14)
1	2026-01-01 12:19:56.000	42037	133	1864	32	330.81	2	-10	56	106	50	(1,15)
1	2026-01-01 12:19:57.000	42072	212	1860	32	318.72	1	-10	56	106	50	(2,15)
1	2026-01-01 12:19:58.000	42107	227	1880	32	311.42	-1	-10	56	106	50	(2,15)
1	2026-01-01 12:19:59.000	42142	194	1884	32	335.72	-1	-10	56	106	50	(2,15)
2	2026-01-01 14:00:00.000	177	-1029	333	0	261.31	7	10	100	94	49	(-8,3)
2	2026-01-01 14:00:01.000	212	-954	412	0	296.64	7	10	100	94	49	(-7,3)
2	2026-01-01 14:00:02.000	247	-945	358	0	256.55	8	10	100	94	49	(-7,3)
2	2026-01-01 14:00:03.000	282	-972	413	0	219.91	10	10	100	94	49	(-8,3)
2	2026-01-01 14:00:04.000	317	-966	479	0	240.37	10	10	95	94	49	(-8,4)
2	2026-01-01 14:00:05.000	352	-918	518	0	196.39	10	10	95	94	49	(-7,4)
2	2026-01-01 14:00:06.000	387	-967	534	0	205.24	10	10	95	94	49	(-8,4)
2	2026-01-01 14:00:07.000	422	-1018	610	0	206.68	9	10	95	94	49	(-8,5)
2	2026-01-01 14:00:08.000	457	-1017	555	0	196.32	8	10	95	94	49	(-8,4)
2	2026-01-01 14:00:09.000	492	-1049	623	0	193.85	7	9	95	94	49	(-8,5)
2	2026-01-01 14:00:10.000	527	-1002	555	0	174.76	8	10	95	94	49	(-8,4)
2	2026-01-01 14:00:11.000	562	-1068	557	128	171.5	10	9	95	94	49	(-8,4)
2	2026-01-01 14:00:12.000	597	-1089	510	128	162.39	9	8	95	94	45	(-9,4)
2	2026-01-01 14:00:13.000	632	-1113	470	128	143.53	8	9	95	94	45	(-9,4)
2	2026-01-01 14:00:14.000	667	-1158	444	128	98.77	9	8	95	94	45	(-9,3)
2	2026-01-01 14:00:15.000	702	-1084	391	128	125.72	9	8	95	94	45	(-8,3)
2	2026-01-01 14:00:16.000	737	-1008	457	128	161.07	8	8	95	94	45	(-8,4)
2	2026-01-01 14:00:17.000	772	-954	460	128	127.16	7	9	95	94	45	(-7,4)
2	2026-01-01 14:00:18.000	807	-1025	427	128	93.53	6	8	95	94	45	(-8,3)
2	2026-01-01 14:00:19.000	842	-1022	397	40	49.53	8	9	95	94	45	(-8,3)
2	2026-01-01 14:00:20.000	877	-982	446	40	69.53	6	8	95	94	45	(-8,3)
2	2026-01-01 14:00:21.000	912	-1029	444	40	75.69	8	9	95	94	45	(-8,3)
2	2026-01-01 14:00:22.000	947	-1033	484	40	61.09	6	9	95	94	45	(-8,4)
2	2026-01-01 14:00:23.000	982	-1098	409	40	99.22	7	8	95	94	45	(-9,3)
2	2026-01-01 14:00:24.000	1017	-1052	466	40	61.54	5	9	95	94	45	(-8,4)
2	2026-01-01 14:00:25.000	1052	-1107	545	40	20.19	6	10	95	94	45	(-9,4)
2	2026-01-01 14:00:26.000	1087	-1037	469	40	31.26	5	9	95	94	45	(-8,4)
2	2026-01-01 14:00:27.000	1122	-1000	396	40	65.98	6	10	95	94	45	(-8,3)
2	2026-01-01 14:00:28.000	1157	-992	470	40	105.66	6	10	95	94	45	(-8,4)
2	2026-01-01 14:00:29.000	1192	-970	539	40	79.65	7	10	95	94	45	(-8,4)
2	2026-01-01 14:00:30.000	1227	-1002	568	40	48.0	5	10	95	94	45	(-8,4)
2	2026-01-01 14:00:31.000	1262	-1078	553	40	87.16	6	10	95	94	45	(-8,4)
2	2026-01-01 14:00:32.000	1297	-1048	621	40	99.27	4	9	95	94	45	(-8,5)
2	2026-01-01 14:00:33.000	1332	-1087	696	40	117.69	4	8	95	94	45	(-8,5)
2	2026-01-01 14:00:34.000	1367	-1080	719	40	101.17	3	10	95	94	45	(-8,6)
2	2026-01-01 14:00:35.000	1402	-1153	681	40	78.06	4	10	95	94	45	(-9,5)
2	2026-01-01 14:00:36.000	1437	-1077	735	40	60.96	2	10	88	94	45	(-8,6)
2	2026-01-01 14:00:37.000	1472	-1033	667	40	64.26	1	10	88	94	45	(-8,5)
2	2026-01-01 14:00:38.000	1507	-963	700	40	27.1	1	10	88	94	45	(-8,5)
2	2026-01-01 14:00:39.000	1542	-936	748	40	70.9	1	10	88	94	45	(-7,6)
2	2026-01-01 14:00:40.000	1577	-962	729	0	89.76	2	9	88	94	45	(-8,6)
2	2026-01-01 14:00:41.000	1612	-998	749	0	100.31	4	10	88	94	45	(-8,6)
2	2026-01-01 14:00:42.000	1647	-954	700	0	58.61	5	10	88	94	45	(-7,5)
2	2026-01-01 14:00:43.000	1682	-951	739	0	63.74	5	10	100	94	45	(-7,6)
2	2026-01-01 14:00:44.000	1717	-933	713	0	42.21	7	10	100	94	45	(-7,6)
2	2026-01-01 14:00:45.000	1752	-972	779	0	22.41	9	10	100	94	45	(-8,6)
2	2026-01-01 14:00:46.000	1787	-915	766	0	16.68	9	10	100	94	45	(-7,6)
2	2026-01-01 14:00:47.000	1822	-981	840	0	39.1	8	10	100	94	43	(-8,7)
2	2026-01-01 14:00:48.000	1857	-928	823	0	357.16	6	10	100	94	43	(-7,6)
2	2026-01-01 14:00:49.000	1892	-923	891	0	355.87	8	8	100	94	43	(-7,7)
2	2026-01-01 14:00:50.000	1927	-868	957	0	24.52	7	9	100	94	43	(-7,7)
2	2026-01-01 14:00:51.000	1962	-909	932	0	16.0	9	10	100	94	43	(-7,7)
2	2026-01-01 14:00:52.000	1997	-974	883	0	17.35	10	10	100	106	43	(-8,7)
2	2026-01-01 14:00:53.000	2032	-951	812	0	338.48	10	10	100	106	43	(-7,6)
2	2026-01-01 14:00:54.000	2067	-1022	824	0	350.06	10	10	100	106	50	(-8,6)
2	2026-01-01 14:00:55.000	2102	-977	856	64	337.93	9	10	100	106	50	(-8,7)
2	2026-01-01 14:00:56.000	2137	-933	861	-8	359.48	10	10	100	106	50	(-7,7)
2	2026-01-01 14:00:57.000	2172	-965	871	-8	14.71	10	10	100	106	50	(-8,7)
2	2026-01-01 14:00:58.000	2207	-924	894	-8	31.01	10	10	92	106	46	(-7,7)
2	2026-01-01 14:00:59.000	2242	-892	820	-8	59.97	10	9	92	106	46	(-7,6)
2	2026-01-01 14:01:00.000	2277	-863	748	-8	94.26	9	10	92	106	46	(-7,6)
2	2026-01-01 14:01:01.000	2312	-916	741	-8	86.84	9	10	92	106	46	(-7,6)
2	2026-01-01 14:01:02.000	2347	-959	797	-8	115.52	7	9	92	106	46	(-7,6)
2	2026-01-01 14:01:03.000	2382	-1006	875	-8	128.36	5	7	92	106	46	(-8,7)
2	2026-01-01 14:01:04.000	2417	-1067	890	-8	137.81	5	7	100	106	46	(-8,7)
2	2026-01-01 14:01:05.000	2452	-1021	926	-8	175.44	3	5	100	106	46	(-8,7)
2	2026-01-01 14:01:06.000	2487	-1025	956	-8	216.81	3	3	100	106	46	(-8,7)
2	2026-01-01 14:01:07.000	2522	-1003	908	-8	224.68	1	4	100	106	46	(-8,7)
2	2026-01-01 14:01:08.000	2557	-1013	939	-8	239.59	2	2	100	106	46	(-8,7)
2	2026-01-01 14:01:09.000	2592	-998	884	-8	241.18	0	4	100	106	46	(-8,7)
2	2026-01-01 14:01:10.000	2627	-1033	897	-8	269.61	-1	2	100	106	45	(-8,7)
2	2026-01-01 14:01:11.000	2662	-981	951	-8	285.24	0	1	100	106	45	(-8,7)
2	2026-01-01 14:01:12.000	2697	-1060	918	-8	245.37	2	-1	100	106	45	(-8,7)
2	2026-01-01 14:01:13.000	2732	-1029	970	-8	224.3	3	1	100	106	44	(-8,8)
2	2026-01-01 14:01:14.000	2767	-982	960	-8	224.34	3	2	100	106	44	(-8,8)
2	2026-01-01 14:01:15.000	2802	-1006	1027	-8	219.3	1	3	100	106	44	(-8,8)
2	2026-01-01 14:01:16.000	2837	-1003	1036	-8	193.11	3	2	100	106	44	(-8,8)
2	2026-01-01 14:01:17.000	2872	-988	1089	-8	219.08	4	1	100	106	50	(-8,9)
2	2026-01-01 14:01:18.000	2907	-1066	1141	-8	236.08	2	2	100	106	50	(-8,9)
2	2026-01-01 14:01:19.000	2942	-1066	1061	56	277.25	0	0	100	106	50	(-8,8)
2	2026-01-01 14:01:20.000	2977	-1123	1022	56	238.97	2	-1	100	106	50	(-9,8)
2	2026-01-01 14:01:21.000	3012	-1067	1071	0	275.57	1	-3	100	106	50	(-8,8)
2	2026-01-01 14:01:22.000	3047	-1055	1034	0	296.8	2	-4	100	106	50	(-8,8)
2	2026-01-01 14:01:23.000	3082	-987	1059	0	285.76	0	-5	100	106	50	(-8,8)
2	2026-01-01 14:01:24.000	3117	-1044	1029	0	323.22	0	-3	100	106	50	(-8,8)
2	2026-01-01 14:01:25.000	3152	-1103	995	0	326.98	-1	-2	100	106	50	(-9,8)
2	2026-01-01 14:01:26.000	3187	-1125	999	0	324.22	-2	0	100	106	50	(-9,8)
2	2026-01-01 14:01:27.000	3222	-1121	1000	0	307.4	-4	-1	100	106	50	(-9,8)
2	2026-01-01 14:01:28.000	3257	-1160	930	0	338.82	-2	-3	100	106	50	(-9,7)
2	2026-01-01 14:01:29.000	3292	-1113	900	0	337.24	-1	-4	100	106	50	(-9,7)
2	2026-01-01 14:01:30.000	3327	-1187	904	0	9.21	0	-2	100	106	50	(-9,7)
2	2026-01-01 14:01:31.000	3362	-1152	845	0	17.8	0	0	100	106	50	(-9,7)
2	2026-01-01 14:01:32.000	3397	-1147	917	0	49.02	0	-2	100	106	50	(-9,7)
2	2026-01-01 14:01:33.000	3432	-1194	860	0	71.38	-1	-1	100	106	50	(-9,7)
2	2026-01-01 14:01:34.000	3467	-1186	935	0	26.54	0	-1	100	106	50	(-9,7)
2	2026-01-01 14:01:35.000	3502	-1148	1000	0	60.87	0	0	100	106	50	(-9,8)
2	2026-01-01 14:01:36.000	3537	-1201	971	0	40.41	-1	-1	100	106	45	(-9,8)
2	2026-01-01 14:01:37.000	3572	-1241	980	0	68.81	-3	1	97	106	45	(-10,8)
2	2026-01-01 14:01:38.000	3607	-1167	927	0	68.35	-2	3	97	106	45	(-9,7)
2	2026-01-01 14:01:39.000	3642	-1193	931	0	29.38	0	5	96	106	45	(-9,7)
2	2026-01-01 14:01:40.000	3677	-1121	970	0	67.15	-1	6	96	106	43	(-9,8)
2	2026-01-01 14:01:41.000	3712	-1067	894	0	22.17	-1	4	96	106	43	(-8,7)
2	2026-01-01 14:01:42.000	3747	-1032	932	0	40.6	-2	3	96	106	43	(-8,7)
2	2026-01-01 14:01:43.000	3782	-970	899	0	79.25	-1	3	96	106	43	(-8,7)
2	2026-01-01 14:01:44.000	3817	-941	866	0	57.07	-1	2	96	106	43	(-7,7)
2	2026-01-01 14:01:45.000	3852	-906	875	0	56.37	-1	2	96	106	43	(-7,7)
2	2026-01-01 14:01:46.000	3887	-972	942	0	60.75	1	3	96	106	43	(-8,7)
2	2026-01-01 14:01:47.000	3922	-1035	1021	0	72.1	3	5	96	106	43	(-8,8)
2	2026-01-01 14:01:48.000	3957	-984	1082	0	44.26	3	7	96	106	43	(-8,8)
2	2026-01-01 14:01:49.000	3992	-1029	1117	0	69.28	1	6	96	106	43	(-8,9)
2	2026-01-01 14:01:50.000	4027	-953	1144	0	82.83	1	4	96	106	43	(-7,9)
2	2026-01-01 14:01:51.000	4062	-895	1078	0	111.65	-1	3	96	106	43	(-7,8)
2	2026-01-01 14:01:52.000	4097	-888	1104	0	107.88	-1	5	96	106	43	(-7,9)
2	2026-01-01 14:01:53.000	4132	-857	1168	0	150.6	-1	5	96	106	43	(-7,9)
2	2026-01-01 14:01:54.000	4167	-889	1099	0	142.56	-2	3	96	106	43	(-7,9)
2	2026-01-01 14:01:55.000	4202	-881	1179	0	127.33	-3	2	96	106	43	(-7,9)
2	2026-01-01 14:01:56.000	4237	-880	1160	0	166.64	-1	2	96	106	43	(-7,9)
2	2026-01-01 14:01:57.000	4272	-890	1181	0	205.7	-3	2	96	106	43	(-7,9)
2	2026-01-01 14:01:58.000	4307	-965	1102	0	181.08	-1	4	96	106	50	(-8,9)
2	2026-01-01 14:01:59.000	4342	-975	1072	24	164.48	1	2	96	106	50	(-8,8)
2	2026-01-01 14:02:00.000	4377	-1046	1122	24	150.76	3	0	96	106	50	(-8,9)
2	2026-01-01 14:02:01.000	4412	-1022	1189	24	174.8	2	-2	96	106	50	(-8,9)
2	2026-01-01 14:02:02.000	4447	-953	1114	24	146.95	3	-1	96	106	50	(-7,9)
2	2026-01-01 14:02:03.000	4482	-930	1148	24	180.27	5	0	96	106	50	(-7,9)
2	2026-01-01 14:02:04.000	4517	-890	1144	24	217.21	6	-1	96	106	50	(-7,9)
2	2026-01-01 14:02:05.000	4552	-890	1159	24	183.84	7	1	96	106	50	(-7,9)
2	2026-01-01 14:02:06.000	4587	-875	1181	24	217.76	9	3	96	106	50	(-7,9)
2	2026-01-01 14:02:07.000	4622	-898	1132	24	179.63	10	3	88	106	50	(-7,9)
2	2026-01-01 14:02:08.000	4657	-977	1147	24	217.97	10	1	88	106	50	(-8,9)
2	2026-01-01 14:02:09.000	4692	-931	1197	24	203.12	9	-1	88	106	50	(-7,9)
2	2026-01-01 14:02:10.000	4727	-870	1252	24	246.27	9	1	82	106	50	(-7,10)
2	2026-01-01 14:02:11.000	4762	-814	1234	24	201.48	8	2	82	106	50	(-6,10)
2	2026-01-01 14:02:12.000	4797	-883	1191	24	178.76	10	4	82	106	50	(-7,9)
2	2026-01-01 14:02:13.000	4832	-845	1213	24	134.76	10	5	82	106	50	(-7,9)
2	2026-01-01 14:02:14.000	4867	-802	1171	24	116.03	10	5	82	106	48	(-6,9)
2	2026-01-01 14:02:15.000	4902	-852	1121	24	112.99	10	4	82	106	48	(-7,9)
2	2026-01-01 14:02:16.000	4937	-927	1085	24	107.12	10	3	82	106	46	(-7,8)
2	2026-01-01 14:02:17.000	4972	-962	1150	8	135.02	10	1	82	106	46	(-8,9)
2	2026-01-01 14:02:18.000	5007	-1006	1122	8	166.39	10	0	82	106	46	(-8,9)
2	2026-01-01 14:02:19.000	5042	-976	1180	8	151.86	10	-2	82	106	46	(-8,9)
2	2026-01-01 14:02:20.000	5077	-986	1223	8	157.3	10	-3	82	106	46	(-8,10)
2	2026-01-01 14:02:21.000	5112	-934	1282	8	197.06	10	-1	82	106	46	(-7,10)
2	2026-01-01 14:02:22.000	5147	-1003	1243	8	241.42	10	1	82	106	46	(-8,10)
2	2026-01-01 14:02:23.000	5182	-985	1267	8	199.16	10	1	82	106	46	(-8,10)
2	2026-01-01 14:02:24.000	5217	-1060	1234	8	162.96	10	0	82	106	46	(-8,10)
2	2026-01-01 14:02:25.000	5252	-1038	1218	8	201.81	9	2	82	106	46	(-8,10)
2	2026-01-01 14:02:26.000	5287	-1042	1195	32	193.37	10	0	82	106	46	(-8,9)
2	2026-01-01 14:02:27.000	5322	-1067	1178	0	232.56	8	2	82	106	46	(-8,9)
2	2026-01-01 14:02:28.000	5357	-1009	1232	0	269.17	8	2	82	106	46	(-8,10)
2	2026-01-01 14:02:29.000	5392	-1077	1207	0	306.71	9	0	82	106	46	(-8,9)
2	2026-01-01 14:02:30.000	5427	-1080	1255	0	281.56	10	0	82	106	46	(-8,10)
2	2026-01-01 14:02:31.000	5462	-1142	1230	0	273.55	8	-2	82	106	46	(-9,10)
2	2026-01-01 14:02:32.000	5497	-1168	1196	0	284.94	10	-4	82	106	46	(-9,9)
2	2026-01-01 14:02:33.000	5532	-1211	1211	0	297.54	9	-3	82	106	46	(-9,9)
2	2026-01-01 14:02:34.000	5567	-1203	1256	0	277.29	10	-4	82	106	46	(-9,10)
2	2026-01-01 14:02:35.000	5602	-1191	1236	64	271.16	10	-5	82	106	46	(-9,10)
2	2026-01-01 14:02:36.000	5637	-1264	1233	64	226.83	8	-3	82	106	46	(-10,10)
2	2026-01-01 14:02:37.000	5672	-1320	1298	64	183.92	7	-1	82	106	46	(-10,10)
2	2026-01-01 14:02:38.000	5707	-1345	1276	64	153.23	6	0	82	106	46	(-11,10)
2	2026-01-01 14:02:39.000	5742	-1362	1352	16	179.11	8	-2	82	106	42	(-11,11)
2	2026-01-01 14:02:40.000	5777	-1299	1281	16	188.79	8	-2	82	106	42	(-10,10)
2	2026-01-01 14:02:41.000	5812	-1231	1242	16	162.48	8	-4	82	106	42	(-10,10)
2	2026-01-01 14:02:42.000	5847	-1250	1208	16	156.89	6	-3	82	106	42	(-10,9)
2	2026-01-01 14:02:43.000	5882	-1201	1245	16	150.66	5	-1	82	106	42	(-9,10)
2	2026-01-01 14:02:44.000	5917	-1277	1280	16	169.56	7	-1	82	106	42	(-10,10)
2	2026-01-01 14:02:45.000	5952	-1280	1226	40	174.71	5	-3	82	106	42	(-10,10)
2	2026-01-01 14:02:46.000	5987	-1265	1302	40	211.23	7	-2	82	106	42	(-10,10)
2	2026-01-01 14:02:47.000	6022	-1292	1374	40	167.14	6	-4	82	106	42	(-10,11)
2	2026-01-01 14:02:48.000	6057	-1361	1369	40	192.93	4	-3	82	106	42	(-11,11)
2	2026-01-01 14:02:49.000	6092	-1434	1311	40	183.1	6	-5	82	106	42	(-11,10)
2	2026-01-01 14:02:50.000	6127	-1406	1322	40	187.1	5	-7	82	106	42	(-11,10)
2	2026-01-01 14:02:51.000	6162	-1454	1330	40	219.61	5	-8	82	106	42	(-11,10)
2	2026-01-01 14:02:52.000	6197	-1499	1351	40	180.33	7	-9	82	106	42	(-12,11)
2	2026-01-01 14:02:53.000	6232	-1434	1271	40	219.79	5	-7	82	106	39	(-11,10)
2	2026-01-01 14:02:54.000	6267	-1428	1211	0	203.89	5	-8	82	106	39	(-11,9)
2	2026-01-01 14:02:55.000	6302	-1353	1136	0	201.19	3	-7	82	106	39	(-11,9)
2	2026-01-01 14:02:56.000	6337	-1413	1094	0	224.54	5	-7	82	106	39	(-11,9)
2	2026-01-01 14:02:57.000	6372	-1409	1152	0	180.01	5	-6	82	106	39	(-11,9)
2	2026-01-01 14:02:58.000	6407	-1354	1195	0	160.46	6	-4	82	106	39	(-11,9)
2	2026-01-01 14:02:59.000	6442	-1319	1220	128	182.06	5	-3	82	106	36	(-10,10)
2	2026-01-01 14:03:00.000	6477	-1272	1212	128	143.27	6	-3	82	106	36	(-10,9)
2	2026-01-01 14:03:01.000	6512	-1333	1261	128	179.92	7	-5	82	106	36	(-10,10)
2	2026-01-01 14:03:02.000	6547	-1283	1214	128	219.86	8	-7	82	106	36	(-10,9)
2	2026-01-01 14:03:03.000	6582	-1269	1257	128	232.23	9	-7	82	106	42	(-10,10)
2	2026-01-01 14:03:04.000	6617	-1261	1289	128	270.02	9	-9	82	106	42	(-10,10)
2	2026-01-01 14:03:05.000	6652	-1193	1222	-16	272.98	9	-7	82	106	42	(-9,10)
2	2026-01-01 14:03:06.000	6687	-1184	1257	-16	250.0	8	-6	82	106	42	(-9,10)
2	2026-01-01 14:03:07.000	6722	-1247	1246	-16	207.55	6	-6	82	106	42	(-10,10)
2	2026-01-01 14:03:08.000	6757	-1205	1204	-16	163.47	5	-7	82	106	42	(-9,9)
2	2026-01-01 14:03:09.000	6792	-1274	1227	-16	135.09	7	-5	82	106	42	(-10,10)
2	2026-01-01 14:03:10.000	6827	-1345	1157	-16	160.22	6	-5	82	106	42	(-11,9)
2	2026-01-01 14:03:11.000	6862	-1320	1145	-16	141.4	5	-3	82	106	42	(-10,9)
2	2026-01-01 14:03:12.000	6897	-1306	1086	-16	171.87	7	-3	82	106	42	(-10,8)
2	2026-01-01 14:03:13.000	6932	-1265	1118	-16	142.78	5	-1	82	106	42	(-10,9)
2	2026-01-01 14:03:14.000	6967	-1329	1086	-16	113.03	5	-3	82	106	42	(-10,8)
2	2026-01-01 14:03:15.000	7002	-1362	1024	-16	101.44	4	-5	82	106	42	(-11,8)
2	2026-01-01 14:03:16.000	7037	-1376	1070	-16	95.5	5	-3	82	106	42	(-11,8)
2	2026-01-01 14:03:17.000	7072	-1325	1016	0	70.44	7	-2	82	106	42	(-10,8)
2	2026-01-01 14:03:18.000	7107	-1358	1071	0	41.09	6	-4	82	106	42	(-11,8)
2	2026-01-01 14:03:19.000	7142	-1369	1071	0	84.19	5	-4	82	106	42	(-11,8)
2	2026-01-01 14:03:20.000	7177	-1391	1097	0	47.62	5	-5	82	106	42	(-11,9)
2	2026-01-01 14:03:21.000	7212	-1401	1075	0	10.32	5	-7	82	106	42	(-11,8)
2	2026-01-01 14:03:22.000	7247	-1365	1138	0	354.61	3	-7	82	106	42	(-11,9)
2	2026-01-01 14:03:23.000	7282	-1333	1194	0	33.39	4	-5	82	106	42	(-10,9)
2	2026-01-01 14:03:24.000	7317	-1344	1223	0	357.87	4	-5	75	106	42	(-10,10)
2	2026-01-01 14:03:25.000	7352	-1318	1268	0	335.11	2	-7	75	106	42	(-10,10)
2	2026-01-01 14:03:26.000	7387	-1346	1269	0	343.64	1	-6	75	106	42	(-11,10)
2	2026-01-01 14:03:27.000	7422	-1373	1285	0	20.65	1	-5	75	106	39	(-11,10)
2	2026-01-01 14:03:28.000	7457	-1315	1319	0	341.87	2	-7	75	106	39	(-10,10)
2	2026-01-01 14:03:29.000	7492	-1301	1276	0	298.33	3	-5	75	106	39	(-10,10)
2	2026-01-01 14:03:30.000	7527	-1225	1229	0	315.68	5	-5	75	106	39	(-10,10)
2	2026-01-01 14:03:31.000	7562	-1162	1269	0	341.95	4	-4	75	106	39	(-9,10)
2	2026-01-01 14:03:32.000	7597	-1174	1338	0	18.36	5	-2	75	106	39	(-9,10)
2	2026-01-01 14:03:33.000	7632	-1209	1261	0	43.56	7	0	75	106	39	(-9,10)
2	2026-01-01 14:03:34.000	7667	-1155	1223	0	83.77	5	-2	75	106	39	(-9,10)
2	2026-01-01 14:03:35.000	7702	-1083	1190	0	112.68	4	0	75	106	39	(-8,9)
2	2026-01-01 14:03:36.000	7737	-1104	1215	8	114.31	3	0	75	106	50	(-9,9)
2	2026-01-01 14:03:37.000	7772	-1090	1242	8	97.0	3	-1	75	106	48	(-9,10)
2	2026-01-01 14:03:38.000	7807	-1112	1163	8	55.25	3	-2	75	106	48	(-9,9)
2	2026-01-01 14:03:39.000	7842	-1043	1201	8	54.72	3	-3	75	106	45	(-8,9)
2	2026-01-01 14:03:40.000	7877	-1103	1183	8	80.81	4	-4	75	106	45	(-9,9)
2	2026-01-01 14:03:41.000	7912	-1115	1144	8	87.81	3	-2	75	106	43	(-9,9)
2	2026-01-01 14:03:42.000	7947	-1043	1079	32	99.56	1	-2	75	106	43	(-8,8)
2	2026-01-01 14:03:43.000	7982	-997	1032	128	67.93	1	-2	75	106	43	(-8,8)
2	2026-01-01 14:03:44.000	8017	-991	1066	128	59.96	1	0	75	106	43	(-8,8)
2	2026-01-01 14:03:45.000	8052	-1030	1117	128	53.33	0	1	75	106	43	(-8,9)
2	2026-01-01 14:03:46.000	8087	-1104	1141	128	23.01	1	1	75	106	43	(-9,9)
2	2026-01-01 14:03:47.000	8122	-1070	1083	128	32.51	1	0	75	106	43	(-8,8)
2	2026-01-01 14:03:48.000	8157	-1031	1076	128	70.32	1	2	75	106	50	(-8,8)
2	2026-01-01 14:03:49.000	8192	-1093	1043	128	99.07	0	1	75	106	50	(-9,8)
2	2026-01-01 14:03:50.000	8227	-1137	1066	128	117.52	1	-1	75	106	50	(-9,8)
2	2026-01-01 14:03:51.000	8262	-1149	1103	128	119.75	-1	-3	75	106	50	(-9,9)
2	2026-01-01 14:03:52.000	8297	-1106	1023	128	145.52	1	-4	75	106	50	(-9,8)
2	2026-01-01 14:03:53.000	8332	-1150	1069	0	102.48	3	-4	75	106	50	(-9,8)
2	2026-01-01 14:03:54.000	8367	-1110	1058	0	90.15	3	-4	75	106	50	(-9,8)
2	2026-01-01 14:03:55.000	8402	-1128	1007	-16	57.42	2	-6	75	106	46	(-9,8)
2	2026-01-01 14:03:56.000	8437	-1093	1053	-16	93.31	4	-7	75	106	46	(-9,8)
2	2026-01-01 14:03:57.000	8472	-1069	1016	-16	74.53	5	-5	75	106	46	(-8,8)
2	2026-01-01 14:03:58.000	8507	-1029	1030	-16	37.43	7	-5	75	106	46	(-8,8)
2	2026-01-01 14:03:59.000	8542	-993	958	-16	359.13	5	-7	75	106	46	(-8,7)
2	2026-01-01 14:04:00.000	8577	-1006	946	-16	19.02	3	-8	75	106	46	(-8,7)
2	2026-01-01 14:04:01.000	8612	-948	1004	-16	343.25	3	-9	75	106	46	(-7,8)
2	2026-01-01 14:04:02.000	8647	-949	961	-16	19.78	5	-8	75	106	46	(-7,8)
2	2026-01-01 14:04:03.000	8682	-951	884	-16	11.11	5	-6	75	106	44	(-7,7)
2	2026-01-01 14:04:04.000	8717	-943	942	-16	351.52	3	-4	75	106	44	(-7,7)
2	2026-01-01 14:04:05.000	8752	-1013	999	-16	35.66	2	-6	75	106	44	(-8,8)
2	2026-01-01 14:04:06.000	8787	-957	953	-16	80.13	3	-5	75	106	44	(-7,7)
2	2026-01-01 14:04:07.000	8822	-931	934	-16	77.78	4	-6	75	106	44	(-7,7)
2	2026-01-01 14:04:08.000	8857	-944	957	-16	37.01	4	-6	75	106	44	(-7,7)
2	2026-01-01 14:04:09.000	8892	-987	923	-16	62.34	5	-4	75	106	44	(-8,7)
2	2026-01-01 14:04:10.000	8927	-1024	961	0	22.56	3	-4	75	106	43	(-8,8)
2	2026-01-01 14:04:11.000	8962	-1031	891	0	4.38	3	-3	75	106	43	(-8,7)
2	2026-01-01 14:04:12.000	8997	-1030	835	0	34.41	3	-5	75	106	43	(-8,7)
2	2026-01-01 14:04:13.000	9032	-1053	779	0	38.11	3	-7	75	106	43	(-8,6)
2	2026-01-01 14:04:14.000	9067	-1088	796	0	353.41	4	-7	75	106	43	(-8,6)
2	2026-01-01 14:04:15.000	9102	-1018	838	0	313.74	6	-5	75	106	43	(-8,7)
2	2026-01-01 14:04:16.000	9137	-938	894	0	325.99	7	-7	75	106	43	(-7,7)
2	2026-01-01 14:04:17.000	9172	-946	821	0	317.54	6	-7	75	106	43	(-7,6)
2	2026-01-01 14:04:18.000	9207	-890	853	0	327.77	4	-6	75	106	43	(-7,7)
2	2026-01-01 14:04:19.000	9242	-961	836	0	8.37	2	-6	75	106	38	(-8,7)
2	2026-01-01 14:04:20.000	9277	-954	813	0	38.95	2	-4	75	106	50	(-7,6)
2	2026-01-01 14:04:21.000	9312	-1025	859	16	76.78	1	-2	75	106	50	(-8,7)
2	2026-01-01 14:04:22.000	9347	-1067	914	16	106.5	3	0	75	106	50	(-8,7)
2	2026-01-01 14:04:23.000	9382	-998	921	16	88.1	3	-2	75	106	50	(-8,7)
2	2026-01-01 14:04:24.000	9417	-955	919	16	91.93	2	-1	75	106	50	(-7,7)
2	2026-01-01 14:04:25.000	9452	-1034	892	16	131.38	4	-1	75	106	50	(-8,7)
2	2026-01-01 14:04:26.000	9487	-1102	966	16	149.54	6	-2	75	106	50	(-9,8)
2	2026-01-01 14:04:27.000	9522	-1124	995	16	188.14	5	-2	75	106	50	(-9,8)
2	2026-01-01 14:04:28.000	9557	-1100	1003	16	213.21	7	-1	75	106	50	(-9,8)
2	2026-01-01 14:04:29.000	9592	-1064	1011	16	248.34	9	-1	75	106	50	(-8,8)
2	2026-01-01 14:04:30.000	9627	-1018	1040	16	210.22	10	-1	75	106	50	(-8,8)
2	2026-01-01 14:04:31.000	9662	-1001	1015	16	200.16	8	1	75	106	50	(-8,8)
2	2026-01-01 14:04:32.000	9697	-1035	1030	16	201.14	6	3	75	106	50	(-8,8)
2	2026-01-01 14:04:33.000	9732	-1073	1109	24	196.96	4	2	75	106	50	(-8,9)
2	2026-01-01 14:04:34.000	9767	-1065	1181	24	240.29	6	0	75	106	50	(-8,9)
2	2026-01-01 14:04:35.000	9802	-1078	1191	24	229.85	8	2	75	106	50	(-8,9)
2	2026-01-01 14:04:36.000	9837	-1009	1127	24	210.7	6	4	75	106	50	(-8,9)
2	2026-01-01 14:04:37.000	9872	-1046	1083	24	253.23	5	3	95	106	50	(-8,8)
2	2026-01-01 14:04:38.000	9907	-1043	1139	24	271.16	4	1	95	106	50	(-8,9)
2	2026-01-01 14:04:39.000	9942	-1063	1059	24	312.26	3	3	95	106	50	(-8,8)
2	2026-01-01 14:04:40.000	9977	-1047	1042	24	281.08	5	4	95	106	50	(-8,8)
2	2026-01-01 14:04:41.000	10012	-1009	965	24	297.25	4	3	95	106	50	(-8,8)
2	2026-01-01 14:04:42.000	10047	-1069	971	24	263.14	4	5	95	106	50	(-8,8)
2	2026-01-01 14:04:43.000	10082	-1041	1049	24	275.75	2	4	95	106	50	(-8,8)
2	2026-01-01 14:04:44.000	10117	-978	1004	24	296.1	1	6	95	106	50	(-8,8)
2	2026-01-01 14:04:45.000	10152	-1041	933	24	291.99	2	5	95	106	50	(-8,7)
2	2026-01-01 14:04:46.000	10187	-1005	867	24	334.96	0	5	95	106	50	(-8,7)
2	2026-01-01 14:04:47.000	10222	-1033	794	24	15.51	-1	5	95	106	50	(-8,6)
2	2026-01-01 14:04:48.000	10257	-1046	815	24	54.47	-2	4	95	106	50	(-8,6)
2	2026-01-01 14:04:49.000	10292	-1004	749	24	64.04	-2	3	95	106	50	(-8,6)
2	2026-01-01 14:04:50.000	10327	-1026	709	24	68.06	0	2	95	106	50	(-8,6)
2	2026-01-01 14:04:51.000	10362	-963	764	-16	30.72	1	4	88	106	50	(-8,6)
2	2026-01-01 14:04:52.000	10397	-946	816	-16	59.48	0	5	88	106	50	(-7,6)
2	2026-01-01 14:04:53.000	10432	-868	815	-16	74.96	1	5	88	106	50	(-7,6)
2	2026-01-01 14:04:54.000	10467	-816	891	-16	113.01	1	6	88	106	50	(-6,7)
2	2026-01-01 14:04:55.000	10502	-796	900	-16	105.01	2	7	88	106	50	(-6,7)
2	2026-01-01 14:04:56.000	10537	-830	858	-16	138.47	4	7	88	106	50	(-6,7)
2	2026-01-01 14:04:57.000	10572	-867	900	-16	135.09	6	6	88	106	50	(-7,7)
2	2026-01-01 14:04:58.000	10607	-860	960	-16	117.62	6	8	88	106	50	(-7,8)
2	2026-01-01 14:04:59.000	10642	-804	974	-16	157.0	5	7	88	106	50	(-6,8)
2	2026-01-01 14:05:00.000	10677	-761	913	-16	159.16	3	9	88	106	50	(-6,7)
2	2026-01-01 14:05:01.000	10712	-696	988	-16	161.56	5	7	88	106	50	(-5,8)
2	2026-01-01 14:05:02.000	10747	-662	928	-16	152.88	5	6	88	106	50	(-5,7)
2	2026-01-01 14:05:03.000	10782	-582	998	-16	182.53	7	6	88	106	50	(-5,8)
2	2026-01-01 14:05:04.000	10817	-611	1019	-16	172.43	9	6	88	106	50	(-5,8)
2	2026-01-01 14:05:05.000	10852	-621	1021	-16	154.6	10	7	88	106	50	(-5,8)
2	2026-01-01 14:05:06.000	10887	-591	1098	-16	127.53	8	6	88	106	50	(-5,9)
2	2026-01-01 14:05:07.000	10922	-579	1084	-16	105.2	6	6	88	106	50	(-5,8)
2	2026-01-01 14:05:08.000	10957	-513	1021	-16	125.08	8	6	88	106	50	(-4,8)
2	2026-01-01 14:05:09.000	10992	-558	973	-16	136.51	6	7	88	106	50	(-4,8)
2	2026-01-01 14:05:10.000	11027	-589	1051	-16	140.3	5	5	88	106	50	(-5,8)
2	2026-01-01 14:05:11.000	11062	-621	996	8	109.32	4	7	88	106	50	(-5,8)
2	2026-01-01 14:05:12.000	11097	-638	944	8	86.61	6	6	88	106	50	(-5,7)
2	2026-01-01 14:05:13.000	11132	-564	999	8	113.56	4	6	88	106	50	(-4,8)
2	2026-01-01 14:05:14.000	11167	-512	1059	8	115.19	2	8	88	106	47	(-4,8)
2	2026-01-01 14:05:15.000	11202	-480	1032	8	81.72	3	6	88	106	47	(-4,8)
2	2026-01-01 14:05:16.000	11237	-406	1090	8	119.24	4	6	88	106	47	(-3,9)
2	2026-01-01 14:05:17.000	11272	-384	1131	0	157.9	4	6	88	106	47	(-3,9)
2	2026-01-01 14:05:18.000	11307	-395	1073	0	115.5	5	8	88	106	47	(-3,8)
2	2026-01-01 14:05:19.000	11342	-336	1053	0	87.11	6	7	88	106	47	(-3,8)
2	2026-01-01 14:05:20.000	11377	-256	1022	0	89.96	6	5	88	106	47	(-2,8)
2	2026-01-01 14:05:21.000	11412	-248	965	0	55.37	7	5	88	106	47	(-2,8)
2	2026-01-01 14:05:22.000	11447	-190	967	0	84.3	7	5	88	106	47	(-1,8)
2	2026-01-01 14:05:23.000	11482	-235	983	0	78.43	8	6	88	106	43	(-2,8)
2	2026-01-01 14:05:24.000	11517	-193	984	0	99.45	6	6	88	106	43	(-2,8)
2	2026-01-01 14:05:25.000	11552	-171	908	0	64.69	6	4	88	106	43	(-1,7)
2	2026-01-01 14:05:26.000	11587	-160	911	0	86.99	6	3	88	106	43	(-1,7)
2	2026-01-01 14:05:27.000	11622	-177	915	0	90.09	6	4	88	106	43	(-1,7)
2	2026-01-01 14:05:28.000	11657	-203	894	0	123.84	5	5	88	106	43	(-2,7)
2	2026-01-01 14:05:29.000	11692	-181	946	0	104.21	6	6	88	106	40	(-1,7)
2	2026-01-01 14:05:30.000	11727	-119	964	0	72.12	8	5	88	106	40	(-1,8)
2	2026-01-01 14:05:31.000	11762	-55	926	0	44.77	9	4	88	106	35	(0,7)
2	2026-01-01 14:05:32.000	11797	-31	910	0	68.98	9	3	88	106	35	(0,7)
2	2026-01-01 14:05:33.000	11832	34	916	0	101.15	10	4	88	106	35	(0,7)
2	2026-01-01 14:05:34.000	11867	-5	930	56	133.19	10	5	88	106	32	(0,7)
2	2026-01-01 14:05:35.000	11902	-70	963	56	140.06	10	3	88	106	32	(-1,8)
2	2026-01-01 14:05:36.000	11937	-34	982	56	95.07	10	5	88	106	32	(0,8)
2	2026-01-01 14:05:37.000	11972	-36	919	56	108.63	10	7	88	106	32	(0,7)
2	2026-01-01 14:05:38.000	12007	-34	918	56	122.23	10	8	88	106	32	(0,7)
2	2026-01-01 14:05:39.000	12042	-69	955	56	87.77	8	6	88	106	32	(-1,7)
2	2026-01-01 14:05:40.000	12077	-93	1000	56	49.37	6	4	88	106	32	(-1,8)
2	2026-01-01 14:05:41.000	12112	-152	1036	56	9.41	8	2	88	106	32	(-1,8)
2	2026-01-01 14:05:42.000	12147	-135	956	56	2.99	6	1	88	106	32	(-1,7)
2	2026-01-01 14:05:43.000	12182	-158	907	56	19.88	4	1	88	106	32	(-1,7)
2	2026-01-01 14:05:44.000	12217	-100	850	56	11.82	3	3	88	106	32	(-1,7)
2	2026-01-01 14:05:45.000	12252	-90	770	56	20.7	3	3	88	106	32	(-1,6)
2	2026-01-01 14:05:46.000	12287	-94	820	56	60.94	3	2	88	106	32	(-1,6)
2	2026-01-01 14:05:47.000	12322	-66	752	56	42.74	5	0	88	106	32	(-1,6)
2	2026-01-01 14:05:48.000	12357	-65	721	56	71.79	6	-2	85	106	32	(-1,6)
2	2026-01-01 14:05:49.000	12392	-44	726	56	50.97	5	0	85	106	32	(0,6)
2	2026-01-01 14:05:50.000	12427	-45	753	56	75.59	6	-1	85	106	32	(0,6)
2	2026-01-01 14:05:51.000	12462	-24	785	56	119.13	7	1	85	106	32	(0,6)
2	2026-01-01 14:05:52.000	12497	-103	771	56	151.18	6	-1	85	106	32	(-1,6)
2	2026-01-01 14:05:53.000	12532	-48	732	56	106.97	6	0	85	106	32	(0,6)
2	2026-01-01 14:05:54.000	12567	-89	667	56	107.07	5	1	85	106	32	(-1,5)
2	2026-01-01 14:05:55.000	12602	-51	714	56	76.23	4	2	85	106	32	(0,6)
2	2026-01-01 14:05:56.000	12637	-62	793	56	69.92	4	0	85	106	32	(0,6)
2	2026-01-01 14:05:57.000	12672	-1	768	56	102.07	6	0	85	106	30	(0,6)
2	2026-01-01 14:05:58.000	12707	74	811	56	104.54	7	2	85	106	30	(1,6)
2	2026-01-01 14:05:59.000	12742	121	807	56	68.13	6	4	85	106	30	(1,6)
2	2026-01-01 14:06:00.000	12777	190	746	56	99.62	4	4	85	106	30	(1,6)
2	2026-01-01 14:06:01.000	12812	173	770	56	66.52	4	4	85	106	30	(1,6)
2	2026-01-01 14:06:02.000	12847	164	834	56	101.08	3	3	85	106	30	(1,7)
2	2026-01-01 14:06:03.000	12882	109	791	56	65.08	4	3	85	106	30	(1,6)
2	2026-01-01 14:06:04.000	12917	157	849	56	27.91	5	5	85	106	30	(1,7)
2	2026-01-01 14:06:05.000	12952	135	886	56	52.45	4	7	85	106	30	(1,7)
2	2026-01-01 14:06:06.000	12987	81	826	56	45.37	6	8	85	106	30	(1,6)
2	2026-01-01 14:06:07.000	13022	38	886	56	81.17	5	7	85	106	30	(0,7)
2	2026-01-01 14:06:08.000	13057	-40	826	0	71.08	3	7	85	106	30	(0,6)
2	2026-01-01 14:06:09.000	13092	-12	870	128	37.24	1	5	85	106	30	(0,7)
2	2026-01-01 14:06:10.000	13127	0	939	128	68.39	0	7	85	106	25	(0,7)
2	2026-01-01 14:06:11.000	13162	32	908	128	46.4	1	9	85	106	25	(0,7)
2	2026-01-01 14:06:12.000	13197	99	892	128	18.88	1	10	85	106	25	(1,7)
2	2026-01-01 14:06:13.000	13232	177	894	128	43.79	-1	9	85	106	25	(1,7)
2	2026-01-01 14:06:14.000	13267	250	910	128	63.39	1	8	85	106	25	(2,7)
2	2026-01-01 14:06:15.000	13302	183	899	128	64.41	-1	6	85	106	25	(1,7)
2	2026-01-01 14:06:16.000	13337	115	851	128	108.43	-1	7	85	106	25	(1,7)
2	2026-01-01 14:06:17.000	13372	139	804	0	126.8	-2	5	85	106	25	(1,6)
2	2026-01-01 14:06:18.000	13407	191	825	0	85.0	-3	7	85	106	25	(1,6)
2	2026-01-01 14:06:19.000	13442	137	846	0	103.69	-1	9	85	106	25	(1,7)
2	2026-01-01 14:06:20.000	13477	179	812	0	109.25	-2	9	85	106	25	(1,6)
2	2026-01-01 14:06:21.000	13512	149	859	0	89.4	0	10	85	106	25	(1,7)
2	2026-01-01 14:06:22.000	13547	154	900	0	91.47	2	10	85	106	25	(1,7)
2	2026-01-01 14:06:23.000	13582	86	825	0	60.24	2	10	85	106	25	(1,6)
2	2026-01-01 14:06:24.000	13617	116	783	0	102.31	4	10	85	106	25	(1,6)
2	2026-01-01 14:06:25.000	13652	136	717	0	132.19	2	10	85	106	25	(1,6)
2	2026-01-01 14:06:26.000	13687	125	768	0	94.23	0	10	85	106	25	(1,6)
2	2026-01-01 14:06:27.000	13722	104	731	0	120.64	1	10	85	106	25	(1,6)
2	2026-01-01 14:06:28.000	13757	106	683	0	112.75	2	9	85	106	25	(1,5)
2	2026-01-01 14:06:29.000	13792	80	614	0	154.69	4	10	85	106	25	(1,5)
2	2026-01-01 14:06:30.000	13827	104	653	0	167.91	4	10	85	106	25	(1,5)
2	2026-01-01 14:06:31.000	13862	89	577	0	177.74	4	10	80	106	25	(1,5)
2	2026-01-01 14:06:32.000	13897	112	518	24	164.48	3	8	80	106	25	(1,4)
2	2026-01-01 14:06:33.000	13932	165	509	24	185.55	5	9	88	106	25	(1,4)
2	2026-01-01 14:06:34.000	13967	201	506	24	165.93	5	10	88	106	25	(2,4)
2	2026-01-01 14:06:35.000	14002	245	444	24	168.6	6	9	88	106	25	(2,3)
2	2026-01-01 14:06:36.000	14037	218	481	24	133.12	4	10	88	106	25	(2,4)
2	2026-01-01 14:06:37.000	14072	162	540	24	135.96	5	9	88	106	25	(1,4)
2	2026-01-01 14:06:38.000	14107	163	521	24	177.67	6	9	88	106	25	(1,4)
2	2026-01-01 14:06:39.000	14142	92	523	24	171.09	8	7	88	106	25	(1,4)
2	2026-01-01 14:06:40.000	14177	75	583	24	163.87	6	7	88	106	25	(1,5)
2	2026-01-01 14:06:41.000	14212	76	503	24	160.15	4	8	88	106	25	(1,4)
2	2026-01-01 14:06:42.000	14247	126	464	24	168.73	4	10	88	106	20	(1,4)
2	2026-01-01 14:06:43.000	14282	155	506	24	158.56	3	10	88	106	20	(1,4)
2	2026-01-01 14:06:44.000	14317	183	518	24	151.87	3	10	78	106	20	(1,4)
2	2026-01-01 14:06:45.000	14352	259	480	24	131.26	3	9	78	106	20	(2,4)
2	2026-01-01 14:06:46.000	14387	335	516	24	122.96	3	9	78	106	20	(3,4)
2	2026-01-01 14:06:47.000	14422	330	471	24	138.13	1	8	78	106	20	(3,4)
2	2026-01-01 14:06:48.000	14457	298	513	24	134.86	0	9	78	106	20	(2,4)
2	2026-01-01 14:06:49.000	14492	339	543	-16	158.44	1	8	78	106	20	(3,4)
2	2026-01-01 14:06:50.000	14527	300	531	-16	174.31	1	6	78	106	20	(2,4)
2	2026-01-01 14:06:51.000	14562	340	474	-16	153.37	-1	5	78	106	19	(3,4)
2	2026-01-01 14:06:52.000	14597	304	477	-16	168.79	-2	3	78	106	19	(2,4)
2	2026-01-01 14:06:53.000	14632	301	463	-16	207.27	-4	4	78	106	19	(2,4)
2	2026-01-01 14:06:54.000	14667	335	470	-16	201.49	-2	6	78	106	19	(3,4)
2	2026-01-01 14:06:55.000	14702	366	447	-16	179.41	-3	5	78	106	19	(3,3)
2	2026-01-01 14:06:56.000	14737	330	389	-16	155.53	-1	6	78	106	19	(3,3)
2	2026-01-01 14:06:57.000	14772	291	315	-16	148.14	0	7	78	106	19	(2,2)
2	2026-01-01 14:06:58.000	14807	333	350	-16	141.95	0	5	78	106	44	(3,3)
2	2026-01-01 14:06:59.000	14842	331	379	-16	165.79	1	4	78	106	44	(3,3)
2	2026-01-01 14:07:00.000	14877	336	354	-16	181.57	2	5	78	106	44	(3,3)
2	2026-01-01 14:07:01.000	14912	361	362	-16	220.75	1	7	78	106	44	(3,3)
2	2026-01-01 14:07:02.000	14947	381	300	-16	218.77	2	7	78	106	44	(3,2)
2	2026-01-01 14:07:03.000	14982	316	272	-16	182.88	4	5	78	106	44	(2,2)
2	2026-01-01 14:07:04.000	15017	310	334	-16	161.97	6	3	78	106	44	(2,3)
2	2026-01-01 14:07:05.000	15052	380	336	-16	170.92	7	3	78	106	44	(3,3)
2	2026-01-01 14:07:06.000	15087	347	266	-16	177.71	8	5	78	106	44	(3,2)
2	2026-01-01 14:07:07.000	15122	357	242	-16	168.58	6	3	78	106	44	(3,2)
2	2026-01-01 14:07:08.000	15157	382	285	16	163.29	5	5	78	106	44	(3,2)
2	2026-01-01 14:07:09.000	15192	350	257	16	125.31	7	5	90	106	44	(3,2)
2	2026-01-01 14:07:10.000	15227	394	232	16	140.92	8	4	90	106	44	(3,2)
2	2026-01-01 14:07:11.000	15262	317	260	16	178.66	7	4	90	106	44	(2,2)
2	2026-01-01 14:07:12.000	15297	272	253	16	199.33	7	4	90	106	44	(2,2)
2	2026-01-01 14:07:13.000	15332	274	298	16	162.79	7	3	90	106	44	(2,2)
2	2026-01-01 14:07:14.000	15367	249	337	16	158.73	8	1	90	106	44	(2,3)
2	2026-01-01 14:07:15.000	15402	261	367	16	196.19	8	2	90	106	44	(2,3)
2	2026-01-01 14:07:16.000	15437	190	398	16	157.98	6	3	90	106	44	(1,3)
2	2026-01-01 14:07:17.000	15472	153	370	16	154.69	4	5	90	106	44	(1,3)
2	2026-01-01 14:07:18.000	15507	147	334	56	160.61	3	7	95	106	44	(1,3)
2	2026-01-01 14:07:19.000	15542	126	332	56	202.58	1	7	100	106	44	(1,3)
2	2026-01-01 14:07:20.000	15577	62	354	56	214.98	0	5	100	106	44	(0,3)
2	2026-01-01 14:07:21.000	15612	138	346	56	244.03	-2	4	100	106	44	(1,3)
2	2026-01-01 14:07:22.000	15647	143	277	56	232.17	-2	2	100	106	44	(1,2)
2	2026-01-01 14:07:23.000	15682	144	341	56	242.6	-1	0	100	106	44	(1,3)
2	2026-01-01 14:07:24.000	15717	196	414	56	211.69	-3	-1	100	106	44	(2,3)
2	2026-01-01 14:07:25.000	15752	193	480	24	232.18	-1	0	100	106	44	(2,4)
2	2026-01-01 14:07:26.000	15787	248	447	24	259.06	0	0	100	106	44	(2,3)
2	2026-01-01 14:07:27.000	15822	273	432	24	276.12	-2	1	100	106	44	(2,3)
2	2026-01-01 14:07:28.000	15857	213	374	24	235.99	-2	1	100	106	44	(2,3)
2	2026-01-01 14:07:29.000	15892	252	446	24	240.84	-2	1	100	106	44	(2,3)
2	2026-01-01 14:07:30.000	15927	297	373	24	201.45	-1	1	100	106	44	(2,3)
2	2026-01-01 14:07:31.000	15962	335	342	24	199.88	-1	2	100	106	44	(3,3)
2	2026-01-01 14:07:32.000	15997	257	276	24	230.26	-3	3	100	106	44	(2,2)
2	2026-01-01 14:07:33.000	16032	272	316	24	217.59	-2	1	100	106	44	(2,2)
2	2026-01-01 14:07:34.000	16067	336	249	56	187.95	-3	3	100	106	44	(3,2)
2	2026-01-01 14:07:35.000	16102	389	216	56	187.43	-3	2	100	106	44	(3,2)
2	2026-01-01 14:07:36.000	16137	413	194	56	228.4	-4	4	100	106	44	(3,2)
2	2026-01-01 14:07:37.000	16172	373	128	56	226.79	-6	4	100	106	44	(3,1)
2	2026-01-01 14:07:38.000	16207	373	182	24	206.23	-7	2	100	106	44	(3,1)
2	2026-01-01 14:07:39.000	16242	445	174	24	224.39	-7	2	100	106	50	(3,1)
2	2026-01-01 14:07:40.000	16277	454	231	24	259.18	-5	3	100	106	50	(4,2)
2	2026-01-01 14:07:41.000	16312	400	153	24	281.39	-5	3	100	106	50	(3,1)
2	2026-01-01 14:07:42.000	16347	443	124	24	252.95	-4	3	100	106	50	(3,1)
2	2026-01-01 14:07:43.000	16382	445	135	24	283.64	-6	4	100	106	50	(3,1)
2	2026-01-01 14:07:44.000	16417	365	67	24	242.79	-8	6	100	106	50	(3,1)
2	2026-01-01 14:07:45.000	16452	289	63	24	218.98	-10	4	100	106	50	(2,0)
2	2026-01-01 14:07:46.000	16487	270	40	24	245.24	-8	3	100	106	50	(2,0)
2	2026-01-01 14:07:47.000	16522	307	14	24	217.16	-9	3	100	106	50	(2,0)
2	2026-01-01 14:07:48.000	16557	360	-16	24	196.3	-9	4	100	106	50	(3,0)
2	2026-01-01 14:07:49.000	16592	407	-72	24	223.81	-10	2	100	106	50	(3,-1)
2	2026-01-01 14:07:50.000	16627	427	-21	24	264.46	-8	2	100	106	50	(3,0)
2	2026-01-01 14:07:51.000	16662	478	-75	24	278.53	-6	1	99	106	50	(4,-1)
2	2026-01-01 14:07:52.000	16697	476	-101	24	262.01	-6	1	99	106	50	(4,-1)
2	2026-01-01 14:07:53.000	16732	506	-37	24	241.95	-5	2	99	106	50	(4,0)
2	2026-01-01 14:07:54.000	16767	443	-46	24	206.84	-3	4	99	106	50	(3,0)
2	2026-01-01 14:07:55.000	16802	412	-119	24	169.07	-3	4	99	106	50	(3,-1)
2	2026-01-01 14:07:56.000	16837	490	-150	0	202.26	-4	6	99	106	48	(4,-1)
2	2026-01-01 14:07:57.000	16872	472	-73	0	235.2	-4	6	99	106	48	(4,-1)
2	2026-01-01 14:07:58.000	16907	401	-143	0	274.04	-4	4	99	106	48	(3,-1)
2	2026-01-01 14:07:59.000	16942	325	-88	0	312.51	-3	6	99	106	48	(3,-1)
2	2026-01-01 14:08:00.000	16977	269	-144	0	331.54	-5	6	99	106	48	(2,-1)
2	2026-01-01 14:08:01.000	17012	258	-99	0	304.39	-7	8	99	106	48	(2,-1)
2	2026-01-01 14:08:02.000	17047	310	-132	0	270.36	-7	8	99	106	48	(2,-1)
2	2026-01-01 14:08:03.000	17082	303	-127	0	287.53	-6	8	99	106	48	(2,-1)
2	2026-01-01 14:08:04.000	17117	307	-112	0	262.85	-7	9	99	106	48	(2,-1)
2	2026-01-01 14:08:05.000	17152	369	-147	0	307.53	-7	7	99	106	48	(3,-1)
2	2026-01-01 14:08:06.000	17187	293	-182	0	271.45	-8	5	99	106	48	(2,-1)
2	2026-01-01 14:08:07.000	17222	215	-174	0	288.78	-10	7	99	106	48	(2,-1)
2	2026-01-01 14:08:08.000	17257	196	-201	0	245.78	-10	7	100	106	48	(2,-2)
2	2026-01-01 14:08:09.000	17292	174	-188	0	226.95	-10	8	100	106	48	(1,-1)
2	2026-01-01 14:08:10.000	17327	143	-172	0	258.26	-10	8	100	106	48	(1,-1)
2	2026-01-01 14:08:11.000	17362	127	-109	0	242.74	-8	9	100	106	48	(1,-1)
2	2026-01-01 14:08:12.000	17397	77	-176	64	267.76	-7	10	100	106	48	(1,-1)
2	2026-01-01 14:08:13.000	17432	20	-237	0	304.52	-9	10	100	106	48	(0,-2)
2	2026-01-01 14:08:14.000	17467	-18	-261	0	261.06	-8	9	100	106	50	(0,-2)
2	2026-01-01 14:08:15.000	17502	-65	-212	8	257.96	-9	9	100	106	50	(-1,-2)
2	2026-01-01 14:08:16.000	17537	-45	-201	8	235.24	-7	8	100	106	50	(0,-2)
2	2026-01-01 14:08:17.000	17572	2	-174	8	267.81	-8	7	100	106	46	(0,-1)
2	2026-01-01 14:08:18.000	17607	-56	-189	8	224.44	-10	9	100	106	46	(0,-1)
2	2026-01-01 14:08:19.000	17642	-41	-150	8	266.59	-10	8	100	106	44	(0,-1)
2	2026-01-01 14:08:20.000	17677	-114	-136	8	259.37	-8	9	100	106	44	(-1,-1)
2	2026-01-01 14:08:21.000	17712	-59	-121	8	285.07	-8	7	100	106	44	(0,-1)
2	2026-01-01 14:08:22.000	17747	-78	-63	8	255.99	-9	9	100	106	44	(-1,0)
2	2026-01-01 14:08:23.000	17782	-154	-65	8	249.13	-10	10	100	106	44	(-1,-1)
2	2026-01-01 14:08:24.000	17817	-79	-64	8	245.95	-10	8	100	106	44	(-1,0)
2	2026-01-01 14:08:25.000	17852	-140	-129	8	223.01	-10	6	100	106	40	(-1,-1)
2	2026-01-01 14:08:26.000	17887	-164	-98	8	256.28	-9	8	100	106	40	(-1,-1)
2	2026-01-01 14:08:27.000	17922	-136	-83	8	246.98	-10	6	100	106	50	(-1,-1)
2	2026-01-01 14:08:28.000	17957	-74	-114	8	207.34	-10	5	100	106	50	(-1,-1)
2	2026-01-01 14:08:29.000	17992	-81	-178	8	179.33	-10	6	100	106	50	(-1,-1)
2	2026-01-01 14:08:30.000	18027	-158	-124	8	136.24	-9	7	100	106	50	(-1,-1)
2	2026-01-01 14:08:31.000	18062	-161	-93	8	167.47	-10	6	100	106	50	(-1,-1)
2	2026-01-01 14:08:32.000	18097	-97	-84	8	154.94	-10	4	100	106	45	(-1,-1)
2	2026-01-01 14:08:33.000	18132	-164	-163	8	173.96	-10	4	100	106	45	(-1,-1)
2	2026-01-01 14:08:34.000	18167	-114	-164	0	173.68	-10	2	100	106	45	(-1,-1)
2	2026-01-01 14:08:35.000	18202	-130	-229	0	153.54	-10	2	100	106	45	(-1,-2)
2	2026-01-01 14:08:36.000	18237	-141	-237	0	154.86	-10	0	100	106	45	(-1,-2)
2	2026-01-01 14:08:37.000	18272	-69	-268	0	130.92	-9	-2	100	106	50	(-1,-2)
2	2026-01-01 14:08:38.000	18307	-67	-211	0	162.55	-10	-4	100	106	50	(-1,-2)
2	2026-01-01 14:08:39.000	18342	-105	-245	0	197.28	-10	-6	100	106	50	(-1,-2)
2	2026-01-01 14:08:40.000	18377	-37	-263	0	231.53	-10	-4	100	106	50	(0,-2)
2	2026-01-01 14:08:41.000	18412	-51	-265	0	244.47	-10	-4	100	106	46	(0,-2)
2	2026-01-01 14:08:42.000	18447	-24	-302	0	213.7	-10	-3	100	106	46	(0,-2)
2	2026-01-01 14:08:43.000	18482	-36	-237	0	232.71	-10	-3	100	106	46	(0,-2)
2	2026-01-01 14:08:44.000	18517	-115	-314	0	205.24	-10	-4	100	106	46	(-1,-2)
2	2026-01-01 14:08:45.000	18552	-49	-311	0	247.93	-10	-3	100	106	46	(0,-2)
2	2026-01-01 14:08:46.000	18587	28	-275	0	263.25	-8	-4	100	106	46	(0,-2)
2	2026-01-01 14:08:47.000	18622	75	-224	0	266.34	-8	-6	100	106	46	(1,-2)
2	2026-01-01 14:08:48.000	18657	127	-197	0	267.96	-6	-4	100	106	46	(1,-2)
2	2026-01-01 14:08:49.000	18692	82	-261	0	268.22	-4	-3	100	106	46	(1,-2)
2	2026-01-01 14:08:50.000	18727	124	-232	0	232.16	-5	-3	100	106	46	(1,-2)
2	2026-01-01 14:08:51.000	18762	90	-167	0	250.84	-5	-5	100	106	46	(1,-1)
2	2026-01-01 14:08:52.000	18797	86	-216	0	216.63	-7	-7	100	106	46	(1,-2)
2	2026-01-01 14:08:53.000	18832	81	-222	24	176.03	-6	-9	100	106	45	(1,-2)
2	2026-01-01 14:08:54.000	18867	151	-258	24	189.84	-4	-10	100	106	45	(1,-2)
2	2026-01-01 14:08:55.000	18902	202	-306	24	232.37	-2	-10	100	106	45	(2,-2)
2	2026-01-01 14:08:56.000	18937	186	-342	24	242.58	-3	-10	100	106	45	(1,-3)
2	2026-01-01 14:08:57.000	18972	211	-300	24	237.66	-3	-10	100	106	45	(2,-2)
2	2026-01-01 14:08:58.000	19007	158	-228	24	248.25	-5	-10	100	106	45	(1,-2)
2	2026-01-01 14:08:59.000	19042	130	-241	24	251.85	-4	-8	100	106	45	(1,-2)
2	2026-01-01 14:09:00.000	19077	60	-274	24	242.23	-4	-9	100	106	45	(0,-2)
2	2026-01-01 14:09:01.000	19112	114	-269	0	226.51	-6	-7	100	106	45	(1,-2)
2	2026-01-01 14:09:02.000	19147	71	-272	0	253.31	-6	-5	100	106	45	(1,-2)
2	2026-01-01 14:09:03.000	19182	95	-212	0	244.71	-7	-6	100	106	45	(1,-2)
2	2026-01-01 14:09:04.000	19217	134	-226	0	201.85	-9	-5	100	106	45	(1,-2)
2	2026-01-01 14:09:05.000	19252	158	-214	0	174.96	-8	-5	100	106	45	(1,-2)
2	2026-01-01 14:09:06.000	19287	87	-266	0	194.07	-6	-6	100	106	45	(1,-2)
2	2026-01-01 14:09:07.000	19322	69	-191	0	216.28	-7	-4	100	106	45	(1,-1)
2	2026-01-01 14:09:08.000	19357	-6	-132	0	206.5	-6	-6	100	106	45	(0,-1)
2	2026-01-01 14:09:09.000	19392	53	-66	0	184.28	-5	-5	100	106	45	(0,-1)
2	2026-01-01 14:09:10.000	19427	132	-139	0	205.39	-6	-3	100	106	45	(1,-1)
2	2026-01-01 14:09:11.000	19462	134	-93	0	181.22	-8	-3	100	106	45	(1,-1)
2	2026-01-01 14:09:12.000	19497	122	-74	0	217.24	-8	-2	100	106	45	(1,-1)
2	2026-01-01 14:09:13.000	19532	70	-104	0	209.8	-10	-4	100	106	45	(1,-1)
2	2026-01-01 14:09:14.000	19567	-3	-69	0	249.15	-10	-6	100	106	45	(0,-1)
2	2026-01-01 14:09:15.000	19602	6	-120	0	205.13	-8	-5	100	106	45	(0,-1)
2	2026-01-01 14:09:16.000	19637	-47	-186	0	206.06	-6	-6	100	106	45	(0,-1)
2	2026-01-01 14:09:17.000	19672	-117	-160	0	236.07	-8	-7	100	106	45	(-1,-1)
2	2026-01-01 14:09:18.000	19707	-146	-176	16	203.54	-6	-5	100	106	45	(-1,-1)
2	2026-01-01 14:09:19.000	19742	-138	-207	16	214.26	-4	-4	100	106	41	(-1,-2)
2	2026-01-01 14:09:20.000	19777	-147	-171	16	249.19	-4	-5	100	106	41	(-1,-1)
2	2026-01-01 14:09:21.000	19812	-67	-226	128	217.17	-3	-5	100	106	41	(-1,-2)
2	2026-01-01 14:09:22.000	19847	-18	-175	128	247.14	-3	-7	100	106	41	(0,-1)
2	2026-01-01 14:09:23.000	19882	-63	-246	128	278.19	-4	-7	100	106	41	(0,-2)
2	2026-01-01 14:09:24.000	19917	-11	-309	128	310.76	-4	-7	100	106	41	(0,-2)
2	2026-01-01 14:09:25.000	19952	-22	-374	128	339.1	-3	-5	100	106	41	(0,-3)
2	2026-01-01 14:09:26.000	19987	-72	-431	128	306.11	-3	-3	100	106	41	(-1,-3)
2	2026-01-01 14:09:27.000	20022	-96	-430	128	303.9	-3	-1	100	106	41	(-1,-3)
2	2026-01-01 14:09:28.000	20057	-24	-427	128	265.74	-5	1	100	106	41	(0,-3)
2	2026-01-01 14:09:29.000	20092	-83	-438	128	242.9	-5	-1	100	106	41	(-1,-3)
2	2026-01-01 14:09:30.000	20127	-94	-361	128	219.95	-5	-3	100	106	41	(-1,-3)
2	2026-01-01 14:09:31.000	20162	-22	-375	128	224.38	-5	-2	100	106	41	(0,-3)
2	2026-01-01 14:09:32.000	20197	-86	-332	128	259.48	-6	0	100	106	50	(-1,-3)
2	2026-01-01 14:09:33.000	20232	-130	-294	128	259.74	-6	2	100	106	50	(-1,-2)
2	2026-01-01 14:09:34.000	20267	-112	-365	128	240.87	-7	2	100	106	50	(-1,-3)
2	2026-01-01 14:09:35.000	20302	-58	-365	128	264.64	-7	0	100	106	50	(0,-3)
2	2026-01-01 14:09:36.000	20337	-61	-394	128	225.82	-7	2	100	106	50	(0,-3)
2	2026-01-01 14:09:37.000	20372	-30	-332	128	204.47	-8	4	99	106	50	(0,-3)
2	2026-01-01 14:09:38.000	20407	-101	-397	128	233.14	-9	6	99	106	50	(-1,-3)
2	2026-01-01 14:09:39.000	20442	-160	-384	128	275.02	-10	8	99	106	50	(-1,-3)
2	2026-01-01 14:09:40.000	20477	-187	-387	128	316.28	-8	7	99	106	50	(-1,-3)
2	2026-01-01 14:09:41.000	20512	-119	-366	128	285.34	-6	7	100	106	50	(-1,-3)
2	2026-01-01 14:09:42.000	20547	-101	-371	128	322.02	-7	8	100	106	50	(-1,-3)
2	2026-01-01 14:09:43.000	20582	-141	-341	128	293.31	-9	9	100	106	50	(-1,-3)
2	2026-01-01 14:09:44.000	20617	-200	-267	128	336.41	-10	10	93	106	50	(-2,-2)
2	2026-01-01 14:09:45.000	20652	-196	-201	128	344.03	-9	10	93	106	47	(-2,-2)
2	2026-01-01 14:09:46.000	20687	-131	-231	128	349.97	-10	8	93	106	47	(-1,-2)
2	2026-01-01 14:09:47.000	20722	-195	-211	128	32.79	-10	8	93	106	47	(-2,-2)
2	2026-01-01 14:09:48.000	20757	-264	-175	0	48.73	-10	10	93	106	47	(-2,-1)
2	2026-01-01 14:09:49.000	20792	-210	-239	0	20.02	-8	10	93	106	47	(-2,-2)
2	2026-01-01 14:09:50.000	20827	-181	-186	0	345.98	-7	9	93	106	47	(-1,-1)
2	2026-01-01 14:09:51.000	20862	-190	-169	0	308.03	-8	8	93	106	45	(-1,-1)
2	2026-01-01 14:09:52.000	20897	-128	-196	0	338.32	-10	8	93	106	42	(-1,-2)
2	2026-01-01 14:09:53.000	20932	-83	-196	8	304.06	-9	9	93	106	42	(-1,-2)
2	2026-01-01 14:09:54.000	20967	-89	-264	8	310.53	-9	7	93	106	42	(-1,-2)
2	2026-01-01 14:09:55.000	21002	-96	-261	8	316.28	-10	6	93	106	42	(-1,-2)
2	2026-01-01 14:09:56.000	21037	-51	-320	0	350.82	-10	7	93	106	50	(0,-2)
2	2026-01-01 14:09:57.000	21072	-127	-282	0	348.02	-10	6	93	106	50	(-1,-2)
2	2026-01-01 14:09:58.000	21107	-162	-271	0	31.36	-8	6	88	106	45	(-1,-2)
2	2026-01-01 14:09:59.000	21142	-215	-246	0	31.68	-8	8	88	106	45	(-2,-2)
2	2026-01-01 14:10:00.000	21177	-216	-267	0	23.35	-6	6	88	106	45	(-2,-2)
2	2026-01-01 14:10:01.000	21212	-143	-196	0	46.76	-4	8	88	106	45	(-1,-2)
2	2026-01-01 14:10:02.000	21247	-162	-234	0	90.82	-6	6	88	106	45	(-1,-2)
2	2026-01-01 14:10:03.000	21282	-150	-182	0	73.61	-4	8	88	106	45	(-1,-1)
2	2026-01-01 14:10:04.000	21317	-144	-178	0	33.43	-5	10	88	106	45	(-1,-1)
2	2026-01-01 14:10:05.000	21352	-92	-241	8	24.97	-7	9	88	106	45	(-1,-2)
2	2026-01-01 14:10:06.000	21387	-98	-176	8	348.49	-9	8	88	106	45	(-1,-1)
2	2026-01-01 14:10:07.000	21422	-147	-149	8	352.98	-10	9	100	106	45	(-1,-1)
2	2026-01-01 14:10:08.000	21457	-223	-198	8	334.27	-10	8	100	106	45	(-2,-2)
2	2026-01-01 14:10:09.000	21492	-277	-204	8	331.55	-9	8	100	106	45	(-2,-2)
2	2026-01-01 14:10:10.000	21527	-216	-244	8	320.96	-10	10	100	106	45	(-2,-2)
2	2026-01-01 14:10:11.000	21562	-254	-279	8	326.03	-8	10	100	106	45	(-2,-2)
2	2026-01-01 14:10:12.000	21597	-232	-240	8	332.23	-10	8	100	106	45	(-2,-2)
2	2026-01-01 14:10:13.000	21632	-179	-282	8	289.23	-9	9	100	106	45	(-1,-2)
2	2026-01-01 14:10:14.000	21667	-214	-252	8	316.08	-7	10	100	106	45	(-2,-2)
2	2026-01-01 14:10:15.000	21702	-165	-280	8	293.2	-5	10	100	106	45	(-1,-2)
2	2026-01-01 14:10:16.000	21737	-101	-219	8	258.28	-4	10	100	106	45	(-1,-2)
2	2026-01-01 14:10:17.000	21772	-35	-239	40	259.46	-4	8	100	106	45	(0,-2)
2	2026-01-01 14:10:18.000	21807	-56	-255	40	258.03	-5	6	100	106	45	(0,-2)
2	2026-01-01 14:10:19.000	21842	-85	-197	40	290.28	-7	6	100	106	45	(-1,-2)
2	2026-01-01 14:10:20.000	21877	-53	-171	40	287.82	-7	4	100	106	45	(0,-1)
2	2026-01-01 14:10:21.000	21912	-77	-195	40	291.29	-9	2	100	106	45	(-1,-2)
2	2026-01-01 14:10:22.000	21947	-58	-165	40	288.55	-7	0	100	106	45	(0,-1)
2	2026-01-01 14:10:23.000	21982	-129	-116	40	315.78	-7	-1	100	106	45	(-1,-1)
2	2026-01-01 14:10:24.000	22017	-154	-112	40	298.97	-8	1	100	106	45	(-1,-1)
2	2026-01-01 14:10:25.000	22052	-193	-83	40	255.07	-7	0	100	106	45	(-2,-1)
2	2026-01-01 14:10:26.000	22087	-211	-133	40	262.28	-8	2	100	106	45	(-2,-1)
2	2026-01-01 14:10:27.000	22122	-211	-199	40	219.99	-9	0	100	106	45	(-2,-2)
2	2026-01-01 14:10:28.000	22157	-161	-216	40	216.73	-7	2	100	106	45	(-1,-2)
2	2026-01-01 14:10:29.000	22192	-238	-243	40	174.85	-8	4	100	106	45	(-2,-2)
2	2026-01-01 14:10:30.000	22227	-213	-322	40	205.28	-6	2	100	106	45	(-2,-3)
2	2026-01-01 14:10:31.000	22262	-135	-337	40	247.01	-4	0	100	106	45	(-1,-3)
2	2026-01-01 14:10:32.000	22297	-172	-354	40	233.58	-5	2	100	106	45	(-1,-3)
2	2026-01-01 14:10:33.000	22332	-235	-287	40	233.29	-4	1	100	106	45	(-2,-2)
2	2026-01-01 14:10:34.000	22367	-209	-329	40	200.43	-5	1	100	106	41	(-2,-3)
2	2026-01-01 14:10:35.000	22402	-236	-403	-16	190.26	-7	0	100	106	41	(-2,-3)
2	2026-01-01 14:10:36.000	22437	-278	-386	-16	149.19	-9	-2	100	106	41	(-2,-3)
2	2026-01-01 14:10:37.000	22472	-204	-430	-16	117.18	-7	-2	100	106	41	(-2,-3)
2	2026-01-01 14:10:38.000	22507	-167	-361	-16	135.87	-8	-1	100	106	41	(-1,-3)
2	2026-01-01 14:10:39.000	22542	-174	-333	-16	112.25	-8	-3	100	106	40	(-1,-3)
2	2026-01-01 14:10:40.000	22577	-217	-265	-16	153.37	-7	-4	100	106	40	(-2,-2)
2	2026-01-01 14:10:41.000	22612	-256	-298	0	122.31	-5	-6	100	106	40	(-2,-2)
2	2026-01-01 14:10:42.000	22647	-237	-300	0	95.43	-7	-6	100	106	40	(-2,-2)
2	2026-01-01 14:10:43.000	22682	-210	-274	0	93.58	-5	-5	100	106	40	(-2,-2)
2	2026-01-01 14:10:44.000	22717	-148	-303	0	108.52	-6	-3	100	106	40	(-1,-2)
2	2026-01-01 14:10:45.000	22752	-78	-243	0	136.76	-8	-4	100	106	40	(-1,-2)
2	2026-01-01 14:10:46.000	22787	-71	-319	0	101.23	-6	-2	100	106	40	(-1,-2)
2	2026-01-01 14:10:47.000	22822	-53	-288	0	65.01	-5	-1	100	106	40	(0,-2)
2	2026-01-01 14:10:48.000	22857	0	-229	0	99.85	-3	-3	100	106	40	(0,-2)
2	2026-01-01 14:10:49.000	22892	-65	-246	0	60.0	-2	-1	100	106	40	(-1,-2)
2	2026-01-01 14:10:50.000	22927	-65	-316	0	32.49	-1	-2	100	106	40	(-1,-2)
2	2026-01-01 14:10:51.000	22962	-106	-380	0	57.49	-2	-3	100	106	40	(-1,-3)
2	2026-01-01 14:10:52.000	22997	-49	-371	0	65.14	-1	-4	100	106	40	(0,-3)
2	2026-01-01 14:10:53.000	23032	4	-387	56	64.08	-1	-5	100	106	40	(0,-3)
2	2026-01-01 14:10:54.000	23067	-3	-351	56	42.34	-2	-4	100	106	40	(0,-3)
2	2026-01-01 14:10:55.000	23102	68	-278	56	78.97	-1	-6	100	106	40	(1,-2)
2	2026-01-01 14:10:56.000	23137	23	-272	0	80.11	-1	-7	100	106	40	(0,-2)
2	2026-01-01 14:10:57.000	23172	88	-309	0	95.7	-3	-5	100	106	40	(1,-2)
2	2026-01-01 14:10:58.000	23207	167	-354	0	124.89	-5	-3	100	106	40	(1,-3)
2	2026-01-01 14:10:59.000	23242	122	-407	0	133.01	-6	-4	100	106	40	(1,-3)
2	2026-01-01 14:11:00.000	23277	85	-486	0	111.68	-4	-2	100	106	40	(1,-4)
2	2026-01-01 14:11:01.000	23312	56	-416	0	103.11	-4	-4	100	106	40	(0,-3)
2	2026-01-01 14:11:02.000	23347	-22	-427	0	63.92	-2	-4	100	106	40	(0,-3)
2	2026-01-01 14:11:03.000	23382	-24	-495	0	46.53	-4	-3	100	106	40	(0,-4)
2	2026-01-01 14:11:04.000	23417	37	-503	0	34.09	-2	-5	100	106	40	(0,-4)
2	2026-01-01 14:11:05.000	23452	-27	-454	0	47.22	-1	-7	100	106	40	(0,-4)
2	2026-01-01 14:11:06.000	23487	21	-460	0	17.51	-1	-5	100	106	40	(0,-4)
2	2026-01-01 14:11:07.000	23522	10	-443	0	16.74	-1	-6	100	106	40	(0,-3)
2	2026-01-01 14:11:08.000	23557	60	-426	0	356.03	0	-6	100	106	40	(0,-3)
2	2026-01-01 14:11:09.000	23592	91	-370	-8	337.37	0	-4	100	106	40	(1,-3)
2	2026-01-01 14:11:10.000	23627	37	-339	-8	311.81	2	-4	100	106	40	(0,-3)
2	2026-01-01 14:11:11.000	23662	66	-319	-8	335.16	0	-4	100	106	40	(1,-2)
2	2026-01-01 14:11:12.000	23697	89	-317	-8	347.42	2	-6	100	106	40	(1,-2)
2	2026-01-01 14:11:13.000	23732	90	-394	8	0.6	3	-4	100	106	40	(1,-3)
2	2026-01-01 14:11:14.000	23767	43	-319	8	341.36	5	-4	100	106	40	(0,-2)
2	2026-01-01 14:11:15.000	23802	112	-279	8	18.58	4	-5	100	106	37	(1,-2)
2	2026-01-01 14:11:16.000	23837	50	-342	8	342.37	4	-7	100	106	37	(0,-3)
2	2026-01-01 14:11:17.000	23872	87	-369	8	352.0	4	-8	100	106	37	(1,-3)
2	2026-01-01 14:11:18.000	23907	65	-430	8	349.52	6	-6	100	106	37	(1,-3)
2	2026-01-01 14:11:19.000	23942	80	-456	8	330.81	6	-6	100	106	37	(1,-4)
2	2026-01-01 14:11:20.000	23977	149	-442	8	335.38	5	-7	100	106	37	(1,-3)
2	2026-01-01 14:11:21.000	24012	157	-410	8	307.79	6	-6	100	106	37	(1,-3)
2	2026-01-01 14:11:22.000	24047	153	-417	8	310.84	5	-7	100	106	36	(1,-3)
2	2026-01-01 14:11:23.000	24082	192	-453	8	348.95	3	-9	100	106	36	(2,-4)
2	2026-01-01 14:11:24.000	24117	218	-453	8	352.57	2	-8	100	106	36	(2,-4)
2	2026-01-01 14:11:25.000	24152	239	-484	8	24.17	4	-9	100	106	36	(2,-4)
2	2026-01-01 14:11:26.000	24187	263	-505	8	62.19	2	-10	100	106	36	(2,-4)
2	2026-01-01 14:11:27.000	24222	192	-479	8	97.95	3	-8	100	106	36	(2,-4)
2	2026-01-01 14:11:28.000	24257	272	-460	8	122.61	2	-8	100	106	36	(2,-4)
2	2026-01-01 14:11:29.000	24292	233	-405	8	147.09	1	-6	100	106	36	(2,-3)
2	2026-01-01 14:11:30.000	24327	179	-392	16	136.81	2	-8	100	106	35	(1,-3)
2	2026-01-01 14:11:31.000	24362	102	-337	16	103.14	1	-6	100	106	35	(1,-3)
2	2026-01-01 14:11:32.000	24397	60	-287	16	85.54	3	-7	100	106	31	(0,-2)
2	2026-01-01 14:11:33.000	24432	-18	-248	16	92.27	4	-7	100	106	31	(0,-2)
2	2026-01-01 14:11:34.000	24467	50	-307	16	83.75	2	-5	100	106	31	(0,-2)
2	2026-01-01 14:11:35.000	24502	113	-255	16	100.86	2	-3	100	106	31	(1,-2)
2	2026-01-01 14:11:36.000	24537	125	-250	16	70.26	2	-5	100	106	31	(1,-2)
2	2026-01-01 14:11:37.000	24572	180	-244	16	105.34	3	-4	100	106	31	(1,-2)
2	2026-01-01 14:11:38.000	24607	193	-175	16	131.82	4	-4	100	106	50	(2,-1)
2	2026-01-01 14:11:39.000	24642	185	-242	16	136.62	2	-3	100	106	50	(1,-2)
2	2026-01-01 14:11:40.000	24677	110	-246	16	143.84	0	-3	100	106	50	(1,-2)
2	2026-01-01 14:11:41.000	24712	45	-301	16	175.74	0	-2	100	106	50	(0,-2)
2	2026-01-01 14:11:42.000	24747	19	-263	16	187.2	1	-1	100	106	50	(0,-2)
2	2026-01-01 14:11:43.000	24782	6	-256	16	209.66	1	1	100	106	50	(0,-2)
2	2026-01-01 14:11:44.000	24817	25	-210	16	252.67	1	3	100	106	50	(0,-2)
2	2026-01-01 14:11:45.000	24852	-49	-196	16	267.48	2	5	100	106	47	(0,-2)
2	2026-01-01 14:11:46.000	24887	-62	-220	-16	238.15	4	3	100	106	47	(0,-2)
2	2026-01-01 14:11:47.000	24922	-11	-266	-16	247.07	6	2	100	106	47	(0,-2)
2	2026-01-01 14:11:48.000	24957	-71	-335	-8	284.77	8	3	100	106	47	(-1,-3)
2	2026-01-01 14:11:49.000	24992	-10	-346	-8	315.25	6	1	100	106	50	(0,-3)
2	2026-01-01 14:11:50.000	25027	-8	-272	-8	279.96	4	3	100	106	50	(0,-2)
2	2026-01-01 14:11:51.000	25062	42	-253	-8	259.9	2	1	100	106	45	(0,-2)
2	2026-01-01 14:11:52.000	25097	13	-255	-8	217.78	3	0	100	106	45	(0,-2)
2	2026-01-01 14:11:53.000	25132	37	-218	-8	237.93	4	0	100	106	45	(0,-2)
2	2026-01-01 14:11:54.000	25167	-32	-261	-8	259.42	6	1	100	106	45	(0,-2)
2	2026-01-01 14:11:55.000	25202	-27	-334	-8	289.4	7	-1	100	106	45	(0,-3)
2	2026-01-01 14:11:56.000	25237	-78	-396	-8	318.5	8	-3	93	106	45	(-1,-3)
2	2026-01-01 14:11:57.000	25272	-49	-447	-8	301.63	9	-2	93	106	45	(0,-3)
2	2026-01-01 14:11:58.000	25307	-27	-512	-8	261.31	7	-3	93	106	45	(0,-4)
2	2026-01-01 14:11:59.000	25342	4	-483	-8	267.25	6	-3	93	106	45	(0,-4)
2	2026-01-01 14:12:00.000	25377	-55	-507	-8	245.09	7	-5	93	106	45	(0,-4)
2	2026-01-01 14:12:01.000	25412	21	-584	-8	284.48	8	-4	93	106	45	(0,-5)
2	2026-01-01 14:12:02.000	25447	95	-625	0	253.15	10	-3	93	106	45	(1,-5)
2	2026-01-01 14:12:03.000	25482	30	-662	0	279.86	8	-1	93	106	45	(0,-5)
2	2026-01-01 14:12:04.000	25517	-18	-671	0	318.19	9	-3	93	106	45	(0,-5)
2	2026-01-01 14:12:05.000	25552	-56	-706	0	308.42	7	-4	100	106	45	(0,-6)
2	2026-01-01 14:12:06.000	25587	-135	-696	40	337.83	6	-2	100	106	45	(-1,-5)
2	2026-01-01 14:12:07.000	25622	-163	-628	40	340.68	6	-3	100	106	45	(-1,-5)
2	2026-01-01 14:12:08.000	25657	-192	-609	40	299.35	8	-2	100	106	45	(-2,-5)
2	2026-01-01 14:12:09.000	25692	-168	-626	40	339.95	10	-1	100	106	45	(-1,-5)
2	2026-01-01 14:12:10.000	25727	-88	-677	40	7.67	9	-1	100	106	45	(-1,-5)
2	2026-01-01 14:12:11.000	25762	-168	-630	40	19.44	8	-3	100	106	45	(-1,-5)
2	2026-01-01 14:12:12.000	25797	-115	-652	40	31.9	7	-5	100	106	45	(-1,-5)
2	2026-01-01 14:12:13.000	25832	-99	-591	40	63.69	7	-3	100	106	45	(-1,-5)
2	2026-01-01 14:12:14.000	25867	-93	-607	40	43.94	7	-4	100	106	45	(-1,-5)
2	2026-01-01 14:12:15.000	25902	-136	-677	40	64.83	6	-4	100	106	45	(-1,-5)
2	2026-01-01 14:12:16.000	25937	-86	-603	40	77.49	4	-3	100	106	45	(-1,-5)
2	2026-01-01 14:12:17.000	25972	-62	-604	40	46.66	2	-3	100	106	45	(0,-5)
2	2026-01-01 14:12:18.000	26007	-34	-529	40	75.71	3	-2	100	106	45	(0,-4)
2	2026-01-01 14:12:19.000	26042	10	-501	40	105.34	3	-2	100	106	40	(0,-4)
2	2026-01-01 14:12:20.000	26077	66	-523	40	108.24	1	-2	100	106	40	(1,-4)
2	2026-01-01 14:12:21.000	26112	122	-584	40	140.76	3	-1	100	106	40	(1,-5)
2	2026-01-01 14:12:22.000	26147	202	-655	40	105.34	4	-2	100	106	40	(2,-5)
2	2026-01-01 14:12:23.000	26182	194	-605	-8	137.7	2	0	100	106	40	(2,-5)
2	2026-01-01 14:12:24.000	26217	268	-584	-8	113.01	1	0	100	106	40	(2,-5)
2	2026-01-01 14:12:25.000	26252	228	-578	-8	72.99	-1	-1	100	106	40	(2,-5)
2	2026-01-01 14:12:26.000	26287	235	-525	-8	59.92	1	1	100	106	40	(2,-4)
2	2026-01-01 14:12:27.000	26322	224	-530	-8	36.53	0	1	100	106	40	(2,-4)
2	2026-01-01 14:12:28.000	26357	208	-563	-8	31.89	-2	3	100	106	40	(2,-4)
2	2026-01-01 14:12:29.000	26392	261	-585	0	40.41	-2	5	100	106	40	(2,-5)
2	2026-01-01 14:12:30.000	26427	249	-662	0	357.44	-3	7	100	106	40	(2,-5)
2	2026-01-01 14:12:31.000	26462	241	-687	0	331.17	-4	7	100	106	35	(2,-5)
2	2026-01-01 14:12:32.000	26497	287	-610	0	343.03	-3	8	100	106	35	(2,-5)
2	2026-01-01 14:12:33.000	26532	223	-671	0	322.94	-3	8	100	106	35	(2,-5)
2	2026-01-01 14:12:34.000	26567	272	-735	0	341.21	-5	7	100	106	35	(2,-6)
2	2026-01-01 14:12:35.000	26602	336	-708	0	316.71	-3	5	100	106	31	(3,-6)
2	2026-01-01 14:12:36.000	26637	412	-637	0	344.07	-5	6	100	106	31	(3,-5)
2	2026-01-01 14:12:37.000	26672	358	-579	0	341.75	-4	5	100	106	50	(3,-5)
2	2026-01-01 14:12:38.000	26707	364	-580	0	4.84	-3	5	100	106	50	(3,-5)
2	2026-01-01 14:12:39.000	26742	421	-609	0	320.01	-1	7	100	106	50	(3,-5)
2	2026-01-01 14:12:40.000	26777	354	-539	0	2.08	-1	8	100	106	50	(3,-4)
2	2026-01-01 14:12:41.000	26812	415	-597	0	35.63	-2	10	100	106	50	(3,-5)
2	2026-01-01 14:12:42.000	26847	484	-548	0	6.74	-1	10	100	106	50	(4,-4)
2	2026-01-01 14:12:43.000	26882	426	-522	0	26.54	-1	8	100	106	50	(3,-4)
2	2026-01-01 14:12:44.000	26917	420	-487	0	24.89	1	9	100	106	50	(3,-4)
2	2026-01-01 14:12:45.000	26952	363	-461	0	46.18	1	10	100	106	50	(3,-4)
2	2026-01-01 14:12:46.000	26987	369	-402	0	82.77	0	8	99	106	50	(3,-3)
2	2026-01-01 14:12:47.000	27022	421	-478	0	112.98	0	8	99	106	50	(3,-4)
2	2026-01-01 14:12:48.000	27057	448	-527	0	86.43	1	9	99	106	50	(4,-4)
2	2026-01-01 14:12:49.000	27092	395	-525	0	95.78	3	8	99	106	50	(3,-4)
2	2026-01-01 14:12:50.000	27127	374	-510	128	136.83	1	6	99	106	50	(3,-4)
2	2026-01-01 14:12:51.000	27162	440	-463	128	142.06	2	8	99	106	50	(3,-4)
2	2026-01-01 14:12:52.000	27197	515	-543	128	171.05	1	9	99	106	50	(4,-4)
2	2026-01-01 14:12:53.000	27232	558	-540	128	152.82	-1	8	99	106	50	(4,-4)
2	2026-01-01 14:12:54.000	27267	601	-473	128	159.21	-1	6	99	106	49	(5,-4)
2	2026-01-01 14:12:55.000	27302	629	-533	128	137.21	0	7	99	106	49	(5,-4)
2	2026-01-01 14:12:56.000	27337	680	-461	128	156.09	-1	6	99	106	49	(5,-4)
2	2026-01-01 14:12:57.000	27372	696	-488	128	122.52	0	6	99	106	49	(5,-4)
2	2026-01-01 14:12:58.000	27407	666	-436	128	117.99	1	8	99	106	49	(5,-3)
2	2026-01-01 14:12:59.000	27442	738	-376	128	83.32	0	8	99	106	50	(6,-3)
2	2026-01-01 14:13:00.000	27477	667	-413	128	53.4	-2	9	99	106	50	(5,-3)
2	2026-01-01 14:13:01.000	27512	603	-479	128	94.1	-2	8	99	106	50	(5,-4)
2	2026-01-01 14:13:02.000	27547	646	-434	128	95.34	0	6	99	106	50	(5,-3)
2	2026-01-01 14:13:03.000	27582	638	-485	128	67.63	-1	5	99	106	50	(5,-4)
2	2026-01-01 14:13:04.000	27617	661	-565	128	75.78	0	5	99	106	50	(5,-4)
2	2026-01-01 14:13:05.000	27652	612	-628	128	47.65	-2	7	99	106	50	(5,-5)
2	2026-01-01 14:13:06.000	27687	583	-653	128	78.69	-3	6	90	106	50	(5,-5)
2	2026-01-01 14:13:07.000	27722	599	-698	128	62.81	-2	4	90	106	50	(5,-5)
2	2026-01-01 14:13:08.000	27757	531	-764	128	39.59	-1	5	90	106	50	(4,-6)
2	2026-01-01 14:13:09.000	27792	522	-812	128	33.36	-3	7	90	106	50	(4,-6)
2	2026-01-01 14:13:10.000	27827	534	-804	128	23.36	-2	9	90	106	50	(4,-6)
2	2026-01-01 14:13:11.000	27862	516	-778	0	21.95	-2	8	90	106	50	(4,-6)
2	2026-01-01 14:13:12.000	27897	587	-720	0	22.99	-1	8	90	106	50	(5,-6)
2	2026-01-01 14:13:13.000	27932	622	-751	0	344.84	-2	9	90	106	50	(5,-6)
2	2026-01-01 14:13:14.000	27967	666	-781	0	314.26	-1	10	90	106	50	(5,-6)
2	2026-01-01 14:13:15.000	28002	604	-861	0	352.68	-2	10	90	106	50	(5,-7)
2	2026-01-01 14:13:16.000	28037	613	-833	0	8.83	-1	9	90	106	50	(5,-7)
2	2026-01-01 14:13:17.000	28072	555	-818	0	328.52	-1	9	82	106	50	(4,-6)
2	2026-01-01 14:13:18.000	28107	556	-768	0	11.79	-1	10	82	106	50	(4,-6)
2	2026-01-01 14:13:19.000	28142	626	-700	0	345.25	-3	10	82	106	50	(5,-5)
2	2026-01-01 14:13:20.000	28177	561	-774	-8	354.31	-4	10	82	106	50	(4,-6)
2	2026-01-01 14:13:21.000	28212	501	-783	-8	9.83	-6	10	82	106	50	(4,-6)
2	2026-01-01 14:13:22.000	28247	449	-858	-8	342.75	-4	10	82	106	50	(4,-7)
2	2026-01-01 14:13:23.000	28282	518	-902	-8	316.35	-4	9	82	106	50	(4,-7)
2	2026-01-01 14:13:24.000	28317	473	-863	-8	282.4	-3	10	82	106	50	(4,-7)
2	2026-01-01 14:13:25.000	28352	460	-907	-8	262.15	-1	9	82	106	50	(4,-7)
2	2026-01-01 14:13:26.000	28387	424	-982	128	231.86	-2	8	82	106	50	(3,-8)
2	2026-01-01 14:13:27.000	28422	405	-903	128	237.38	0	6	82	106	50	(3,-7)
2	2026-01-01 14:13:28.000	28457	442	-978	128	230.53	-2	5	82	106	50	(3,-8)
2	2026-01-01 14:13:29.000	28492	409	-901	128	268.26	-4	5	82	106	50	(3,-7)
2	2026-01-01 14:13:30.000	28527	372	-929	128	278.97	-4	6	82	106	50	(3,-7)
2	2026-01-01 14:13:31.000	28562	322	-979	0	278.32	-5	5	82	106	50	(3,-8)
2	2026-01-01 14:13:32.000	28597	316	-966	0	272.31	-3	5	82	106	50	(2,-8)
2	2026-01-01 14:13:33.000	28632	291	-918	0	285.71	-4	5	82	106	50	(2,-7)
2	2026-01-01 14:13:34.000	28667	341	-839	0	269.15	-2	3	82	106	50	(3,-7)
2	2026-01-01 14:13:35.000	28702	339	-828	0	277.41	-3	5	82	106	50	(3,-6)
2	2026-01-01 14:13:36.000	28737	326	-862	0	260.69	-4	5	82	106	50	(3,-7)
2	2026-01-01 14:13:37.000	28772	347	-942	24	260.74	-5	6	82	106	50	(3,-7)
2	2026-01-01 14:13:38.000	28807	279	-885	24	288.71	-5	8	82	106	50	(2,-7)
2	2026-01-01 14:13:39.000	28842	228	-954	0	251.02	-7	8	82	106	50	(2,-7)
2	2026-01-01 14:13:40.000	28877	252	-927	0	288.76	-5	9	82	106	50	(2,-7)
2	2026-01-01 14:13:41.000	28912	249	-947	0	265.6	-5	9	82	106	50	(2,-7)
2	2026-01-01 14:13:42.000	28947	203	-936	0	301.57	-6	8	82	106	50	(2,-7)
2	2026-01-01 14:13:43.000	28982	276	-889	0	326.21	-8	7	82	106	50	(2,-7)
2	2026-01-01 14:13:44.000	29017	222	-851	0	311.21	-9	5	82	106	46	(2,-7)
2	2026-01-01 14:13:45.000	29052	152	-900	0	332.26	-8	5	82	106	50	(1,-7)
2	2026-01-01 14:13:46.000	29087	155	-876	40	293.7	-10	7	82	106	50	(1,-7)
2	2026-01-01 14:13:47.000	29122	102	-890	40	277.19	-8	5	82	106	50	(1,-7)
2	2026-01-01 14:13:48.000	29157	159	-872	40	253.37	-10	7	82	106	50	(1,-7)
2	2026-01-01 14:13:49.000	29192	180	-924	40	294.84	-8	6	82	106	50	(1,-7)
2	2026-01-01 14:13:50.000	29227	116	-968	40	299.7	-9	4	82	106	50	(1,-8)
2	2026-01-01 14:13:51.000	29262	73	-966	40	266.27	-10	6	82	106	50	(1,-8)
2	2026-01-01 14:13:52.000	29297	23	-958	40	289.81	-10	4	82	106	50	(0,-7)
2	2026-01-01 14:13:53.000	29332	89	-995	0	261.31	-10	4	82	106	46	(1,-8)
2	2026-01-01 14:13:54.000	29367	22	-930	56	282.68	-10	6	82	106	42	(0,-7)
2	2026-01-01 14:13:55.000	29402	85	-880	56	309.91	-8	5	82	106	42	(1,-7)
2	2026-01-01 14:13:56.000	29437	22	-856	56	308.44	-7	4	82	106	42	(0,-7)
2	2026-01-01 14:13:57.000	29472	-44	-813	0	333.62	-5	5	82	106	42	(0,-6)
2	2026-01-01 14:13:58.000	29507	4	-821	0	338.77	-7	6	82	106	41	(0,-6)
2	2026-01-01 14:13:59.000	29542	69	-857	0	356.41	-5	6	82	106	41	(1,-7)
2	2026-01-01 14:14:00.000	29577	94	-931	0	26.98	-6	7	72	106	41	(1,-7)
2	2026-01-01 14:14:01.000	29612	28	-964	0	58.18	-4	6	72	106	50	(0,-8)
2	2026-01-01 14:14:02.000	29647	74	-1033	0	64.94	-5	7	72	106	46	(1,-8)
2	2026-01-01 14:14:03.000	29682	13	-1094	0	36.57	-5	6	72	106	46	(0,-9)
2	2026-01-01 14:14:04.000	29717	-24	-1143	0	38.89	-7	6	72	106	46	(0,-9)
2	2026-01-01 14:14:05.000	29752	-37	-1096	0	44.07	-5	4	72	106	46	(0,-9)
2	2026-01-01 14:14:06.000	29787	10	-1130	0	28.32	-5	6	72	106	46	(0,-9)
2	2026-01-01 14:14:07.000	29822	34	-1187	0	13.08	-7	7	72	106	46	(0,-9)
2	2026-01-01 14:14:08.000	29857	81	-1203	0	356.47	-8	5	72	106	46	(1,-9)
2	2026-01-01 14:14:09.000	29892	94	-1268	0	34.94	-7	3	72	106	46	(1,-10)
2	2026-01-01 14:14:10.000	29927	110	-1338	0	79.29	-6	2	72	106	42	(1,-10)
2	2026-01-01 14:14:11.000	29962	73	-1311	0	112.16	-8	3	72	106	42	(1,-10)
2	2026-01-01 14:14:12.000	29997	80	-1323	0	142.33	-8	3	72	106	42	(1,-10)
2	2026-01-01 14:14:13.000	30032	91	-1361	0	122.09	-9	5	72	106	42	(1,-11)
2	2026-01-01 14:14:14.000	30067	100	-1434	0	163.42	-10	6	72	106	42	(1,-11)
2	2026-01-01 14:14:15.000	30102	130	-1396	0	131.31	-10	8	72	106	40	(1,-11)
2	2026-01-01 14:14:16.000	30137	202	-1452	0	140.52	-10	8	72	106	40	(2,-11)
2	2026-01-01 14:14:17.000	30172	251	-1440	0	102.86	-10	9	72	106	40	(2,-11)
2	2026-01-01 14:14:18.000	30207	229	-1462	0	81.85	-9	9	72	106	40	(2,-11)
2	2026-01-01 14:14:19.000	30242	187	-1521	0	78.02	-8	9	72	106	40	(1,-12)
2	2026-01-01 14:14:20.000	30277	144	-1491	0	65.27	-8	10	72	106	40	(1,-12)
2	2026-01-01 14:14:21.000	30312	180	-1469	-8	55.81	-10	9	72	106	40	(1,-11)
2	2026-01-01 14:14:22.000	30347	110	-1430	-8	85.35	-8	9	68	106	40	(1,-11)
2	2026-01-01 14:14:23.000	30382	106	-1388	-8	93.17	-7	8	68	106	40	(1,-11)
2	2026-01-01 14:14:24.000	30417	55	-1324	-8	105.9	-6	8	68	106	40	(0,-10)
2	2026-01-01 14:14:25.000	30452	6	-1247	-8	143.79	-7	10	68	106	40	(0,-10)
2	2026-01-01 14:14:26.000	30487	-48	-1247	-8	137.12	-5	10	68	106	40	(0,-10)
2	2026-01-01 14:14:27.000	30522	-57	-1183	0	156.2	-6	8	68	106	40	(0,-9)
2	2026-01-01 14:14:28.000	30557	-93	-1135	0	144.6	-7	10	68	106	40	(-1,-9)
2	2026-01-01 14:14:29.000	30592	-89	-1110	0	159.02	-5	9	68	106	35	(-1,-9)
2	2026-01-01 14:14:30.000	30627	-43	-1071	0	115.56	-5	8	68	106	35	(0,-8)
2	2026-01-01 14:14:31.000	30662	26	-1068	0	152.02	-5	8	68	106	35	(0,-8)
2	2026-01-01 14:14:32.000	30697	94	-1101	0	141.81	-3	8	68	106	35	(1,-9)
2	2026-01-01 14:14:33.000	30732	166	-1060	0	133.12	-2	10	68	106	35	(1,-8)
2	2026-01-01 14:14:34.000	30767	232	-1082	0	118.65	-2	10	68	106	35	(2,-8)
2	2026-01-01 14:14:35.000	30802	156	-1114	-8	99.12	0	10	68	106	31	(1,-9)
2	2026-01-01 14:14:36.000	30837	157	-1123	32	98.32	2	10	68	106	31	(1,-9)
2	2026-01-01 14:14:37.000	30872	155	-1056	32	80.23	0	10	68	106	31	(1,-8)
2	2026-01-01 14:14:38.000	30907	133	-1119	32	62.75	-1	10	68	106	31	(1,-9)
2	2026-01-01 14:14:39.000	30942	118	-1082	32	41.02	-2	10	68	106	31	(1,-8)
2	2026-01-01 14:14:40.000	30977	106	-1130	32	40.12	-1	10	68	106	31	(1,-9)
2	2026-01-01 14:14:41.000	31012	71	-1162	32	43.45	-2	10	68	106	31	(1,-9)
2	2026-01-01 14:14:42.000	31047	45	-1104	32	12.65	-4	10	68	106	31	(0,-9)
2	2026-01-01 14:14:43.000	31082	103	-1085	32	43.6	-5	10	68	106	31	(1,-8)
2	2026-01-01 14:14:44.000	31117	129	-1110	64	77.28	-5	10	82	106	31	(1,-9)
2	2026-01-01 14:14:45.000	31152	195	-1174	64	68.51	-5	10	82	106	31	(2,-9)
2	2026-01-01 14:14:46.000	31187	120	-1113	64	100.31	-7	10	82	106	31	(1,-9)
2	2026-01-01 14:14:47.000	31222	102	-1091	64	102.71	-5	10	82	106	31	(1,-9)
2	2026-01-01 14:14:48.000	31257	177	-1018	64	138.67	-3	9	82	106	31	(1,-8)
2	2026-01-01 14:14:49.000	31292	100	-1046	64	177.74	-1	7	76	106	29	(1,-8)
2	2026-01-01 14:14:50.000	31327	145	-1062	64	219.59	-1	9	76	106	29	(1,-8)
2	2026-01-01 14:14:51.000	31362	196	-1100	64	224.8	-3	9	76	106	29	(2,-9)
2	2026-01-01 14:14:52.000	31397	251	-1062	64	191.24	-4	8	76	106	29	(2,-8)
2	2026-01-01 14:14:53.000	31432	272	-1084	64	232.03	-3	9	76	106	29	(2,-8)
2	2026-01-01 14:14:54.000	31467	236	-1157	32	190.89	-1	10	76	106	29	(2,-9)
2	2026-01-01 14:14:55.000	31502	201	-1180	32	179.15	-2	10	76	106	29	(2,-9)
2	2026-01-01 14:14:56.000	31537	135	-1191	32	217.74	-1	10	76	106	29	(1,-9)
2	2026-01-01 14:14:57.000	31572	104	-1229	32	209.41	-1	10	76	106	29	(1,-10)
2	2026-01-01 14:14:58.000	31607	74	-1149	32	186.86	-1	8	76	106	29	(1,-9)
2	2026-01-01 14:14:59.000	31642	4	-1190	32	172.39	-1	8	76	106	29	(0,-9)
2	2026-01-01 14:15:00.000	31677	63	-1266	32	169.44	-2	9	76	106	29	(0,-10)
2	2026-01-01 14:15:01.000	31712	11	-1253	32	126.65	-4	8	76	106	29	(0,-10)
2	2026-01-01 14:15:02.000	31747	39	-1209	32	142.17	-5	9	76	106	29	(0,-9)
2	2026-01-01 14:15:03.000	31782	93	-1172	32	101.29	-6	10	73	106	42	(1,-9)
2	2026-01-01 14:15:04.000	31817	60	-1151	56	63.66	-7	10	73	106	42	(0,-9)
2	2026-01-01 14:15:05.000	31852	139	-1207	56	48.51	-6	8	73	106	42	(1,-9)
2	2026-01-01 14:15:06.000	31887	81	-1149	0	89.5	-6	7	73	106	42	(1,-9)
2	2026-01-01 14:15:07.000	31922	94	-1183	0	111.44	-7	9	73	106	42	(1,-9)
2	2026-01-01 14:15:08.000	31957	113	-1146	0	84.87	-5	9	73	106	42	(1,-9)
2	2026-01-01 14:15:09.000	31992	130	-1118	0	62.75	-6	10	73	106	42	(1,-9)
2	2026-01-01 14:15:10.000	32027	50	-1152	0	95.1	-7	10	73	106	42	(0,-9)
2	2026-01-01 14:15:11.000	32062	98	-1079	0	128.5	-5	9	73	106	42	(1,-8)
2	2026-01-01 14:15:12.000	32097	117	-1092	0	151.44	-5	10	73	106	42	(1,-9)
2	2026-01-01 14:15:13.000	32132	96	-1116	0	150.86	-5	10	73	106	42	(1,-9)
2	2026-01-01 14:15:14.000	32167	167	-1147	0	177.96	-5	10	73	106	42	(1,-9)
2	2026-01-01 14:15:15.000	32202	125	-1207	0	205.57	-3	10	73	106	42	(1,-9)
2	2026-01-01 14:15:16.000	32237	149	-1130	0	190.88	-1	8	73	106	42	(1,-9)
2	2026-01-01 14:15:17.000	32272	192	-1202	0	232.03	-1	9	73	106	38	(2,-9)
2	2026-01-01 14:15:18.000	32307	209	-1179	0	243.52	0	10	73	106	38	(2,-9)
2	2026-01-01 14:15:19.000	32342	283	-1190	0	266.56	-1	9	73	106	38	(2,-9)
2	2026-01-01 14:15:20.000	32377	251	-1255	64	297.96	0	10	73	106	38	(2,-10)
2	2026-01-01 14:15:21.000	32412	198	-1273	64	306.36	2	9	73	106	38	(2,-10)
2	2026-01-01 14:15:22.000	32447	248	-1235	64	282.2	4	7	73	106	38	(2,-10)
2	2026-01-01 14:15:23.000	32482	259	-1276	64	252.2	2	7	73	106	50	(2,-10)
2	2026-01-01 14:15:24.000	32517	335	-1212	64	261.25	1	8	73	106	50	(3,-9)
2	2026-01-01 14:15:25.000	32552	272	-1204	64	305.41	-1	6	73	106	47	(2,-9)
2	2026-01-01 14:15:26.000	32587	226	-1249	64	266.36	1	8	73	106	47	(2,-10)
2	2026-01-01 14:15:27.000	32622	160	-1291	64	227.44	-1	6	73	106	47	(1,-10)
2	2026-01-01 14:15:28.000	32657	198	-1338	64	270.92	0	4	73	106	47	(2,-10)
2	2026-01-01 14:15:29.000	32692	148	-1418	64	276.49	-1	4	73	106	47	(1,-11)
2	2026-01-01 14:15:30.000	32727	145	-1392	64	273.34	-2	6	73	106	47	(1,-11)
2	2026-01-01 14:15:31.000	32762	218	-1376	64	289.16	-4	5	73	106	43	(2,-11)
2	2026-01-01 14:15:32.000	32797	262	-1368	64	266.49	-2	5	73	106	40	(2,-11)
2	2026-01-01 14:15:33.000	32832	218	-1375	64	301.44	-1	7	73	106	40	(2,-11)
2	2026-01-01 14:15:34.000	32867	155	-1451	64	327.53	1	6	73	106	40	(1,-11)
2	2026-01-01 14:15:35.000	32902	194	-1383	64	351.71	3	8	73	106	40	(2,-11)
2	2026-01-01 14:15:36.000	32937	157	-1315	64	21.15	1	6	73	106	40	(1,-10)
2	2026-01-01 14:15:37.000	32972	187	-1320	64	40.27	1	7	73	106	40	(1,-10)
2	2026-01-01 14:15:38.000	33007	265	-1305	64	24.25	-1	9	73	106	40	(2,-10)
2	2026-01-01 14:15:39.000	33042	273	-1297	64	2.03	-2	7	73	106	40	(2,-10)
2	2026-01-01 14:15:40.000	33077	206	-1369	64	8.46	-4	8	73	106	40	(2,-11)
2	2026-01-01 14:15:41.000	33112	259	-1322	64	4.85	-2	6	73	106	40	(2,-10)
2	2026-01-01 14:15:42.000	33147	266	-1379	64	19.54	-4	7	73	106	40	(2,-11)
2	2026-01-01 14:15:43.000	33182	273	-1368	24	60.4	-4	5	73	106	40	(2,-11)
2	2026-01-01 14:15:44.000	33217	207	-1403	24	95.09	-6	3	73	106	40	(2,-11)
2	2026-01-01 14:15:45.000	33252	227	-1404	24	102.35	-5	2	73	106	40	(2,-11)
2	2026-01-01 14:15:46.000	33287	302	-1356	24	111.84	-6	2	73	106	40	(2,-11)
2	2026-01-01 14:15:47.000	33322	373	-1285	24	148.19	-7	0	73	106	40	(3,-10)
2	2026-01-01 14:15:48.000	33357	331	-1326	24	184.17	-6	1	73	106	40	(3,-10)
2	2026-01-01 14:15:49.000	33392	347	-1322	24	195.52	-7	0	73	106	40	(3,-10)
2	2026-01-01 14:15:50.000	33427	344	-1334	24	154.87	-6	2	73	106	40	(3,-10)
2	2026-01-01 14:15:51.000	33462	301	-1343	24	196.98	-8	0	73	106	40	(2,-10)
2	2026-01-01 14:15:52.000	33497	228	-1264	24	239.24	-6	2	73	106	40	(2,-10)
2	2026-01-01 14:15:53.000	33532	248	-1265	24	210.38	-6	2	73	106	35	(2,-10)
2	2026-01-01 14:15:54.000	33567	263	-1328	24	225.15	-4	3	73	106	35	(2,-10)
2	2026-01-01 14:15:55.000	33602	327	-1366	24	191.43	-2	2	73	106	35	(3,-11)
2	2026-01-01 14:15:56.000	33637	385	-1409	24	223.02	-4	1	73	106	35	(3,-11)
2	2026-01-01 14:15:57.000	33672	455	-1442	24	235.42	-6	-1	73	106	35	(4,-11)
2	2026-01-01 14:15:58.000	33707	384	-1389	24	228.29	-7	-3	73	106	35	(3,-11)
2	2026-01-01 14:15:59.000	33742	366	-1370	24	272.96	-7	-3	73	106	35	(3,-11)
2	2026-01-01 14:16:00.000	33777	314	-1418	24	313.14	-9	-5	73	106	35	(2,-11)
2	2026-01-01 14:16:01.000	33812	372	-1372	24	324.97	-10	-6	73	106	35	(3,-11)
2	2026-01-01 14:16:02.000	33847	389	-1355	24	312.09	-10	-4	73	106	35	(3,-11)
2	2026-01-01 14:16:03.000	33882	458	-1354	24	277.2	-8	-6	73	106	35	(4,-11)
2	2026-01-01 14:16:04.000	33917	512	-1352	24	266.05	-7	-8	73	106	35	(4,-11)
2	2026-01-01 14:16:05.000	33952	557	-1431	24	297.67	-5	-8	73	106	35	(4,-11)
2	2026-01-01 14:16:06.000	33987	616	-1403	24	253.94	-3	-9	73	106	35	(5,-11)
2	2026-01-01 14:16:07.000	34022	552	-1419	-16	287.2	-2	-7	73	106	35	(4,-11)
2	2026-01-01 14:16:08.000	34057	527	-1375	-16	286.56	-3	-6	73	106	32	(4,-11)
2	2026-01-01 14:16:09.000	34092	562	-1349	-16	310.5	-3	-8	73	106	32	(4,-11)
2	2026-01-01 14:16:10.000	34127	631	-1305	-16	295.09	-3	-8	73	106	32	(5,-10)
2	2026-01-01 14:16:11.000	34162	574	-1271	0	272.37	-4	-7	73	106	32	(4,-10)
2	2026-01-01 14:16:12.000	34197	650	-1214	0	301.31	-5	-5	73	106	32	(5,-9)
2	2026-01-01 14:16:13.000	34232	697	-1294	-8	284.13	-6	-4	73	106	32	(5,-10)
2	2026-01-01 14:16:14.000	34267	627	-1241	-8	245.62	-8	-2	73	106	32	(5,-10)
2	2026-01-01 14:16:15.000	34302	557	-1234	-8	230.1	-7	-3	73	106	32	(4,-10)
2	2026-01-01 14:16:16.000	34337	561	-1208	-8	249.75	-5	-3	73	106	32	(4,-9)
2	2026-01-01 14:16:17.000	34372	530	-1192	-8	230.21	-6	-5	73	106	32	(4,-9)
2	2026-01-01 14:16:18.000	34407	573	-1262	-8	207.79	-5	-6	73	106	32	(4,-10)
2	2026-01-01 14:16:19.000	34442	536	-1204	-8	164.43	-6	-6	73	106	31	(4,-9)
2	2026-01-01 14:16:20.000	34477	498	-1239	-8	122.56	-5	-8	73	106	31	(4,-10)
2	2026-01-01 14:16:21.000	34512	431	-1221	-8	128.38	-6	-7	73	106	31	(3,-10)
2	2026-01-01 14:16:22.000	34547	452	-1195	-8	172.04	-5	-9	73	106	31	(4,-9)
2	2026-01-01 14:16:23.000	34582	455	-1228	-8	156.12	-7	-7	71	106	31	(4,-10)
2	2026-01-01 14:16:24.000	34617	447	-1278	-8	192.91	-7	-8	71	106	27	(3,-10)
2	2026-01-01 14:16:25.000	34652	517	-1236	-8	162.7	-9	-8	71	106	27	(4,-10)
2	2026-01-01 14:16:26.000	34687	571	-1186	-8	120.07	-8	-9	71	106	27	(4,-9)
2	2026-01-01 14:16:27.000	34722	636	-1153	-8	106.74	-6	-9	71	106	27	(5,-9)
2	2026-01-01 14:16:28.000	34757	679	-1172	-8	102.47	-6	-8	71	106	27	(5,-9)
2	2026-01-01 14:16:29.000	34792	750	-1157	-8	131.75	-8	-7	71	106	27	(6,-9)
2	2026-01-01 14:16:30.000	34827	763	-1122	-8	99.92	-7	-5	71	106	27	(6,-9)
2	2026-01-01 14:16:31.000	34862	760	-1179	-8	91.3	-8	-6	71	106	27	(6,-9)
2	2026-01-01 14:16:32.000	34897	710	-1228	-8	68.62	-10	-8	71	106	27	(6,-10)
2	2026-01-01 14:16:33.000	34932	787	-1162	-8	58.13	-9	-10	71	106	24	(6,-9)
2	2026-01-01 14:16:34.000	34967	855	-1147	-8	61.55	-8	-10	71	106	24	(7,-9)
2	2026-01-01 14:16:35.000	35002	866	-1196	-8	84.41	-8	-10	71	106	24	(7,-9)
2	2026-01-01 14:16:36.000	35037	939	-1258	-8	59.89	-7	-10	71	106	23	(7,-10)
2	2026-01-01 14:16:37.000	35072	974	-1313	-8	84.94	-5	-10	71	106	22	(8,-10)
2	2026-01-01 14:16:38.000	35107	986	-1233	-8	78.63	-6	-10	71	106	22	(8,-10)
2	2026-01-01 14:16:39.000	35142	1037	-1201	-8	45.36	-7	-10	71	106	36	(8,-9)
2	2026-01-01 14:16:40.000	35177	1054	-1157	-8	42.75	-8	-10	71	106	36	(8,-9)
2	2026-01-01 14:16:41.000	35212	1108	-1192	-8	71.9	-6	-10	71	106	36	(9,-9)
2	2026-01-01 14:16:42.000	35247	1170	-1189	-8	78.61	-4	-10	71	106	36	(9,-9)
2	2026-01-01 14:16:43.000	35282	1101	-1219	-8	71.56	-6	-10	71	106	36	(9,-10)
2	2026-01-01 14:16:44.000	35317	1172	-1281	-8	43.09	-5	-8	71	106	36	(9,-10)
2	2026-01-01 14:16:45.000	35352	1107	-1304	24	20.22	-7	-6	71	106	36	(9,-10)
2	2026-01-01 14:16:46.000	35387	1179	-1271	24	342.02	-6	-8	71	106	36	(9,-10)
2	2026-01-01 14:16:47.000	35422	1165	-1291	24	18.24	-4	-10	71	106	34	(9,-10)
2	2026-01-01 14:16:48.000	35457	1233	-1217	24	340.23	-4	-10	71	106	34	(10,-10)
2	2026-01-01 14:16:49.000	35492	1298	-1207	24	313.08	-6	-10	71	106	34	(10,-9)
2	2026-01-01 14:16:50.000	35527	1242	-1200	24	339.2	-5	-8	71	106	34	(10,-9)
2	2026-01-01 14:16:51.000	35562	1204	-1158	24	2.69	-5	-6	71	106	34	(9,-9)
2	2026-01-01 14:16:52.000	35597	1231	-1131	24	353.41	-4	-5	71	106	30	(10,-9)
2	2026-01-01 14:16:53.000	35632	1202	-1186	24	348.42	-2	-5	71	106	30	(9,-9)
2	2026-01-01 14:16:54.000	35667	1204	-1183	64	6.8	0	-4	71	106	30	(9,-9)
2	2026-01-01 14:16:55.000	35702	1187	-1229	64	40.65	-1	-4	71	106	30	(9,-10)
2	2026-01-01 14:16:56.000	35737	1135	-1272	64	4.7	-2	-4	71	106	30	(9,-10)
2	2026-01-01 14:16:57.000	35772	1190	-1315	64	11.46	0	-5	71	106	30	(9,-10)
2	2026-01-01 14:16:58.000	35807	1249	-1266	64	353.87	0	-7	71	106	30	(10,-10)
2	2026-01-01 14:16:59.000	35842	1263	-1332	64	326.27	-1	-7	71	106	30	(10,-10)
2	2026-01-01 14:17:00.000	35877	1204	-1282	64	348.74	-2	-9	71	106	30	(9,-10)
2	2026-01-01 14:17:01.000	35912	1253	-1290	64	338.65	-2	-7	71	106	30	(10,-10)
2	2026-01-01 14:17:02.000	35947	1303	-1231	64	347.48	-4	-5	71	106	30	(10,-10)
2	2026-01-01 14:17:03.000	35982	1349	-1215	64	11.88	-5	-5	71	106	30	(11,-9)
2	2026-01-01 14:17:04.000	36017	1352	-1285	64	31.63	-4	-5	71	106	30	(11,-10)
2	2026-01-01 14:17:05.000	36052	1405	-1235	64	74.54	-4	-6	71	106	30	(11,-10)
2	2026-01-01 14:17:06.000	36087	1384	-1197	64	53.42	-6	-8	71	106	30	(11,-9)
2	2026-01-01 14:17:07.000	36122	1311	-1252	0	92.48	-6	-8	71	106	30	(10,-10)
2	2026-01-01 14:17:08.000	36157	1257	-1193	0	71.7	-6	-7	71	106	30	(10,-9)
2	2026-01-01 14:17:09.000	36192	1332	-1119	0	101.08	-6	-9	71	106	30	(10,-9)
2	2026-01-01 14:17:10.000	36227	1317	-1198	0	62.21	-5	-10	71	106	30	(10,-9)
2	2026-01-01 14:17:11.000	36262	1275	-1260	0	81.71	-3	-8	71	106	27	(10,-10)
2	2026-01-01 14:17:12.000	36297	1338	-1212	0	72.61	-3	-8	71	106	27	(10,-9)
2	2026-01-01 14:17:13.000	36332	1336	-1235	0	41.27	-2	-8	71	106	50	(10,-10)
2	2026-01-01 14:17:14.000	36367	1407	-1290	0	15.82	-3	-9	71	106	50	(11,-10)
2	2026-01-01 14:17:15.000	36402	1480	-1309	0	335.84	-4	-10	71	106	50	(12,-10)
2	2026-01-01 14:17:16.000	36437	1541	-1345	0	307.82	-2	-10	71	106	45	(12,-11)
2	2026-01-01 14:17:17.000	36472	1566	-1281	0	333.08	-2	-10	71	106	45	(12,-10)
2	2026-01-01 14:17:18.000	36507	1571	-1265	0	328.74	-2	-10	91	106	45	(12,-10)
2	2026-01-01 14:17:19.000	36542	1607	-1197	0	349.69	-3	-10	91	106	45	(13,-9)
2	2026-01-01 14:17:20.000	36577	1564	-1233	0	358.84	-5	-10	91	106	45	(12,-10)
2	2026-01-01 14:17:21.000	36612	1595	-1180	0	3.07	-7	-10	91	106	45	(12,-9)
2	2026-01-01 14:17:22.000	36647	1626	-1217	0	34.86	-9	-8	91	106	45	(13,-10)
2	2026-01-01 14:17:23.000	36682	1692	-1145	-8	78.4	-7	-10	91	106	42	(13,-9)
2	2026-01-01 14:17:24.000	36717	1716	-1152	-8	48.05	-5	-9	100	106	42	(13,-9)
2	2026-01-01 14:17:25.000	36752	1763	-1139	-8	28.42	-4	-9	100	106	42	(14,-9)
2	2026-01-01 14:17:26.000	36787	1820	-1161	-8	30.54	-6	-7	100	106	42	(14,-9)
2	2026-01-01 14:17:27.000	36822	1857	-1095	-8	18.37	-7	-9	100	106	42	(15,-9)
2	2026-01-01 14:17:28.000	36857	1899	-1175	-8	2.16	-5	-8	100	106	42	(15,-9)
2	2026-01-01 14:17:29.000	36892	1933	-1242	-8	340.16	-5	-8	100	106	42	(15,-10)
2	2026-01-01 14:17:30.000	36927	1951	-1166	-8	7.05	-5	-9	100	106	39	(15,-9)
2	2026-01-01 14:17:31.000	36962	1887	-1152	-8	344.42	-6	-7	100	106	39	(15,-9)
2	2026-01-01 14:17:32.000	36997	1822	-1194	-8	1.61	-6	-7	100	106	39	(14,-9)
2	2026-01-01 14:17:33.000	37032	1884	-1268	-8	31.31	-5	-9	100	106	39	(15,-10)
2	2026-01-01 14:17:34.000	37067	1841	-1210	-8	55.92	-5	-7	100	106	50	(14,-9)
2	2026-01-01 14:17:35.000	37102	1819	-1191	0	73.1	-4	-6	100	106	50	(14,-9)
2	2026-01-01 14:17:36.000	37137	1811	-1263	0	84.59	-5	-5	100	106	50	(14,-10)
2	2026-01-01 14:17:37.000	37172	1774	-1299	0	49.51	-6	-6	100	106	50	(14,-10)
2	2026-01-01 14:17:38.000	37207	1819	-1266	0	63.85	-8	-4	100	106	50	(14,-10)
2	2026-01-01 14:17:39.000	37242	1896	-1224	16	32.62	-8	-6	100	106	50	(15,-10)
2	2026-01-01 14:17:40.000	37277	1938	-1208	16	14.79	-10	-8	100	106	50	(15,-9)
2	2026-01-01 14:17:41.000	37312	1932	-1257	16	57.13	-10	-8	100	106	49	(15,-10)
2	2026-01-01 14:17:42.000	37347	1855	-1319	16	23.88	-10	-10	100	106	49	(14,-10)
2	2026-01-01 14:17:43.000	37382	1780	-1301	16	25.02	-10	-8	100	106	49	(14,-10)
2	2026-01-01 14:17:44.000	37417	1791	-1273	16	356.07	-9	-6	92	106	49	(14,-10)
2	2026-01-01 14:17:45.000	37452	1787	-1265	16	13.35	-10	-7	92	106	49	(14,-10)
2	2026-01-01 14:17:46.000	37487	1854	-1285	16	54.56	-8	-9	92	106	49	(14,-10)
2	2026-01-01 14:17:47.000	37522	1889	-1213	16	83.46	-7	-7	92	106	49	(15,-9)
2	2026-01-01 14:17:48.000	37557	1869	-1182	16	90.15	-8	-6	92	106	49	(15,-9)
2	2026-01-01 14:17:49.000	37592	1802	-1131	16	134.25	-10	-4	92	106	49	(14,-9)
2	2026-01-01 14:17:50.000	37627	1853	-1146	16	121.15	-9	-2	92	106	49	(14,-9)
2	2026-01-01 14:17:51.000	37662	1923	-1089	16	157.09	-9	-4	92	106	49	(15,-9)
2	2026-01-01 14:17:52.000	37697	1975	-1095	16	161.22	-10	-3	92	106	49	(15,-9)
2	2026-01-01 14:17:53.000	37732	2013	-1081	16	183.18	-10	-1	92	106	49	(16,-8)
2	2026-01-01 14:17:54.000	37767	2088	-1060	16	185.08	-10	-3	92	106	49	(16,-8)
2	2026-01-01 14:17:55.000	37802	2083	-1034	16	198.87	-9	-4	92	106	49	(16,-8)
2	2026-01-01 14:17:56.000	37837	2093	-1045	16	206.41	-10	-2	92	106	48	(16,-8)
2	2026-01-01 14:17:57.000	37872	2155	-1041	16	173.24	-10	-2	92	106	48	(17,-8)
2	2026-01-01 14:17:58.000	37907	2226	-991	16	215.42	-10	-3	92	106	48	(17,-8)
2	2026-01-01 14:17:59.000	37942	2237	-1016	16	172.16	-9	-5	92	106	45	(17,-8)
2	2026-01-01 14:18:00.000	37977	2279	-969	16	152.55	-10	-5	100	106	45	(18,-8)
2	2026-01-01 14:18:01.000	38012	2248	-897	16	194.97	-10	-7	100	106	44	(18,-7)
2	2026-01-01 14:18:02.000	38047	2180	-864	16	204.77	-10	-9	100	106	44	(17,-7)
2	2026-01-01 14:18:03.000	38082	2228	-864	16	180.05	-9	-7	100	106	44	(17,-7)
2	2026-01-01 14:18:04.000	38117	2170	-883	-16	155.96	-8	-6	100	106	44	(17,-7)
2	2026-01-01 14:18:05.000	38152	2118	-903	-16	150.28	-10	-4	100	106	42	(17,-7)
2	2026-01-01 14:18:06.000	38187	2094	-905	-16	159.52	-10	-5	100	106	42	(16,-7)
2	2026-01-01 14:18:07.000	38222	2072	-847	-16	172.65	-10	-3	100	106	42	(16,-7)
2	2026-01-01 14:18:08.000	38257	2067	-874	-16	170.35	-8	-5	100	106	42	(16,-7)
2	2026-01-01 14:18:09.000	38292	2143	-919	-16	178.5	-10	-7	96	106	42	(17,-7)
2	2026-01-01 14:18:10.000	38327	2115	-952	-16	159.47	-9	-6	96	106	42	(17,-7)
2	2026-01-01 14:18:11.000	38362	2183	-876	0	142.08	-8	-4	96	106	42	(17,-7)
2	2026-01-01 14:18:12.000	38397	2222	-827	0	147.32	-6	-6	96	106	42	(17,-6)
2	2026-01-01 14:18:13.000	38432	2260	-758	0	139.02	-4	-6	96	106	42	(18,-6)
2	2026-01-01 14:18:14.000	38467	2228	-820	0	141.88	-4	-6	96	106	42	(17,-6)
2	2026-01-01 14:18:15.000	38502	2300	-889	0	139.99	-3	-4	92	106	42	(18,-7)
2	2026-01-01 14:18:16.000	38537	2296	-817	0	171.42	-2	-3	92	106	42	(18,-6)
2	2026-01-01 14:18:17.000	38572	2265	-740	0	134.68	-3	-4	92	106	42	(18,-6)
2	2026-01-01 14:18:18.000	38607	2254	-754	0	103.07	-1	-3	92	106	42	(18,-6)
2	2026-01-01 14:18:19.000	38642	2231	-716	0	131.62	-3	-3	92	106	42	(17,-6)
2	2026-01-01 14:18:20.000	38677	2268	-774	0	105.15	-1	-3	92	106	39	(18,-6)
2	2026-01-01 14:18:21.000	38712	2191	-751	0	102.69	1	-4	92	106	39	(17,-6)
2	2026-01-01 14:18:22.000	38747	2131	-752	0	89.05	0	-5	92	106	34	(17,-6)
2	2026-01-01 14:18:23.000	38782	2088	-811	0	106.72	2	-6	92	106	34	(16,-6)
2	2026-01-01 14:18:24.000	38817	2035	-739	0	88.05	4	-4	92	106	34	(16,-6)
2	2026-01-01 14:18:25.000	38852	2011	-725	0	130.32	2	-4	92	106	34	(16,-6)
2	2026-01-01 14:18:26.000	38887	1948	-645	0	156.15	3	-5	92	106	50	(15,-5)
2	2026-01-01 14:18:27.000	38922	1924	-630	24	185.88	4	-6	92	106	50	(15,-5)
2	2026-01-01 14:18:28.000	38957	1965	-582	24	145.22	4	-4	92	106	50	(15,-5)
2	2026-01-01 14:18:29.000	38992	2014	-507	24	161.51	6	-4	92	106	50	(16,-4)
2	2026-01-01 14:18:30.000	39027	1989	-538	24	201.49	4	-2	92	106	50	(16,-4)
2	2026-01-01 14:18:31.000	39062	1973	-521	24	230.79	5	-2	92	106	50	(15,-4)
2	2026-01-01 14:18:32.000	39097	1957	-442	24	234.51	3	-1	92	106	50	(15,-3)
2	2026-01-01 14:18:33.000	39132	1878	-470	24	204.74	3	-2	92	106	50	(15,-4)
2	2026-01-01 14:18:34.000	39167	1888	-452	24	211.07	1	-2	100	106	50	(15,-4)
2	2026-01-01 14:18:35.000	39202	1967	-502	24	248.95	0	-1	100	106	50	(15,-4)
2	2026-01-01 14:18:36.000	39237	2019	-543	24	216.12	-1	-2	100	106	50	(16,-4)
2	2026-01-01 14:18:37.000	39272	1990	-544	24	183.69	1	-1	100	106	50	(16,-4)
2	2026-01-01 14:18:38.000	39307	2022	-543	24	224.89	0	-1	100	106	50	(16,-4)
2	2026-01-01 14:18:39.000	39342	2059	-535	24	268.6	-2	-1	100	106	50	(16,-4)
2	2026-01-01 14:18:40.000	39377	2104	-541	24	247.75	0	0	100	106	50	(16,-4)
2	2026-01-01 14:18:41.000	39412	2047	-530	24	269.78	-1	-2	100	106	47	(16,-4)
2	2026-01-01 14:18:42.000	39447	2030	-459	24	253.75	-1	-4	100	106	47	(16,-4)
2	2026-01-01 14:18:43.000	39482	1988	-484	24	232.67	-1	-2	100	106	47	(16,-4)
2	2026-01-01 14:18:44.000	39517	1937	-543	24	243.43	1	0	100	106	47	(15,-4)
2	2026-01-01 14:18:45.000	39552	1906	-536	24	242.92	2	0	100	106	47	(15,-4)
2	2026-01-01 14:18:46.000	39587	1986	-459	24	226.54	3	2	100	106	47	(16,-4)
2	2026-01-01 14:18:47.000	39622	1993	-451	24	197.65	5	3	100	106	47	(16,-4)
2	2026-01-01 14:18:48.000	39657	1923	-414	0	154.26	4	5	100	106	47	(15,-3)
2	2026-01-01 14:18:49.000	39692	1884	-398	0	195.57	4	7	100	106	47	(15,-3)
2	2026-01-01 14:18:50.000	39727	1815	-470	0	169.61	5	5	100	106	47	(14,-4)
2	2026-01-01 14:18:51.000	39762	1891	-531	0	186.41	3	7	100	106	47	(15,-4)
2	2026-01-01 14:18:52.000	39797	1813	-453	0	174.95	2	8	100	106	47	(14,-4)
2	2026-01-01 14:18:53.000	39832	1796	-449	0	132.02	2	6	100	106	47	(14,-4)
2	2026-01-01 14:18:54.000	39867	1843	-470	0	142.53	0	7	100	106	47	(14,-4)
2	2026-01-01 14:18:55.000	39902	1883	-486	0	144.9	0	7	100	106	47	(15,-4)
2	2026-01-01 14:18:56.000	39937	1827	-512	0	151.27	0	8	100	106	47	(14,-4)
2	2026-01-01 14:18:57.000	39972	1907	-481	0	194.3	1	8	100	106	47	(15,-4)
2	2026-01-01 14:18:58.000	40007	1908	-540	0	200.63	1	10	100	106	47	(15,-4)
2	2026-01-01 14:18:59.000	40042	1945	-516	0	240.0	-1	10	100	106	47	(15,-4)
2	2026-01-01 14:19:00.000	40077	1873	-498	0	207.57	-3	8	100	106	47	(15,-4)
2	2026-01-01 14:19:01.000	40112	1883	-495	0	235.81	-2	7	100	106	47	(15,-4)
2	2026-01-01 14:19:02.000	40147	1902	-498	0	278.89	0	5	100	106	47	(15,-4)
2	2026-01-01 14:19:03.000	40182	1891	-513	0	270.66	1	4	100	106	47	(15,-4)
2	2026-01-01 14:19:04.000	40217	1963	-527	0	268.79	3	2	100	106	47	(15,-4)
2	2026-01-01 14:19:05.000	40252	2036	-483	0	244.96	3	1	100	106	47	(16,-4)
2	2026-01-01 14:19:06.000	40287	1996	-513	0	202.98	4	1	100	106	47	(16,-4)
2	2026-01-01 14:19:07.000	40322	1926	-475	0	158.27	2	0	100	106	47	(15,-4)
2	2026-01-01 14:19:08.000	40357	1979	-431	0	166.07	2	0	100	106	47	(15,-3)
2	2026-01-01 14:19:09.000	40392	2028	-355	0	144.59	4	2	100	106	50	(16,-3)
2	2026-01-01 14:19:10.000	40427	2061	-399	0	106.14	6	2	100	106	50	(16,-3)
2	2026-01-01 14:19:11.000	40462	1983	-410	0	118.02	5	0	100	106	50	(15,-3)
2	2026-01-01 14:19:12.000	40497	1958	-403	0	98.81	6	-2	100	106	50	(15,-3)
2	2026-01-01 14:19:13.000	40532	2011	-344	0	71.48	7	0	100	106	50	(16,-3)
2	2026-01-01 14:19:14.000	40567	2005	-335	0	59.44	7	-2	100	106	50	(16,-3)
2	2026-01-01 14:19:15.000	40602	2043	-326	0	46.03	7	-3	100	106	50	(16,-3)
2	2026-01-01 14:19:16.000	40637	1984	-289	0	14.16	9	-4	100	106	50	(16,-2)
2	2026-01-01 14:19:17.000	40672	1920	-327	0	46.22	9	-4	100	106	50	(15,-3)
2	2026-01-01 14:19:18.000	40707	1916	-272	0	22.86	10	-6	100	106	50	(15,-2)
2	2026-01-01 14:19:19.000	40742	1852	-280	0	354.55	8	-6	100	106	50	(14,-2)
2	2026-01-01 14:19:20.000	40777	1848	-215	0	37.42	7	-4	100	106	50	(14,-2)
2	2026-01-01 14:19:21.000	40812	1849	-206	0	42.46	9	-6	100	106	50	(14,-2)
2	2026-01-01 14:19:22.000	40847	1859	-144	0	52.48	8	-8	100	106	50	(15,-1)
2	2026-01-01 14:19:23.000	40882	1899	-116	0	93.07	9	-10	100	106	50	(15,-1)
2	2026-01-01 14:19:24.000	40917	1827	-124	0	134.19	10	-10	92	106	50	(14,-1)
2	2026-01-01 14:19:25.000	40952	1810	-81	0	117.78	9	-10	92	106	50	(14,-1)
2	2026-01-01 14:19:26.000	40987	1845	-39	0	96.04	9	-10	92	106	50	(14,0)
2	2026-01-01 14:19:27.000	41022	1819	-115	0	118.94	10	-8	92	106	50	(14,-1)
2	2026-01-01 14:19:28.000	41057	1807	-40	0	87.05	8	-10	92	106	50	(14,0)
2	2026-01-01 14:19:29.000	41092	1747	25	0	103.24	6	-10	92	106	50	(14,0)
2	2026-01-01 14:19:30.000	41127	1701	1	0	75.07	4	-9	92	106	50	(13,0)
2	2026-01-01 14:19:31.000	41162	1642	79	0	63.77	6	-9	92	106	50	(13,1)
2	2026-01-01 14:19:32.000	41197	1653	115	0	56.96	7	-10	92	106	50	(13,1)
2	2026-01-01 14:19:33.000	41232	1603	77	0	95.95	7	-10	92	106	50	(13,1)
2	2026-01-01 14:19:34.000	41267	1631	59	0	96.05	8	-10	92	106	50	(13,0)
2	2026-01-01 14:19:35.000	41302	1698	100	-8	127.95	8	-10	92	106	50	(13,1)
2	2026-01-01 14:19:36.000	41337	1677	48	-8	150.79	10	-10	92	106	50	(13,0)
2	2026-01-01 14:19:37.000	41372	1650	-8	-8	143.99	9	-9	92	106	50	(13,0)
2	2026-01-01 14:19:38.000	41407	1660	36	-8	163.16	8	-10	92	106	50	(13,0)
2	2026-01-01 14:19:39.000	41442	1726	-2	-8	139.01	10	-8	92	106	50	(13,0)
2	2026-01-01 14:19:40.000	41477	1704	14	-8	138.74	8	-8	92	106	50	(13,0)
2	2026-01-01 14:19:41.000	41512	1760	11	-8	114.77	8	-10	92	106	50	(14,0)
2	2026-01-01 14:19:42.000	41547	1695	-7	-8	131.21	9	-8	92	106	47	(13,0)
2	2026-01-01 14:19:43.000	41582	1670	-57	-8	87.25	9	-10	92	106	47	(13,0)
2	2026-01-01 14:19:44.000	41617	1625	-60	-8	107.62	8	-8	92	106	47	(13,0)
2	2026-01-01 14:19:45.000	41652	1604	-131	-8	108.56	7	-9	92	106	47	(13,-1)
2	2026-01-01 14:19:46.000	41687	1562	-144	-8	114.42	9	-8	92	106	47	(12,-1)
2	2026-01-01 14:19:47.000	41722	1563	-122	-8	149.53	7	-9	92	106	46	(12,-1)
2	2026-01-01 14:19:48.000	41757	1601	-83	-8	157.93	9	-10	92	106	46	(13,-1)
2	2026-01-01 14:19:49.000	41792	1609	-3	-8	164.37	9	-8	92	106	46	(13,0)
2	2026-01-01 14:19:50.000	41827	1621	42	-8	196.32	10	-9	92	106	46	(13,0)
2	2026-01-01 14:19:51.000	41862	1633	-31	-8	160.52	9	-10	92	106	46	(13,0)
2	2026-01-01 14:19:52.000	41897	1698	-57	-8	201.28	10	-10	92	106	46	(13,0)
2	2026-01-01 14:19:53.000	41932	1709	-71	-8	221.42	10	-9	92	106	46	(13,-1)
2	2026-01-01 14:19:54.000	41967	1743	-149	-8	191.42	9	-8	92	106	46	(14,-1)
2	2026-01-01 14:19:55.000	42002	1804	-102	0	196.69	9	-8	92	106	50	(14,-1)
2	2026-01-01 14:19:56.000	42037	1737	-105	0	158.89	8	-7	92	106	50	(14,-1)
2	2026-01-01 14:19:57.000	42072	1684	-127	0	135.53	6	-6	92	106	50	(13,-1)
2	2026-01-01 14:19:58.000	42107	1740	-100	64	128.23	8	-6	92	106	48	(14,-1)
2	2026-01-01 14:19:59.000	42142	1667	-46	64	121.31	6	-6	84	106	48	(13,0)
3	2026-01-01 16:00:00.000	177	25	2532	0	310.11	10	2	100	99	44	(0,20)
3	2026-01-01 16:00:01.000	212	-25	2584	0	270.29	10	3	100	99	44	(0,20)
3	2026-01-01 16:00:02.000	247	-104	2582	0	287.33	10	4	100	99	44	(-1,20)
3	2026-01-01 16:00:03.000	282	-135	2529	0	318.93	8	6	100	99	44	(-1,20)
3	2026-01-01 16:00:04.000	317	-213	2479	0	291.8	9	5	100	99	44	(-2,19)
3	2026-01-01 16:00:05.000	352	-176	2467	0	316.92	7	5	100	99	44	(-1,19)
3	2026-01-01 16:00:06.000	387	-154	2515	0	318.97	9	4	100	99	44	(-1,20)
3	2026-01-01 16:00:07.000	422	-176	2546	0	313.37	10	6	100	99	44	(-1,20)
3	2026-01-01 16:00:08.000	457	-224	2560	0	268.97	9	5	100	99	44	(-2,20)
3	2026-01-01 16:00:09.000	492	-259	2634	0	289.88	10	3	97	99	44	(-2,21)
3	2026-01-01 16:00:10.000	527	-250	2701	0	263.62	10	2	93	99	44	(-2,21)
3	2026-01-01 16:00:11.000	562	-282	2684	0	275.9	10	1	93	99	44	(-2,21)
3	2026-01-01 16:00:12.000	597	-345	2754	0	281.06	10	2	93	99	44	(-3,22)
3	2026-01-01 16:00:13.000	632	-322	2680	0	262.44	10	2	93	99	44	(-3,21)
3	2026-01-01 16:00:14.000	667	-263	2620	0	217.96	10	1	93	99	44	(-2,20)
3	2026-01-01 16:00:15.000	702	-231	2580	0	261.84	10	0	93	99	44	(-2,20)
3	2026-01-01 16:00:16.000	737	-238	2620	0	254.69	10	-1	93	99	44	(-2,20)
3	2026-01-01 16:00:17.000	772	-261	2560	0	216.04	10	-2	93	99	44	(-2,20)
3	2026-01-01 16:00:18.000	807	-311	2560	0	174.82	10	-3	93	99	44	(-2,20)
3	2026-01-01 16:00:19.000	842	-347	2608	0	204.84	10	-5	93	99	44	(-3,20)
3	2026-01-01 16:00:20.000	877	-319	2635	0	199.45	8	-7	93	99	44	(-2,21)
3	2026-01-01 16:00:21.000	912	-239	2631	0	241.11	6	-5	93	99	39	(-2,21)
3	2026-01-01 16:00:22.000	947	-211	2599	0	242.0	7	-5	93	99	39	(-2,20)
3	2026-01-01 16:00:23.000	982	-245	2678	0	252.58	5	-3	93	99	34	(-2,21)
3	2026-01-01 16:00:24.000	1017	-236	2655	0	233.53	7	-2	93	99	34	(-2,21)
3	2026-01-01 16:00:25.000	1052	-213	2613	0	268.35	5	-3	93	99	34	(-2,20)
3	2026-01-01 16:00:26.000	1087	-239	2554	0	264.76	6	-1	93	99	34	(-2,20)
3	2026-01-01 16:00:27.000	1122	-188	2592	0	239.94	5	-1	93	99	34	(-1,20)
3	2026-01-01 16:00:28.000	1157	-124	2651	0	229.05	5	1	93	99	34	(-1,21)
3	2026-01-01 16:00:29.000	1192	-58	2592	0	243.72	6	-1	93	99	34	(0,20)
3	2026-01-01 16:00:30.000	1227	-57	2583	0	264.88	4	-2	93	99	34	(0,20)
3	2026-01-01 16:00:31.000	1262	-130	2661	0	265.8	3	0	93	99	34	(-1,21)
3	2026-01-01 16:00:32.000	1297	-149	2671	0	280.23	1	2	93	99	34	(-1,21)
3	2026-01-01 16:00:33.000	1332	-150	2687	0	236.13	2	1	93	99	31	(-1,21)
3	2026-01-01 16:00:34.000	1367	-129	2738	0	192.07	3	3	93	99	31	(-1,21)
3	2026-01-01 16:00:35.000	1402	-123	2758	0	220.64	1	2	93	99	31	(-1,22)
3	2026-01-01 16:00:36.000	1437	-147	2754	0	195.46	-1	2	93	99	31	(-1,22)
3	2026-01-01 16:00:37.000	1472	-150	2727	0	168.59	-2	2	93	99	31	(-1,21)
3	2026-01-01 16:00:38.000	1507	-145	2707	0	190.74	-1	2	93	99	31	(-1,21)
3	2026-01-01 16:00:39.000	1542	-98	2723	0	152.1	-2	1	93	99	31	(-1,21)
3	2026-01-01 16:00:40.000	1577	-86	2655	0	123.29	-1	0	93	99	31	(-1,21)
3	2026-01-01 16:00:41.000	1612	-133	2580	0	167.39	1	1	93	99	31	(-1,20)
3	2026-01-01 16:00:42.000	1647	-176	2591	0	196.23	-1	-1	93	99	31	(-1,20)
3	2026-01-01 16:00:43.000	1682	-148	2640	0	163.95	0	-1	93	99	31	(-1,21)
3	2026-01-01 16:00:44.000	1717	-179	2622	0	182.41	-1	-3	93	99	31	(-1,20)
3	2026-01-01 16:00:45.000	1752	-171	2640	0	150.83	-1	-3	93	99	31	(-1,21)
3	2026-01-01 16:00:46.000	1787	-125	2680	0	175.29	1	-3	93	99	31	(-1,21)
3	2026-01-01 16:00:47.000	1822	-168	2658	0	208.69	2	-3	93	99	31	(-1,21)
3	2026-01-01 16:00:48.000	1857	-158	2588	0	232.83	2	-2	93	99	31	(-1,20)
3	2026-01-01 16:00:49.000	1892	-209	2614	8	276.45	3	-2	93	99	31	(-2,20)
3	2026-01-01 16:00:50.000	1927	-243	2618	8	278.72	1	-4	93	99	31	(-2,20)
3	2026-01-01 16:00:51.000	1962	-219	2566	8	241.45	-1	-6	93	99	31	(-2,20)
3	2026-01-01 16:00:52.000	1997	-215	2634	0	265.12	1	-6	93	99	31	(-2,21)
3	2026-01-01 16:00:53.000	2032	-241	2560	0	245.49	3	-7	93	99	31	(-2,20)
3	2026-01-01 16:00:54.000	2067	-314	2502	0	288.94	5	-5	93	99	31	(-2,20)
3	2026-01-01 16:00:55.000	2102	-392	2512	0	325.38	3	-7	93	99	31	(-3,20)
3	2026-01-01 16:00:56.000	2137	-413	2463	0	305.27	3	-6	93	99	31	(-3,19)
3	2026-01-01 16:00:57.000	2172	-396	2498	0	308.98	2	-5	93	99	31	(-3,20)
3	2026-01-01 16:00:58.000	2207	-320	2443	0	276.75	3	-5	93	99	31	(-2,19)
3	2026-01-01 16:00:59.000	2242	-259	2397	0	265.87	3	-5	93	99	29	(-2,19)
3	2026-01-01 16:01:00.000	2277	-257	2360	0	261.09	4	-6	93	99	29	(-2,18)
3	2026-01-01 16:01:01.000	2312	-332	2407	0	263.33	3	-6	100	99	29	(-3,19)
3	2026-01-01 16:01:02.000	2347	-377	2369	0	264.26	3	-8	100	99	29	(-3,19)
3	2026-01-01 16:01:03.000	2382	-426	2351	0	228.35	5	-9	100	99	29	(-3,18)
3	2026-01-01 16:01:04.000	2417	-416	2411	0	226.39	4	-7	100	99	29	(-3,19)
3	2026-01-01 16:01:05.000	2452	-427	2447	0	206.95	6	-9	100	99	29	(-3,19)
3	2026-01-01 16:01:06.000	2487	-429	2449	0	205.12	4	-9	100	99	29	(-3,19)
3	2026-01-01 16:01:07.000	2522	-371	2505	0	173.97	2	-7	100	99	29	(-3,20)
3	2026-01-01 16:01:08.000	2557	-365	2501	0	189.63	1	-9	100	99	29	(-3,20)
3	2026-01-01 16:01:09.000	2592	-296	2571	0	201.93	-1	-7	100	99	29	(-2,20)
3	2026-01-01 16:01:10.000	2627	-291	2525	0	217.12	0	-6	100	99	29	(-2,20)
3	2026-01-01 16:01:11.000	2662	-322	2505	0	176.13	1	-4	100	99	29	(-3,20)
3	2026-01-01 16:01:12.000	2697	-354	2493	0	190.59	-1	-3	100	99	50	(-3,19)
3	2026-01-01 16:01:13.000	2732	-336	2427	0	176.92	1	-3	100	99	50	(-3,19)
3	2026-01-01 16:01:14.000	2767	-316	2445	0	157.39	-1	-5	95	99	50	(-2,19)
3	2026-01-01 16:01:15.000	2802	-389	2465	0	142.83	-3	-3	95	99	50	(-3,19)
3	2026-01-01 16:01:16.000	2837	-412	2451	0	182.33	-2	-3	95	99	50	(-3,19)
3	2026-01-01 16:01:17.000	2872	-340	2454	0	163.38	-1	-3	95	99	50	(-3,19)
3	2026-01-01 16:01:18.000	2907	-335	2465	0	206.19	-3	-1	95	99	50	(-3,19)
3	2026-01-01 16:01:19.000	2942	-374	2458	0	235.13	-3	-1	95	99	50	(-3,19)
3	2026-01-01 16:01:20.000	2977	-313	2384	40	233.48	-1	1	95	99	50	(-2,19)
3	2026-01-01 16:01:21.000	3012	-303	2448	40	222.87	0	2	95	99	48	(-2,19)
3	2026-01-01 16:01:22.000	3047	-312	2478	40	203.92	2	2	95	99	48	(-2,19)
3	2026-01-01 16:01:23.000	3082	-334	2475	40	177.96	4	2	100	99	48	(-3,19)
3	2026-01-01 16:01:24.000	3117	-301	2455	40	207.62	5	3	100	99	43	(-2,19)
3	2026-01-01 16:01:25.000	3152	-246	2382	40	205.51	5	3	100	99	43	(-2,19)
3	2026-01-01 16:01:26.000	3187	-243	2380	40	212.07	7	2	100	99	43	(-2,19)
3	2026-01-01 16:01:27.000	3222	-246	2445	0	246.68	7	2	100	99	43	(-2,19)
3	2026-01-01 16:01:28.000	3257	-304	2491	0	230.47	5	0	100	99	43	(-2,19)
3	2026-01-01 16:01:29.000	3292	-365	2419	0	238.96	5	-2	100	99	43	(-3,19)
3	2026-01-01 16:01:30.000	3327	-439	2440	0	265.23	5	-2	100	99	43	(-3,19)
3	2026-01-01 16:01:31.000	3362	-423	2411	0	266.24	7	-1	100	99	43	(-3,19)
3	2026-01-01 16:01:32.000	3397	-502	2372	0	288.45	6	0	100	99	43	(-4,19)
3	2026-01-01 16:01:33.000	3432	-548	2330	0	299.71	4	-2	100	99	43	(-4,18)
3	2026-01-01 16:01:34.000	3467	-519	2356	0	327.35	4	0	100	99	41	(-4,18)
3	2026-01-01 16:01:35.000	3502	-473	2406	0	342.44	4	-2	100	99	41	(-4,19)
3	2026-01-01 16:01:36.000	3537	-501	2338	0	352.13	5	-1	100	99	50	(-4,18)
3	2026-01-01 16:01:37.000	3572	-489	2269	64	1.56	5	-2	100	99	49	(-4,18)
3	2026-01-01 16:01:38.000	3607	-532	2257	64	319.23	4	0	100	99	49	(-4,18)
3	2026-01-01 16:01:39.000	3642	-463	2215	64	340.72	3	1	93	99	49	(-4,17)
3	2026-01-01 16:01:40.000	3677	-472	2143	128	298.39	2	-1	93	99	49	(-4,17)
3	2026-01-01 16:01:41.000	3712	-426	2163	128	260.95	1	-2	93	99	49	(-3,17)
3	2026-01-01 16:01:42.000	3747	-357	2133	128	232.25	3	-1	93	99	49	(-3,17)
3	2026-01-01 16:01:43.000	3782	-316	2172	128	245.95	3	-2	93	99	49	(-2,17)
3	2026-01-01 16:01:44.000	3817	-377	2190	128	278.47	1	0	93	99	49	(-3,17)
3	2026-01-01 16:01:45.000	3852	-397	2182	0	261.34	-1	1	93	99	49	(-3,17)
3	2026-01-01 16:01:46.000	3887	-386	2104	0	233.04	0	0	93	99	49	(-3,16)
3	2026-01-01 16:01:47.000	3922	-441	2079	0	271.51	-2	-2	100	99	49	(-3,16)
3	2026-01-01 16:01:48.000	3957	-363	2132	0	240.71	-2	-4	100	99	47	(-3,17)
3	2026-01-01 16:01:49.000	3992	-406	2062	0	211.55	-4	-3	100	99	47	(-3,16)
3	2026-01-01 16:01:50.000	4027	-368	2057	0	187.05	-3	-3	100	99	47	(-3,16)
3	2026-01-01 16:01:51.000	4062	-317	1994	0	213.68	-5	-5	100	99	43	(-2,16)
3	2026-01-01 16:01:52.000	4097	-277	2053	0	200.26	-4	-7	100	99	43	(-2,16)
3	2026-01-01 16:01:53.000	4132	-217	2041	0	214.5	-5	-7	100	99	43	(-2,16)
3	2026-01-01 16:01:54.000	4167	-139	2026	0	187.64	-6	-7	100	99	43	(-1,16)
3	2026-01-01 16:01:55.000	4202	-217	1955	0	147.54	-5	-5	93	99	43	(-2,15)
3	2026-01-01 16:01:56.000	4237	-209	2026	0	122.5	-5	-4	93	99	43	(-2,16)
3	2026-01-01 16:01:57.000	4272	-229	2089	0	78.79	-6	-6	93	99	43	(-2,16)
3	2026-01-01 16:01:58.000	4307	-218	2062	0	123.43	-7	-4	93	99	43	(-2,16)
3	2026-01-01 16:01:59.000	4342	-268	2022	0	102.42	-7	-4	93	99	43	(-2,16)
3	2026-01-01 16:02:00.000	4377	-249	2042	0	70.06	-8	-4	93	99	43	(-2,16)
3	2026-01-01 16:02:01.000	4412	-195	2085	0	68.63	-7	-5	93	99	43	(-2,16)
3	2026-01-01 16:02:02.000	4447	-264	2094	0	28.1	-6	-7	93	99	43	(-2,16)
3	2026-01-01 16:02:03.000	4482	-334	2037	0	61.59	-4	-6	93	99	43	(-3,16)
3	2026-01-01 16:02:04.000	4517	-368	1989	0	89.46	-2	-8	93	99	43	(-3,16)
3	2026-01-01 16:02:05.000	4552	-321	2019	0	64.94	-2	-7	93	99	43	(-3,16)
3	2026-01-01 16:02:06.000	4587	-396	2030	0	99.02	0	-7	93	99	43	(-3,16)
3	2026-01-01 16:02:07.000	4622	-386	2012	0	81.56	-1	-8	87	99	43	(-3,16)
3	2026-01-01 16:02:08.000	4657	-311	1954	0	66.69	1	-9	87	99	43	(-2,15)
3	2026-01-01 16:02:09.000	4692	-341	1881	0	103.33	2	-9	87	99	50	(-3,15)
3	2026-01-01 16:02:10.000	4727	-266	1881	0	94.15	3	-7	87	99	50	(-2,15)
3	2026-01-01 16:02:11.000	4762	-203	1911	0	134.57	1	-8	87	99	50	(-2,15)
3	2026-01-01 16:02:12.000	4797	-228	1940	0	97.6	2	-7	87	99	50	(-2,15)
3	2026-01-01 16:02:13.000	4832	-192	1959	0	131.96	1	-8	87	99	50	(-2,15)
3	2026-01-01 16:02:14.000	4867	-254	1927	0	176.03	1	-9	87	99	49	(-2,15)
3	2026-01-01 16:02:15.000	4902	-236	1980	0	219.91	0	-10	87	99	49	(-2,15)
3	2026-01-01 16:02:16.000	4937	-235	2033	0	214.96	2	-10	87	99	49	(-2,16)
3	2026-01-01 16:02:17.000	4972	-243	2063	0	186.39	2	-10	87	99	49	(-2,16)
3	2026-01-01 16:02:18.000	5007	-199	2133	0	154.19	0	-10	87	99	49	(-2,17)
3	2026-01-01 16:02:19.000	5042	-122	2110	40	122.0	-2	-10	87	99	49	(-1,16)
3	2026-01-01 16:02:20.000	5077	-60	2125	40	163.84	-3	-10	87	99	49	(0,17)
3	2026-01-01 16:02:21.000	5112	-131	2196	40	200.97	-4	-10	87	99	49	(-1,17)
3	2026-01-01 16:02:22.000	5147	-152	2139	0	191.13	-4	-10	87	99	49	(-1,17)
3	2026-01-01 16:02:23.000	5182	-155	2094	0	197.14	-4	-10	87	99	49	(-1,16)
3	2026-01-01 16:02:24.000	5217	-157	2020	128	227.97	-6	-10	87	99	49	(-1,16)
3	2026-01-01 16:02:25.000	5252	-201	2047	128	266.11	-8	-10	87	99	49	(-2,16)
3	2026-01-01 16:02:26.000	5287	-216	2044	128	252.12	-10	-10	87	99	49	(-2,16)
3	2026-01-01 16:02:27.000	5322	-221	2104	128	212.25	-10	-9	87	99	49	(-2,16)
3	2026-01-01 16:02:28.000	5357	-232	2132	128	203.26	-9	-10	87	99	49	(-2,17)
3	2026-01-01 16:02:29.000	5392	-289	2105	128	175.59	-9	-8	87	99	49	(-2,16)
3	2026-01-01 16:02:30.000	5427	-224	2130	128	154.64	-9	-7	87	99	49	(-2,17)
3	2026-01-01 16:02:31.000	5462	-284	2099	128	123.73	-8	-7	87	99	49	(-2,16)
3	2026-01-01 16:02:32.000	5497	-286	2082	128	84.04	-10	-7	87	99	49	(-2,16)
3	2026-01-01 16:02:33.000	5532	-365	2119	128	78.91	-8	-5	87	99	49	(-3,17)
3	2026-01-01 16:02:34.000	5567	-343	2142	128	39.55	-8	-6	87	99	49	(-3,17)
3	2026-01-01 16:02:35.000	5602	-405	2158	128	18.37	-10	-6	87	99	49	(-3,17)
3	2026-01-01 16:02:36.000	5637	-417	2206	128	48.11	-10	-7	87	99	49	(-3,17)
3	2026-01-01 16:02:37.000	5672	-449	2126	128	45.84	-10	-8	87	99	49	(-4,17)
3	2026-01-01 16:02:38.000	5707	-483	2132	128	85.14	-10	-6	87	99	49	(-4,17)
3	2026-01-01 16:02:39.000	5742	-445	2063	128	82.21	-10	-8	87	99	49	(-3,16)
3	2026-01-01 16:02:40.000	5777	-397	2121	128	55.79	-10	-10	87	99	49	(-3,17)
3	2026-01-01 16:02:41.000	5812	-471	2129	128	63.15	-10	-8	87	99	49	(-4,17)
3	2026-01-01 16:02:42.000	5847	-498	2088	128	25.42	-9	-9	87	99	49	(-4,16)
3	2026-01-01 16:02:43.000	5882	-558	2073	128	341.83	-9	-9	87	99	49	(-4,16)
3	2026-01-01 16:02:44.000	5917	-575	1995	16	337.49	-8	-10	87	99	46	(-4,16)
3	2026-01-01 16:02:45.000	5952	-649	2024	16	347.24	-6	-9	87	99	46	(-5,16)
3	2026-01-01 16:02:46.000	5987	-712	1976	16	331.79	-8	-7	87	99	46	(-6,15)
3	2026-01-01 16:02:47.000	6022	-698	1959	16	334.61	-6	-9	87	99	43	(-5,15)
3	2026-01-01 16:02:48.000	6057	-697	1994	16	332.3	-7	-7	87	99	43	(-5,16)
3	2026-01-01 16:02:49.000	6092	-632	2004	16	357.91	-6	-5	87	99	43	(-5,16)
3	2026-01-01 16:02:50.000	6127	-602	1995	16	337.64	-7	-5	87	99	43	(-5,16)
3	2026-01-01 16:02:51.000	6162	-590	1942	0	356.25	-8	-7	87	99	43	(-5,15)
3	2026-01-01 16:02:52.000	6197	-655	1962	0	329.29	-6	-7	87	99	39	(-5,15)
3	2026-01-01 16:02:53.000	6232	-672	1967	0	359.8	-5	-8	87	99	39	(-5,15)
3	2026-01-01 16:02:54.000	6267	-681	1983	0	353.52	-3	-10	87	99	37	(-5,15)
3	2026-01-01 16:02:55.000	6302	-749	2041	0	17.22	-5	-10	87	99	37	(-6,16)
3	2026-01-01 16:02:56.000	6337	-808	1987	0	40.27	-7	-9	87	99	37	(-6,16)
3	2026-01-01 16:02:57.000	6372	-829	2059	0	71.66	-6	-7	87	99	37	(-6,16)
3	2026-01-01 16:02:58.000	6407	-865	2091	0	39.33	-8	-6	87	99	37	(-7,16)
3	2026-01-01 16:02:59.000	6442	-890	2029	0	19.26	-9	-7	87	99	37	(-7,16)
3	2026-01-01 16:03:00.000	6477	-811	2058	0	54.45	-8	-7	87	99	32	(-6,16)
3	2026-01-01 16:03:01.000	6512	-757	2051	0	54.54	-7	-9	87	99	32	(-6,16)
3	2026-01-01 16:03:02.000	6547	-768	2097	0	56.74	-7	-10	87	99	32	(-6,16)
3	2026-01-01 16:03:03.000	6582	-694	2046	0	67.11	-8	-9	87	99	32	(-5,16)
3	2026-01-01 16:03:04.000	6617	-625	2083	0	80.44	-6	-8	87	99	32	(-5,16)
3	2026-01-01 16:03:05.000	6652	-688	2161	0	81.76	-6	-10	87	99	32	(-5,17)
3	2026-01-01 16:03:06.000	6687	-690	2147	0	39.51	-4	-10	87	99	28	(-5,17)
3	2026-01-01 16:03:07.000	6722	-733	2190	0	73.0	-3	-10	87	99	28	(-6,17)
3	2026-01-01 16:03:08.000	6757	-708	2250	0	93.71	-4	-9	87	99	28	(-6,18)
3	2026-01-01 16:03:09.000	6792	-706	2254	0	136.7	-3	-10	87	99	28	(-6,18)
3	2026-01-01 16:03:10.000	6827	-661	2278	128	134.45	-5	-8	87	99	28	(-5,18)
3	2026-01-01 16:03:11.000	6862	-606	2293	128	159.57	-3	-6	87	106	28	(-5,18)
3	2026-01-01 16:03:12.000	6897	-642	2370	128	201.41	-2	-4	87	106	28	(-5,19)
3	2026-01-01 16:03:13.000	6932	-671	2338	128	240.36	-4	-6	87	106	28	(-5,18)
3	2026-01-01 16:03:14.000	6967	-652	2313	128	210.4	-4	-8	87	106	28	(-5,18)
3	2026-01-01 16:03:15.000	7002	-696	2370	128	215.61	-4	-8	87	106	23	(-5,19)
3	2026-01-01 16:03:16.000	7037	-695	2353	128	179.01	-2	-8	87	106	23	(-5,18)
3	2026-01-01 16:03:17.000	7072	-748	2323	128	157.7	0	-9	87	106	19	(-6,18)
3	2026-01-01 16:03:18.000	7107	-670	2310	128	187.16	-1	-9	87	106	19	(-5,18)
3	2026-01-01 16:03:19.000	7142	-603	2239	24	224.77	0	-8	87	106	19	(-5,17)
3	2026-01-01 16:03:20.000	7177	-566	2263	24	227.69	1	-10	87	106	19	(-4,18)
3	2026-01-01 16:03:21.000	7212	-570	2277	24	235.55	3	-9	87	106	19	(-4,18)
3	2026-01-01 16:03:22.000	7247	-542	2330	24	209.38	1	-10	87	106	17	(-4,18)
3	2026-01-01 16:03:23.000	7282	-539	2341	24	202.06	1	-8	87	106	17	(-4,18)
3	2026-01-01 16:03:24.000	7317	-485	2367	24	218.88	1	-9	87	106	17	(-4,18)
3	2026-01-01 16:03:25.000	7352	-468	2445	24	224.82	3	-9	81	106	17	(-4,19)
3	2026-01-01 16:03:26.000	7387	-389	2472	24	269.65	3	-10	81	106	17	(-3,19)
3	2026-01-01 16:03:27.000	7422	-460	2541	24	272.2	4	-8	81	106	17	(-4,20)
3	2026-01-01 16:03:28.000	7457	-407	2621	24	284.52	3	-7	81	106	17	(-3,20)
3	2026-01-01 16:03:29.000	7492	-398	2569	24	292.4	1	-7	81	106	17	(-3,20)
3	2026-01-01 16:03:30.000	7527	-439	2627	24	247.4	0	-7	81	106	17	(-3,21)
3	2026-01-01 16:03:31.000	7562	-397	2665	24	208.46	-1	-5	81	106	17	(-3,21)
3	2026-01-01 16:03:32.000	7597	-421	2644	24	192.03	-1	-5	81	106	17	(-3,21)
3	2026-01-01 16:03:33.000	7632	-454	2630	24	164.3	-3	-5	81	106	17	(-4,21)
3	2026-01-01 16:03:34.000	7667	-527	2573	24	201.1	-1	-5	81	106	17	(-4,20)
3	2026-01-01 16:03:35.000	7702	-472	2649	24	163.53	0	-5	81	106	17	(-4,21)
3	2026-01-01 16:03:36.000	7737	-505	2652	24	198.42	0	-6	81	106	17	(-4,21)
3	2026-01-01 16:03:37.000	7772	-474	2666	24	181.39	2	-8	81	106	17	(-4,21)
3	2026-01-01 16:03:38.000	7807	-442	2651	24	141.34	2	-7	81	106	14	(-3,21)
3	2026-01-01 16:03:39.000	7842	-482	2575	24	150.91	2	-6	81	106	14	(-4,20)
3	2026-01-01 16:03:40.000	7877	-557	2655	24	177.27	3	-8	81	106	14	(-4,21)
3	2026-01-01 16:03:41.000	7912	-504	2599	24	149.43	2	-6	81	106	14	(-4,20)
3	2026-01-01 16:03:42.000	7947	-459	2618	24	167.16	0	-6	81	106	14	(-4,20)
3	2026-01-01 16:03:43.000	7982	-529	2636	24	156.18	-2	-7	81	106	14	(-4,21)
3	2026-01-01 16:03:44.000	8017	-516	2712	24	147.61	-3	-5	81	106	14	(-4,21)
3	2026-01-01 16:03:45.000	8052	-521	2765	24	122.24	-2	-5	81	106	14	(-4,22)
3	2026-01-01 16:03:46.000	8087	-452	2717	24	156.1	-3	-7	81	106	14	(-4,21)
3	2026-01-01 16:03:47.000	8122	-416	2731	24	196.4	-3	-6	81	106	14	(-3,21)
3	2026-01-01 16:03:48.000	8157	-475	2789	24	151.7	-4	-7	81	106	14	(-4,22)
3	2026-01-01 16:03:49.000	8192	-428	2784	24	157.35	-5	-9	81	106	14	(-3,22)
3	2026-01-01 16:03:50.000	8227	-407	2755	24	193.92	-4	-9	81	106	14	(-3,22)
3	2026-01-01 16:03:51.000	8262	-397	2828	24	190.96	-2	-9	75	106	14	(-3,22)
3	2026-01-01 16:03:52.000	8297	-445	2845	0	168.37	-1	-9	75	106	14	(-3,22)
3	2026-01-01 16:03:53.000	8332	-404	2919	0	201.47	0	-9	75	106	14	(-3,23)
3	2026-01-01 16:03:54.000	8367	-401	2943	0	158.03	-2	-7	75	106	14	(-3,23)
3	2026-01-01 16:03:55.000	8402	-465	2966	16	188.25	-1	-5	75	106	14	(-4,23)
3	2026-01-01 16:03:56.000	8437	-485	2889	16	224.29	-3	-5	75	106	14	(-4,23)
3	2026-01-01 16:03:57.000	8472	-442	2911	128	267.94	-4	-4	75	106	14	(-3,23)
3	2026-01-01 16:03:58.000	8507	-457	2959	128	239.65	-5	-4	75	106	14	(-4,23)
3	2026-01-01 16:03:59.000	8542	-425	2982	128	260.01	-6	-4	72	106	14	(-3,23)
3	2026-01-01 16:04:00.000	8577	-346	3006	-16	249.51	-8	-5	66	106	10	(-3,23)
3	2026-01-01 16:04:01.000	8612	-305	3039	-16	276.16	-9	-3	66	106	10	(-2,24)
3	2026-01-01 16:04:02.000	8647	-275	3082	-16	294.64	-7	-2	66	106	10	(-2,24)
3	2026-01-01 16:04:03.000	8682	-276	3130	0	306.93	-6	0	66	106	10	(-2,24)
3	2026-01-01 16:04:04.000	8717	-322	3105	0	268.55	-7	2	66	106	10	(-3,24)
3	2026-01-01 16:04:05.000	8752	-305	3162	0	237.56	-6	2	66	106	10	(-2,25)
3	2026-01-01 16:04:06.000	8787	-333	3230	0	209.19	-6	3	66	106	10	(-3,25)
3	2026-01-01 16:04:07.000	8822	-302	3178	0	247.28	-4	4	66	106	10	(-2,25)
3	2026-01-01 16:04:08.000	8857	-276	3131	0	242.63	-2	2	66	106	10	(-2,24)
3	2026-01-01 16:04:09.000	8892	-302	3102	0	208.93	-4	2	66	106	10	(-2,24)
3	2026-01-01 16:04:10.000	8927	-224	3107	0	218.25	-3	3	60	106	10	(-2,24)
3	2026-01-01 16:04:11.000	8962	-249	3126	0	173.4	-2	2	60	106	10	(-2,24)
3	2026-01-01 16:04:12.000	8997	-254	3068	8	190.2	0	1	60	106	10	(-2,24)
3	2026-01-01 16:04:13.000	9032	-265	3022	8	186.33	-1	2	60	106	10	(-2,24)
3	2026-01-01 16:04:14.000	9067	-231	2962	8	193.19	-2	2	60	106	10	(-2,23)
3	2026-01-01 16:04:15.000	9102	-292	2914	8	188.72	0	1	60	106	10	(-2,23)
3	2026-01-01 16:04:16.000	9137	-232	2858	8	201.16	0	0	60	106	10	(-2,22)
3	2026-01-01 16:04:17.000	9172	-249	2827	8	217.39	1	2	60	106	10	(-2,22)
3	2026-01-01 16:04:18.000	9207	-293	2889	8	247.03	-1	2	60	106	10	(-2,23)
3	2026-01-01 16:04:19.000	9242	-314	2936	8	248.8	-2	1	60	106	10	(-2,23)
3	2026-01-01 16:04:20.000	9277	-257	2903	8	281.84	-1	0	60	106	10	(-2,23)
3	2026-01-01 16:04:21.000	9312	-312	2979	8	254.54	-3	2	60	106	10	(-2,23)
3	2026-01-01 16:04:22.000	9347	-290	2904	8	221.2	-4	2	60	106	10	(-2,23)
3	2026-01-01 16:04:23.000	9382	-296	2969	8	188.34	-4	3	60	106	10	(-2,23)
3	2026-01-01 16:04:24.000	9417	-341	2900	8	226.87	-3	1	60	106	10	(-3,23)
3	2026-01-01 16:04:25.000	9452	-287	2914	8	194.26	-5	2	60	106	9	(-2,23)
3	2026-01-01 16:04:26.000	9487	-343	2965	8	227.95	-5	2	60	106	9	(-3,23)
3	2026-01-01 16:04:27.000	9522	-264	2960	8	272.27	-5	0	60	106	9	(-2,23)
3	2026-01-01 16:04:28.000	9557	-201	2974	8	255.0	-4	-2	60	106	9	(-2,23)
3	2026-01-01 16:04:29.000	9592	-155	3035	8	232.65	-4	-1	60	106	9	(-1,24)
3	2026-01-01 16:04:30.000	9627	-155	2997	8	250.5	-5	0	60	106	9	(-1,23)
3	2026-01-01 16:04:31.000	9662	-153	3023	8	282.0	-6	-1	60	106	33	(-1,24)
3	2026-01-01 16:04:32.000	9697	-230	3084	8	306.13	-6	-2	60	106	33	(-2,24)
3	2026-01-01 16:04:33.000	9732	-177	3012	8	264.33	-5	-4	60	106	33	(-1,24)
3	2026-01-01 16:04:34.000	9767	-163	2985	8	227.42	-3	-6	60	106	33	(-1,23)
3	2026-01-01 16:04:35.000	9802	-156	2969	8	195.15	-3	-7	60	106	33	(-1,23)
3	2026-01-01 16:04:36.000	9837	-179	2915	8	202.02	-3	-6	60	106	33	(-1,23)
3	2026-01-01 16:04:37.000	9872	-139	2877	8	193.85	-3	-8	60	106	33	(-1,22)
3	2026-01-01 16:04:38.000	9907	-193	2831	8	177.3	-2	-7	60	106	33	(-2,22)
3	2026-01-01 16:04:39.000	9942	-153	2771	8	191.54	-1	-6	60	106	33	(-1,22)
3	2026-01-01 16:04:40.000	9977	-153	2747	8	214.38	-3	-4	60	106	33	(-1,21)
3	2026-01-01 16:04:41.000	10012	-98	2667	8	199.21	-3	-6	52	106	33	(-1,21)
3	2026-01-01 16:04:42.000	10047	-167	2677	8	164.18	-4	-8	52	106	33	(-1,21)
3	2026-01-01 16:04:43.000	10082	-169	2681	8	192.9	-6	-9	52	106	33	(-1,21)
3	2026-01-01 16:04:44.000	10117	-119	2689	8	163.28	-8	-8	52	106	33	(-1,21)
3	2026-01-01 16:04:45.000	10152	-107	2703	8	184.75	-9	-6	52	106	33	(-1,21)
3	2026-01-01 16:04:46.000	10187	-172	2702	8	198.24	-8	-5	52	106	33	(-1,21)
3	2026-01-01 16:04:47.000	10222	-222	2733	8	207.69	-6	-6	51	106	33	(-2,21)
3	2026-01-01 16:04:48.000	10257	-142	2800	8	236.46	-5	-4	51	106	33	(-1,22)
3	2026-01-01 16:04:49.000	10292	-152	2830	8	224.93	-6	-2	51	106	33	(-1,22)
3	2026-01-01 16:04:50.000	10327	-222	2874	8	190.98	-5	-1	51	106	33	(-2,22)
3	2026-01-01 16:04:51.000	10362	-193	2805	8	179.03	-7	-2	51	106	33	(-2,22)
3	2026-01-01 16:04:52.000	10397	-169	2739	8	171.12	-5	-2	51	106	33	(-1,21)
3	2026-01-01 16:04:53.000	10432	-244	2798	0	214.62	-6	-4	51	106	33	(-2,22)
3	2026-01-01 16:04:54.000	10467	-235	2816	0	233.21	-5	-4	51	106	33	(-2,22)
3	2026-01-01 16:04:55.000	10502	-184	2841	0	200.32	-7	-3	51	106	33	(-1,22)
3	2026-01-01 16:04:56.000	10537	-112	2821	0	195.0	-6	-5	51	106	33	(-1,22)
3	2026-01-01 16:04:57.000	10572	-140	2833	0	207.63	-7	-6	51	106	33	(-1,22)
3	2026-01-01 16:04:58.000	10607	-105	2881	0	241.43	-8	-5	51	106	33	(-1,23)
3	2026-01-01 16:04:59.000	10642	-43	2860	0	219.8	-10	-7	51	106	33	(0,22)
3	2026-01-01 16:05:00.000	10677	33	2867	0	240.02	-9	-5	51	106	33	(0,22)
3	2026-01-01 16:05:01.000	10712	62	2805	0	282.85	-7	-7	51	106	33	(0,22)
3	2026-01-01 16:05:02.000	10747	3	2732	0	271.97	-5	-6	51	106	33	(0,21)
3	2026-01-01 16:05:03.000	10782	-52	2740	0	270.31	-4	-8	51	106	50	(0,21)
3	2026-01-01 16:05:04.000	10817	-79	2749	0	250.16	-5	-8	51	106	50	(-1,21)
3	2026-01-01 16:05:05.000	10852	-24	2750	-16	248.6	-4	-9	51	106	50	(0,21)
3	2026-01-01 16:05:06.000	10887	-39	2807	-16	207.62	-6	-10	51	106	50	(0,22)
3	2026-01-01 16:05:07.000	10922	-42	2836	-16	187.33	-4	-9	51	106	50	(0,22)
3	2026-01-01 16:05:08.000	10957	-24	2835	-8	167.61	-6	-10	51	106	50	(0,22)
3	2026-01-01 16:05:09.000	10992	-6	2777	-8	148.46	-8	-10	51	106	50	(0,22)
3	2026-01-01 16:05:10.000	11027	-12	2819	-8	183.74	-8	-9	51	106	50	(0,22)
3	2026-01-01 16:05:11.000	11062	44	2769	-8	214.52	-9	-8	51	106	46	(0,22)
3	2026-01-01 16:05:12.000	11097	39	2783	-8	210.32	-9	-8	51	106	46	(0,22)
3	2026-01-01 16:05:13.000	11132	82	2704	-8	235.67	-9	-7	51	106	46	(1,21)
3	2026-01-01 16:05:14.000	11167	70	2682	-8	249.48	-9	-8	51	106	41	(1,21)
3	2026-01-01 16:05:15.000	11202	-10	2678	56	227.97	-10	-6	51	106	41	(0,21)
3	2026-01-01 16:05:16.000	11237	-8	2727	56	234.61	-10	-4	51	106	41	(0,21)
3	2026-01-01 16:05:17.000	11272	68	2655	56	278.49	-10	-2	51	106	40	(1,21)
3	2026-01-01 16:05:18.000	11307	53	2608	56	318.02	-10	-2	51	106	40	(0,20)
3	2026-01-01 16:05:19.000	11342	67	2604	56	292.34	-10	-2	51	106	40	(1,20)
3	2026-01-01 16:05:20.000	11377	84	2611	56	320.55	-10	0	51	106	40	(1,20)
3	2026-01-01 16:05:21.000	11412	38	2583	56	336.85	-8	1	51	106	40	(0,20)
3	2026-01-01 16:05:22.000	11447	101	2612	56	300.33	-7	2	51	106	40	(1,20)
3	2026-01-01 16:05:23.000	11482	24	2675	56	320.65	-5	1	51	106	40	(0,21)
3	2026-01-01 16:05:24.000	11517	62	2750	56	5.48	-7	-1	51	106	40	(0,21)
3	2026-01-01 16:05:25.000	11552	127	2775	56	8.8	-8	-3	51	106	40	(1,22)
3	2026-01-01 16:05:26.000	11587	101	2729	56	28.49	-10	-2	51	106	40	(1,21)
3	2026-01-01 16:05:27.000	11622	44	2696	0	44.07	-10	-3	51	106	40	(0,21)
3	2026-01-01 16:05:28.000	11657	106	2744	0	1.81	-10	-2	51	106	36	(1,21)
3	2026-01-01 16:05:29.000	11692	142	2683	0	36.39	-10	-3	51	106	32	(1,21)
3	2026-01-01 16:05:30.000	11727	118	2696	0	80.3	-10	-3	51	106	32	(1,21)
3	2026-01-01 16:05:31.000	11762	180	2745	0	51.56	-8	-5	51	106	32	(1,21)
3	2026-01-01 16:05:32.000	11797	105	2713	0	90.77	-8	-7	51	106	50	(1,21)
3	2026-01-01 16:05:33.000	11832	33	2758	0	79.68	-6	-5	51	106	50	(0,22)
3	2026-01-01 16:05:34.000	11867	-26	2679	0	47.32	-7	-6	51	106	50	(0,21)
3	2026-01-01 16:05:35.000	11902	-65	2718	0	71.38	-8	-4	51	106	50	(-1,21)
3	2026-01-01 16:05:36.000	11937	-3	2798	0	50.83	-7	-6	51	106	50	(0,22)
3	2026-01-01 16:05:37.000	11972	10	2803	0	95.22	-8	-7	51	106	50	(0,22)
3	2026-01-01 16:05:38.000	12007	1	2842	0	135.95	-6	-6	51	106	50	(0,22)
3	2026-01-01 16:05:39.000	12042	-35	2794	0	111.2	-5	-4	51	106	50	(0,22)
3	2026-01-01 16:05:40.000	12077	-25	2722	0	117.48	-3	-3	51	106	50	(0,21)
3	2026-01-01 16:05:41.000	12112	-96	2732	0	146.72	-5	-1	51	106	50	(-1,21)
3	2026-01-01 16:05:42.000	12147	-98	2656	-8	177.13	-5	-3	51	106	49	(-1,21)
3	2026-01-01 16:05:43.000	12182	-46	2578	-8	186.85	-6	-3	51	106	49	(0,20)
3	2026-01-01 16:05:44.000	12217	23	2583	-8	223.18	-5	-1	51	106	49	(0,20)
3	2026-01-01 16:05:45.000	12252	-12	2609	-8	266.83	-7	0	51	106	49	(0,20)
3	2026-01-01 16:05:46.000	12287	-92	2609	-8	258.61	-7	-1	51	106	49	(-1,20)
3	2026-01-01 16:05:47.000	12322	-71	2675	-8	237.28	-8	0	51	106	49	(-1,21)
3	2026-01-01 16:05:48.000	12357	-115	2710	-8	238.56	-6	-1	51	106	49	(-1,21)
3	2026-01-01 16:05:49.000	12392	-73	2720	-8	279.03	-5	1	51	106	49	(-1,21)
3	2026-01-01 16:05:50.000	12427	-130	2720	-8	318.14	-4	0	51	106	49	(-1,21)
3	2026-01-01 16:05:51.000	12462	-209	2690	-8	305.47	-6	1	51	106	49	(-2,21)
3	2026-01-01 16:05:52.000	12497	-215	2666	-8	261.48	-6	3	71	106	49	(-2,21)
3	2026-01-01 16:05:53.000	12532	-243	2686	0	246.42	-4	2	71	106	50	(-2,21)
3	2026-01-01 16:05:54.000	12567	-227	2731	0	204.53	-2	1	71	106	50	(-2,21)
3	2026-01-01 16:05:55.000	12602	-289	2760	0	233.62	-3	2	71	106	50	(-2,22)
3	2026-01-01 16:05:56.000	12637	-326	2754	0	235.02	-2	4	71	106	50	(-3,22)
3	2026-01-01 16:05:57.000	12672	-385	2723	0	253.23	-1	4	71	106	50	(-3,21)
3	2026-01-01 16:05:58.000	12707	-433	2649	0	248.23	-2	4	71	106	50	(-3,21)
3	2026-01-01 16:05:59.000	12742	-501	2709	0	208.59	0	4	71	106	50	(-4,21)
3	2026-01-01 16:06:00.000	12777	-451	2641	0	193.86	-2	5	71	106	50	(-4,21)
3	2026-01-01 16:06:01.000	12812	-509	2615	0	171.15	-2	3	71	106	50	(-4,20)
3	2026-01-01 16:06:02.000	12847	-578	2590	0	153.99	0	5	71	106	50	(-5,20)
3	2026-01-01 16:06:03.000	12882	-624	2515	0	123.81	-2	5	71	106	50	(-5,20)
3	2026-01-01 16:06:04.000	12917	-616	2449	0	94.11	-2	4	71	106	50	(-5,19)
3	2026-01-01 16:06:05.000	12952	-669	2418	0	132.22	-3	4	71	106	50	(-5,19)
3	2026-01-01 16:06:06.000	12987	-679	2375	0	149.02	-1	6	71	106	50	(-5,19)
3	2026-01-01 16:06:07.000	13022	-632	2449	0	107.16	0	7	71	106	50	(-5,19)
3	2026-01-01 16:06:08.000	13057	-693	2376	0	111.38	-1	6	71	106	50	(-5,19)
3	2026-01-01 16:06:09.000	13092	-674	2402	0	71.52	1	4	71	106	50	(-5,19)
3	2026-01-01 16:06:10.000	13127	-616	2408	0	107.82	1	2	71	106	50	(-5,19)
3	2026-01-01 16:06:11.000	13162	-540	2393	0	115.27	2	3	71	106	50	(-4,19)
3	2026-01-01 16:06:12.000	13197	-585	2361	0	151.44	1	2	71	106	50	(-5,18)
3	2026-01-01 16:06:13.000	13232	-563	2355	0	168.45	3	3	71	106	50	(-4,18)
3	2026-01-01 16:06:14.000	13267	-539	2384	0	131.84	2	3	71	106	50	(-4,19)
3	2026-01-01 16:06:15.000	13302	-615	2358	0	168.1	0	4	71	106	50	(-5,18)
3	2026-01-01 16:06:16.000	13337	-576	2304	0	151.45	1	4	71	106	50	(-4,18)
3	2026-01-01 16:06:17.000	13372	-497	2258	0	170.12	-1	3	71	106	50	(-4,18)
3	2026-01-01 16:06:18.000	13407	-456	2333	0	128.94	-1	3	71	106	50	(-4,18)
3	2026-01-01 16:06:19.000	13442	-477	2256	0	165.99	0	4	62	106	50	(-4,18)
3	2026-01-01 16:06:20.000	13477	-497	2263	0	162.88	-1	5	62	106	50	(-4,18)
3	2026-01-01 16:06:21.000	13512	-469	2231	0	122.49	-1	7	62	106	50	(-4,17)
3	2026-01-01 16:06:22.000	13547	-510	2241	0	110.11	0	5	62	106	50	(-4,18)
3	2026-01-01 16:06:23.000	13582	-527	2167	0	103.7	0	5	62	106	50	(-4,17)
3	2026-01-01 16:06:24.000	13617	-599	2198	0	128.32	1	6	62	106	50	(-5,17)
3	2026-01-01 16:06:25.000	13652	-648	2228	0	98.58	3	8	62	106	50	(-5,17)
3	2026-01-01 16:06:26.000	13687	-573	2149	-16	140.56	1	6	62	106	50	(-4,17)
3	2026-01-01 16:06:27.000	13722	-509	2153	-16	178.94	1	6	62	106	50	(-4,17)
3	2026-01-01 16:06:28.000	13757	-560	2080	-16	208.2	-1	6	62	106	50	(-4,16)
3	2026-01-01 16:06:29.000	13792	-566	2131	-16	223.67	1	7	62	106	45	(-4,17)
3	2026-01-01 16:06:30.000	13827	-546	2159	-16	267.15	2	5	62	106	50	(-4,17)
3	2026-01-01 16:06:31.000	13862	-533	2121	-16	279.13	0	7	62	106	50	(-4,17)
3	2026-01-01 16:06:32.000	13897	-502	2043	-16	267.15	1	5	62	106	50	(-4,16)
3	2026-01-01 16:06:33.000	13932	-441	2057	-16	223.87	0	3	62	106	50	(-3,16)
3	2026-01-01 16:06:34.000	13967	-374	2125	0	246.38	2	5	62	106	50	(-3,17)
3	2026-01-01 16:06:35.000	14002	-452	2048	0	273.45	0	6	62	106	50	(-4,16)
3	2026-01-01 16:06:36.000	14037	-421	2006	0	244.13	1	8	62	106	50	(-3,16)
3	2026-01-01 16:06:37.000	14072	-361	2036	0	222.68	1	9	62	106	50	(-3,16)
3	2026-01-01 16:06:38.000	14107	-298	1998	0	221.31	1	7	62	106	50	(-2,16)
3	2026-01-01 16:06:39.000	14142	-225	2033	0	186.17	-1	5	62	106	50	(-2,16)
3	2026-01-01 16:06:40.000	14177	-151	2053	0	182.12	-3	6	71	106	50	(-1,16)
3	2026-01-01 16:06:41.000	14212	-124	2064	0	206.49	-4	4	71	106	50	(-1,16)
3	2026-01-01 16:06:42.000	14247	-61	2088	8	164.72	-5	6	71	106	50	(0,16)
3	2026-01-01 16:06:43.000	14282	-83	2099	8	192.93	-5	5	71	106	45	(-1,16)
3	2026-01-01 16:06:44.000	14317	-128	2080	8	221.54	-7	5	71	106	45	(-1,16)
3	2026-01-01 16:06:45.000	14352	-203	2125	8	207.14	-8	7	71	106	45	(-2,17)
3	2026-01-01 16:06:46.000	14387	-257	2061	8	248.92	-8	6	71	106	45	(-2,16)
3	2026-01-01 16:06:47.000	14422	-197	2034	8	260.94	-9	8	71	106	42	(-2,16)
3	2026-01-01 16:06:48.000	14457	-235	2026	8	305.74	-7	9	63	106	42	(-2,16)
3	2026-01-01 16:06:49.000	14492	-274	1985	8	324.64	-9	10	63	106	42	(-2,16)
3	2026-01-01 16:06:50.000	14527	-204	2025	8	308.82	-10	10	72	106	42	(-2,16)
3	2026-01-01 16:06:51.000	14562	-259	2055	8	317.84	-10	9	72	106	42	(-2,16)
3	2026-01-01 16:06:52.000	14597	-316	2094	8	312.91	-10	10	72	106	42	(-2,16)
3	2026-01-01 16:06:53.000	14632	-293	2132	8	284.65	-10	8	72	106	42	(-2,17)
3	2026-01-01 16:06:54.000	14667	-219	2091	64	263.53	-8	8	72	106	42	(-2,16)
3	2026-01-01 16:06:55.000	14702	-198	2118	64	236.75	-10	8	72	106	42	(-2,17)
3	2026-01-01 16:06:56.000	14737	-188	2053	64	232.12	-8	10	72	106	42	(-1,16)
3	2026-01-01 16:06:57.000	14772	-190	2053	64	188.64	-7	8	72	106	42	(-1,16)
3	2026-01-01 16:06:58.000	14807	-171	2132	64	186.48	-9	6	72	106	41	(-1,17)
3	2026-01-01 16:06:59.000	14842	-201	2076	64	192.07	-9	8	89	106	41	(-2,16)
3	2026-01-01 16:07:00.000	14877	-147	2134	64	213.58	-8	9	89	106	41	(-1,17)
3	2026-01-01 16:07:01.000	14912	-200	2081	64	249.87	-6	7	89	106	41	(-2,16)
3	2026-01-01 16:07:02.000	14947	-260	2082	64	270.86	-4	5	89	106	41	(-2,16)
3	2026-01-01 16:07:03.000	14982	-315	2161	64	296.93	-5	3	89	106	41	(-2,17)
3	2026-01-01 16:07:04.000	15017	-243	2236	16	308.59	-3	2	89	106	50	(-2,17)
3	2026-01-01 16:07:05.000	15052	-321	2264	16	346.98	-3	3	89	106	50	(-3,18)
3	2026-01-01 16:07:06.000	15087	-278	2284	16	331.9	-2	5	89	106	50	(-2,18)
3	2026-01-01 16:07:07.000	15122	-322	2289	16	297.79	0	4	89	106	50	(-3,18)
3	2026-01-01 16:07:08.000	15157	-245	2293	16	253.24	-2	4	89	106	50	(-2,18)
3	2026-01-01 16:07:09.000	15192	-207	2286	16	294.1	-1	3	89	106	50	(-2,18)
3	2026-01-01 16:07:10.000	15227	-146	2331	16	326.61	0	5	89	106	50	(-1,18)
3	2026-01-01 16:07:11.000	15262	-178	2325	16	331.66	1	5	89	106	50	(-1,18)
3	2026-01-01 16:07:12.000	15297	-216	2344	16	0.16	2	7	89	106	50	(-2,18)
3	2026-01-01 16:07:13.000	15332	-166	2412	16	332.22	1	6	89	106	50	(-1,19)
3	2026-01-01 16:07:14.000	15367	-150	2386	16	355.52	3	6	89	106	50	(-1,19)
3	2026-01-01 16:07:15.000	15402	-87	2433	16	4.38	4	4	89	106	50	(-1,19)
3	2026-01-01 16:07:16.000	15437	-26	2361	16	341.44	2	2	89	106	50	(0,18)
3	2026-01-01 16:07:17.000	15472	-20	2401	16	337.38	3	4	84	106	50	(0,19)
3	2026-01-01 16:07:18.000	15507	55	2355	16	4.06	2	5	84	106	50	(0,18)
3	2026-01-01 16:07:19.000	15542	54	2388	16	6.36	0	3	84	106	50	(0,19)
3	2026-01-01 16:07:20.000	15577	0	2465	16	42.25	1	2	84	106	50	(0,19)
3	2026-01-01 16:07:21.000	15612	29	2500	16	16.88	2	1	84	106	50	(0,20)
3	2026-01-01 16:07:22.000	15647	-49	2467	16	343.06	3	2	84	106	50	(0,19)
3	2026-01-01 16:07:23.000	15682	-90	2410	16	337.78	2	0	84	106	50	(-1,19)
3	2026-01-01 16:07:24.000	15717	-59	2449	16	349.99	4	-1	84	106	50	(0,19)
3	2026-01-01 16:07:25.000	15752	-29	2380	16	334.68	5	1	84	106	50	(0,19)
3	2026-01-01 16:07:26.000	15787	-65	2378	16	342.62	7	2	84	106	50	(-1,19)
3	2026-01-01 16:07:27.000	15822	-25	2426	16	0.36	7	1	84	106	50	(0,19)
3	2026-01-01 16:07:28.000	15857	15	2359	16	352.92	7	-1	84	106	49	(0,18)
3	2026-01-01 16:07:29.000	15892	16	2353	16	1.08	5	0	84	106	49	(0,18)
3	2026-01-01 16:07:30.000	15927	43	2288	16	358.6	5	-1	84	106	49	(0,18)
3	2026-01-01 16:07:31.000	15962	8	2353	16	14.97	7	-1	84	106	49	(0,18)
3	2026-01-01 16:07:32.000	15997	-42	2336	16	342.33	8	-2	84	106	49	(0,18)
3	2026-01-01 16:07:33.000	16032	-5	2327	16	337.01	7	-4	84	106	49	(0,18)
3	2026-01-01 16:07:34.000	16067	47	2391	16	341.96	6	-5	84	106	49	(0,19)
3	2026-01-01 16:07:35.000	16102	50	2437	16	6.13	5	-3	84	106	49	(0,19)
3	2026-01-01 16:07:36.000	16137	120	2374	16	9.09	5	-2	84	106	48	(1,19)
3	2026-01-01 16:07:37.000	16172	53	2408	32	337.93	6	-3	84	106	48	(0,19)
3	2026-01-01 16:07:38.000	16207	93	2401	32	303.84	5	-4	84	106	48	(1,19)
3	2026-01-01 16:07:39.000	16242	79	2465	32	326.51	6	-4	84	106	48	(1,19)
3	2026-01-01 16:07:40.000	16277	23	2420	32	295.31	7	-6	84	106	48	(0,19)
3	2026-01-01 16:07:41.000	16312	103	2412	32	262.66	8	-8	84	106	48	(1,19)
3	2026-01-01 16:07:42.000	16347	90	2348	32	232.42	8	-6	84	106	48	(1,18)
3	2026-01-01 16:07:43.000	16382	107	2294	32	231.5	10	-4	84	106	48	(1,18)
3	2026-01-01 16:07:44.000	16417	93	2306	32	264.63	10	-2	84	106	50	(1,18)
3	2026-01-01 16:07:45.000	16452	48	2363	32	282.22	10	0	84	106	50	(0,18)
3	2026-01-01 16:07:46.000	16487	60	2367	32	313.71	9	-1	84	106	48	(0,18)
3	2026-01-01 16:07:47.000	16522	108	2446	32	293.48	8	-1	84	106	48	(1,19)
3	2026-01-01 16:07:48.000	16557	153	2393	32	317.44	6	1	84	106	48	(1,19)
3	2026-01-01 16:07:49.000	16592	195	2388	32	306.39	5	3	84	106	48	(2,19)
3	2026-01-01 16:07:50.000	16627	220	2377	32	291.65	4	1	84	106	48	(2,19)
3	2026-01-01 16:07:51.000	16662	296	2418	32	299.87	3	0	84	106	48	(2,19)
3	2026-01-01 16:07:52.000	16697	285	2482	32	260.79	4	2	84	106	48	(2,19)
3	2026-01-01 16:07:53.000	16732	219	2524	32	217.85	2	1	84	106	48	(2,20)
3	2026-01-01 16:07:54.000	16767	153	2515	32	226.35	3	2	84	106	48	(1,20)
3	2026-01-01 16:07:55.000	16802	196	2472	32	184.76	4	1	84	106	48	(2,19)
3	2026-01-01 16:07:56.000	16837	261	2542	32	182.48	2	0	84	106	43	(2,20)
3	2026-01-01 16:07:57.000	16872	328	2529	32	162.13	4	1	84	106	43	(3,20)
3	2026-01-01 16:07:58.000	16907	353	2520	32	124.11	6	-1	84	106	43	(3,20)
3	2026-01-01 16:07:59.000	16942	301	2540	32	151.71	5	-1	84	106	50	(2,20)
3	2026-01-01 16:08:00.000	16977	257	2508	32	141.95	7	-1	84	106	50	(2,20)
3	2026-01-01 16:08:01.000	17012	219	2465	32	157.04	5	-2	84	106	50	(2,19)
3	2026-01-01 16:08:02.000	17047	170	2417	32	121.1	3	-4	84	106	46	(1,19)
3	2026-01-01 16:08:03.000	17082	227	2468	32	141.44	5	-4	84	106	50	(2,19)
3	2026-01-01 16:08:04.000	17117	304	2542	32	123.78	5	-6	84	106	50	(2,20)
3	2026-01-01 16:08:05.000	17152	380	2614	32	99.22	7	-5	84	106	50	(3,20)
3	2026-01-01 16:08:06.000	17187	347	2535	32	131.41	6	-4	84	106	50	(3,20)
3	2026-01-01 16:08:07.000	17222	354	2464	32	95.8	6	-2	84	106	50	(3,19)
3	2026-01-01 16:08:08.000	17257	402	2522	32	136.24	5	-4	84	106	50	(3,20)
3	2026-01-01 16:08:09.000	17292	368	2511	32	99.44	6	-6	84	106	50	(3,20)
3	2026-01-01 16:08:10.000	17327	434	2510	32	99.52	5	-8	84	106	50	(3,20)
3	2026-01-01 16:08:11.000	17362	358	2536	32	89.93	5	-6	84	106	47	(3,20)
3	2026-01-01 16:08:12.000	17397	280	2554	32	85.84	4	-6	84	106	47	(2,20)
3	2026-01-01 16:08:13.000	17432	278	2520	32	116.8	2	-8	84	106	47	(2,20)
3	2026-01-01 16:08:14.000	17467	273	2448	32	80.2	3	-8	84	106	47	(2,19)
3	2026-01-01 16:08:15.000	17502	267	2400	32	99.56	3	-8	84	106	47	(2,19)
3	2026-01-01 16:08:16.000	17537	326	2366	32	74.51	5	-9	84	106	47	(3,18)
3	2026-01-01 16:08:17.000	17572	309	2417	32	118.77	6	-8	84	106	47	(2,19)
3	2026-01-01 16:08:18.000	17607	304	2488	32	84.31	8	-7	84	106	47	(2,19)
3	2026-01-01 16:08:19.000	17642	226	2468	32	53.3	7	-9	84	106	47	(2,19)
3	2026-01-01 16:08:20.000	17677	281	2466	32	33.58	5	-7	81	106	47	(2,19)
3	2026-01-01 16:08:21.000	17712	265	2386	32	16.74	4	-9	81	106	47	(2,19)
3	2026-01-01 16:08:22.000	17747	335	2312	32	44.56	5	-10	81	106	47	(3,18)
3	2026-01-01 16:08:23.000	17782	386	2262	32	54.31	6	-10	81	106	47	(3,18)
3	2026-01-01 16:08:24.000	17817	412	2335	32	79.9	5	-10	81	106	47	(3,18)
3	2026-01-01 16:08:25.000	17852	336	2324	32	79.91	7	-10	81	106	47	(3,18)
3	2026-01-01 16:08:26.000	17887	315	2385	32	66.06	8	-9	81	106	47	(2,19)
3	2026-01-01 16:08:27.000	17922	285	2462	32	54.52	10	-8	81	106	47	(2,19)
3	2026-01-01 16:08:28.000	17957	242	2525	32	76.0	10	-8	81	106	47	(2,20)
3	2026-01-01 16:08:29.000	17992	303	2476	32	93.1	10	-10	100	106	47	(2,19)
3	2026-01-01 16:08:30.000	18027	383	2507	32	53.64	10	-8	100	106	47	(3,20)
3	2026-01-01 16:08:31.000	18062	326	2544	32	9.85	10	-6	100	106	47	(3,20)
3	2026-01-01 16:08:32.000	18097	335	2464	32	7.5	9	-7	100	106	47	(3,19)
3	2026-01-01 16:08:33.000	18132	276	2396	32	38.74	10	-8	100	106	47	(2,19)
3	2026-01-01 16:08:34.000	18167	299	2360	32	60.53	9	-9	100	106	47	(2,18)
3	2026-01-01 16:08:35.000	18202	262	2384	32	68.51	9	-10	100	106	47	(2,19)
3	2026-01-01 16:08:36.000	18237	310	2333	40	90.37	7	-9	100	106	42	(2,18)
3	2026-01-01 16:08:37.000	18272	344	2302	40	124.84	8	-8	100	106	42	(3,18)
3	2026-01-01 16:08:38.000	18307	401	2244	40	132.12	10	-7	100	106	42	(3,18)
3	2026-01-01 16:08:39.000	18342	360	2256	40	164.04	8	-9	100	106	42	(3,18)
3	2026-01-01 16:08:40.000	18377	366	2241	40	187.96	7	-9	100	106	42	(3,18)
3	2026-01-01 16:08:41.000	18412	430	2266	40	227.17	5	-9	100	106	42	(3,18)
3	2026-01-01 16:08:42.000	18447	481	2297	40	255.89	3	-7	100	106	42	(4,18)
3	2026-01-01 16:08:43.000	18482	462	2220	40	267.24	3	-6	100	106	42	(4,17)
3	2026-01-01 16:08:44.000	18517	431	2265	40	267.08	2	-7	100	106	42	(3,18)
3	2026-01-01 16:08:45.000	18552	383	2264	40	293.12	4	-6	100	106	42	(3,18)
3	2026-01-01 16:08:46.000	18587	389	2228	40	298.19	5	-8	100	106	41	(3,17)
3	2026-01-01 16:08:47.000	18622	339	2202	40	327.9	3	-6	100	106	41	(3,17)
3	2026-01-01 16:08:48.000	18657	273	2148	32	352.37	4	-7	100	106	41	(2,17)
3	2026-01-01 16:08:49.000	18692	293	2188	32	332.63	4	-7	100	106	50	(2,17)
3	2026-01-01 16:08:50.000	18727	244	2187	32	9.19	4	-6	100	106	50	(2,17)
3	2026-01-01 16:08:51.000	18762	164	2217	32	14.4	4	-4	100	106	50	(1,17)
3	2026-01-01 16:08:52.000	18797	110	2240	32	47.53	3	-4	100	106	50	(1,18)
3	2026-01-01 16:08:53.000	18832	77	2309	32	66.46	4	-2	100	106	50	(1,18)
3	2026-01-01 16:08:54.000	18867	62	2334	32	55.5	4	-2	100	106	50	(0,18)
3	2026-01-01 16:08:55.000	18902	99	2263	32	50.75	2	0	100	106	50	(1,18)
3	2026-01-01 16:08:56.000	18937	112	2186	32	29.46	3	0	100	106	50	(1,17)
3	2026-01-01 16:08:57.000	18972	77	2173	32	71.09	4	-1	100	106	50	(1,17)
3	2026-01-01 16:08:58.000	19007	84	2116	32	80.94	3	-1	100	106	49	(1,17)
3	2026-01-01 16:08:59.000	19042	63	2051	16	125.18	3	-3	100	106	49	(0,16)
3	2026-01-01 16:09:00.000	19077	61	2055	16	112.49	1	-1	100	106	49	(0,16)
3	2026-01-01 16:09:01.000	19112	21	2045	16	137.79	1	-2	92	106	49	(0,16)
3	2026-01-01 16:09:02.000	19147	93	2025	0	101.31	0	-4	86	106	49	(1,16)
3	2026-01-01 16:09:03.000	19182	151	2012	0	76.06	2	-5	86	106	49	(1,16)
3	2026-01-01 16:09:04.000	19217	153	2058	0	33.24	3	-5	86	106	49	(1,16)
3	2026-01-01 16:09:05.000	19252	103	2133	0	42.01	4	-6	100	106	49	(1,17)
3	2026-01-01 16:09:06.000	19287	169	2103	0	26.46	2	-5	100	106	49	(1,16)
3	2026-01-01 16:09:07.000	19322	226	2060	32	356.49	3	-7	94	106	49	(2,16)
3	2026-01-01 16:09:08.000	19357	276	2073	32	316.94	5	-5	94	106	49	(2,16)
3	2026-01-01 16:09:09.000	19392	347	2028	-16	316.97	4	-3	94	106	49	(3,16)
3	2026-01-01 16:09:10.000	19427	319	1994	-16	357.33	3	-3	94	106	49	(2,16)
3	2026-01-01 16:09:11.000	19462	319	1939	-16	328.05	1	-4	88	106	49	(2,15)
3	2026-01-01 16:09:12.000	19497	253	2001	-16	307.33	0	-4	88	106	49	(2,16)
3	2026-01-01 16:09:13.000	19532	221	1925	-16	314.32	0	-3	88	106	49	(2,15)
3	2026-01-01 16:09:14.000	19567	159	1977	-16	322.18	2	-2	88	106	50	(1,15)
3	2026-01-01 16:09:15.000	19602	232	2026	-16	332.79	4	-4	88	106	50	(2,16)
3	2026-01-01 16:09:16.000	19637	274	1997	-16	330.74	5	-6	88	106	50	(2,16)
3	2026-01-01 16:09:17.000	19672	334	1953	-16	333.92	4	-6	88	106	50	(3,15)
3	2026-01-01 16:09:18.000	19707	315	1906	8	290.94	5	-5	88	106	50	(2,15)
3	2026-01-01 16:09:19.000	19742	322	1898	8	303.8	7	-5	88	106	50	(3,15)
3	2026-01-01 16:09:20.000	19777	293	1962	8	292.87	7	-4	88	106	50	(2,15)
3	2026-01-01 16:09:21.000	19812	335	1886	8	285.64	9	-6	88	106	50	(3,15)
3	2026-01-01 16:09:22.000	19847	390	1879	8	309.03	9	-6	88	106	50	(3,15)
3	2026-01-01 16:09:23.000	19882	373	1900	8	306.63	7	-8	88	106	50	(3,15)
3	2026-01-01 16:09:24.000	19917	414	1973	8	287.25	7	-9	88	106	50	(3,15)
3	2026-01-01 16:09:25.000	19952	416	1905	8	308.47	9	-7	88	106	50	(3,15)
3	2026-01-01 16:09:26.000	19987	357	1928	8	294.05	8	-5	88	106	50	(3,15)
3	2026-01-01 16:09:27.000	20022	368	1970	8	329.88	7	-7	88	106	50	(3,15)
3	2026-01-01 16:09:28.000	20057	309	2042	64	334.61	7	-9	88	106	50	(2,16)
3	2026-01-01 16:09:29.000	20092	271	2021	0	334.15	9	-10	88	106	50	(2,16)
3	2026-01-01 16:09:30.000	20127	220	2082	24	343.19	7	-10	88	106	50	(2,16)
3	2026-01-01 16:09:31.000	20162	173	2097	0	319.84	8	-9	85	106	50	(1,16)
3	2026-01-01 16:09:32.000	20197	206	2165	0	318.52	6	-10	85	106	50	(2,17)
3	2026-01-01 16:09:33.000	20232	236	2091	0	295.89	8	-10	85	106	50	(2,16)
3	2026-01-01 16:09:34.000	20267	173	2028	0	286.88	8	-10	85	106	50	(1,16)
3	2026-01-01 16:09:35.000	20302	93	2016	0	317.14	9	-9	85	106	50	(1,16)
3	2026-01-01 16:09:36.000	20337	93	1937	0	334.31	8	-10	85	106	50	(1,15)
3	2026-01-01 16:09:37.000	20372	78	1883	0	313.63	8	-10	85	106	50	(1,15)
3	2026-01-01 16:09:38.000	20407	87	1877	0	279.06	8	-9	85	106	50	(1,15)
3	2026-01-01 16:09:39.000	20442	101	1825	0	264.97	10	-9	85	106	50	(1,14)
3	2026-01-01 16:09:40.000	20477	155	1896	0	266.37	10	-10	85	106	50	(1,15)
3	2026-01-01 16:09:41.000	20512	129	1824	0	272.74	10	-9	85	106	50	(1,14)
3	2026-01-01 16:09:42.000	20547	202	1788	0	314.39	10	-9	77	106	50	(2,14)
3	2026-01-01 16:09:43.000	20582	188	1766	0	346.66	10	-9	77	106	50	(1,14)
3	2026-01-01 16:09:44.000	20617	125	1750	0	20.83	10	-10	77	106	50	(1,14)
3	2026-01-01 16:09:45.000	20652	53	1761	40	14.76	10	-10	77	106	50	(0,14)
3	2026-01-01 16:09:46.000	20687	44	1796	40	59.04	9	-10	77	106	50	(0,14)
3	2026-01-01 16:09:47.000	20722	-35	1820	40	54.69	9	-9	77	106	50	(0,14)
3	2026-01-01 16:09:48.000	20757	31	1741	40	38.7	10	-10	77	106	50	(0,14)
3	2026-01-01 16:09:49.000	20792	47	1698	40	13.57	8	-10	77	106	50	(0,13)
3	2026-01-01 16:09:50.000	20827	13	1719	-16	18.25	9	-10	77	106	50	(0,13)
3	2026-01-01 16:09:51.000	20862	86	1688	-16	338.81	7	-10	77	106	50	(1,13)
3	2026-01-01 16:09:52.000	20897	52	1612	-16	328.96	8	-8	77	106	50	(0,13)
3	2026-01-01 16:09:53.000	20932	54	1656	-16	313.45	9	-8	77	106	49	(0,13)
3	2026-01-01 16:09:54.000	20967	133	1627	-16	320.63	10	-9	77	106	49	(1,13)
3	2026-01-01 16:09:55.000	21002	182	1694	-16	287.89	10	-9	77	106	49	(1,13)
3	2026-01-01 16:09:56.000	21037	142	1748	-16	311.62	10	-7	77	106	49	(1,14)
3	2026-01-01 16:09:57.000	21072	83	1754	-16	327.42	8	-8	77	106	49	(1,14)
3	2026-01-01 16:09:58.000	21107	117	1707	-16	331.3	7	-7	77	106	49	(1,13)
3	2026-01-01 16:09:59.000	21142	182	1782	-16	354.17	9	-5	77	106	49	(1,14)
3	2026-01-01 16:10:00.000	21177	258	1739	0	29.67	10	-3	77	106	49	(2,14)
3	2026-01-01 16:10:01.000	21212	232	1806	8	71.11	10	-2	77	106	49	(2,14)
3	2026-01-01 16:10:02.000	21247	218	1771	8	103.9	10	-2	77	106	49	(2,14)
3	2026-01-01 16:10:03.000	21282	230	1762	8	106.48	8	-4	77	106	49	(2,14)
3	2026-01-01 16:10:04.000	21317	165	1698	8	101.12	8	-3	77	106	49	(1,13)
3	2026-01-01 16:10:05.000	21352	94	1683	8	109.47	10	-3	77	106	49	(1,13)
3	2026-01-01 16:10:06.000	21387	33	1634	8	132.5	9	-3	77	106	49	(0,13)
3	2026-01-01 16:10:07.000	21422	-34	1600	32	116.79	10	-3	77	106	49	(0,12)
3	2026-01-01 16:10:08.000	21457	-75	1620	32	104.47	8	-1	72	106	49	(-1,13)
3	2026-01-01 16:10:09.000	21492	-17	1638	32	81.88	9	0	72	106	45	(0,13)
3	2026-01-01 16:10:10.000	21527	-47	1657	32	50.79	10	-1	72	106	45	(0,13)
3	2026-01-01 16:10:11.000	21562	-2	1671	32	27.29	10	-2	72	106	45	(0,13)
3	2026-01-01 16:10:12.000	21597	70	1699	32	32.52	8	-4	72	106	45	(1,13)
3	2026-01-01 16:10:13.000	21632	21	1659	32	21.43	8	-4	72	106	45	(0,13)
3	2026-01-01 16:10:14.000	21667	97	1580	32	353.87	10	-3	72	106	45	(1,12)
3	2026-01-01 16:10:15.000	21702	152	1514	32	319.26	10	-2	72	106	45	(1,12)
3	2026-01-01 16:10:16.000	21737	85	1561	32	347.47	10	0	72	106	45	(1,12)
3	2026-01-01 16:10:17.000	21772	10	1553	32	7.88	10	-1	72	106	45	(0,12)
3	2026-01-01 16:10:18.000	21807	-23	1580	32	34.48	10	-2	72	106	45	(0,12)
3	2026-01-01 16:10:19.000	21842	-78	1537	32	2.09	8	0	72	106	45	(-1,12)
3	2026-01-01 16:10:20.000	21877	-89	1604	32	358.26	9	-1	72	106	45	(-1,13)
3	2026-01-01 16:10:21.000	21912	-120	1526	-16	333.29	7	-1	72	106	45	(-1,12)
3	2026-01-01 16:10:22.000	21947	-146	1532	-16	14.33	5	0	72	106	45	(-1,12)
3	2026-01-01 16:10:23.000	21982	-117	1482	-16	42.14	7	2	72	106	44	(-1,12)
3	2026-01-01 16:10:24.000	22017	-193	1526	-16	14.85	6	3	72	106	44	(-2,12)
3	2026-01-01 16:10:25.000	22052	-119	1535	-16	331.56	7	1	72	106	44	(-1,12)
3	2026-01-01 16:10:26.000	22087	-143	1615	-8	312.95	8	3	72	106	44	(-1,13)
3	2026-01-01 16:10:27.000	22122	-211	1566	-8	314.79	9	4	72	106	44	(-2,12)
3	2026-01-01 16:10:28.000	22157	-185	1502	-8	277.3	8	3	72	106	44	(-1,12)
3	2026-01-01 16:10:29.000	22192	-169	1523	-8	256.84	10	5	72	106	44	(-1,12)
3	2026-01-01 16:10:30.000	22227	-94	1598	-8	213.63	9	5	72	106	44	(-1,12)
3	2026-01-01 16:10:31.000	22262	-15	1619	-8	189.75	9	3	72	106	44	(0,13)
3	2026-01-01 16:10:32.000	22297	-22	1586	-8	233.04	9	4	72	106	44	(0,12)
3	2026-01-01 16:10:33.000	22332	-41	1631	-8	245.01	9	6	72	106	44	(0,13)
3	2026-01-01 16:10:34.000	22367	-109	1609	-8	284.28	10	4	72	106	44	(-1,13)
3	2026-01-01 16:10:35.000	22402	-116	1537	-8	291.26	10	3	72	106	44	(-1,12)
3	2026-01-01 16:10:36.000	22437	-118	1498	-8	279.36	10	3	72	106	44	(-1,12)
3	2026-01-01 16:10:37.000	22472	-184	1505	-8	271.27	10	1	63	106	44	(-1,12)
3	2026-01-01 16:10:38.000	22507	-238	1467	-8	314.22	10	1	70	106	44	(-2,11)
3	2026-01-01 16:10:39.000	22542	-287	1536	-8	326.14	9	1	70	106	44	(-2,12)
3	2026-01-01 16:10:40.000	22577	-352	1566	-8	333.59	10	3	70	106	44	(-3,12)
3	2026-01-01 16:10:41.000	22612	-296	1585	-8	312.86	10	2	70	106	44	(-2,12)
3	2026-01-01 16:10:42.000	22647	-298	1513	-8	343.32	8	1	70	106	44	(-2,12)
3	2026-01-01 16:10:43.000	22682	-251	1563	-8	26.63	8	3	70	106	44	(-2,12)
3	2026-01-01 16:10:44.000	22717	-232	1622	-8	355.97	10	3	70	106	50	(-2,13)
3	2026-01-01 16:10:45.000	22752	-152	1570	-8	37.77	9	1	70	106	50	(-1,12)
3	2026-01-01 16:10:46.000	22787	-101	1566	16	63.13	8	3	70	106	50	(-1,12)
3	2026-01-01 16:10:47.000	22822	-129	1610	16	51.36	8	5	70	106	50	(-1,13)
3	2026-01-01 16:10:48.000	22857	-105	1578	16	50.4	6	7	70	106	50	(-1,12)
3	2026-01-01 16:10:49.000	22892	-108	1547	16	19.95	8	9	70	106	50	(-1,12)
3	2026-01-01 16:10:50.000	22927	-87	1603	16	53.91	9	8	70	106	50	(-1,13)
3	2026-01-01 16:10:51.000	22962	-159	1537	16	55.23	10	8	70	106	50	(-1,12)
3	2026-01-01 16:10:52.000	22997	-100	1573	16	70.33	9	7	63	106	50	(-1,12)
3	2026-01-01 16:10:53.000	23032	-125	1495	16	110.01	9	7	63	106	50	(-1,12)
3	2026-01-01 16:10:54.000	23067	-99	1464	16	75.66	7	7	63	106	50	(-1,11)
3	2026-01-01 16:10:55.000	23102	-126	1529	16	86.61	7	9	63	106	50	(-1,12)
3	2026-01-01 16:10:56.000	23137	-148	1573	16	46.92	7	7	63	106	50	(-1,12)
3	2026-01-01 16:10:57.000	23172	-108	1522	16	34.51	5	9	63	106	50	(-1,12)
3	2026-01-01 16:10:58.000	23207	-146	1568	128	36.93	7	8	63	106	50	(-1,12)
3	2026-01-01 16:10:59.000	23242	-188	1639	128	31.81	7	8	63	106	50	(-1,13)
3	2026-01-01 16:11:00.000	23277	-228	1672	128	52.95	9	6	63	106	50	(-2,13)
3	2026-01-01 16:11:01.000	23312	-287	1636	128	54.14	10	5	63	106	50	(-2,13)
3	2026-01-01 16:11:02.000	23347	-232	1667	128	27.23	10	3	63	106	50	(-2,13)
3	2026-01-01 16:11:03.000	23382	-241	1727	128	39.34	10	4	63	106	50	(-2,13)
3	2026-01-01 16:11:04.000	23417	-171	1676	128	45.66	8	6	63	106	50	(-1,13)
3	2026-01-01 16:11:05.000	23452	-166	1704	128	61.48	9	7	63	106	47	(-1,13)
3	2026-01-01 16:11:06.000	23487	-182	1691	128	95.26	10	7	63	106	47	(-1,13)
3	2026-01-01 16:11:07.000	23522	-159	1736	128	78.63	10	5	63	106	47	(-1,14)
3	2026-01-01 16:11:08.000	23557	-143	1745	128	62.09	9	5	63	106	47	(-1,14)
3	2026-01-01 16:11:09.000	23592	-163	1747	128	98.56	8	5	63	106	47	(-1,14)
3	2026-01-01 16:11:10.000	23627	-183	1716	128	120.17	7	4	63	106	47	(-1,13)
3	2026-01-01 16:11:11.000	23662	-238	1788	128	127.3	9	3	63	106	42	(-2,14)
3	2026-01-01 16:11:12.000	23697	-252	1714	128	165.14	10	4	63	106	42	(-2,13)
3	2026-01-01 16:11:13.000	23732	-246	1707	128	178.54	10	5	63	106	42	(-2,13)
3	2026-01-01 16:11:14.000	23767	-319	1692	128	148.32	10	3	63	106	42	(-2,13)
3	2026-01-01 16:11:15.000	23802	-332	1638	128	181.68	8	2	63	106	50	(-3,13)
3	2026-01-01 16:11:16.000	23837	-256	1572	56	162.44	6	0	63	106	50	(-2,12)
3	2026-01-01 16:11:17.000	23872	-236	1630	56	145.27	5	2	63	106	50	(-2,13)
3	2026-01-01 16:11:18.000	23907	-159	1568	56	155.92	7	1	63	106	50	(-1,12)
3	2026-01-01 16:11:19.000	23942	-199	1569	56	113.58	9	2	63	106	50	(-2,12)
3	2026-01-01 16:11:20.000	23977	-271	1556	56	109.03	9	0	63	106	50	(-2,12)
3	2026-01-01 16:11:21.000	24012	-278	1615	40	92.89	9	0	63	106	50	(-2,13)
3	2026-01-01 16:11:22.000	24047	-212	1618	40	48.49	8	0	63	106	50	(-2,13)
3	2026-01-01 16:11:23.000	24082	-263	1619	40	62.99	7	1	63	106	50	(-2,13)
3	2026-01-01 16:11:24.000	24117	-185	1637	40	19.46	9	1	63	106	50	(-1,13)
3	2026-01-01 16:11:25.000	24152	-156	1702	40	349.01	10	2	63	106	50	(-1,13)
3	2026-01-01 16:11:26.000	24187	-95	1731	40	22.51	10	2	63	106	50	(-1,14)
3	2026-01-01 16:11:27.000	24222	-133	1651	40	339.85	9	2	63	106	50	(-1,13)
3	2026-01-01 16:11:28.000	24257	-116	1607	40	307.53	10	4	63	106	50	(-1,13)
3	2026-01-01 16:11:29.000	24292	-143	1628	0	271.14	10	2	63	106	50	(-1,13)
3	2026-01-01 16:11:30.000	24327	-209	1655	0	255.53	9	4	63	106	50	(-2,13)
3	2026-01-01 16:11:31.000	24362	-225	1708	0	230.49	10	5	63	106	47	(-2,13)
3	2026-01-01 16:11:32.000	24397	-278	1772	0	216.33	10	6	63	106	46	(-2,14)
3	2026-01-01 16:11:33.000	24432	-264	1729	0	188.94	10	4	63	106	46	(-2,14)
3	2026-01-01 16:11:34.000	24467	-325	1721	-16	158.72	10	4	63	106	46	(-3,13)
3	2026-01-01 16:11:35.000	24502	-382	1654	0	170.88	10	5	63	106	46	(-3,13)
3	2026-01-01 16:11:36.000	24537	-410	1616	0	134.73	10	3	63	106	46	(-3,13)
3	2026-01-01 16:11:37.000	24572	-419	1641	16	127.75	10	4	63	106	46	(-3,13)
3	2026-01-01 16:11:38.000	24607	-432	1642	16	109.69	10	2	56	106	46	(-3,13)
3	2026-01-01 16:11:39.000	24642	-368	1653	16	129.51	8	4	56	106	46	(-3,13)
3	2026-01-01 16:11:40.000	24677	-430	1691	16	132.07	10	6	56	106	46	(-3,13)
3	2026-01-01 16:11:41.000	24712	-507	1647	128	140.3	8	6	56	106	46	(-4,13)
3	2026-01-01 16:11:42.000	24747	-431	1711	128	104.16	9	7	56	106	46	(-3,13)
3	2026-01-01 16:11:43.000	24782	-463	1744	128	86.71	9	8	56	106	46	(-4,14)
3	2026-01-01 16:11:44.000	24817	-433	1807	128	108.12	10	7	56	106	46	(-3,14)
3	2026-01-01 16:11:45.000	24852	-380	1866	128	110.42	10	9	56	106	46	(-3,15)
3	2026-01-01 16:11:46.000	24887	-338	1850	128	153.41	10	9	56	106	46	(-3,14)
3	2026-01-01 16:11:47.000	24922	-325	1843	128	147.32	10	9	55	106	46	(-3,14)
3	2026-01-01 16:11:48.000	24957	-345	1793	0	102.49	10	10	55	106	46	(-3,14)
3	2026-01-01 16:11:49.000	24992	-320	1736	0	141.58	10	10	55	106	46	(-2,14)
3	2026-01-01 16:11:50.000	25027	-378	1750	0	98.64	10	10	55	106	43	(-3,14)
3	2026-01-01 16:11:51.000	25062	-329	1791	0	108.53	9	10	73	106	43	(-3,14)
3	2026-01-01 16:11:52.000	25097	-282	1816	0	127.58	7	8	73	106	43	(-2,14)
3	2026-01-01 16:11:53.000	25132	-245	1852	0	135.94	8	8	73	106	43	(-2,14)
3	2026-01-01 16:11:54.000	25167	-256	1878	0	165.77	9	8	73	106	41	(-2,15)
3	2026-01-01 16:11:55.000	25202	-198	1847	0	208.1	8	7	73	106	41	(-2,14)
3	2026-01-01 16:11:56.000	25237	-182	1912	0	168.35	10	8	73	106	41	(-1,15)
3	2026-01-01 16:11:57.000	25272	-149	1897	0	146.65	10	6	73	106	41	(-1,15)
3	2026-01-01 16:11:58.000	25307	-128	1910	0	169.85	10	5	73	106	41	(-1,15)
3	2026-01-01 16:11:59.000	25342	-66	1950	0	197.57	8	4	73	106	41	(-1,15)
3	2026-01-01 16:12:00.000	25377	-27	1955	0	170.98	10	4	73	106	50	(0,15)
3	2026-01-01 16:12:01.000	25412	-18	1897	0	204.33	8	6	73	106	50	(0,15)
3	2026-01-01 16:12:02.000	25447	32	1921	0	170.43	7	7	73	106	50	(0,15)
3	2026-01-01 16:12:03.000	25482	-3	1973	0	188.12	9	9	73	106	50	(0,15)
3	2026-01-01 16:12:04.000	25517	-21	2049	0	172.42	8	8	73	106	50	(0,16)
3	2026-01-01 16:12:05.000	25552	-16	2098	0	203.91	9	6	73	106	50	(0,16)
3	2026-01-01 16:12:06.000	25587	-79	2084	0	162.58	8	5	73	106	48	(-1,16)
3	2026-01-01 16:12:07.000	25622	-158	2137	0	180.04	8	4	73	106	48	(-1,17)
3	2026-01-01 16:12:08.000	25657	-151	2208	0	152.28	7	3	73	106	48	(-1,17)
3	2026-01-01 16:12:09.000	25692	-172	2169	0	111.37	8	4	73	106	48	(-1,17)
3	2026-01-01 16:12:10.000	25727	-139	2140	0	82.88	10	2	73	106	48	(-1,17)
3	2026-01-01 16:12:11.000	25762	-219	2187	0	87.44	10	0	73	106	48	(-2,17)
3	2026-01-01 16:12:12.000	25797	-280	2190	0	107.26	8	0	73	106	48	(-2,17)
3	2026-01-01 16:12:13.000	25832	-350	2124	0	68.64	7	0	73	106	48	(-3,17)
3	2026-01-01 16:12:14.000	25867	-420	2186	0	88.37	5	-1	73	106	48	(-3,17)
3	2026-01-01 16:12:15.000	25902	-402	2201	0	119.58	6	1	73	106	45	(-3,17)
3	2026-01-01 16:12:16.000	25937	-408	2173	0	141.85	4	2	84	106	45	(-3,17)
3	2026-01-01 16:12:17.000	25972	-449	2203	0	169.35	6	4	77	106	45	(-4,17)
3	2026-01-01 16:12:18.000	26007	-407	2174	-16	158.75	8	5	77	106	45	(-3,17)
3	2026-01-01 16:12:19.000	26042	-349	2159	-16	121.86	10	3	77	106	45	(-3,17)
3	2026-01-01 16:12:20.000	26077	-341	2216	-16	127.64	10	2	77	106	45	(-3,17)
3	2026-01-01 16:12:21.000	26112	-391	2264	0	95.48	10	1	77	106	45	(-3,18)
3	2026-01-01 16:12:22.000	26147	-407	2342	0	54.36	10	0	77	106	45	(-3,18)
3	2026-01-01 16:12:23.000	26182	-460	2400	0	53.45	10	-1	77	106	45	(-4,19)
3	2026-01-01 16:12:24.000	26217	-423	2332	0	94.19	10	-1	77	106	45	(-3,18)
3	2026-01-01 16:12:25.000	26252	-361	2373	0	76.24	10	-1	77	106	45	(-3,19)
3	2026-01-01 16:12:26.000	26287	-312	2319	0	64.95	8	-1	77	106	45	(-2,18)
3	2026-01-01 16:12:27.000	26322	-392	2350	0	40.22	8	-2	77	106	45	(-3,18)
3	2026-01-01 16:12:28.000	26357	-433	2418	0	81.54	10	-1	77	106	45	(-3,19)
3	2026-01-01 16:12:29.000	26392	-422	2353	0	48.36	10	1	77	106	45	(-3,18)
3	2026-01-01 16:12:30.000	26427	-422	2378	0	15.65	10	3	77	106	45	(-3,19)
3	2026-01-01 16:12:31.000	26462	-373	2394	0	37.0	10	3	77	106	50	(-3,19)
3	2026-01-01 16:12:32.000	26497	-353	2417	0	55.97	10	1	77	106	50	(-3,19)
3	2026-01-01 16:12:33.000	26532	-365	2474	8	42.94	9	3	77	106	50	(-3,19)
3	2026-01-01 16:12:34.000	26567	-413	2464	8	58.2	7	2	77	106	50	(-3,19)
3	2026-01-01 16:12:35.000	26602	-376	2415	8	69.78	8	1	77	106	50	(-3,19)
3	2026-01-01 16:12:36.000	26637	-356	2459	8	113.92	6	1	77	106	50	(-3,19)
3	2026-01-01 16:12:37.000	26672	-414	2402	8	83.58	5	3	77	106	50	(-3,19)
3	2026-01-01 16:12:38.000	26707	-472	2376	8	81.55	7	5	77	106	50	(-4,19)
3	2026-01-01 16:12:39.000	26742	-468	2419	8	78.69	6	3	77	106	50	(-4,19)
3	2026-01-01 16:12:40.000	26777	-518	2485	8	57.48	6	5	77	106	48	(-4,19)
3	2026-01-01 16:12:41.000	26812	-520	2422	8	84.68	8	4	77	106	50	(-4,19)
3	2026-01-01 16:12:42.000	26847	-548	2477	8	63.95	9	3	77	106	50	(-4,19)
3	2026-01-01 16:12:43.000	26882	-599	2455	8	93.84	7	2	77	106	50	(-5,19)
3	2026-01-01 16:12:44.000	26917	-536	2400	8	114.65	8	4	77	106	50	(-4,19)
3	2026-01-01 16:12:45.000	26952	-470	2410	8	123.78	10	4	77	106	50	(-4,19)
3	2026-01-01 16:12:46.000	26987	-484	2336	8	146.29	8	3	77	106	50	(-4,18)
3	2026-01-01 16:12:47.000	27022	-543	2359	8	182.73	6	1	77	106	50	(-4,18)
3	2026-01-01 16:12:48.000	27057	-499	2400	8	225.71	5	3	77	106	50	(-4,19)
3	2026-01-01 16:12:49.000	27092	-490	2479	8	261.59	5	1	77	106	50	(-4,19)
3	2026-01-01 16:12:50.000	27127	-552	2502	8	281.51	6	3	77	106	50	(-4,20)
3	2026-01-01 16:12:51.000	27162	-479	2441	0	302.16	8	5	77	106	50	(-4,19)
3	2026-01-01 16:12:52.000	27197	-551	2463	0	338.98	7	6	77	106	50	(-4,19)
3	2026-01-01 16:12:53.000	27232	-583	2405	0	343.72	8	4	77	106	50	(-5,19)
3	2026-01-01 16:12:54.000	27267	-614	2374	0	24.12	9	3	77	106	50	(-5,19)
3	2026-01-01 16:12:55.000	27302	-652	2321	0	358.3	10	5	77	106	50	(-5,18)
3	2026-01-01 16:12:56.000	27337	-659	2250	0	356.78	10	3	77	106	50	(-5,18)
3	2026-01-01 16:12:57.000	27372	-650	2284	0	4.3	8	1	77	106	50	(-5,18)
3	2026-01-01 16:12:58.000	27407	-673	2331	0	35.35	10	3	70	106	49	(-5,18)
3	2026-01-01 16:12:59.000	27442	-614	2346	0	9.62	8	4	70	106	49	(-5,18)
3	2026-01-01 16:13:00.000	27477	-583	2325	0	39.25	10	3	70	106	47	(-5,18)
3	2026-01-01 16:13:01.000	27512	-622	2353	0	356.37	10	3	70	106	47	(-5,18)
3	2026-01-01 16:13:02.000	27547	-655	2339	64	39.65	9	2	70	106	47	(-5,18)
3	2026-01-01 16:13:03.000	27582	-680	2283	64	67.73	10	3	70	106	47	(-5,18)
3	2026-01-01 16:13:04.000	27617	-731	2289	64	37.01	9	3	70	106	47	(-6,18)
3	2026-01-01 16:13:05.000	27652	-785	2349	64	1.76	10	1	70	106	47	(-6,18)
3	2026-01-01 16:13:06.000	27687	-787	2373	-16	41.97	10	0	70	106	47	(-6,19)
3	2026-01-01 16:13:07.000	27722	-775	2433	-16	84.92	10	0	70	106	47	(-6,19)
3	2026-01-01 16:13:08.000	27757	-696	2397	-16	116.97	8	1	70	106	47	(-5,19)
3	2026-01-01 16:13:09.000	27792	-676	2419	-16	76.08	8	-1	70	106	47	(-5,19)
3	2026-01-01 16:13:10.000	27827	-609	2464	-16	95.22	10	0	70	106	47	(-5,19)
3	2026-01-01 16:13:11.000	27862	-602	2398	0	113.5	10	1	70	106	47	(-5,19)
3	2026-01-01 16:13:12.000	27897	-529	2342	0	140.15	10	0	70	106	43	(-4,18)
3	2026-01-01 16:13:13.000	27932	-566	2408	0	149.41	9	-2	70	106	43	(-4,19)
3	2026-01-01 16:13:14.000	27967	-607	2347	0	186.59	9	-2	70	106	43	(-5,18)
3	2026-01-01 16:13:15.000	28002	-572	2336	0	165.02	7	-3	70	106	43	(-4,18)
3	2026-01-01 16:13:16.000	28037	-498	2267	0	203.66	5	-3	64	106	43	(-4,18)
3	2026-01-01 16:13:17.000	28072	-542	2304	0	178.56	7	-1	64	106	43	(-4,18)
3	2026-01-01 16:13:18.000	28107	-604	2254	0	188.94	5	-1	64	106	43	(-5,18)
3	2026-01-01 16:13:19.000	28142	-560	2293	0	201.8	5	-3	64	106	40	(-4,18)
3	2026-01-01 16:13:20.000	28177	-487	2329	0	232.21	3	-4	64	106	40	(-4,18)
3	2026-01-01 16:13:21.000	28212	-472	2379	0	208.29	1	-5	64	106	40	(-4,19)
3	2026-01-01 16:13:22.000	28247	-512	2362	0	251.35	0	-4	64	106	40	(-4,18)
3	2026-01-01 16:13:23.000	28282	-452	2418	0	258.68	0	-5	64	106	40	(-4,19)
3	2026-01-01 16:13:24.000	28317	-421	2477	0	240.42	0	-6	64	106	40	(-3,19)
3	2026-01-01 16:13:25.000	28352	-455	2546	0	227.83	-1	-8	64	106	40	(-4,20)
3	2026-01-01 16:13:26.000	28387	-385	2603	0	199.96	-1	-10	64	106	40	(-3,20)
3	2026-01-01 16:13:27.000	28422	-382	2657	0	156.88	-2	-10	64	106	40	(-3,21)
3	2026-01-01 16:13:28.000	28457	-459	2577	0	191.74	0	-9	64	106	40	(-4,20)
3	2026-01-01 16:13:29.000	28492	-492	2647	0	207.59	2	-10	64	106	40	(-4,21)
3	2026-01-01 16:13:30.000	28527	-564	2654	0	242.82	4	-10	64	106	40	(-4,21)
3	2026-01-01 16:13:31.000	28562	-543	2615	0	251.11	5	-9	64	106	40	(-4,20)
3	2026-01-01 16:13:32.000	28597	-546	2615	0	253.43	6	-10	64	106	40	(-4,20)
3	2026-01-01 16:13:33.000	28632	-522	2644	0	273.05	5	-8	64	106	40	(-4,21)
3	2026-01-01 16:13:34.000	28667	-543	2619	0	289.82	7	-7	64	106	40	(-4,20)
3	2026-01-01 16:13:35.000	28702	-534	2636	0	273.81	9	-7	64	106	40	(-4,21)
3	2026-01-01 16:13:36.000	28737	-470	2703	0	317.82	7	-9	64	106	40	(-4,21)
3	2026-01-01 16:13:37.000	28772	-523	2661	0	290.88	8	-10	64	106	40	(-4,21)
3	2026-01-01 16:13:38.000	28807	-518	2585	0	266.26	10	-10	64	106	40	(-4,20)
3	2026-01-01 16:13:39.000	28842	-540	2564	0	266.83	10	-10	64	106	40	(-4,20)
3	2026-01-01 16:13:40.000	28877	-509	2607	0	308.43	10	-10	64	106	40	(-4,20)
3	2026-01-01 16:13:41.000	28912	-537	2677	0	338.27	10	-10	64	106	40	(-4,21)
3	2026-01-01 16:13:42.000	28947	-525	2607	0	1.38	10	-9	64	106	40	(-4,20)
3	2026-01-01 16:13:43.000	28982	-462	2543	0	12.54	10	-9	64	106	40	(-4,20)
3	2026-01-01 16:13:44.000	29017	-454	2603	0	337.13	10	-10	64	106	40	(-4,20)
3	2026-01-01 16:13:45.000	29052	-520	2636	0	346.54	9	-8	79	106	50	(-4,21)
3	2026-01-01 16:13:46.000	29087	-446	2598	0	322.03	8	-10	79	106	50	(-3,20)
3	2026-01-01 16:13:47.000	29122	-484	2562	0	309.32	10	-10	79	106	50	(-4,20)
3	2026-01-01 16:13:48.000	29157	-531	2486	0	321.11	9	-10	79	106	50	(-4,19)
3	2026-01-01 16:13:49.000	29192	-537	2524	0	301.17	10	-9	79	106	50	(-4,20)
3	2026-01-01 16:13:50.000	29227	-613	2540	0	326.21	9	-7	79	106	50	(-5,20)
3	2026-01-01 16:13:51.000	29262	-552	2593	0	294.48	8	-9	79	106	50	(-4,20)
3	2026-01-01 16:13:52.000	29297	-521	2623	0	333.49	7	-9	79	106	50	(-4,20)
3	2026-01-01 16:13:53.000	29332	-558	2653	0	299.8	5	-8	79	106	50	(-4,21)
3	2026-01-01 16:13:54.000	29367	-567	2648	32	292.96	6	-6	79	106	50	(-4,21)
3	2026-01-01 16:13:55.000	29402	-551	2687	32	329.52	6	-7	75	106	50	(-4,21)
3	2026-01-01 16:13:56.000	29437	-587	2718	32	350.84	8	-5	75	106	50	(-5,21)
3	2026-01-01 16:13:57.000	29472	-527	2731	128	5.76	10	-6	75	106	50	(-4,21)
3	2026-01-01 16:13:58.000	29507	-599	2688	128	331.26	10	-8	75	106	50	(-5,21)
3	2026-01-01 16:13:59.000	29542	-633	2647	128	310.95	10	-10	75	106	50	(-5,21)
3	2026-01-01 16:14:00.000	29577	-667	2651	128	285.0	8	-10	75	106	50	(-5,21)
3	2026-01-01 16:14:01.000	29612	-711	2585	128	267.45	9	-9	75	106	50	(-6,20)
3	2026-01-01 16:14:02.000	29647	-633	2652	128	251.63	8	-8	75	106	50	(-5,21)
3	2026-01-01 16:14:03.000	29682	-584	2683	128	290.84	7	-9	75	106	50	(-5,21)
3	2026-01-01 16:14:04.000	29717	-550	2647	128	309.68	6	-10	75	106	50	(-4,21)
3	2026-01-01 16:14:05.000	29752	-597	2724	128	267.76	6	-8	75	106	50	(-5,21)
3	2026-01-01 16:14:06.000	29787	-541	2742	128	287.61	5	-6	75	106	50	(-4,21)
3	2026-01-01 16:14:07.000	29822	-597	2716	128	286.08	3	-7	75	106	50	(-5,21)
3	2026-01-01 16:14:08.000	29857	-607	2656	128	246.04	2	-7	75	106	50	(-5,21)
3	2026-01-01 16:14:09.000	29892	-637	2617	128	205.35	3	-8	75	106	50	(-5,20)
3	2026-01-01 16:14:10.000	29927	-574	2697	128	184.57	2	-9	75	106	48	(-4,21)
3	2026-01-01 16:14:11.000	29962	-577	2739	128	213.82	4	-10	75	106	48	(-5,21)
3	2026-01-01 16:14:12.000	29997	-608	2791	128	169.78	4	-10	75	106	48	(-5,22)
3	2026-01-01 16:14:13.000	30032	-654	2824	128	142.36	2	-8	75	106	45	(-5,22)
3	2026-01-01 16:14:14.000	30067	-707	2834	128	155.2	2	-9	75	106	45	(-6,22)
3	2026-01-01 16:14:15.000	30102	-690	2770	128	198.27	0	-7	75	106	45	(-5,22)
3	2026-01-01 16:14:16.000	30137	-701	2699	128	211.84	-2	-7	75	106	44	(-5,21)
3	2026-01-01 16:14:17.000	30172	-744	2665	128	216.21	-4	-7	75	106	44	(-6,21)
3	2026-01-01 16:14:18.000	30207	-755	2731	128	239.91	-3	-9	75	106	44	(-6,21)
3	2026-01-01 16:14:19.000	30242	-709	2806	128	237.99	-3	-10	75	106	44	(-6,22)
3	2026-01-01 16:14:20.000	30277	-679	2830	128	211.99	-3	-10	75	106	44	(-5,22)
3	2026-01-01 16:14:21.000	30312	-721	2851	128	220.99	-4	-10	75	106	43	(-6,22)
3	2026-01-01 16:14:22.000	30347	-675	2910	128	254.08	-6	-10	75	106	43	(-5,23)
3	2026-01-01 16:14:23.000	30382	-617	2921	32	216.53	-6	-10	75	106	43	(-5,23)
3	2026-01-01 16:14:24.000	30417	-585	2946	32	177.94	-7	-8	75	106	43	(-5,23)
3	2026-01-01 16:14:25.000	30452	-640	2951	32	148.93	-9	-8	75	106	43	(-5,23)
3	2026-01-01 16:14:26.000	30487	-600	2927	24	156.82	-10	-8	75	106	43	(-5,23)
3	2026-01-01 16:14:27.000	30522	-554	2939	24	185.88	-9	-10	75	106	43	(-4,23)
3	2026-01-01 16:14:28.000	30557	-563	2978	24	147.95	-10	-10	75	106	43	(-4,23)
3	2026-01-01 16:14:29.000	30592	-526	3024	24	169.33	-10	-10	75	106	50	(-4,24)
3	2026-01-01 16:14:30.000	30627	-449	2970	0	173.27	-10	-10	75	106	50	(-4,23)
3	2026-01-01 16:14:31.000	30662	-488	2908	0	204.83	-10	-10	75	106	50	(-4,23)
3	2026-01-01 16:14:32.000	30697	-477	2975	0	161.07	-10	-8	75	106	50	(-4,23)
3	2026-01-01 16:14:33.000	30732	-410	3013	0	163.19	-10	-8	75	106	50	(-3,24)
3	2026-01-01 16:14:34.000	30767	-486	3005	0	156.71	-9	-9	75	106	50	(-4,23)
3	2026-01-01 16:14:35.000	30802	-513	3061	0	127.8	-10	-10	75	106	50	(-4,24)
3	2026-01-01 16:14:36.000	30837	-517	2985	0	160.57	-10	-9	75	106	50	(-4,23)
3	2026-01-01 16:14:37.000	30872	-519	2969	0	156.67	-10	-7	75	106	50	(-4,23)
3	2026-01-01 16:14:38.000	30907	-505	2924	0	128.39	-8	-5	75	106	50	(-4,23)
3	2026-01-01 16:14:39.000	30942	-498	2947	0	172.47	-8	-3	75	106	50	(-4,23)
3	2026-01-01 16:14:40.000	30977	-463	2900	0	206.13	-9	-4	75	106	50	(-4,23)
3	2026-01-01 16:14:41.000	31012	-531	2853	0	167.57	-10	-6	75	106	50	(-4,22)
3	2026-01-01 16:14:42.000	31047	-483	2868	0	176.99	-10	-7	75	106	50	(-4,22)
3	2026-01-01 16:14:43.000	31082	-481	2922	0	199.59	-10	-5	75	106	50	(-4,23)
3	2026-01-01 16:14:44.000	31117	-532	2943	0	157.14	-9	-7	75	106	50	(-4,23)
3	2026-01-01 16:14:45.000	31152	-498	2923	0	135.22	-7	-7	75	106	50	(-4,23)
3	2026-01-01 16:14:46.000	31187	-499	2925	0	163.14	-8	-8	75	106	50	(-4,23)
3	2026-01-01 16:14:47.000	31222	-427	2908	0	192.69	-8	-6	75	106	50	(-3,23)
3	2026-01-01 16:14:48.000	31257	-422	2849	0	163.69	-7	-6	75	106	50	(-3,22)
3	2026-01-01 16:14:49.000	31292	-437	2851	0	185.44	-7	-7	75	106	50	(-3,22)
3	2026-01-01 16:14:50.000	31327	-428	2887	0	140.99	-9	-7	75	106	50	(-3,23)
3	2026-01-01 16:14:51.000	31362	-450	2858	0	109.81	-10	-9	75	106	50	(-4,22)
3	2026-01-01 16:14:52.000	31397	-483	2785	0	102.17	-8	-8	75	106	50	(-4,22)
3	2026-01-01 16:14:53.000	31432	-504	2807	56	126.31	-7	-7	75	106	50	(-4,22)
3	2026-01-01 16:14:54.000	31467	-501	2861	56	107.79	-7	-9	75	106	50	(-4,22)
3	2026-01-01 16:14:55.000	31502	-444	2833	56	125.09	-8	-9	75	106	50	(-3,22)
3	2026-01-01 16:14:56.000	31537	-368	2825	56	87.22	-6	-7	75	106	50	(-3,22)
3	2026-01-01 16:14:57.000	31572	-380	2805	56	52.35	-8	-6	75	106	50	(-3,22)
3	2026-01-01 16:14:58.000	31607	-319	2852	56	86.09	-8	-8	75	106	50	(-2,22)
3	2026-01-01 16:14:59.000	31642	-240	2803	56	79.96	-6	-10	75	106	50	(-2,22)
3	2026-01-01 16:15:00.000	31677	-239	2877	56	111.02	-4	-10	75	106	50	(-2,22)
3	2026-01-01 16:15:01.000	31712	-257	2917	56	95.32	-2	-10	75	106	50	(-2,23)
3	2026-01-01 16:15:02.000	31747	-318	2958	56	137.34	-4	-8	75	106	50	(-2,23)
3	2026-01-01 16:15:03.000	31782	-245	2951	56	167.92	-4	-7	75	106	50	(-2,23)
3	2026-01-01 16:15:04.000	31817	-200	2902	56	163.69	-5	-8	75	106	50	(-2,23)
3	2026-01-01 16:15:05.000	31852	-134	2855	56	185.93	-6	-7	65	106	50	(-1,22)
3	2026-01-01 16:15:06.000	31887	-174	2914	56	166.5	-7	-8	65	106	50	(-1,23)
3	2026-01-01 16:15:07.000	31922	-231	2853	56	139.08	-7	-8	65	106	50	(-2,22)
3	2026-01-01 16:15:08.000	31957	-285	2776	56	180.91	-6	-7	65	106	50	(-2,22)
3	2026-01-01 16:15:09.000	31992	-278	2817	56	151.64	-4	-6	65	106	45	(-2,22)
3	2026-01-01 16:15:10.000	32027	-337	2811	56	189.17	-5	-6	65	106	41	(-3,22)
3	2026-01-01 16:15:11.000	32062	-315	2750	56	184.95	-3	-8	65	106	41	(-2,21)
3	2026-01-01 16:15:12.000	32097	-370	2758	56	211.12	-3	-9	65	106	41	(-3,22)
3	2026-01-01 16:15:13.000	32132	-364	2757	56	222.61	-3	-8	65	106	41	(-3,22)
3	2026-01-01 16:15:14.000	32167	-311	2681	56	258.69	-2	-8	65	106	41	(-2,21)
3	2026-01-01 16:15:15.000	32202	-382	2640	56	242.21	-1	-6	65	106	39	(-3,21)
3	2026-01-01 16:15:16.000	32237	-447	2567	56	286.11	0	-6	65	106	39	(-3,20)
3	2026-01-01 16:15:17.000	32272	-471	2613	56	272.54	1	-5	65	106	39	(-4,20)
3	2026-01-01 16:15:18.000	32307	-516	2553	64	269.38	2	-4	65	106	39	(-4,20)
3	2026-01-01 16:15:19.000	32342	-540	2563	64	248.39	3	-4	65	106	38	(-4,20)
3	2026-01-01 16:15:20.000	32377	-554	2503	64	230.55	5	-4	65	106	36	(-4,20)
3	2026-01-01 16:15:21.000	32412	-532	2542	64	247.68	3	-3	65	106	36	(-4,20)
3	2026-01-01 16:15:22.000	32447	-573	2568	64	225.92	3	-1	65	106	36	(-4,20)
3	2026-01-01 16:15:23.000	32482	-514	2618	64	188.26	2	-3	65	106	36	(-4,20)
3	2026-01-01 16:15:24.000	32517	-473	2616	64	147.63	4	-4	65	106	36	(-4,20)
3	2026-01-01 16:15:25.000	32552	-461	2577	64	114.01	5	-5	65	106	36	(-4,20)
3	2026-01-01 16:15:26.000	32587	-400	2589	24	78.8	7	-3	65	106	36	(-3,20)
3	2026-01-01 16:15:27.000	32622	-419	2530	24	83.32	5	-5	65	106	36	(-3,20)
3	2026-01-01 16:15:28.000	32657	-341	2497	24	63.36	5	-5	65	106	36	(-3,20)
3	2026-01-01 16:15:29.000	32692	-407	2441	24	94.06	7	-3	65	106	36	(-3,19)
3	2026-01-01 16:15:30.000	32727	-356	2379	24	63.21	8	-1	65	106	36	(-3,19)
3	2026-01-01 16:15:31.000	32762	-415	2405	0	18.48	8	1	65	106	36	(-3,19)
3	2026-01-01 16:15:32.000	32797	-468	2357	0	0.44	9	3	65	106	36	(-4,18)
3	2026-01-01 16:15:33.000	32832	-476	2345	0	338.81	9	2	65	106	36	(-4,18)
3	2026-01-01 16:15:34.000	32867	-410	2297	0	329.18	9	4	65	106	36	(-3,18)
3	2026-01-01 16:15:35.000	32902	-468	2307	0	358.72	8	6	65	106	36	(-4,18)
3	2026-01-01 16:15:36.000	32937	-532	2367	0	328.26	6	5	65	106	36	(-4,18)
3	2026-01-01 16:15:37.000	32972	-516	2381	0	12.71	6	4	65	106	50	(-4,19)
3	2026-01-01 16:15:38.000	33007	-523	2332	0	52.23	7	5	65	106	49	(-4,18)
3	2026-01-01 16:15:39.000	33042	-502	2310	0	13.19	5	7	65	106	49	(-4,18)
3	2026-01-01 16:15:40.000	33077	-508	2231	0	1.94	6	8	65	106	50	(-4,17)
3	2026-01-01 16:15:41.000	33112	-440	2306	0	337.25	6	10	65	106	50	(-3,18)
3	2026-01-01 16:15:42.000	33147	-409	2296	0	10.26	8	9	65	106	50	(-3,18)
3	2026-01-01 16:15:43.000	33182	-486	2356	0	47.27	8	9	65	106	50	(-4,18)
3	2026-01-01 16:15:44.000	33217	-457	2292	0	52.8	6	10	65	106	50	(-4,18)
3	2026-01-01 16:15:45.000	33252	-432	2355	0	44.16	7	10	65	106	50	(-3,18)
3	2026-01-01 16:15:46.000	33287	-408	2347	0	11.61	5	10	65	106	50	(-3,18)
3	2026-01-01 16:15:47.000	33322	-406	2395	0	24.53	3	8	65	106	50	(-3,19)
3	2026-01-01 16:15:48.000	33357	-396	2454	0	66.74	3	10	65	106	50	(-3,19)
3	2026-01-01 16:15:49.000	33392	-321	2479	0	22.88	5	10	65	106	50	(-3,19)
3	2026-01-01 16:15:50.000	33427	-373	2403	16	343.01	7	8	65	106	50	(-3,19)
3	2026-01-01 16:15:51.000	33462	-428	2463	16	333.1	8	7	65	106	50	(-3,19)
3	2026-01-01 16:15:52.000	33497	-499	2411	16	305.36	10	5	65	106	50	(-4,19)
3	2026-01-01 16:15:53.000	33532	-524	2331	16	288.36	10	5	65	106	50	(-4,18)
3	2026-01-01 16:15:54.000	33567	-570	2262	16	290.78	10	5	65	106	50	(-4,18)
3	2026-01-01 16:15:55.000	33602	-600	2247	16	259.16	9	6	65	106	50	(-5,18)
3	2026-01-01 16:15:56.000	33637	-579	2222	16	274.93	9	6	65	106	50	(-5,17)
3	2026-01-01 16:15:57.000	33672	-599	2183	16	301.19	8	4	65	106	50	(-5,17)
3	2026-01-01 16:15:58.000	33707	-618	2139	16	318.38	7	3	65	106	50	(-5,17)
3	2026-01-01 16:15:59.000	33742	-663	2149	16	355.99	6	1	65	106	50	(-5,17)
3	2026-01-01 16:16:00.000	33777	-618	2096	128	24.23	8	0	65	106	50	(-5,16)
3	2026-01-01 16:16:01.000	33812	-676	2016	128	64.32	6	-2	65	106	50	(-5,16)
3	2026-01-01 16:16:02.000	33847	-621	1984	128	63.21	8	0	65	106	50	(-5,16)
3	2026-01-01 16:16:03.000	33882	-657	1928	128	27.25	6	-1	65	106	50	(-5,15)
3	2026-01-01 16:16:04.000	33917	-723	1935	128	344.18	5	0	65	106	50	(-6,15)
3	2026-01-01 16:16:05.000	33952	-712	1978	128	353.41	5	2	65	106	50	(-6,15)
3	2026-01-01 16:16:06.000	33987	-751	1956	128	328.54	3	1	65	106	47	(-6,15)
3	2026-01-01 16:16:07.000	34022	-750	1964	0	335.11	2	0	65	106	47	(-6,15)
3	2026-01-01 16:16:08.000	34057	-766	2019	0	329.27	4	0	65	106	47	(-6,16)
3	2026-01-01 16:16:09.000	34092	-707	1969	0	297.66	4	2	65	106	47	(-6,15)
3	2026-01-01 16:16:10.000	34127	-668	1962	0	309.24	3	0	65	106	47	(-5,15)
3	2026-01-01 16:16:11.000	34162	-718	2028	0	351.48	5	1	65	106	47	(-6,16)
3	2026-01-01 16:16:12.000	34197	-713	2098	0	13.26	7	3	65	106	47	(-6,16)
3	2026-01-01 16:16:13.000	34232	-706	2178	0	53.66	6	4	65	106	47	(-6,17)
3	2026-01-01 16:16:14.000	34267	-688	2249	0	37.01	6	2	65	106	47	(-5,18)
3	2026-01-01 16:16:15.000	34302	-715	2242	0	42.93	8	2	65	106	47	(-6,18)
3	2026-01-01 16:16:16.000	34337	-794	2317	0	359.13	8	0	65	106	47	(-6,18)
3	2026-01-01 16:16:17.000	34372	-736	2328	0	6.91	6	0	65	106	47	(-6,18)
3	2026-01-01 16:16:18.000	34407	-784	2254	0	11.15	8	-2	65	106	47	(-6,18)
3	2026-01-01 16:16:19.000	34442	-810	2286	0	11.76	6	-1	65	106	47	(-6,18)
3	2026-01-01 16:16:20.000	34477	-793	2311	0	51.32	4	1	65	106	45	(-6,18)
3	2026-01-01 16:16:21.000	34512	-852	2290	0	31.31	5	3	65	106	45	(-7,18)
3	2026-01-01 16:16:22.000	34547	-844	2342	0	26.02	5	1	65	106	45	(-7,18)
3	2026-01-01 16:16:23.000	34582	-887	2372	0	63.29	5	3	65	106	42	(-7,19)
3	2026-01-01 16:16:24.000	34617	-811	2387	0	56.31	5	4	65	106	37	(-6,19)
3	2026-01-01 16:16:25.000	34652	-878	2395	0	67.16	6	5	65	106	50	(-7,19)
3	2026-01-01 16:16:26.000	34687	-835	2364	0	69.69	5	5	65	106	50	(-7,18)
3	2026-01-01 16:16:27.000	34722	-884	2294	0	65.19	5	5	65	106	50	(-7,18)
3	2026-01-01 16:16:28.000	34757	-896	2286	0	87.92	7	6	65	106	50	(-7,18)
3	2026-01-01 16:16:29.000	34792	-871	2267	0	95.7	7	7	65	106	50	(-7,18)
3	2026-01-01 16:16:30.000	34827	-923	2302	0	77.98	7	6	65	106	50	(-7,18)
3	2026-01-01 16:16:31.000	34862	-958	2293	0	60.19	6	5	59	106	50	(-7,18)
3	2026-01-01 16:16:32.000	34897	-994	2298	0	39.73	7	5	59	106	50	(-8,18)
3	2026-01-01 16:16:33.000	34932	-1025	2279	128	3.25	7	6	59	106	50	(-8,18)
3	2026-01-01 16:16:34.000	34967	-999	2250	128	321.21	8	5	59	106	50	(-8,18)
3	2026-01-01 16:16:35.000	35002	-939	2301	128	358.94	10	5	59	106	50	(-7,18)
3	2026-01-01 16:16:36.000	35037	-911	2365	128	20.76	10	3	59	106	50	(-7,18)
3	2026-01-01 16:16:37.000	35072	-978	2364	128	32.05	10	4	59	106	50	(-8,18)
3	2026-01-01 16:16:38.000	35107	-1004	2330	128	8.19	8	3	59	106	50	(-8,18)
3	2026-01-01 16:16:39.000	35142	-938	2341	128	33.21	10	5	59	106	50	(-7,18)
3	2026-01-01 16:16:40.000	35177	-1005	2347	128	2.42	9	7	59	106	50	(-8,18)
3	2026-01-01 16:16:41.000	35212	-1081	2385	128	43.97	10	8	59	106	50	(-8,19)
3	2026-01-01 16:16:42.000	35247	-1054	2352	128	83.59	10	9	59	106	50	(-8,18)
3	2026-01-01 16:16:43.000	35282	-1002	2356	128	47.6	10	9	59	106	45	(-8,18)
3	2026-01-01 16:16:44.000	35317	-1023	2416	128	25.45	9	7	66	106	45	(-8,19)
3	2026-01-01 16:16:45.000	35352	-1078	2408	128	53.88	8	8	66	106	45	(-8,19)
3	2026-01-01 16:16:46.000	35387	-1008	2433	128	12.79	6	10	66	106	45	(-8,19)
3	2026-01-01 16:16:47.000	35422	-952	2456	128	344.68	8	9	66	106	45	(-7,19)
3	2026-01-01 16:16:48.000	35457	-883	2488	128	302.6	8	9	66	106	45	(-7,19)
3	2026-01-01 16:16:49.000	35492	-942	2521	128	259.88	9	8	66	106	45	(-7,20)
3	2026-01-01 16:16:50.000	35527	-873	2591	128	215.14	10	10	66	106	45	(-7,20)
3	2026-01-01 16:16:51.000	35562	-911	2623	0	234.29	10	10	66	106	40	(-7,20)
3	2026-01-01 16:16:52.000	35597	-981	2545	-8	250.6	9	10	66	106	50	(-8,20)
3	2026-01-01 16:16:53.000	35632	-1059	2526	-8	275.72	7	9	66	106	50	(-8,20)
3	2026-01-01 16:16:54.000	35667	-1101	2525	-8	313.47	5	9	66	106	50	(-9,20)
3	2026-01-01 16:16:55.000	35702	-1167	2511	-8	289.92	3	10	66	106	50	(-9,20)
3	2026-01-01 16:16:56.000	35737	-1103	2587	-8	281.96	1	8	66	106	50	(-9,20)
3	2026-01-01 16:16:57.000	35772	-1120	2611	-8	320.13	0	8	59	106	50	(-9,20)
3	2026-01-01 16:16:58.000	35807	-1165	2687	32	318.79	-1	9	59	106	50	(-9,21)
3	2026-01-01 16:16:59.000	35842	-1123	2767	32	310.47	-1	8	59	106	50	(-9,22)
3	2026-01-01 16:17:00.000	35877	-1130	2840	32	300.59	-2	10	59	106	50	(-9,22)
3	2026-01-01 16:17:01.000	35912	-1182	2837	32	341.81	-1	10	59	106	50	(-9,22)
3	2026-01-01 16:17:02.000	35947	-1130	2891	0	330.71	-3	10	59	106	50	(-9,23)
3	2026-01-01 16:17:03.000	35982	-1054	2924	0	298.72	-3	9	59	106	50	(-8,23)
3	2026-01-01 16:17:04.000	36017	-1005	2981	24	272.44	-4	10	59	106	50	(-8,23)
3	2026-01-01 16:17:05.000	36052	-1079	3000	24	298.64	-4	8	59	106	50	(-8,23)
3	2026-01-01 16:17:06.000	36087	-1135	3080	24	266.57	-6	8	59	106	50	(-9,24)
3	2026-01-01 16:17:07.000	36122	-1167	3155	24	253.25	-5	8	59	106	50	(-9,25)
3	2026-01-01 16:17:08.000	36157	-1184	3141	24	235.16	-7	9	59	106	50	(-9,25)
3	2026-01-01 16:17:09.000	36192	-1236	3185	24	256.55	-8	9	59	106	50	(-10,25)
3	2026-01-01 16:17:10.000	36227	-1236	3136	24	263.61	-6	10	59	106	48	(-10,24)
3	2026-01-01 16:17:11.000	36262	-1307	3102	24	229.82	-6	8	59	106	48	(-10,24)
3	2026-01-01 16:17:12.000	36297	-1353	3102	24	196.02	-8	8	59	106	48	(-11,24)
3	2026-01-01 16:17:13.000	36332	-1395	3128	24	217.99	-7	6	59	106	48	(-11,24)
3	2026-01-01 16:17:14.000	36367	-1398	3184	24	210.51	-9	5	59	106	48	(-11,25)
3	2026-01-01 16:17:15.000	36402	-1408	3194	0	204.57	-10	3	59	106	48	(-11,25)
3	2026-01-01 16:17:16.000	36437	-1437	3208	0	243.02	-10	1	59	106	48	(-11,25)
3	2026-01-01 16:17:17.000	36472	-1446	3256	0	255.69	-9	1	59	106	45	(-11,25)
3	2026-01-01 16:17:18.000	36507	-1385	3190	0	278.41	-10	1	59	106	45	(-11,25)
3	2026-01-01 16:17:19.000	36542	-1339	3164	0	283.34	-8	2	59	106	45	(-10,25)
3	2026-01-01 16:17:20.000	36577	-1261	3090	0	274.58	-8	1	59	106	45	(-10,24)
3	2026-01-01 16:17:21.000	36612	-1341	3146	0	249.86	-10	3	59	106	45	(-10,25)
3	2026-01-01 16:17:22.000	36647	-1325	3212	0	252.21	-9	4	59	106	45	(-10,25)
3	2026-01-01 16:17:23.000	36682	-1290	3253	0	294.72	-10	5	59	106	45	(-10,25)
3	2026-01-01 16:17:24.000	36717	-1212	3306	0	292.84	-9	6	59	106	45	(-9,26)
3	2026-01-01 16:17:25.000	36752	-1252	3231	0	296.91	-10	8	59	106	45	(-10,25)
3	2026-01-01 16:17:26.000	36787	-1331	3306	0	325.16	-8	10	59	106	45	(-10,26)
3	2026-01-01 16:17:27.000	36822	-1261	3255	0	349.53	-8	8	59	106	45	(-10,25)
3	2026-01-01 16:17:28.000	36857	-1327	3200	0	21.6	-9	10	59	106	45	(-10,25)
3	2026-01-01 16:17:29.000	36892	-1357	3203	0	6.23	-8	10	59	106	45	(-11,25)
3	2026-01-01 16:17:30.000	36927	-1401	3171	0	10.2	-9	10	59	106	45	(-11,25)
3	2026-01-01 16:17:31.000	36962	-1333	3144	0	19.56	-10	9	59	106	45	(-10,25)
3	2026-01-01 16:17:32.000	36997	-1382	3185	24	56.41	-10	10	59	106	45	(-11,25)
3	2026-01-01 16:17:33.000	37032	-1344	3224	56	33.59	-10	8	59	106	45	(-10,25)
3	2026-01-01 16:17:34.000	37067	-1279	3255	56	42.12	-8	7	59	106	45	(-10,25)
3	2026-01-01 16:17:35.000	37102	-1344	3262	56	27.55	-10	6	59	106	45	(-10,25)
3	2026-01-01 16:17:36.000	37137	-1389	3221	56	19.58	-10	6	59	106	45	(-11,25)
3	2026-01-01 16:17:37.000	37172	-1366	3167	56	337.55	-10	5	59	106	45	(-11,25)
3	2026-01-01 16:17:38.000	37207	-1304	3116	56	311.72	-10	7	59	106	45	(-10,24)
3	2026-01-01 16:17:39.000	37242	-1240	3097	56	342.31	-10	6	59	106	45	(-10,24)
3	2026-01-01 16:17:40.000	37277	-1179	3032	56	312.55	-10	4	59	106	45	(-9,24)
3	2026-01-01 16:17:41.000	37312	-1173	3101	56	286.2	-10	4	59	106	45	(-9,24)
3	2026-01-01 16:17:42.000	37347	-1107	3106	56	326.25	-10	4	59	106	45	(-9,24)
3	2026-01-01 16:17:43.000	37382	-1088	3110	56	311.48	-10	5	59	106	45	(-8,24)
3	2026-01-01 16:17:44.000	37417	-1088	3123	56	313.28	-10	6	59	106	45	(-8,24)
3	2026-01-01 16:17:45.000	37452	-1036	3065	0	278.63	-9	6	59	106	45	(-8,24)
3	2026-01-01 16:17:46.000	37487	-1086	2994	0	237.82	-9	5	59	106	45	(-8,23)
3	2026-01-01 16:17:47.000	37522	-1083	2916	0	254.45	-10	4	59	106	45	(-8,23)
3	2026-01-01 16:17:48.000	37557	-1025	2986	0	278.24	-10	3	59	106	45	(-8,23)
3	2026-01-01 16:17:49.000	37592	-1050	3029	0	297.82	-10	3	59	106	45	(-8,24)
3	2026-01-01 16:17:50.000	37627	-996	3055	0	294.58	-10	1	59	106	45	(-8,24)
3	2026-01-01 16:17:51.000	37662	-1057	2984	0	257.49	-9	1	52	106	45	(-8,23)
3	2026-01-01 16:17:52.000	37697	-1104	2969	0	223.62	-10	-1	52	106	45	(-9,23)
3	2026-01-01 16:17:53.000	37732	-1148	2947	0	260.77	-10	-3	52	106	45	(-9,23)
3	2026-01-01 16:17:54.000	37767	-1186	2876	0	275.14	-8	-4	52	106	45	(-9,22)
3	2026-01-01 16:17:55.000	37802	-1208	2910	0	244.75	-10	-4	52	106	45	(-9,23)
3	2026-01-01 16:17:56.000	37837	-1251	2862	0	254.75	-10	-3	52	106	45	(-10,22)
3	2026-01-01 16:17:57.000	37872	-1182	2907	0	278.55	-10	-5	52	106	45	(-9,23)
3	2026-01-01 16:17:58.000	37907	-1105	2855	0	249.12	-10	-3	52	106	45	(-9,22)
3	2026-01-01 16:17:59.000	37942	-1184	2932	0	229.47	-10	-4	52	106	45	(-9,23)
3	2026-01-01 16:18:00.000	37977	-1213	2926	0	239.39	-9	-3	52	106	45	(-9,23)
3	2026-01-01 16:18:01.000	38012	-1144	2967	0	201.35	-10	-3	52	106	45	(-9,23)
3	2026-01-01 16:18:02.000	38047	-1133	2952	0	190.54	-10	-3	52	106	45	(-9,23)
3	2026-01-01 16:18:03.000	38082	-1196	2953	0	166.57	-10	-4	52	106	45	(-9,23)
3	2026-01-01 16:18:04.000	38117	-1232	3024	0	193.69	-10	-4	52	106	45	(-10,24)
3	2026-01-01 16:18:05.000	38152	-1282	3030	0	227.16	-10	-4	52	106	45	(-10,24)
3	2026-01-01 16:18:06.000	38187	-1213	3024	0	189.05	-9	-3	52	106	45	(-9,24)
3	2026-01-01 16:18:07.000	38222	-1276	3041	56	174.97	-7	-3	52	106	45	(-10,24)
3	2026-01-01 16:18:08.000	38257	-1322	2979	56	135.57	-5	-4	52	106	45	(-10,23)
3	2026-01-01 16:18:09.000	38292	-1350	3003	56	144.96	-5	-2	52	106	45	(-11,23)
3	2026-01-01 16:18:10.000	38327	-1404	2966	56	177.67	-4	-4	52	106	45	(-11,23)
3	2026-01-01 16:18:11.000	38362	-1460	2984	56	218.25	-6	-6	52	106	45	(-11,23)
3	2026-01-01 16:18:12.000	38397	-1400	2923	56	201.7	-4	-8	52	106	45	(-11,23)
3	2026-01-01 16:18:13.000	38432	-1412	2967	56	170.74	-4	-7	52	106	45	(-11,23)
3	2026-01-01 16:18:14.000	38467	-1375	3037	56	206.72	-6	-7	52	106	45	(-11,24)
3	2026-01-01 16:18:15.000	38502	-1397	3052	56	224.8	-7	-8	52	106	45	(-11,24)
3	2026-01-01 16:18:16.000	38537	-1476	3102	56	222.81	-5	-10	52	106	45	(-12,24)
3	2026-01-01 16:18:17.000	38572	-1492	3049	56	245.3	-7	-10	52	106	45	(-12,24)
3	2026-01-01 16:18:18.000	38607	-1572	3096	-16	250.61	-9	-10	52	106	50	(-12,24)
3	2026-01-01 16:18:19.000	38642	-1639	3024	-16	209.13	-7	-10	52	106	50	(-13,24)
3	2026-01-01 16:18:20.000	38677	-1709	3064	-16	249.87	-6	-9	51	106	50	(-13,24)
3	2026-01-01 16:18:21.000	38712	-1695	3142	-16	216.21	-6	-8	51	106	50	(-13,25)
3	2026-01-01 16:18:22.000	38747	-1709	3071	-16	259.6	-4	-7	51	106	50	(-13,24)
3	2026-01-01 16:18:23.000	38782	-1715	3067	-16	228.61	-5	-7	51	106	50	(-13,24)
3	2026-01-01 16:18:24.000	38817	-1693	3146	-16	192.47	-6	-7	51	106	50	(-13,25)
3	2026-01-01 16:18:25.000	38852	-1633	3115	-16	147.73	-8	-8	51	106	50	(-13,24)
3	2026-01-01 16:18:26.000	38887	-1567	3169	-16	151.53	-7	-10	51	106	50	(-12,25)
3	2026-01-01 16:18:27.000	38922	-1589	3233	-16	130.68	-9	-10	51	106	50	(-12,25)
3	2026-01-01 16:18:28.000	38957	-1538	3313	-16	169.36	-9	-8	41	106	47	(-12,26)
3	2026-01-01 16:18:29.000	38992	-1566	3324	-16	191.26	-10	-10	41	106	47	(-12,26)
3	2026-01-01 16:18:30.000	39027	-1600	3369	-16	177.21	-8	-8	41	106	47	(-12,26)
3	2026-01-01 16:18:31.000	39062	-1669	3409	-16	153.36	-9	-9	41	106	47	(-13,27)
3	2026-01-01 16:18:32.000	39097	-1647	3448	-16	163.84	-7	-9	41	106	47	(-13,27)
3	2026-01-01 16:18:33.000	39132	-1633	3426	-16	161.83	-8	-10	41	106	47	(-13,27)
3	2026-01-01 16:18:34.000	39167	-1638	3492	-16	168.99	-9	-10	41	106	47	(-13,27)
3	2026-01-01 16:18:35.000	39202	-1567	3423	-16	203.24	-8	-10	41	106	47	(-12,27)
3	2026-01-01 16:18:36.000	39237	-1500	3351	-16	232.39	-6	-10	41	106	47	(-12,26)
3	2026-01-01 16:18:37.000	39272	-1512	3314	-16	193.77	-7	-10	41	106	47	(-12,26)
3	2026-01-01 16:18:38.000	39307	-1540	3297	-16	217.92	-9	-10	41	106	47	(-12,26)
3	2026-01-01 16:18:39.000	39342	-1618	3320	-16	198.98	-9	-8	41	106	47	(-13,26)
3	2026-01-01 16:18:40.000	39377	-1693	3335	-16	236.98	-10	-10	41	106	42	(-13,26)
3	2026-01-01 16:18:41.000	39412	-1631	3309	40	252.71	-10	-10	41	106	50	(-13,26)
3	2026-01-01 16:18:42.000	39447	-1708	3310	40	239.54	-9	-8	41	106	50	(-13,26)
3	2026-01-01 16:18:43.000	39482	-1639	3288	40	223.57	-9	-10	41	106	50	(-13,26)
3	2026-01-01 16:18:44.000	39517	-1683	3225	24	261.61	-8	-8	41	106	50	(-13,25)
3	2026-01-01 16:18:45.000	39552	-1739	3183	24	302.06	-7	-6	41	106	50	(-14,25)
3	2026-01-01 16:18:46.000	39587	-1765	3158	24	321.21	-7	-8	41	106	50	(-14,25)
3	2026-01-01 16:18:47.000	39622	-1742	3231	24	298.88	-7	-6	41	106	50	(-14,25)
3	2026-01-01 16:18:48.000	39657	-1669	3174	24	277.38	-8	-5	41	106	50	(-13,25)
3	2026-01-01 16:18:49.000	39692	-1645	3107	24	260.36	-8	-3	41	106	50	(-13,24)
3	2026-01-01 16:18:50.000	39727	-1574	3042	24	291.36	-8	-2	41	106	50	(-12,24)
3	2026-01-01 16:18:51.000	39762	-1606	3041	24	264.5	-8	-4	41	106	50	(-13,24)
3	2026-01-01 16:18:52.000	39797	-1628	3101	24	286.83	-8	-5	41	106	50	(-13,24)
3	2026-01-01 16:18:53.000	39832	-1632	3036	24	266.8	-9	-5	41	106	50	(-13,24)
3	2026-01-01 16:18:54.000	39867	-1561	3057	24	248.39	-10	-6	41	106	50	(-12,24)
3	2026-01-01 16:18:55.000	39902	-1599	3036	24	230.28	-10	-7	41	106	50	(-12,24)
3	2026-01-01 16:18:56.000	39937	-1592	3009	56	256.41	-9	-9	41	106	50	(-12,24)
3	2026-01-01 16:18:57.000	39972	-1518	3060	56	299.95	-7	-7	41	106	50	(-12,24)
3	2026-01-01 16:18:58.000	40007	-1504	3112	56	264.23	-6	-7	41	106	50	(-12,24)
3	2026-01-01 16:18:59.000	40042	-1477	3104	56	235.45	-8	-6	41	106	50	(-12,24)
3	2026-01-01 16:19:00.000	40077	-1428	3085	56	244.57	-6	-5	41	106	50	(-11,24)
3	2026-01-01 16:19:01.000	40112	-1446	3133	56	206.13	-7	-5	41	106	50	(-11,24)
3	2026-01-01 16:19:02.000	40147	-1500	3059	56	196.76	-6	-6	41	106	50	(-12,24)
3	2026-01-01 16:19:03.000	40182	-1519	3062	56	169.67	-7	-7	41	106	46	(-12,24)
3	2026-01-01 16:19:04.000	40217	-1502	2988	56	139.77	-9	-5	41	106	46	(-12,23)
3	2026-01-01 16:19:05.000	40252	-1560	3055	16	140.37	-7	-3	41	106	46	(-12,24)
3	2026-01-01 16:19:06.000	40287	-1626	2978	16	124.03	-9	-1	41	106	46	(-13,23)
3	2026-01-01 16:19:07.000	40322	-1560	2905	16	123.68	-9	1	31	106	46	(-12,23)
3	2026-01-01 16:19:08.000	40357	-1503	2910	0	106.13	-9	1	31	106	46	(-12,23)
3	2026-01-01 16:19:09.000	40392	-1571	2974	0	75.63	-10	3	31	106	46	(-12,23)
3	2026-01-01 16:19:10.000	40427	-1544	3008	0	34.32	-10	2	31	106	46	(-12,24)
3	2026-01-01 16:19:11.000	40462	-1550	3034	0	354.02	-9	3	31	106	46	(-12,24)
3	2026-01-01 16:19:12.000	40497	-1529	3108	0	332.37	-7	4	31	106	46	(-12,24)
3	2026-01-01 16:19:13.000	40532	-1605	3111	0	309.26	-5	4	31	106	46	(-13,24)
3	2026-01-01 16:19:14.000	40567	-1631	3115	0	268.21	-5	6	31	106	46	(-13,24)
3	2026-01-01 16:19:15.000	40602	-1603	3172	0	238.49	-6	4	31	106	50	(-13,25)
3	2026-01-01 16:19:16.000	40637	-1547	3153	0	235.04	-8	2	31	106	50	(-12,25)
3	2026-01-01 16:19:17.000	40672	-1561	3144	0	197.43	-7	4	31	106	50	(-12,25)
3	2026-01-01 16:19:18.000	40707	-1591	3064	0	160.15	-8	4	31	106	50	(-12,24)
3	2026-01-01 16:19:19.000	40742	-1666	3096	0	196.0	-8	2	31	106	50	(-13,24)
3	2026-01-01 16:19:20.000	40777	-1683	3142	0	182.02	-9	4	31	106	50	(-13,25)
3	2026-01-01 16:19:21.000	40812	-1753	3207	0	148.4	-8	6	31	106	50	(-14,25)
3	2026-01-01 16:19:22.000	40847	-1684	3155	0	142.07	-9	4	31	106	50	(-13,25)
3	2026-01-01 16:19:23.000	40882	-1756	3116	0	182.7	-9	2	31	106	50	(-14,24)
3	2026-01-01 16:19:24.000	40917	-1734	3078	0	209.49	-7	1	31	106	50	(-14,24)
3	2026-01-01 16:19:25.000	40952	-1715	3151	0	223.15	-9	-1	31	106	50	(-13,25)
3	2026-01-01 16:19:26.000	40987	-1747	3194	0	265.25	-8	0	31	106	50	(-14,25)
3	2026-01-01 16:19:27.000	41022	-1823	3184	0	240.92	-9	-1	31	106	50	(-14,25)
3	2026-01-01 16:19:28.000	41057	-1856	3115	0	263.77	-8	-2	31	106	50	(-14,24)
3	2026-01-01 16:19:29.000	41092	-1860	3131	0	293.5	-6	-1	40	106	50	(-15,24)
3	2026-01-01 16:19:30.000	41127	-1873	3070	0	320.95	-6	-2	40	106	50	(-15,24)
3	2026-01-01 16:19:31.000	41162	-1834	3142	0	351.92	-7	-1	40	106	50	(-14,25)
3	2026-01-01 16:19:32.000	41197	-1812	3149	0	14.24	-7	-1	40	106	50	(-14,25)
3	2026-01-01 16:19:33.000	41232	-1734	3143	0	35.49	-7	1	40	106	50	(-14,25)
3	2026-01-01 16:19:34.000	41267	-1718	3069	0	357.27	-6	2	40	106	50	(-13,24)
3	2026-01-01 16:19:35.000	41302	-1771	3104	0	8.48	-6	2	40	106	50	(-14,24)
3	2026-01-01 16:19:36.000	41337	-1814	3110	0	24.14	-7	4	40	106	47	(-14,24)
3	2026-01-01 16:19:37.000	41372	-1786	3187	0	68.05	-8	6	40	106	47	(-14,25)
3	2026-01-01 16:19:38.000	41407	-1803	3115	0	107.05	-6	4	40	106	47	(-14,24)
3	2026-01-01 16:19:39.000	41442	-1732	3102	0	87.79	-8	2	40	106	47	(-14,24)
3	2026-01-01 16:19:40.000	41477	-1711	3079	0	70.65	-8	4	40	106	47	(-13,24)
3	2026-01-01 16:19:41.000	41512	-1646	3071	0	105.75	-7	4	40	106	47	(-13,24)
3	2026-01-01 16:19:42.000	41547	-1577	3039	0	100.97	-7	6	40	106	47	(-12,24)
3	2026-01-01 16:19:43.000	41582	-1604	3048	0	70.29	-6	7	40	106	47	(-13,24)
3	2026-01-01 16:19:44.000	41617	-1594	3031	0	35.52	-7	6	40	106	47	(-12,24)
3	2026-01-01 16:19:45.000	41652	-1551	3084	0	70.83	-9	4	40	106	47	(-12,24)
3	2026-01-01 16:19:46.000	41687	-1500	3026	0	74.89	-9	5	40	106	47	(-12,24)
3	2026-01-01 16:19:47.000	41722	-1490	2995	8	86.43	-9	5	40	106	43	(-12,23)
3	2026-01-01 16:19:48.000	41757	-1542	2945	8	83.49	-7	6	40	106	43	(-12,23)
3	2026-01-01 16:19:49.000	41792	-1606	2969	8	97.26	-5	8	40	106	43	(-13,23)
3	2026-01-01 16:19:50.000	41827	-1663	2926	8	131.18	-4	7	40	106	43	(-13,23)
3	2026-01-01 16:19:51.000	41862	-1587	2892	8	101.78	-5	9	40	106	43	(-12,23)
3	2026-01-01 16:19:52.000	41897	-1549	2849	8	119.94	-3	7	40	106	43	(-12,22)
3	2026-01-01 16:19:53.000	41932	-1504	2822	8	96.0	-4	6	40	106	43	(-12,22)
3	2026-01-01 16:19:54.000	41967	-1570	2798	8	123.83	-3	5	40	106	43	(-12,22)
3	2026-01-01 16:19:55.000	42002	-1491	2728	8	122.66	-2	4	40	106	43	(-12,21)
3	2026-01-01 16:19:56.000	42037	-1458	2741	8	83.4	-4	6	40	106	43	(-11,21)
3	2026-01-01 16:19:57.000	42072	-1442	2755	8	79.84	-6	7	40	106	43	(-11,22)
3	2026-01-01 16:19:58.000	42107	-1492	2679	0	124.11	-4	9	40	106	43	(-12,21)
3	2026-01-01 16:19:59.000	42142	-1551	2713	0	108.84	-2	9	40	106	43	(-12,21)
