1	2026-01-01 12:00:00.000	177	-76	-670	0	40.8	-6	6	0	95	28	(-1,-5)
1	2026-01-01 12:00:01.000	212	27	-697	0	30.16	-8	4	0	95	28	(0,-5)
1	2026-01-01 12:00:02.000	247	72	-643	0	59.85	-7	4	0	95	28	(1,-5)
1	2026-01-01 12:00:03.000	282	131	-726	0	48.48	-8	3	0	95	23	(1,-6)
1	2026-01-01 12:00:04.000	317	207	-817	0	67.31	-10	5	0	95	19	(2,-6)
1	2026-01-01 12:00:05.000	352	164	-912	0	91.61	-10	7	0	95	19	(1,-7)
1	2026-01-01 12:00:06.000	387	77	-842	0	102.94	-8	9	0	95	19	(1,-7)
1	2026-01-01 12:00:07.000	422	178	-819	0	64.48	-10	10	0	95	19	(1,-6)
1	2026-01-01 12:00:08.000	457	262	-810	0	81.11	-10	10	0	95	18	(2,-6)
1	2026-01-01 12:00:09.000	492	293	-881	0	61.33	-8	10	0	95	18	(2,-7)
1	2026-01-01 12:00:10.000	527	255	-990	0	19.34	-7	9	0	95	18	(2,-8)
1	2026-01-01 12:00:11.000	562	190	-903	0	348.05	-5	10	0	95	15	(1,-7)
1	2026-01-01 12:00:12.000	597	134	-967	-8	32.64	-5	10	0	95	15	(1,-8)
1	2026-01-01 12:00:13.000	632	137	-885	-8	31.41	-6	9	0	95	15	(1,-7)
1	2026-01-01 12:00:14.000	667	216	-901	-8	10.16	-4	9	0	95	14	(2,-7)
1	2026-01-01 12:00:15.000	702	209	-857	32	350.04	-4	10	0	95	14	(2,-7)
1	2026-01-01 12:00:16.000	737	151	-847	32	337.59	-5	9	0	95	11	(1,-7)
1	2026-01-01 12:00:17.000	772	112	-897	32	315.19	-6	8	0	95	11	(1,-7)
1	2026-01-01 12:00:18.000	807	143	-1006	32	314.36	-5	7	0	95	11	(1,-8)
1	2026-01-01 12:00:19.000	842	111	-916	32	316.03	-3	5	0	95	11	(1,-7)
1	2026-01-01 12:00:20.000	877	113	-835	32	287.2	-3	7	0	95	8	(1,-7)
1	2026-01-01 12:00:21.000	912	100	-941	32	289.32	-2	6	0	95	8	(1,-7)
1	2026-01-01 12:00:22.000	947	107	-956	32	320.75	-4	7	0	95	8	(1,-7)
1	2026-01-01 12:00:23.000	982	209	-993	32	0.1	-4	5	0	95	8	(2,-8)
1	2026-01-01 12:00:24.000	1017	159	-991	32	43.98	-3	3	0	95	8	(1,-8)
1	2026-01-01 12:00:25.000	1052	198	-961	0	65.46	-4	5	0	95	8	(2,-8)
1	2026-01-01 12:00:26.000	1087	264	-880	0	53.2	-4	6	0	95	8	(2,-7)
1	2026-01-01 12:00:27.000	1122	193	-947	0	21.98	-4	7	0	95	8	(2,-7)
1	2026-01-01 12:00:28.000	1157	227	-882	0	43.02	-5	9	0	95	8	(2,-7)
1	2026-01-01 12:00:29.000	1192	268	-788	0	56.72	-4	10	0	95	8	(2,-6)
1	2026-01-01 12:00:30.000	1227	194	-880	0	46.02	-5	10	0	95	8	(2,-7)
1	2026-01-01 12:00:31.000	1262	146	-883	0	59.61	-7	8	0	95	8	(1,-7)
1	2026-01-01 12:00:32.000	1297	134	-836	0	41.62	-9	10	0	95	30	(1,-7)
1	2026-01-01 12:00:33.000	1332	41	-923	0	76.21	-10	10	0	95	30	(0,-7)
1	2026-01-01 12:00:34.000	1367	-62	-904	0	89.72	-9	10	0	95	30	(0,-7)
1	2026-01-01 12:00:35.000	1402	-128	-904	0	122.02	-10	9	0	95	30	(-1,-7)
1	2026-01-01 12:00:36.000	1437	-219	-839	16	160.03	-10	10	0	95	30	(-2,-7)
1	2026-01-01 12:00:37.000	1472	-132	-853	16	161.16	-9	10	0	95	25	(-1,-7)
1	2026-01-01 12:00:38.000	1507	-124	-921	16	170.02	-8	10	0	95	25	(-1,-7)
1	2026-01-01 12:00:39.000	1542	-233	-976	16	130.17	-8	10	0	95	25	(-2,-8)
1	2026-01-01 12:00:40.000	1577	-217	-867	16	113.49	-9	9	0	95	41	(-2,-7)
1	2026-01-01 12:00:41.000	1612	-239	-944	16	146.39	-10	10	16	95	41	(-2,-7)
1	2026-01-01 12:00:42.000	1647	-232	-900	16	160.68	-10	8	16	95	41	(-2,-7)
1	2026-01-01 12:00:43.000	1682	-173	-896	16	201.63	-10	7	16	95	41	(-1,-7)
1	2026-01-01 12:00:44.000	1717	-184	-849	16	191.51	-10	7	16	95	41	(-1,-7)
1	2026-01-01 12:00:45.000	1752	-282	-781	16	210.68	-10	7	12	95	41	(-2,-6)
1	2026-01-01 12:00:46.000	1787	-290	-710	16	182.55	-10	5	12	95	41	(-2,-6)
1	2026-01-01 12:00:47.000	1822	-308	-650	16	144.27	-10	3	12	95	41	(-2,-5)
1	2026-01-01 12:00:48.000	1857	-343	-760	0	142.26	-8	2	12	95	41	(-3,-6)
1	2026-01-01 12:00:49.000	1892	-284	-738	0	183.3	-7	1	12	95	41	(-2,-6)
1	2026-01-01 12:00:50.000	1927	-318	-822	0	173.57	-9	3	12	95	41	(-2,-6)
1	2026-01-01 12:00:51.000	1962	-427	-720	0	198.91	-8	3	12	95	41	(-3,-6)
1	2026-01-01 12:00:52.000	1997	-317	-640	0	179.79	-8	4	12	95	50	(-2,-5)
1	2026-01-01 12:00:53.000	2032	-274	-617	0	184.07	-8	2	12	95	50	(-2,-5)
1	2026-01-01 12:00:54.000	2067	-194	-579	0	222.32	-8	0	12	95	50	(-2,-5)
1	2026-01-01 12:00:55.000	2102	-132	-526	0	258.99	-9	-1	12	95	50	(-1,-4)
1	2026-01-01 12:00:56.000	2137	-42	-594	0	214.9	-7	0	12	95	50	(0,-5)
1	2026-01-01 12:00:57.000	2172	-94	-632	0	213.81	-6	0	12	95	50	(-1,-5)
1	2026-01-01 12:00:58.000	2207	-129	-656	0	188.42	-4	1	3	95	45	(-1,-5)
1	2026-01-01 12:00:59.000	2242	-150	-688	0	185.77	-3	3	3	95	42	(-1,-5)
1	2026-01-01 12:01:00.000	2277	-60	-642	0	143.0	-5	1	3	95	42	(0,-5)
1	2026-01-01 12:01:01.000	2312	-132	-538	16	115.83	-4	-1	3	95	42	(-1,-4)
1	2026-01-01 12:01:02.000	2347	-194	-583	16	137.7	-5	-3	3	95	42	(-2,-5)
1	2026-01-01 12:01:03.000	2382	-131	-685	16	101.36	-5	-3	3	95	42	(-1,-5)
1	2026-01-01 12:01:04.000	2417	-84	-743	16	75.37	-4	-4	3	95	42	(-1,-6)
1	2026-01-01 12:01:05.000	2452	11	-704	16	68.47	-2	-5	3	95	42	(0,-6)
1	2026-01-01 12:01:06.000	2487	85	-710	16	98.77	-1	-5	3	95	42	(1,-6)
1	2026-01-01 12:01:07.000	2522	-11	-630	16	115.02	-1	-5	3	95	42	(0,-5)
1	2026-01-01 12:01:08.000	2557	-2	-737	16	149.28	-2	-5	0	95	42	(0,-6)
1	2026-01-01 12:01:09.000	2592	23	-674	16	181.52	-2	-6	0	95	42	(0,-5)
1	2026-01-01 12:01:10.000	2627	126	-640	16	147.13	-1	-6	0	95	42	(1,-5)
1	2026-01-01 12:01:11.000	2662	213	-740	16	178.65	-2	-4	0	88	42	(2,-6)
1	2026-01-01 12:01:12.000	2697	237	-776	16	135.32	-3	-2	0	88	42	(2,-6)
1	2026-01-01 12:01:13.000	2732	211	-883	16	166.33	-5	-4	0	88	42	(2,-7)
1	2026-01-01 12:01:14.000	2767	107	-776	16	160.62	-5	-4	0	88	42	(1,-6)
1	2026-01-01 12:01:15.000	2802	26	-689	16	177.88	-5	-5	0	88	42	(0,-5)
1	2026-01-01 12:01:16.000	2837	12	-753	16	199.2	-6	-3	0	88	42	(0,-6)
1	2026-01-01 12:01:17.000	2872	48	-693	16	243.14	-4	-5	0	88	42	(0,-5)
1	2026-01-01 12:01:18.000	2907	-14	-798	16	278.49	-5	-5	0	88	42	(0,-6)
1	2026-01-01 12:01:19.000	2942	40	-746	32	300.86	-3	-7	0	88	39	(0,-6)
1	2026-01-01 12:01:20.000	2977	121	-795	32	295.59	-4	-6	0	88	36	(1,-6)
1	2026-01-01 12:01:21.000	3012	99	-685	32	311.25	-6	-7	0	88	33	(1,-5)
1	2026-01-01 12:01:22.000	3047	102	-743	32	289.23	-7	-9	0	88	33	(1,-6)
1	2026-01-01 12:01:23.000	3082	70	-738	32	325.47	-7	-8	0	88	33	(1,-6)
1	2026-01-01 12:01:24.000	3117	123	-663	32	282.17	-8	-7	0	88	30	(1,-5)
1	2026-01-01 12:01:25.000	3152	142	-585	32	326.75	-8	-6	0	88	30	(1,-5)
1	2026-01-01 12:01:26.000	3187	162	-520	32	337.63	-8	-8	0	88	30	(1,-4)
1	2026-01-01 12:01:27.000	3222	68	-511	32	311.1	-9	-7	0	88	30	(1,-4)
1	2026-01-01 12:01:28.000	3257	102	-572	32	328.16	-10	-7	0	88	30	(1,-4)
1	2026-01-01 12:01:29.000	3292	78	-681	0	341.65	-10	-7	0	88	30	(1,-5)
1	2026-01-01 12:01:30.000	3327	111	-615	0	24.3	-9	-8	0	88	28	(1,-5)
1	2026-01-01 12:01:31.000	3362	143	-706	0	12.04	-7	-10	0	88	26	(1,-6)
1	2026-01-01 12:01:32.000	3397	49	-712	0	331.66	-6	-9	0	88	50	(0,-6)
1	2026-01-01 12:01:33.000	3432	-58	-702	0	301.05	-6	-7	0	88	45	(0,-5)
1	2026-01-01 12:01:34.000	3467	-149	-768	0	303.85	-5	-5	0	88	45	(-1,-6)
1	2026-01-01 12:01:35.000	3502	-220	-676	0	275.39	-7	-3	0	88	45	(-2,-5)
1	2026-01-01 12:01:36.000	3537	-198	-600	0	243.77	-6	-1	0	88	45	(-2,-5)
1	2026-01-01 12:01:37.000	3572	-198	-506	0	278.82	-8	-1	0	88	45	(-2,-4)
1	2026-01-01 12:01:38.000	3607	-237	-518	0	278.03	-10	1	0	88	45	(-2,-4)
1	2026-01-01 12:01:39.000	3642	-307	-619	0	321.88	-9	-1	0	88	45	(-2,-5)
1	2026-01-01 12:01:40.000	3677	-252	-587	0	315.19	-8	1	0	88	41	(-2,-5)
1	2026-01-01 12:01:41.000	3712	-196	-522	0	300.05	-9	3	0	88	41	(-2,-4)
1	2026-01-01 12:01:42.000	3747	-166	-568	0	313.05	-8	5	0	88	41	(-1,-4)
1	2026-01-01 12:01:43.000	3782	-56	-549	0	292.56	-7	3	0	88	41	(0,-4)
1	2026-01-01 12:01:44.000	3817	-37	-600	0	284.82	-7	3	0	88	41	(0,-5)
1	2026-01-01 12:01:45.000	3852	-99	-516	0	295.58	-5	2	16	88	41	(-1,-4)
1	2026-01-01 12:01:46.000	3887	-179	-504	0	323.66	-7	1	16	88	41	(-1,-4)
1	2026-01-01 12:01:47.000	3922	-177	-430	0	315.65	-9	0	16	93	39	(-1,-3)
1	2026-01-01 12:01:48.000	3957	-156	-353	0	304.43	-7	-2	16	93	39	(-1,-3)
1	2026-01-01 12:01:49.000	3992	-49	-278	0	326.6	-9	-1	16	93	35	(0,-2)
1	2026-01-01 12:01:50.000	4027	-113	-297	40	2.76	-7	-1	16	93	35	(-1,-2)
1	2026-01-01 12:01:51.000	4062	-221	-232	40	39.35	-5	-3	16	106	35	(-2,-2)
1	2026-01-01 12:01:52.000	4097	-148	-182	40	63.03	-6	-1	15	106	35	(-1,-1)
1	2026-01-01 12:01:53.000	4132	-90	-205	40	35.46	-5	-3	15	106	35	(-1,-2)
1	2026-01-01 12:01:54.000	4167	-70	-294	40	16.86	-3	-5	15	106	35	(-1,-2)
1	2026-01-01 12:01:55.000	4202	-80	-203	40	333.37	-3	-5	15	106	35	(-1,-2)
1	2026-01-01 12:01:56.000	4237	-35	-133	40	341.36	-4	-5	15	106	35	(0,-1)
1	2026-01-01 12:01:57.000	4272	-26	-50	40	325.18	-6	-3	8	106	35	(0,0)
1	2026-01-01 12:01:58.000	4307	-110	-125	40	352.36	-6	-3	8	106	35	(-1,-1)
1	2026-01-01 12:01:59.000	4342	-215	-82	40	5.55	-4	-4	8	106	35	(-2,-1)
1	2026-01-01 12:02:00.000	4377	-113	-80	40	15.15	-4	-4	8	106	35	(-1,-1)
1	2026-01-01 12:02:01.000	4412	-160	-176	40	4.49	-3	-5	8	106	35	(-1,-1)
1	2026-01-01 12:02:02.000	4447	-69	-273	40	345.13	-3	-7	8	106	35	(-1,-2)
1	2026-01-01 12:02:03.000	4482	5	-350	40	324.54	-4	-8	8	106	35	(0,-3)
1	2026-01-01 12:02:04.000	4517	-98	-246	40	333.97	-6	-9	8	106	35	(-1,-2)
1	2026-01-01 12:02:05.000	4552	-20	-221	40	301.42	-7	-7	8	106	35	(0,-2)
1	2026-01-01 12:02:06.000	4587	-21	-116	40	301.98	-5	-5	8	106	35	(0,-1)
1	2026-01-01 12:02:07.000	4622	-100	-88	40	319.32	-7	-5	8	106	35	(-1,-1)
1	2026-01-01 12:02:08.000	4657	-139	-151	40	315.54	-7	-4	8	106	35	(-1,-1)
1	2026-01-01 12:02:09.000	4692	-132	-50	40	328.97	-7	-4	8	106	35	(-1,0)
1	2026-01-01 12:02:10.000	4727	-38	-159	40	305.5	-7	-3	8	106	35	(0,-1)
1	2026-01-01 12:02:11.000	4762	-5	-103	40	318.71	-9	-5	8	106	35	(0,-1)
1	2026-01-01 12:02:12.000	4797	45	-169	40	2.37	-10	-3	8	106	35	(0,-1)
1	2026-01-01 12:02:13.000	4832	-42	-84	40	45.79	-9	-4	8	106	35	(0,-1)
1	2026-01-01 12:02:14.000	4867	-49	-135	40	72.39	-8	-6	8	106	35	(0,-1)
1	2026-01-01 12:02:15.000	4902	-82	-70	40	101.12	-7	-7	8	106	35	(-1,-1)
1	2026-01-01 12:02:16.000	4937	7	-100	40	76.37	-6	-9	8	106	35	(0,-1)
1	2026-01-01 12:02:17.000	4972	64	-91	-8	65.6	-7	-10	8	106	35	(0,-1)
1	2026-01-01 12:02:18.000	5007	-44	-195	-8	91.68	-8	-8	8	106	35	(0,-2)
1	2026-01-01 12:02:19.000	5042	4	-198	0	100.56	-6	-7	8	106	35	(0,-2)
1	2026-01-01 12:02:20.000	5077	-75	-228	0	112.92	-8	-7	8	106	35	(-1,-2)
1	2026-01-01 12:02:21.000	5112	-71	-130	0	150.46	-9	-6	8	106	35	(-1,-1)
1	2026-01-01 12:02:22.000	5147	-142	-235	0	113.9	-7	-6	8	106	35	(-1,-2)
1	2026-01-01 12:02:23.000	5182	-37	-133	0	151.15	-8	-4	8	106	35	(0,-1)
1	2026-01-01 12:02:24.000	5217	24	-197	0	163.61	-7	-5	8	106	35	(0,-2)
1	2026-01-01 12:02:25.000	5252	-54	-98	8	177.93	-6	-7	8	106	35	(0,-1)
1	2026-01-01 12:02:26.000	5287	-6	-164	8	196.41	-4	-5	8	106	35	(0,-1)
1	2026-01-01 12:02:27.000	5322	-29	-113	8	215.77	-4	-6	8	106	47	(0,-1)
1	2026-01-01 12:02:28.000	5357	-67	-41	8	211.68	-5	-4	8	106	47	(-1,0)
1	2026-01-01 12:02:29.000	5392	-173	-56	8	229.58	-3	-4	8	106	47	(-1,0)
1	2026-01-01 12:02:30.000	5427	-264	-133	8	189.93	-2	-4	8	106	47	(-2,-1)
1	2026-01-01 12:02:31.000	5462	-319	-80	8	184.49	0	-3	8	106	47	(-2,-1)
1	2026-01-01 12:02:32.000	5497	-360	23	8	207.75	2	-3	0	106	47	(-3,0)
1	2026-01-01 12:02:33.000	5532	-323	3	128	246.82	1	-5	0	106	50	(-3,0)
1	2026-01-01 12:02:34.000	5567	-271	80	128	270.54	0	-5	0	106	50	(-2,1)
1	2026-01-01 12:02:35.000	5602	-196	67	128	299.25	0	-5	0	106	50	(-2,1)
1	2026-01-01 12:02:36.000	5637	-154	19	128	308.46	-1	-6	0	106	50	(-1,0)
1	2026-01-01 12:02:37.000	5672	-152	44	128	346.36	0	-4	0	106	50	(-1,0)
1	2026-01-01 12:02:38.000	5707	-108	48	0	348.02	2	-5	0	106	50	(-1,0)
1	2026-01-01 12:02:39.000	5742	-115	131	0	14.43	4	-5	0	98	50	(-1,1)
1	2026-01-01 12:02:40.000	5777	-225	74	0	51.53	5	-4	0	98	50	(-2,1)
1	2026-01-01 12:02:41.000	5812	-327	134	0	18.43	7	-2	0	98	50	(-3,1)
1	2026-01-01 12:02:42.000	5847	-364	77	0	25.72	5	-1	0	98	50	(-3,1)
1	2026-01-01 12:02:43.000	5882	-313	170	0	3.7	4	-1	0	98	50	(-2,1)
1	2026-01-01 12:02:44.000	5917	-393	77	0	334.98	6	-3	0	98	50	(-3,1)
1	2026-01-01 12:02:45.000	5952	-471	77	0	297.41	8	-3	0	98	50	(-4,1)
1	2026-01-01 12:02:46.000	5987	-493	13	0	292.28	10	-4	0	98	50	(-4,0)
1	2026-01-01 12:02:47.000	6022	-437	-96	0	254.05	9	-6	0	98	50	(-3,-1)
1	2026-01-01 12:02:48.000	6057	-472	-189	0	281.71	7	-5	0	98	50	(-4,-1)
1	2026-01-01 12:02:49.000	6092	-363	-130	0	257.87	6	-3	0	98	50	(-3,-1)
1	2026-01-01 12:02:50.000	6127	-464	-143	0	217.22	7	-5	0	98	50	(-4,-1)
1	2026-01-01 12:02:51.000	6162	-509	-222	64	221.12	6	-7	0	98	50	(-4,-2)
1	2026-01-01 12:02:52.000	6197	-434	-306	64	235.1	8	-9	0	98	50	(-3,-2)
1	2026-01-01 12:02:53.000	6232	-428	-223	64	222.92	10	-9	0	98	50	(-3,-2)
1	2026-01-01 12:02:54.000	6267	-342	-208	64	261.77	10	-9	0	98	50	(-3,-2)
1	2026-01-01 12:02:55.000	6302	-317	-246	64	265.36	9	-8	15	98	50	(-2,-2)
1	2026-01-01 12:02:56.000	6337	-360	-200	64	293.97	8	-10	12	98	50	(-3,-2)
1	2026-01-01 12:02:57.000	6372	-382	-259	64	322.09	8	-9	12	98	50	(-3,-2)
1	2026-01-01 12:02:58.000	6407	-372	-151	64	350.76	6	-10	12	98	46	(-3,-1)
1	2026-01-01 12:02:59.000	6442	-425	-86	-8	328.1	5	-9	12	98	46	(-3,-1)
1	2026-01-01 12:03:00.000	6477	-359	-65	-8	347.31	3	-7	12	98	46	(-3,-1)
1	2026-01-01 12:03:01.000	6512	-388	-1	-8	16.91	1	-6	12	98	46	(-3,0)
1	2026-01-01 12:03:02.000	6547	-474	106	-8	31.27	3	-4	12	98	44	(-4,1)
1	2026-01-01 12:03:03.000	6582	-373	163	64	26.91	4	-5	12	98	44	(-3,1)
1	2026-01-01 12:03:04.000	6617	-409	174	64	61.69	4	-7	12	98	44	(-3,1)
1	2026-01-01 12:03:05.000	6652	-475	145	64	58.03	3	-7	12	98	44	(-4,1)
1	2026-01-01 12:03:06.000	6687	-563	134	64	69.41	5	-7	12	98	44	(-4,1)
1	2026-01-01 12:03:07.000	6722	-500	209	64	25.94	3	-7	12	98	44	(-4,2)
1	2026-01-01 12:03:08.000	6757	-454	196	64	46.5	1	-5	12	98	44	(-4,2)
1	2026-01-01 12:03:09.000	6792	-545	265	64	9.73	3	-4	12	98	44	(-4,2)
1	2026-01-01 12:03:10.000	6827	-632	255	64	336.04	5	-4	12	98	42	(-5,2)
1	2026-01-01 12:03:11.000	6862	-660	329	64	353.65	7	-6	12	98	42	(-5,3)
1	2026-01-01 12:03:12.000	6897	-607	352	64	328.04	7	-8	12	98	42	(-5,3)
1	2026-01-01 12:03:13.000	6932	-604	399	64	339.65	9	-7	12	98	42	(-5,3)
1	2026-01-01 12:03:14.000	6967	-678	313	64	6.71	10	-6	12	98	40	(-5,2)
1	2026-01-01 12:03:15.000	7002	-602	280	0	8.74	10	-7	12	98	40	(-5,2)
1	2026-01-01 12:03:16.000	7037	-645	304	0	34.8	10	-7	12	98	40	(-5,2)
1	2026-01-01 12:03:17.000	7072	-636	294	0	78.26	9	-5	10	98	40	(-5,2)
1	2026-01-01 12:03:18.000	7107	-563	230	0	109.74	10	-5	10	98	40	(-4,2)
1	2026-01-01 12:03:19.000	7142	-551	214	0	71.23	9	-7	10	98	40	(-4,2)
1	2026-01-01 12:03:20.000	7177	-501	109	0	58.13	9	-9	10	98	40	(-4,1)
1	2026-01-01 12:03:21.000	7212	-535	28	0	33.46	10	-7	10	98	40	(-4,0)
1	2026-01-01 12:03:22.000	7247	-600	81	0	71.01	10	-5	10	98	40	(-5,1)
1	2026-01-01 12:03:23.000	7282	-541	19	0	105.21	10	-7	10	98	40	(-4,0)
1	2026-01-01 12:03:24.000	7317	-486	105	0	112.29	8	-9	10	98	40	(-4,1)
1	2026-01-01 12:03:25.000	7352	-384	142	0	112.87	6	-10	10	98	50	(-3,1)
1	2026-01-01 12:03:26.000	7387	-373	50	0	80.06	5	-9	10	98	50	(-3,0)
1	2026-01-01 12:03:27.000	7422	-270	91	0	43.71	7	-10	10	98	50	(-2,1)
1	2026-01-01 12:03:28.000	7457	-228	168	0	13.11	5	-8	10	98	50	(-2,1)
1	2026-01-01 12:03:29.000	7492	-299	235	0	18.97	5	-10	10	98	50	(-2,2)
1	2026-01-01 12:03:30.000	7527	-349	265	0	53.04	3	-10	10	98	50	(-3,2)
1	2026-01-01 12:03:31.000	7562	-263	296	0	54.07	1	-8	4	98	50	(-2,2)
1	2026-01-01 12:03:32.000	7597	-172	371	0	68.08	2	-9	4	98	45	(-1,3)
1	2026-01-01 12:03:33.000	7632	-94	304	0	107.64	3	-7	4	98	42	(-1,2)
1	2026-01-01 12:03:34.000	7667	-61	209	0	102.72	1	-5	4	98	37	(0,2)
1	2026-01-01 12:03:35.000	7702	-67	154	0	87.61	0	-3	4	98	37	(-1,1)
1	2026-01-01 12:03:36.000	7737	-12	211	0	66.85	2	-2	4	98	37	(0,2)
1	2026-01-01 12:03:37.000	7772	7	190	0	62.85	2	0	4	98	37	(0,1)
1	2026-01-01 12:03:38.000	7807	-83	249	0	71.83	0	1	4	98	37	(-1,2)
1	2026-01-01 12:03:39.000	7842	-9	288	0	80.97	-2	1	4	98	37	(0,2)
1	2026-01-01 12:03:40.000	7877	41	346	64	50.08	0	1	4	98	34	(0,3)
1	2026-01-01 12:03:41.000	7912	138	254	64	55.7	2	-1	4	98	34	(1,2)
1	2026-01-01 12:03:42.000	7947	178	209	0	14.56	3	-1	4	98	34	(1,2)
1	2026-01-01 12:03:43.000	7982	236	146	0	58.42	1	0	4	98	30	(2,1)
1	2026-01-01 12:03:44.000	8017	240	118	0	75.12	0	0	4	98	30	(2,1)
1	2026-01-01 12:03:45.000	8052	136	187	0	92.0	1	2	0	98	30	(1,1)
1	2026-01-01 12:03:46.000	8087	245	116	0	71.59	0	3	0	98	28	(2,1)
1	2026-01-01 12:03:47.000	8122	281	183	0	30.17	0	1	0	98	25	(2,1)
1	2026-01-01 12:03:48.000	8157	211	287	0	11.03	1	2	0	98	25	(2,2)
1	2026-01-01 12:03:49.000	8192	134	348	0	14.32	1	3	0	98	25	(1,3)
1	2026-01-01 12:03:50.000	8227	184	435	0	30.06	2	3	0	98	24	(1,3)
1	2026-01-01 12:03:51.000	8262	162	441	0	7.48	4	4	0	98	24	(1,3)
1	2026-01-01 12:03:52.000	8297	167	423	0	27.97	5	4	0	98	47	(1,3)
1	2026-01-01 12:03:53.000	8332	185	435	0	30.24	6	4	0	98	45	(1,3)
1	2026-01-01 12:03:54.000	8367	239	392	0	15.89	6	5	0	98	45	(2,3)
1	2026-01-01 12:03:55.000	8402	245	283	0	356.69	6	5	0	98	45	(2,2)
1	2026-01-01 12:03:56.000	8437	289	258	0	10.07	4	6	0	98	45	(2,2)
1	2026-01-01 12:03:57.000	8472	268	231	0	15.82	4	8	0	98	45	(2,2)
1	2026-01-01 12:03:58.000	8507	328	278	0	12.24	2	10	0	98	45	(3,2)
1	2026-01-01 12:03:59.000	8542	427	217	0	1.36	3	10	0	98	45	(3,2)
1	2026-01-01 12:04:00.000	8577	492	213	0	7.97	3	9	0	98	45	(4,2)
1	2026-01-01 12:04:01.000	8612	531	157	0	27.35	5	10	0	98	45	(4,1)
1	2026-01-01 12:04:02.000	8647	555	219	0	347.36	5	10	0	98	41	(4,2)
1	2026-01-01 12:04:03.000	8682	665	191	56	319.8	3	8	0	92	41	(5,1)
1	2026-01-01 12:04:04.000	8717	641	240	56	307.86	5	8	0	92	41	(5,2)
1	2026-01-01 12:04:05.000	8752	554	188	56	265.99	6	10	0	92	41	(4,1)
1	2026-01-01 12:04:06.000	8787	487	266	56	242.22	6	8	0	92	41	(4,2)
1	2026-01-01 12:04:07.000	8822	465	237	0	272.52	5	8	0	92	41	(4,2)
1	2026-01-01 12:04:08.000	8857	387	258	0	301.47	5	10	0	92	41	(3,2)
1	2026-01-01 12:04:09.000	8892	467	167	0	260.47	4	10	0	92	41	(4,1)
1	2026-01-01 12:04:10.000	8927	403	223	0	305.45	5	8	0	92	41	(3,2)
1	2026-01-01 12:04:11.000	8962	499	253	0	320.21	4	10	0	92	41	(4,2)
1	2026-01-01 12:04:12.000	8997	607	167	0	317.94	3	10	0	92	41	(5,1)
1	2026-01-01 12:04:13.000	9032	540	156	0	277.56	5	10	0	92	41	(4,1)
1	2026-01-01 12:04:14.000	9067	511	231	0	316.51	5	8	0	92	39	(4,2)
1	2026-01-01 12:04:15.000	9102	494	288	0	319.29	3	8	0	92	39	(4,2)
1	2026-01-01 12:04:16.000	9137	527	381	0	355.52	3	9	0	92	39	(4,3)
1	2026-01-01 12:04:17.000	9172	614	310	0	0.61	1	10	0	92	39	(5,2)
1	2026-01-01 12:04:18.000	9207	629	382	0	41.92	1	10	0	92	39	(5,3)
1	2026-01-01 12:04:19.000	9242	666	444	0	22.92	2	8	0	92	39	(5,3)
1	2026-01-01 12:04:20.000	9277	756	416	0	24.35	3	8	0	92	39	(6,3)
1	2026-01-01 12:04:21.000	9312	687	357	0	354.58	4	7	0	92	39	(5,3)
1	2026-01-01 12:04:22.000	9347	697	461	0	25.7	5	9	0	92	39	(5,4)
1	2026-01-01 12:04:23.000	9382	800	363	0	68.53	5	8	0	92	39	(6,3)
1	2026-01-01 12:04:24.000	9417	690	436	0	92.97	3	8	0	92	36	(5,3)
1	2026-01-01 12:04:25.000	9452	756	359	-16	117.63	2	7	0	92	36	(6,3)
1	2026-01-01 12:04:26.000	9487	731	264	-16	130.29	2	6	0	92	33	(6,2)
1	2026-01-01 12:04:27.000	9522	726	201	-16	138.24	0	7	0	92	33	(6,2)
1	2026-01-01 12:04:28.000	9557	732	208	-16	145.44	2	9	15	92	32	(6,2)
1	2026-01-01 12:04:29.000	9592	636	130	-16	144.11	1	10	15	92	31	(5,1)
1	2026-01-01 12:04:30.000	9627	573	170	-16	112.21	0	10	15	92	31	(4,1)
1	2026-01-01 12:04:31.000	9662	512	188	-16	81.27	-1	10	15	92	31	(4,1)
1	2026-01-01 12:04:32.000	9697	452	206	-16	120.76	1	8	15	92	30	(4,2)
1	2026-01-01 12:04:33.000	9732	526	271	-16	84.39	1	6	15	92	30	(4,2)
1	2026-01-01 12:04:34.000	9767	529	333	-16	41.76	1	7	15	92	30	(4,3)
1	2026-01-01 12:04:35.000	9802	459	400	-16	83.65	1	8	15	92	30	(4,3)
1	2026-01-01 12:04:36.000	9837	532	423	-16	78.86	0	7	15	92	47	(4,3)
1	2026-01-01 12:04:37.000	9872	585	503	-16	57.97	-2	9	15	92	47	(5,4)
1	2026-01-01 12:04:38.000	9907	521	582	-16	75.81	-3	8	14	92	47	(4,5)
1	2026-01-01 12:04:39.000	9942	511	646	-16	71.88	-1	8	14	92	47	(4,5)
1	2026-01-01 12:04:40.000	9977	411	678	-16	84.3	0	8	14	92	50	(3,5)
1	2026-01-01 12:04:41.000	10012	474	742	-16	72.51	0	7	14	92	50	(4,6)
1	2026-01-01 12:04:42.000	10047	553	737	-16	43.52	0	7	14	92	50	(4,6)
1	2026-01-01 12:04:43.000	10082	588	729	0	25.72	-2	7	14	92	50	(5,6)
1	2026-01-01 12:04:44.000	10117	588	700	0	5.08	-3	5	14	92	50	(5,5)
1	2026-01-01 12:04:45.000	10152	496	678	0	333.53	-4	6	14	92	50	(4,5)
1	2026-01-01 12:04:46.000	10187	552	575	0	344.24	-2	5	14	92	50	(4,4)
1	2026-01-01 12:04:47.000	10222	512	615	0	339.22	-3	6	14	92	50	(4,5)
1	2026-01-01 12:04:48.000	10257	411	624	0	22.66	-2	5	14	92	48	(3,5)
1	2026-01-01 12:04:49.000	10292	498	516	0	11.14	-2	7	14	92	48	(4,4)
1	2026-01-01 12:04:50.000	10327	459	471	0	18.71	-4	5	14	92	48	(4,4)
1	2026-01-01 12:04:51.000	10362	393	368	0	359.2	-4	7	7	92	44	(3,3)
1	2026-01-01 12:04:52.000	10397	302	265	0	26.27	-4	6	5	92	44	(2,2)
1	2026-01-01 12:04:53.000	10432	305	362	0	13.46	-6	7	5	92	44	(2,3)
1	2026-01-01 12:04:54.000	10467	379	285	0	52.28	-8	7	5	92	41	(3,2)
1	2026-01-01 12:04:55.000	10502	313	360	0	49.66	-10	8	5	92	37	(2,3)
1	2026-01-01 12:04:56.000	10537	381	377	0	21.47	-10	8	5	92	37	(3,3)
1	2026-01-01 12:04:57.000	10572	308	349	0	42.5	-10	9	5	92	37	(2,3)
1	2026-01-01 12:04:58.000	10607	387	395	0	36.07	-9	7	5	92	36	(3,3)
1	2026-01-01 12:04:59.000	10642	424	345	0	61.46	-7	9	5	92	49	(3,3)
1	2026-01-01 12:05:00.000	10677	429	416	0	26.41	-8	10	5	92	49	(3,3)
1	2026-01-01 12:05:01.000	10712	404	487	0	34.62	-8	8	5	92	49	(3,4)
1	2026-01-01 12:05:02.000	10747	403	443	0	47.65	-9	9	5	92	49	(3,3)
1	2026-01-01 12:05:03.000	10782	314	342	0	32.73	-7	7	5	92	46	(2,3)
1	2026-01-01 12:05:04.000	10817	324	359	0	43.31	-6	8	5	92	46	(3,3)
1	2026-01-01 12:05:05.000	10852	342	405	0	69.62	-6	6	5	92	46	(3,3)
1	2026-01-01 12:05:06.000	10887	277	309	0	75.2	-5	8	5	92	45	(2,2)
1	2026-01-01 12:05:07.000	10922	374	282	0	96.21	-6	10	5	92	45	(3,2)
1	2026-01-01 12:05:08.000	10957	462	200	0	139.19	-4	10	0	104	45	(4,2)
1	2026-01-01 12:05:09.000	10992	475	145	56	162.36	-3	10	0	104	45	(4,1)
1	2026-01-01 12:05:10.000	11027	544	138	56	175.21	-2	10	0	98	44	(4,1)
1	2026-01-01 12:05:11.000	11062	489	39	56	167.66	-4	10	0	98	41	(4,0)
1	2026-01-01 12:05:12.000	11097	583	-52	56	175.31	-4	10	0	98	41	(5,0)
1	2026-01-01 12:05:13.000	11132	635	30	56	216.04	-5	10	0	98	41	(5,0)
1	2026-01-01 12:05:14.000	11167	662	-27	56	208.21	-5	10	0	98	41	(5,0)
1	2026-01-01 12:05:15.000	11202	748	-15	56	202.4	-7	8	0	97	41	(6,0)
1	2026-01-01 12:05:16.000	11237	847	-11	56	189.3	-9	8	0	97	41	(7,0)
1	2026-01-01 12:05:17.000	11272	787	28	56	149.6	-8	6	0	97	41	(6,0)
1	2026-01-01 12:05:18.000	11307	696	-2	56	126.95	-9	6	0	97	41	(5,0)
1	2026-01-01 12:05:19.000	11342	703	27	56	85.98	-10	4	0	89	41	(5,0)
1	2026-01-01 12:05:20.000	11377	631	133	56	62.52	-10	6	0	89	41	(5,1)
1	2026-01-01 12:05:21.000	11412	727	226	56	49.34	-8	8	0	89	41	(6,2)
1	2026-01-01 12:05:22.000	11447	674	316	56	57.44	-10	8	0	89	41	(5,2)
1	2026-01-01 12:05:23.000	11482	740	421	56	91.78	-10	9	0	89	41	(6,3)
1	2026-01-01 12:05:24.000	11517	820	528	56	62.98	-9	7	0	89	41	(6,4)
1	2026-01-01 12:05:25.000	11552	808	556	56	63.63	-7	7	0	89	41	(6,4)
1	2026-01-01 12:05:26.000	11587	746	601	56	105.33	-7	7	0	89	41	(6,5)
1	2026-01-01 12:05:27.000	11622	823	674	56	136.58	-7	6	0	89	40	(6,5)
1	2026-01-01 12:05:28.000	11657	770	763	56	158.01	-6	6	0	89	40	(6,6)
1	2026-01-01 12:05:29.000	11692	663	693	56	138.71	-4	4	0	89	40	(5,5)
1	2026-01-01 12:05:30.000	11727	570	785	56	181.6	-6	4	0	89	40	(4,6)
1	2026-01-01 12:05:31.000	11762	482	680	56	170.62	-5	2	0	89	37	(4,5)
1	2026-01-01 12:05:32.000	11797	464	711	56	137.4	-5	3	0	89	37	(4,6)
1	2026-01-01 12:05:33.000	11832	358	777	56	113.33	-5	3	0	89	37	(3,6)
1	2026-01-01 12:05:34.000	11867	441	672	56	115.41	-4	5	0	89	37	(3,5)
1	2026-01-01 12:05:35.000	11902	506	704	56	134.28	-5	4	0	89	37	(4,6)
1	2026-01-01 12:05:36.000	11937	406	797	56	115.52	-7	6	0	89	37	(3,6)
1	2026-01-01 12:05:37.000	11972	366	894	56	99.2	-8	5	0	89	37	(3,7)
1	2026-01-01 12:05:38.000	12007	455	911	56	104.61	-9	4	0	89	37	(4,7)
1	2026-01-01 12:05:39.000	12042	479	1017	56	71.57	-9	3	0	89	32	(4,8)
1	2026-01-01 12:05:40.000	12077	454	907	56	29.68	-8	3	0	89	32	(4,7)
1	2026-01-01 12:05:41.000	12112	444	1016	56	25.39	-10	2	0	89	29	(3,8)
1	2026-01-01 12:05:42.000	12147	522	963	56	353.87	-10	3	0	89	29	(4,8)
1	2026-01-01 12:05:43.000	12182	518	930	0	357.99	-10	2	0	89	25	(4,7)
1	2026-01-01 12:05:44.000	12217	428	946	0	13.26	-9	0	0	89	25	(3,7)
1	2026-01-01 12:05:45.000	12252	491	966	0	39.36	-9	1	0	89	20	(4,8)
1	2026-01-01 12:05:46.000	12287	503	978	0	28.78	-7	2	0	89	20	(4,8)
1	2026-01-01 12:05:47.000	12322	462	1036	0	62.81	-8	3	0	89	20	(4,8)
1	2026-01-01 12:05:48.000	12357	497	983	0	99.99	-8	2	0	89	20	(4,8)
1	2026-01-01 12:05:49.000	12392	536	1035	0	142.17	-9	2	0	89	20	(4,8)
1	2026-01-01 12:05:50.000	12427	472	1100	0	101.58	-9	1	0	89	20	(4,9)
1	2026-01-01 12:05:51.000	12462	531	1186	0	120.3	-10	3	0	89	20	(4,9)
1	2026-01-01 12:05:52.000	12497	490	1295	0	96.9	-9	1	0	89	20	(4,10)
1	2026-01-01 12:05:53.000	12532	449	1351	0	139.41	-7	0	0	89	20	(4,11)
1	2026-01-01 12:05:54.000	12567	418	1310	0	172.97	-5	0	0	89	20	(3,10)
1	2026-01-01 12:05:55.000	12602	486	1308	0	174.37	-7	0	0	89	20	(4,10)
1	2026-01-01 12:05:56.000	12637	427	1413	0	152.31	-6	1	0	89	20	(3,11)
1	2026-01-01 12:05:57.000	12672	517	1440	0	114.97	-7	2	0	89	20	(4,11)
1	2026-01-01 12:05:58.000	12707	596	1465	0	135.0	-9	1	0	89	20	(5,11)
1	2026-01-01 12:05:59.000	12742	592	1553	0	154.65	-8	2	0	89	20	(5,12)
1	2026-01-01 12:06:00.000	12777	582	1487	0	193.86	-7	3	0	89	16	(5,12)
1	2026-01-01 12:06:01.000	12812	584	1387	0	237.68	-5	4	0	89	16	(5,11)
1	2026-01-01 12:06:02.000	12847	590	1414	0	226.03	-6	4	0	89	16	(5,11)
1	2026-01-01 12:06:03.000	12882	674	1321	0	201.08	-7	4	0	89	16	(5,10)
1	2026-01-01 12:06:04.000	12917	644	1343	0	245.35	-9	4	0	89	16	(5,10)
1	2026-01-01 12:06:05.000	12952	744	1239	0	239.48	-10	5	0	89	16	(6,10)
1	2026-01-01 12:06:06.000	12987	714	1191	0	244.3	-9	5	12	89	16	(6,9)
1	2026-01-01 12:06:07.000	13022	612	1106	0	213.74	-10	3	12	89	16	(5,9)
1	2026-01-01 12:06:08.000	13057	719	1142	0	237.41	-8	3	12	89	16	(6,9)
1	2026-01-01 12:06:09.000	13092	750	1082	8	209.2	-9	3	12	89	16	(6,8)
1	2026-01-01 12:06:10.000	13127	797	1102	8	210.61	-8	4	12	89	16	(6,9)
1	2026-01-01 12:06:11.000	13162	835	1121	40	244.48	-8	4	12	89	16	(7,9)
1	2026-01-01 12:06:12.000	13197	821	1221	0	263.35	-9	2	12	89	15	(6,10)
1	2026-01-01 12:06:13.000	13232	825	1178	0	304.48	-10	2	12	89	15	(6,9)
1	2026-01-01 12:06:14.000	13267	903	1121	0	304.72	-8	4	3	89	15	(7,9)
1	2026-01-01 12:06:15.000	13302	1006	1021	0	269.16	-6	6	3	89	15	(8,8)
1	2026-01-01 12:06:16.000	13337	1007	1054	40	313.04	-5	4	3	89	35	(8,8)
1	2026-01-01 12:06:17.000	13372	1030	948	40	275.18	-5	5	3	89	50	(8,7)
1	2026-01-01 12:06:18.000	13407	970	885	40	239.39	-4	5	3	89	50	(8,7)
1	2026-01-01 12:06:19.000	13442	1007	795	40	262.66	-2	4	3	89	50	(8,6)
1	2026-01-01 12:06:20.000	13477	914	745	56	251.79	-4	6	3	89	50	(7,6)
1	2026-01-01 12:06:21.000	13512	966	687	-16	277.55	-4	8	3	89	49	(8,5)
1	2026-01-01 12:06:22.000	13547	860	736	-16	267.2	-5	9	3	89	49	(7,6)
1	2026-01-01 12:06:23.000	13582	750	843	0	274.71	-6	7	3	89	49	(6,7)
1	2026-01-01 12:06:24.000	13617	750	923	0	245.26	-7	7	3	89	49	(6,7)
1	2026-01-01 12:06:25.000	13652	844	889	0	289.75	-5	5	3	89	49	(7,7)
1	2026-01-01 12:06:26.000	13687	921	832	0	259.42	-4	7	3	89	49	(7,6)
1	2026-01-01 12:06:27.000	13722	831	885	0	265.33	-4	5	3	89	49	(6,7)
1	2026-01-01 12:06:28.000	13757	833	950	0	222.72	-3	6	3	89	49	(7,7)
1	2026-01-01 12:06:29.000	13792	906	850	0	201.23	-2	8	0	89	49	(7,7)
1	2026-01-01 12:06:30.000	13827	1008	902	0	185.43	-2	10	0	89	49	(8,7)
1	2026-01-01 12:06:31.000	13862	1090	813	0	154.23	-1	9	0	89	49	(9,6)
1	2026-01-01 12:06:32.000	13897	1044	836	0	150.52	-3	10	0	89	49	(8,7)
1	2026-01-01 12:06:33.000	13932	1015	740	0	172.45	-3	8	0	89	48	(8,6)
1	2026-01-01 12:06:34.000	13967	982	816	0	186.59	-1	8	0	89	48	(8,6)
1	2026-01-01 12:06:35.000	14002	1045	789	0	156.48	1	8	0	89	48	(8,6)
1	2026-01-01 12:06:36.000	14037	1104	862	0	180.16	-1	7	0	89	46	(9,7)
1	2026-01-01 12:06:37.000	14072	1031	902	0	158.18	-3	7	0	89	46	(8,7)
1	2026-01-01 12:06:38.000	14107	1024	983	0	144.03	-5	9	0	89	46	(8,8)
1	2026-01-01 12:06:39.000	14142	1046	895	0	181.55	-3	9	0	89	50	(8,7)
1	2026-01-01 12:06:40.000	14177	1147	882	0	166.9	-2	10	0	89	50	(9,7)
1	2026-01-01 12:06:41.000	14212	1166	850	0	130.85	-3	10	0	89	50	(9,7)
1	2026-01-01 12:06:42.000	14247	1136	791	0	131.97	-1	8	0	89	50	(9,6)
1	2026-01-01 12:06:43.000	14282	1160	845	0	93.16	-1	7	0	89	45	(9,7)
1	2026-01-01 12:06:44.000	14317	1081	747	0	123.1	0	7	0	89	45	(8,6)
1	2026-01-01 12:06:45.000	14352	1057	723	0	86.29	-2	7	0	89	45	(8,6)
1	2026-01-01 12:06:46.000	14387	971	736	0	59.14	-3	6	0	89	40	(8,6)
1	2026-01-01 12:06:47.000	14422	900	784	0	20.98	-4	4	0	89	40	(7,6)
1	2026-01-01 12:06:48.000	14457	950	759	0	51.67	-6	4	0	89	40	(7,6)
1	2026-01-01 12:06:49.000	14492	855	704	0	12.11	-6	3	0	89	40	(7,6)
1	2026-01-01 12:06:50.000	14527	766	666	0	349.46	-6	2	0	89	40	(6,5)
1	2026-01-01 12:06:51.000	14562	778	677	0	306.58	-7	1	0	89	40	(6,5)
1	2026-01-01 12:06:52.000	14597	783	745	0	278.13	-5	3	0	89	40	(6,6)
1	2026-01-01 12:06:53.000	14632	831	794	0	267.36	-4	3	0	89	39	(6,6)
1	2026-01-01 12:06:54.000	14667	793	811	0	250.63	-6	5	0	89	35	(6,6)
1	2026-01-01 12:06:55.000	14702	719	733	0	291.69	-8	5	0	89	35	(6,6)
1	2026-01-01 12:06:56.000	14737	663	651	0	283.26	-8	4	0	89	35	(5,5)
1	2026-01-01 12:06:57.000	14772	702	665	0	241.83	-8	5	0	89	34	(5,5)
1	2026-01-01 12:06:58.000	14807	708	587	0	218.42	-7	7	0	89	34	(6,5)
1	2026-01-01 12:06:59.000	14842	651	580	0	251.72	-7	6	0	89	34	(5,5)
1	2026-01-01 12:07:00.000	14877	558	677	0	232.03	-8	7	0	89	34	(4,5)
1	2026-01-01 12:07:01.000	14912	657	783	0	231.82	-10	5	0	89	34	(5,6)
1	2026-01-01 12:07:02.000	14947	617	751	0	271.17	-10	4	0	89	34	(5,6)
1	2026-01-01 12:07:03.000	14982	537	778	0	273.33	-9	2	0	89	34	(4,6)
1	2026-01-01 12:07:04.000	15017	533	780	0	315.85	-9	4	0	89	34	(4,6)
1	2026-01-01 12:07:05.000	15052	635	875	0	352.17	-10	6	0	89	34	(5,7)
1	2026-01-01 12:07:06.000	15087	694	877	0	0.92	-10	6	0	81	34	(5,7)
1	2026-01-01 12:07:07.000	15122	670	820	128	318.33	-10	6	0	81	31	(5,6)
1	2026-01-01 12:07:08.000	15157	707	870	128	323.21	-10	5	0	81	31	(6,7)
1	2026-01-01 12:07:09.000	15192	724	880	128	304.19	-10	3	0	81	28	(6,7)
1	2026-01-01 12:07:10.000	15227	743	960	128	271.37	-10	2	0	81	28	(6,8)
1	2026-01-01 12:07:11.000	15262	729	937	0	240.44	-9	1	0	81	28	(6,7)
1	2026-01-01 12:07:12.000	15297	627	841	0	247.06	-10	1	0	81	28	(5,7)
1	2026-01-01 12:07:13.000	15332	612	918	0	202.16	-10	-1	0	81	28	(5,7)
1	2026-01-01 12:07:14.000	15367	635	872	0	181.69	-10	1	0	81	39	(5,7)
1	2026-01-01 12:07:15.000	15402	662	907	0	170.46	-10	-1	0	81	39	(5,7)
1	2026-01-01 12:07:16.000	15437	730	1009	0	167.42	-10	-3	0	81	34	(6,8)
1	2026-01-01 12:07:17.000	15472	689	1072	0	194.12	-10	-5	0	81	34	(5,8)
1	2026-01-01 12:07:18.000	15507	696	1005	0	164.05	-10	-4	0	81	34	(5,8)
1	2026-01-01 12:07:19.000	15542	661	937	0	167.72	-9	-3	0	81	34	(5,7)
1	2026-01-01 12:07:20.000	15577	679	1022	0	201.5	-8	-4	0	81	34	(5,8)
1	2026-01-01 12:07:21.000	15612	625	1005	0	239.64	-9	-2	0	81	50	(5,8)
1	2026-01-01 12:07:22.000	15647	586	1035	0	255.96	-10	-2	0	81	50	(5,8)
1	2026-01-01 12:07:23.000	15682	559	1086	0	238.95	-9	-2	0	81	47	(4,8)
1	2026-01-01 12:07:24.000	15717	605	1188	128	260.93	-10	-1	0	81	47	(5,9)
1	2026-01-01 12:07:25.000	15752	570	1099	8	268.76	-10	-1	0	81	47	(4,9)
1	2026-01-01 12:07:26.000	15787	462	1041	8	252.68	-10	-1	0	81	47	(4,8)
1	2026-01-01 12:07:27.000	15822	558	1032	8	208.55	-10	-1	0	81	43	(4,8)
1	2026-01-01 12:07:28.000	15857	493	1142	8	180.3	-9	-2	0	81	43	(4,9)
1	2026-01-01 12:07:29.000	15892	557	1148	8	151.37	-7	-3	0	81	38	(4,9)
1	2026-01-01 12:07:30.000	15927	586	1103	8	112.73	-7	-4	0	81	38	(5,9)
1	2026-01-01 12:07:31.000	15962	647	1059	8	145.39	-8	-5	0	81	38	(5,8)
1	2026-01-01 12:07:32.000	15997	680	1004	8	121.53	-7	-3	0	81	38	(5,8)
1	2026-01-01 12:07:33.000	16032	783	1056	8	128.4	-9	-3	0	81	38	(6,8)
1	2026-01-01 12:07:34.000	16067	758	1007	0	87.97	-9	-2	0	81	50	(6,8)
1	2026-01-01 12:07:35.000	16102	687	1040	0	46.18	-10	0	0	81	50	(5,8)
1	2026-01-01 12:07:36.000	16137	788	1075	0	21.67	-10	1	0	81	50	(6,8)
1	2026-01-01 12:07:37.000	16172	805	1175	0	14.16	-10	0	0	81	50	(6,9)
1	2026-01-01 12:07:38.000	16207	731	1257	0	357.01	-8	-1	0	81	50	(6,10)
1	2026-01-01 12:07:39.000	16242	640	1317	0	357.11	-10	0	0	81	49	(5,10)
1	2026-01-01 12:07:40.000	16277	715	1252	0	351.5	-10	1	0	81	49	(6,10)
1	2026-01-01 12:07:41.000	16312	809	1176	0	8.55	-9	0	0	81	49	(6,9)
1	2026-01-01 12:07:42.000	16347	897	1090	0	358.86	-9	-2	0	81	49	(7,9)
1	2026-01-01 12:07:43.000	16382	995	1159	0	42.85	-8	-2	0	81	49	(8,9)
1	2026-01-01 12:07:44.000	16417	936	1197	0	36.12	-10	-3	0	75	49	(7,9)
1	2026-01-01 12:07:45.000	16452	842	1261	0	359.53	-10	-2	0	75	49	(7,10)
1	2026-01-01 12:07:46.000	16487	816	1244	0	31.97	-10	-1	0	75	49	(6,10)
1	2026-01-01 12:07:47.000	16522	823	1322	0	65.28	-10	0	0	75	49	(6,10)
1	2026-01-01 12:07:48.000	16557	826	1315	0	25.81	-9	2	0	75	49	(6,10)
1	2026-01-01 12:07:49.000	16592	776	1320	0	40.8	-10	2	0	75	45	(6,10)
1	2026-01-01 12:07:50.000	16627	793	1329	0	38.05	-10	0	0	75	45	(6,10)
1	2026-01-01 12:07:51.000	16662	898	1341	0	10.31	-10	2	0	75	45	(7,10)
1	2026-01-01 12:07:52.000	16697	871	1256	0	328.12	-10	3	0	75	45	(7,10)
1	2026-01-01 12:07:53.000	16732	786	1152	0	309.98	-10	4	0	75	45	(6,9)
1	2026-01-01 12:07:54.000	16767	692	1220	0	304.53	-10	3	0	75	45	(5,10)
1	2026-01-01 12:07:55.000	16802	648	1164	0	281.41	-10	3	0	75	45	(5,9)
1	2026-01-01 12:07:56.000	16837	546	1155	0	319.49	-10	2	0	75	45	(4,9)
1	2026-01-01 12:07:57.000	16872	524	1162	0	285.15	-8	2	0	75	45	(4,9)
1	2026-01-01 12:07:58.000	16907	508	1127	0	293.87	-7	1	0	75	45	(4,9)
1	2026-01-01 12:07:59.000	16942	599	1074	0	286.16	-6	-1	0	75	45	(5,8)
1	2026-01-01 12:08:00.000	16977	612	1156	0	301.3	-5	-3	0	75	45	(5,9)
1	2026-01-01 12:08:01.000	17012	707	1065	0	271.96	-5	-4	17	75	45	(6,8)
1	2026-01-01 12:08:02.000	17047	711	991	0	303.83	-3	-3	17	75	45	(6,8)
1	2026-01-01 12:08:03.000	17082	762	996	0	287.05	-2	-1	17	75	45	(6,8)
1	2026-01-01 12:08:04.000	17117	815	979	0	273.05	0	-2	17	75	45	(6,8)
1	2026-01-01 12:08:05.000	17152	843	1085	0	294.04	0	-3	17	75	45	(7,8)
1	2026-01-01 12:08:06.000	17187	942	1125	0	305.94	1	-2	17	75	45	(7,9)
1	2026-01-01 12:08:07.000	17222	887	1145	0	290.65	2	-4	17	75	40	(7,9)
1	2026-01-01 12:08:08.000	17257	832	1245	0	323.02	3	-2	17	75	35	(6,10)
1	2026-01-01 12:08:09.000	17292	785	1266	0	310.59	4	-1	17	75	35	(6,10)
1	2026-01-01 12:08:10.000	17327	852	1260	0	283.25	3	0	17	75	35	(7,10)
1	2026-01-01 12:08:11.000	17362	894	1343	0	268.2	2	0	17	75	35	(7,10)
1	2026-01-01 12:08:12.000	17397	939	1300	0	271.63	4	-1	17	75	35	(7,10)
1	2026-01-01 12:08:13.000	17432	943	1338	0	245.03	4	-3	17	75	35	(7,10)
1	2026-01-01 12:08:14.000	17467	897	1307	0	265.03	2	-3	17	75	35	(7,10)
1	2026-01-01 12:08:15.000	17502	853	1205	0	247.86	2	-2	17	75	35	(7,9)
1	2026-01-01 12:08:16.000	17537	837	1159	0	285.74	0	-3	17	75	35	(7,9)
1	2026-01-01 12:08:17.000	17572	934	1204	-16	284.7	1	-1	17	75	35	(7,9)
1	2026-01-01 12:08:18.000	17607	948	1137	-16	314.09	1	-3	17	75	35	(7,9)
1	2026-01-01 12:08:19.000	17642	850	1158	-16	282.86	-1	-2	17	75	50	(7,9)
1	2026-01-01 12:08:20.000	17677	751	1064	64	308.33	1	-2	17	75	50	(6,8)
1	2026-01-01 12:08:21.000	17712	673	1015	64	306.68	1	-2	17	75	50	(5,8)
1	2026-01-01 12:08:22.000	17747	702	977	64	287.2	1	-1	17	75	50	(5,8)
1	2026-01-01 12:08:23.000	17782	679	883	16	293.56	1	0	17	75	50	(5,7)
1	2026-01-01 12:08:24.000	17817	738	970	16	319.65	-1	1	17	75	50	(6,8)
1	2026-01-01 12:08:25.000	17852	752	1034	16	318.21	-1	-1	17	75	50	(6,8)
1	2026-01-01 12:08:26.000	17887	670	1064	16	337.99	-3	0	17	75	50	(5,8)
1	2026-01-01 12:08:27.000	17922	602	1010	16	299.02	-4	2	17	75	50	(5,8)
1	2026-01-01 12:08:28.000	17957	531	960	16	336.67	-2	0	17	75	50	(4,8)
1	2026-01-01 12:08:29.000	17992	576	931	16	313.25	-2	1	17	75	50	(4,7)
1	2026-01-01 12:08:30.000	18027	599	921	16	290.67	-1	0	17	75	50	(5,7)
1	2026-01-01 12:08:31.000	18062	503	868	16	251.99	1	-1	16	75	48	(4,7)
1	2026-01-01 12:08:32.000	18097	428	891	16	287.54	1	0	16	75	48	(3,7)
1	2026-01-01 12:08:33.000	18132	375	837	16	261.72	2	1	16	75	48	(3,7)
1	2026-01-01 12:08:34.000	18167	442	803	16	268.6	0	0	16	75	48	(3,6)
1	2026-01-01 12:08:35.000	18202	350	693	16	284.81	-1	-2	16	75	48	(3,5)
1	2026-01-01 12:08:36.000	18237	457	662	16	284.03	-1	0	16	75	48	(4,5)
1	2026-01-01 12:08:37.000	18272	395	725	16	251.15	0	-2	16	75	48	(3,6)
1	2026-01-01 12:08:38.000	18307	346	761	16	212.85	2	0	16	88	48	(3,6)
1	2026-01-01 12:08:39.000	18342	274	843	16	247.17	0	-2	16	88	48	(2,7)
1	2026-01-01 12:08:40.000	18377	282	747	16	260.09	1	-3	16	88	50	(2,6)
1	2026-01-01 12:08:41.000	18412	198	756	16	249.93	0	-3	16	88	50	(2,6)
1	2026-01-01 12:08:42.000	18447	165	739	16	256.87	-1	-4	16	88	50	(1,6)
1	2026-01-01 12:08:43.000	18482	98	782	16	296.02	-3	-2	16	88	50	(1,6)
1	2026-01-01 12:08:44.000	18517	41	866	16	290.53	-2	-2	16	88	46	(0,7)
1	2026-01-01 12:08:45.000	18552	70	865	16	327.41	0	-2	16	88	46	(1,7)
1	2026-01-01 12:08:46.000	18587	103	859	16	359.95	0	-4	16	88	46	(1,7)
1	2026-01-01 12:08:47.000	18622	88	898	16	12.65	-2	-6	16	88	44	(1,7)
1	2026-01-01 12:08:48.000	18657	105	946	16	359.79	-1	-4	16	88	44	(1,7)
1	2026-01-01 12:08:49.000	18692	124	1016	16	25.19	0	-5	16	88	44	(1,8)
1	2026-01-01 12:08:50.000	18727	177	1063	16	354.4	-1	-7	16	88	41	(1,8)
1	2026-01-01 12:08:51.000	18762	193	1049	16	331.32	0	-8	16	88	41	(2,8)
1	2026-01-01 12:08:52.000	18797	116	1111	16	340.08	0	-10	16	88	41	(1,9)
1	2026-01-01 12:08:53.000	18832	134	1170	16	321.48	-1	-10	16	88	41	(1,9)
1	2026-01-01 12:08:54.000	18867	206	1146	16	289.36	-1	-8	16	88	41	(2,9)
1	2026-01-01 12:08:55.000	18902	223	1206	16	271.53	1	-10	16	88	41	(2,9)
1	2026-01-01 12:08:56.000	18937	251	1252	16	291.15	-1	-8	16	88	41	(2,10)
1	2026-01-01 12:08:57.000	18972	308	1257	16	327.14	-3	-6	16	88	41	(2,10)
1	2026-01-01 12:08:58.000	19007	351	1335	16	306.67	-3	-6	16	88	41	(3,10)
1	2026-01-01 12:08:59.000	19042	310	1370	16	264.91	-2	-6	16	88	40	(2,11)
1	2026-01-01 12:09:00.000	19077	317	1354	16	295.06	0	-7	16	88	40	(2,11)
1	2026-01-01 12:09:01.000	19112	230	1415	16	288.2	-2	-6	16	88	40	(2,11)
1	2026-01-01 12:09:02.000	19147	337	1458	16	271.38	-3	-5	16	88	40	(3,11)
1	2026-01-01 12:09:03.000	19182	385	1564	16	238.21	-2	-3	16	88	40	(3,12)
1	2026-01-01 12:09:04.000	19217	386	1459	16	269.79	0	-5	12	88	50	(3,11)
1	2026-01-01 12:09:05.000	19252	457	1548	16	259.33	0	-3	12	88	50	(4,12)
1	2026-01-01 12:09:06.000	19287	399	1560	16	246.59	1	-4	12	88	50	(3,12)
1	2026-01-01 12:09:07.000	19322	289	1478	0	252.1	3	-3	12	88	50	(2,12)
1	2026-01-01 12:09:08.000	19357	203	1436	0	228.26	2	-4	12	88	50	(2,11)
1	2026-01-01 12:09:09.000	19392	290	1480	0	220.72	4	-3	12	88	50	(2,12)
1	2026-01-01 12:09:10.000	19427	368	1382	0	250.47	3	-4	12	88	50	(3,11)
1	2026-01-01 12:09:11.000	19462	412	1397	0	251.81	3	-6	12	88	49	(3,11)
1	2026-01-01 12:09:12.000	19497	461	1438	0	208.35	2	-6	12	88	49	(4,11)
1	2026-01-01 12:09:13.000	19532	555	1527	0	222.16	0	-4	12	88	49	(4,12)
1	2026-01-01 12:09:14.000	19567	460	1631	0	207.89	-2	-5	12	88	49	(4,13)
1	2026-01-01 12:09:15.000	19602	379	1580	0	199.65	-2	-3	12	88	49	(3,12)
1	2026-01-01 12:09:16.000	19637	376	1611	0	187.77	-1	-1	18	88	49	(3,13)
1	2026-01-01 12:09:17.000	19672	476	1534	0	166.88	-2	-3	18	88	49	(4,12)
1	2026-01-01 12:09:18.000	19707	578	1571	0	133.39	-1	-4	18	88	46	(5,12)
1	2026-01-01 12:09:19.000	19742	606	1637	0	176.48	1	-3	18	88	46	(5,13)
1	2026-01-01 12:09:20.000	19777	647	1592	0	163.52	3	-1	18	88	46	(5,12)
1	2026-01-01 12:09:21.000	19812	662	1546	0	189.34	1	-1	18	88	46	(5,12)
1	2026-01-01 12:09:22.000	19847	635	1461	0	222.91	1	0	18	88	43	(5,11)
1	2026-01-01 12:09:23.000	19882	559	1531	0	257.77	0	0	18	88	38	(4,12)
1	2026-01-01 12:09:24.000	19917	509	1442	0	255.58	-2	0	18	88	38	(4,11)
1	2026-01-01 12:09:25.000	19952	465	1466	0	230.27	-1	0	18	88	38	(4,11)
1	2026-01-01 12:09:26.000	19987	568	1394	0	199.96	-1	0	29	88	38	(4,11)
1	2026-01-01 12:09:27.000	20022	505	1357	0	197.69	-1	-2	29	88	38	(4,11)
1	2026-01-01 12:09:28.000	20057	450	1457	0	195.67	0	-2	29	88	38	(4,11)
1	2026-01-01 12:09:29.000	20092	456	1400	0	171.02	2	-1	29	103	38	(4,11)
1	2026-01-01 12:09:30.000	20127	452	1347	8	140.34	4	-2	29	103	33	(4,11)
1	2026-01-01 12:09:31.000	20162	522	1413	8	147.4	6	0	29	103	33	(4,11)
1	2026-01-01 12:09:32.000	20197	539	1512	8	182.39	8	-2	24	103	33	(4,12)
1	2026-01-01 12:09:33.000	20232	477	1609	8	165.17	8	-2	24	103	32	(4,13)
1	2026-01-01 12:09:34.000	20267	414	1573	8	133.52	10	-3	24	103	31	(3,12)
1	2026-01-01 12:09:35.000	20302	332	1559	8	105.87	10	-4	24	106	31	(3,12)
1	2026-01-01 12:09:36.000	20337	346	1479	0	141.47	10	-6	24	106	31	(3,12)
1	2026-01-01 12:09:37.000	20372	313	1586	0	106.51	8	-7	24	106	31	(2,12)
1	2026-01-01 12:09:38.000	20407	212	1588	0	96.06	8	-8	24	106	26	(2,12)
1	2026-01-01 12:09:39.000	20442	193	1505	0	89.42	10	-6	24	106	26	(2,12)
1	2026-01-01 12:09:40.000	20477	202	1507	0	79.5	8	-7	24	106	26	(2,12)
1	2026-01-01 12:09:41.000	20512	147	1495	0	111.93	6	-9	24	106	26	(1,12)
1	2026-01-01 12:09:42.000	20547	106	1604	0	138.74	5	-7	24	106	26	(1,13)
1	2026-01-01 12:09:43.000	20582	216	1506	0	177.07	6	-8	24	106	26	(2,12)
1	2026-01-01 12:09:44.000	20617	317	1424	0	140.48	5	-8	24	106	26	(2,11)
1	2026-01-01 12:09:45.000	20652	266	1426	64	97.69	6	-9	24	106	24	(2,11)
1	2026-01-01 12:09:46.000	20687	373	1521	64	88.09	6	-9	24	106	19	(3,12)
1	2026-01-01 12:09:47.000	20722	415	1626	64	47.91	6	-9	24	106	17	(3,13)
1	2026-01-01 12:09:48.000	20757	413	1631	64	80.94	6	-8	24	106	17	(3,13)
1	2026-01-01 12:09:49.000	20792	374	1727	64	67.95	8	-10	24	106	17	(3,13)
1	2026-01-01 12:09:50.000	20827	301	1710	64	48.95	9	-10	24	106	17	(2,13)
1	2026-01-01 12:09:51.000	20862	368	1765	64	20.97	10	-10	24	106	16	(3,14)
1	2026-01-01 12:09:52.000	20897	318	1799	64	30.24	10	-10	24	106	16	(2,14)
1	2026-01-01 12:09:53.000	20932	231	1777	64	347.3	10	-10	24	106	16	(2,14)
1	2026-01-01 12:09:54.000	20967	256	1872	64	348.35	10	-10	24	106	16	(2,15)
1	2026-01-01 12:09:55.000	21002	213	1924	64	353.92	10	-10	24	106	16	(2,15)
1	2026-01-01 12:09:56.000	21037	264	1962	16	7.24	10	-10	24	106	16	(2,15)
1	2026-01-01 12:09:57.000	21072	237	1867	16	34.85	10	-8	24	106	16	(2,15)
1	2026-01-01 12:09:58.000	21107	141	1951	16	35.89	10	-9	17	106	16	(1,15)
1	2026-01-01 12:09:59.000	21142	247	1995	16	72.16	8	-10	17	106	16	(2,16)
1	2026-01-01 12:10:00.000	21177	255	1971	16	42.56	10	-10	17	106	16	(2,15)
1	2026-01-01 12:10:01.000	21212	193	1942	16	4.19	10	-9	17	106	16	(2,15)
1	2026-01-01 12:10:02.000	21247	102	1888	16	20.75	9	-8	17	106	16	(1,15)
1	2026-01-01 12:10:03.000	21282	10	1946	16	340.92	10	-8	17	106	16	(0,15)
1	2026-01-01 12:10:04.000	21317	-32	1846	0	302.29	10	-6	17	106	16	(0,14)
1	2026-01-01 12:10:05.000	21352	-75	1841	0	332.31	8	-4	17	106	16	(-1,14)
1	2026-01-01 12:10:06.000	21387	18	1767	0	327.58	9	-2	17	106	16	(0,14)
1	2026-01-01 12:10:07.000	21422	-18	1670	0	282.72	10	-1	17	106	16	(0,13)
1	2026-01-01 12:10:08.000	21457	-126	1656	0	246.16	8	1	23	106	16	(-1,13)
1	2026-01-01 12:10:09.000	21492	-203	1731	0	211.66	7	0	23	106	16	(-2,14)
1	2026-01-01 12:10:10.000	21527	-100	1640	0	235.19	5	-2	23	106	16	(-1,13)
1	2026-01-01 12:10:11.000	21562	-99	1687	0	236.82	6	-1	23	106	12	(-1,13)
1	2026-01-01 12:10:12.000	21597	-171	1767	0	205.48	5	1	23	106	12	(-1,14)
1	2026-01-01 12:10:13.000	21632	-171	1771	128	173.61	6	-1	20	106	12	(-1,14)
1	2026-01-01 12:10:14.000	21667	-241	1841	128	153.4	6	-3	20	106	9	(-2,14)
1	2026-01-01 12:10:15.000	21702	-339	1815	128	170.98	6	-1	17	106	9	(-3,14)
1	2026-01-01 12:10:16.000	21737	-394	1767	128	212.81	5	0	17	106	9	(-3,14)
1	2026-01-01 12:10:17.000	21772	-504	1696	0	169.31	4	-1	15	106	9	(-4,13)
1	2026-01-01 12:10:18.000	21807	-536	1718	0	203.91	5	-1	15	106	6	(-4,13)
1	2026-01-01 12:10:19.000	21842	-468	1756	0	241.21	4	-3	15	106	4	(-4,14)
1	2026-01-01 12:10:20.000	21877	-412	1725	0	272.2	6	-2	15	106	0	(-3,13)
1	2026-01-01 12:10:21.000	21912	-457	1827	0	314.51	8	-2	15	106	0	(-4,14)
1	2026-01-01 12:10:22.000	21947	-539	1805	0	287.29	7	-1	15	106	0	(-4,14)
1	2026-01-01 12:10:23.000	21982	-449	1893	0	257.91	6	-2	15	106	0	(-4,15)
1	2026-01-01 12:10:24.000	22017	-362	1987	0	238.97	6	0	15	106	0	(-3,16)
1	2026-01-01 12:10:25.000	22052	-255	1953	0	215.01	5	-2	15	106	0	(-2,15)
1	2026-01-01 12:10:26.000	22087	-310	1877	0	258.23	7	-3	15	106	0	(-2,15)
1	2026-01-01 12:10:27.000	22122	-267	1954	0	282.09	6	-1	15	106	0	(-2,15)
1	2026-01-01 12:10:28.000	22157	-237	1844	0	247.27	5	1	15	106	0	(-2,14)
1	2026-01-01 12:10:29.000	22192	-322	1813	0	281.16	6	-1	15	106	0	(-3,14)
1	2026-01-01 12:10:30.000	22227	-276	1772	32	250.61	6	-2	15	106	0	(-2,14)
1	2026-01-01 12:10:31.000	22262	-272	1825	32	238.39	5	0	15	106	0	(-2,14)
1	2026-01-01 12:10:32.000	22297	-170	1738	32	198.98	7	2	12	106	0	(-1,14)
1	2026-01-01 12:10:33.000	22332	-179	1772	32	180.0	8	2	3	106	0	(-1,14)
1	2026-01-01 12:10:34.000	22367	-183	1850	32	155.37	9	3	3	106	0	(-1,14)
1	2026-01-01 12:10:35.000	22402	-223	1767	32	134.32	10	1	3	106	0	(-2,14)
1	2026-01-01 12:10:36.000	22437	-305	1729	32	173.97	10	2	3	106	0	(-2,14)
1	2026-01-01 12:10:37.000	22472	-230	1771	32	203.95	9	4	3	106	0	(-2,14)
1	2026-01-01 12:10:38.000	22507	-254	1695	32	230.63	9	5	3	106	0	(-2,13)
1	2026-01-01 12:10:39.000	22542	-225	1630	32	202.47	10	7	3	106	0	(-2,13)
1	2026-01-01 12:10:40.000	22577	-259	1682	32	210.71	8	5	3	106	0	(-2,13)
1	2026-01-01 12:10:41.000	22612	-185	1660	32	205.33	10	3	3	106	0	(-1,13)
1	2026-01-01 12:10:42.000	22647	-108	1763	32	161.08	10	2	3	106	0	(-1,14)
1	2026-01-01 12:10:43.000	22682	-116	1830	32	134.64	9	2	3	106	0	(-1,14)
1	2026-01-01 12:10:44.000	22717	-195	1776	32	179.62	10	0	3	106	0	(-2,14)
1	2026-01-01 12:10:45.000	22752	-230	1879	32	185.3	10	-1	3	106	0	(-2,15)
1	2026-01-01 12:10:46.000	22787	-223	1786	32	161.09	10	-3	3	106	0	(-2,14)
1	2026-01-01 12:10:47.000	22822	-133	1886	32	141.16	8	-3	3	106	0	(-1,15)
1	2026-01-01 12:10:48.000	22857	-71	1975	32	114.35	8	-4	3	106	0	(-1,15)
1	2026-01-01 12:10:49.000	22892	-39	1940	32	83.14	10	-3	3	106	0	(0,15)
1	2026-01-01 12:10:50.000	22927	71	2021	40	123.17	10	-2	3	106	0	(1,16)
1	2026-01-01 12:10:51.000	22962	45	2055	40	155.68	10	0	3	106	0	(0,16)
1	2026-01-01 12:10:52.000	22997	16	2024	40	197.47	10	2	3	106	0	(0,16)
1	2026-01-01 12:10:53.000	23032	-31	1957	40	173.25	9	3	3	106	0	(0,15)
1	2026-01-01 12:10:54.000	23067	73	1959	40	194.37	8	1	3	106	0	(1,15)
1	2026-01-01 12:10:55.000	23102	13	1856	40	149.73	8	1	3	106	0	(0,14)
1	2026-01-01 12:10:56.000	23137	68	1821	40	185.61	8	-1	3	106	0	(1,14)
1	2026-01-01 12:10:57.000	23172	14	1930	40	211.29	7	-1	3	106	0	(0,15)
1	2026-01-01 12:10:58.000	23207	-82	1936	40	256.25	8	0	3	106	0	(-1,15)
1	2026-01-01 12:10:59.000	23242	-28	1998	40	243.39	9	2	3	106	0	(0,16)
1	2026-01-01 12:11:00.000	23277	-104	1986	40	267.09	9	1	3	106	18	(-1,16)
1	2026-01-01 12:11:01.000	23312	-103	2009	40	247.6	8	3	10	106	18	(-1,16)
1	2026-01-01 12:11:02.000	23347	-89	1926	40	237.48	6	5	10	106	18	(-1,15)
1	2026-01-01 12:11:03.000	23382	-175	1945	40	245.79	4	7	10	106	18	(-1,15)
1	2026-01-01 12:11:04.000	23417	-285	1859	40	277.08	5	7	16	106	18	(-2,15)
1	2026-01-01 12:11:05.000	23452	-204	1781	40	243.44	6	7	16	106	18	(-2,14)
1	2026-01-01 12:11:06.000	23487	-228	1874	40	265.89	7	8	16	106	18	(-2,15)
1	2026-01-01 12:11:07.000	23522	-309	1825	40	250.24	9	7	16	106	18	(-2,14)
1	2026-01-01 12:11:08.000	23557	-294	1823	0	264.57	10	6	16	106	16	(-2,14)
1	2026-01-01 12:11:09.000	23592	-284	1737	0	288.63	10	5	16	106	16	(-2,14)
1	2026-01-01 12:11:10.000	23627	-194	1712	0	245.74	8	4	16	106	16	(-2,13)
1	2026-01-01 12:11:11.000	23662	-190	1679	0	258.86	9	4	16	106	16	(-1,13)
1	2026-01-01 12:11:12.000	23697	-143	1711	0	273.21	10	3	16	106	16	(-1,13)
1	2026-01-01 12:11:13.000	23732	-239	1656	0	297.47	8	3	16	106	16	(-2,13)
1	2026-01-01 12:11:14.000	23767	-205	1655	0	314.55	9	5	16	106	16	(-2,13)
1	2026-01-01 12:11:15.000	23802	-151	1750	0	316.22	9	4	16	106	13	(-1,14)
1	2026-01-01 12:11:16.000	23837	-75	1825	0	359.2	8	6	16	106	13	(-1,14)
1	2026-01-01 12:11:17.000	23872	-24	1727	0	32.23	9	7	16	106	13	(0,13)
1	2026-01-01 12:11:18.000	23907	86	1805	0	67.87	7	5	16	106	13	(1,14)
1	2026-01-01 12:11:19.000	23942	31	1866	0	105.41	5	3	16	106	13	(0,15)
1	2026-01-01 12:11:20.000	23977	96	1942	0	143.29	6	2	16	106	13	(1,15)
1	2026-01-01 12:11:21.000	24012	201	1960	0	182.18	6	0	16	106	13	(2,15)
1	2026-01-01 12:11:22.000	24047	309	1978	0	193.49	6	0	16	106	10	(2,15)
1	2026-01-01 12:11:23.000	24082	353	2083	-8	174.93	4	1	16	106	10	(3,16)
1	2026-01-01 12:11:24.000	24117	248	2110	-8	207.36	4	-1	16	106	10	(2,16)
1	2026-01-01 12:11:25.000	24152	271	2219	-8	200.66	5	0	16	106	10	(2,17)
1	2026-01-01 12:11:26.000	24187	325	2167	-8	245.31	5	-2	16	106	6	(3,17)
1	2026-01-01 12:11:27.000	24222	421	2114	-8	219.75	5	-4	16	106	6	(3,17)
1	2026-01-01 12:11:28.000	24257	531	2180	8	181.11	7	-3	16	106	6	(4,17)
1	2026-01-01 12:11:29.000	24292	473	2203	8	222.23	7	-3	16	106	6	(4,17)
1	2026-01-01 12:11:30.000	24327	439	2254	8	206.11	6	-3	16	106	6	(3,18)
1	2026-01-01 12:11:31.000	24362	504	2221	8	211.37	8	-4	16	106	6	(4,17)
1	2026-01-01 12:11:32.000	24397	527	2307	8	196.23	6	-6	16	106	2	(4,18)
1	2026-01-01 12:11:33.000	24432	463	2259	8	223.07	7	-6	16	106	0	(4,18)
1	2026-01-01 12:11:34.000	24467	476	2360	8	213.49	9	-4	16	106	0	(4,18)
1	2026-01-01 12:11:35.000	24502	530	2406	0	184.48	9	-5	16	106	0	(4,19)
1	2026-01-01 12:11:36.000	24537	425	2483	0	223.46	10	-5	16	106	0	(3,19)
1	2026-01-01 12:11:37.000	24572	414	2582	0	185.69	10	-3	16	106	0	(3,20)
1	2026-01-01 12:11:38.000	24607	427	2485	0	229.7	10	-3	16	106	0	(3,19)
1	2026-01-01 12:11:39.000	24642	435	2399	0	245.55	10	-2	16	106	0	(3,19)
1	2026-01-01 12:11:40.000	24677	451	2386	0	265.47	10	-4	16	106	0	(4,19)
1	2026-01-01 12:11:41.000	24712	529	2346	0	248.02	10	-5	21	106	0	(4,18)
1	2026-01-01 12:11:42.000	24747	526	2436	0	290.05	10	-7	21	106	0	(4,19)
1	2026-01-01 12:11:43.000	24782	581	2513	0	319.19	10	-5	21	106	14	(5,20)
1	2026-01-01 12:11:44.000	24817	612	2622	0	358.02	9	-4	17	106	14	(5,20)
1	2026-01-01 12:11:45.000	24852	625	2692	0	15.45	9	-4	17	106	27	(5,21)
1	2026-01-01 12:11:46.000	24887	553	2626	0	1.59	8	-5	15	106	27	(4,21)
1	2026-01-01 12:11:47.000	24922	514	2730	0	38.13	6	-3	15	106	27	(4,21)
1	2026-01-01 12:11:48.000	24957	449	2657	0	65.84	7	-2	15	106	26	(4,21)
1	2026-01-01 12:11:49.000	24992	419	2681	0	90.37	6	-2	15	106	26	(3,21)
1	2026-01-01 12:11:50.000	25027	431	2725	0	67.38	7	0	15	106	26	(3,21)
1	2026-01-01 12:11:51.000	25062	435	2824	0	61.05	6	2	15	106	21	(3,22)
1	2026-01-01 12:11:52.000	25097	467	2898	0	55.08	7	1	15	106	21	(4,23)
1	2026-01-01 12:11:53.000	25132	417	2910	0	58.99	9	3	15	106	16	(3,23)
1	2026-01-01 12:11:54.000	25167	314	2970	0	31.71	10	4	15	106	16	(2,23)
1	2026-01-01 12:11:55.000	25202	388	2899	0	23.46	10	3	15	106	16	(3,23)
1	2026-01-01 12:11:56.000	25237	391	2960	0	42.54	10	4	15	106	16	(3,23)
1	2026-01-01 12:11:57.000	25272	409	3051	0	49.22	10	5	15	106	16	(3,24)
1	2026-01-01 12:11:58.000	25307	398	2971	0	9.2	10	4	15	106	16	(3,23)
1	2026-01-01 12:11:59.000	25342	487	3016	0	334.19	10	4	15	106	14	(4,24)
1	2026-01-01 12:12:00.000	25377	444	3025	0	325.46	10	3	15	106	14	(3,24)
1	2026-01-01 12:12:01.000	25412	369	3056	0	4.04	8	4	15	106	14	(3,24)
1	2026-01-01 12:12:02.000	25447	418	3153	0	12.04	6	6	15	106	14	(3,25)
1	2026-01-01 12:12:03.000	25482	391	3059	0	45.45	6	4	15	106	14	(3,24)
1	2026-01-01 12:12:04.000	25517	484	3031	0	21.58	5	4	15	106	14	(4,24)
1	2026-01-01 12:12:05.000	25552	490	2957	0	350.04	7	5	15	106	14	(4,23)
1	2026-01-01 12:12:06.000	25587	388	2849	64	318.34	6	4	15	106	14	(3,22)
1	2026-01-01 12:12:07.000	25622	473	2916	64	312.66	8	5	15	106	14	(4,23)
1	2026-01-01 12:12:08.000	25657	536	2808	64	278.19	9	7	15	106	14	(4,22)
1	2026-01-01 12:12:09.000	25692	529	2854	64	310.47	7	5	15	106	14	(4,22)
1	2026-01-01 12:12:10.000	25727	455	2810	64	288.52	9	4	15	106	14	(4,22)
1	2026-01-01 12:12:11.000	25762	416	2896	64	251.07	10	4	15	106	14	(3,23)
1	2026-01-01 12:12:12.000	25797	367	2927	64	213.2	9	2	15	106	14	(3,23)
1	2026-01-01 12:12:13.000	25832	438	2833	64	169.37	10	2	15	106	14	(3,22)
1	2026-01-01 12:12:14.000	25867	338	2903	64	196.99	10	2	15	106	14	(3,23)
1	2026-01-01 12:12:15.000	25902	245	2863	64	180.25	10	1	15	106	14	(2,22)
1	2026-01-01 12:12:16.000	25937	195	2754	64	205.52	10	3	15	106	14	(2,22)
1	2026-01-01 12:12:17.000	25972	275	2671	64	211.91	10	2	15	106	14	(2,21)
1	2026-01-01 12:12:18.000	26007	321	2702	64	173.02	10	2	15	106	14	(3,21)
1	2026-01-01 12:12:19.000	26042	228	2751	64	197.39	10	3	15	106	14	(2,21)
1	2026-01-01 12:12:20.000	26077	204	2743	64	186.64	10	1	15	106	14	(2,21)
1	2026-01-01 12:12:21.000	26112	254	2733	64	220.09	10	1	15	106	14	(2,21)
1	2026-01-01 12:12:22.000	26147	250	2724	64	231.64	10	-1	15	106	14	(2,21)
1	2026-01-01 12:12:23.000	26182	304	2709	64	249.3	10	-1	15	106	14	(2,21)
1	2026-01-01 12:12:24.000	26217	348	2677	64	248.18	10	-3	15	106	14	(3,21)
1	2026-01-01 12:12:25.000	26252	444	2783	64	204.82	10	-2	15	106	14	(3,22)
1	2026-01-01 12:12:26.000	26287	398	2845	64	218.53	10	-3	15	106	14	(3,22)
1	2026-01-01 12:12:27.000	26322	412	2850	64	190.83	9	-4	15	106	9	(3,22)
1	2026-01-01 12:12:28.000	26357	343	2803	64	190.0	9	-4	15	106	9	(3,22)
1	2026-01-01 12:12:29.000	26392	395	2732	64	217.28	10	-4	15	106	9	(3,21)
1	2026-01-01 12:12:30.000	26427	295	2630	64	176.74	10	-2	15	106	9	(2,21)
1	2026-01-01 12:12:31.000	26462	198	2543	64	208.53	10	-2	15	106	9	(2,20)
1	2026-01-01 12:12:32.000	26497	204	2591	64	250.53	8	-1	15	106	9	(2,20)
1	2026-01-01 12:12:33.000	26532	265	2674	64	281.39	6	-1	15	106	9	(2,21)
1	2026-01-01 12:12:34.000	26567	183	2680	56	244.78	6	-1	15	106	9	(1,21)
1	2026-01-01 12:12:35.000	26602	243	2655	56	220.93	6	-1	15	106	9	(2,21)
1	2026-01-01 12:12:36.000	26637	286	2556	56	191.11	6	1	15	106	9	(2,20)
1	2026-01-01 12:12:37.000	26672	273	2555	56	233.63	5	0	15	106	9	(2,20)
1	2026-01-01 12:12:38.000	26707	222	2548	56	208.24	7	2	15	106	9	(2,20)
1	2026-01-01 12:12:39.000	26742	285	2488	56	194.34	6	0	7	106	9	(2,19)
1	2026-01-01 12:12:40.000	26777	376	2427	56	189.45	7	2	7	106	9	(3,19)
1	2026-01-01 12:12:41.000	26812	307	2360	56	175.61	8	4	7	106	9	(2,18)
1	2026-01-01 12:12:42.000	26847	274	2253	56	178.1	8	5	7	106	9	(2,18)
1	2026-01-01 12:12:43.000	26882	268	2230	56	172.64	9	5	7	106	9	(2,17)
1	2026-01-01 12:12:44.000	26917	180	2249	56	131.02	9	3	7	106	9	(1,18)
1	2026-01-01 12:12:45.000	26952	180	2199	56	114.04	8	5	7	106	5	(1,17)
1	2026-01-01 12:12:46.000	26987	148	2172	56	88.15	6	5	7	106	5	(1,17)
1	2026-01-01 12:12:47.000	27022	210	2089	56	77.31	6	6	7	106	5	(2,16)
1	2026-01-01 12:12:48.000	27057	285	2137	56	40.29	6	4	6	106	5	(2,17)
1	2026-01-01 12:12:49.000	27092	263	2053	56	23.33	4	4	6	106	5	(2,16)
1	2026-01-01 12:12:50.000	27127	293	1952	56	64.35	3	5	6	106	2	(2,15)
1	2026-01-01 12:12:51.000	27162	200	1939	56	93.85	5	7	6	106	2	(2,15)
1	2026-01-01 12:12:52.000	27197	206	1833	56	119.73	7	5	5	106	23	(2,14)
1	2026-01-01 12:12:53.000	27232	253	1735	56	120.78	5	7	5	106	23	(2,14)
1	2026-01-01 12:12:54.000	27267	189	1667	56	94.39	4	8	5	106	23	(1,13)
1	2026-01-01 12:12:55.000	27302	163	1706	56	53.71	5	6	5	106	23	(1,13)
1	2026-01-01 12:12:56.000	27337	105	1609	56	95.59	5	8	5	106	23	(1,13)
1	2026-01-01 12:12:57.000	27372	44	1672	56	109.87	5	6	5	106	23	(0,13)
1	2026-01-01 12:12:58.000	27407	93	1742	56	106.12	7	8	5	106	23	(1,14)
1	2026-01-01 12:12:59.000	27442	6	1834	56	67.32	8	8	5	106	21	(0,14)
1	2026-01-01 12:13:00.000	27477	5	1734	56	26.11	8	7	5	106	21	(0,14)
1	2026-01-01 12:13:01.000	27512	52	1672	56	29.51	9	9	5	106	18	(0,13)
1	2026-01-01 12:13:02.000	27547	66	1644	56	0.35	10	9	5	106	18	(1,13)
1	2026-01-01 12:13:03.000	27582	127	1619	56	44.92	10	10	5	106	17	(1,13)
1	2026-01-01 12:13:04.000	27617	49	1669	56	6.34	8	9	5	106	17	(0,13)
1	2026-01-01 12:13:05.000	27652	-43	1636	56	347.19	8	8	5	106	17	(0,13)
1	2026-01-01 12:13:06.000	27687	-19	1708	56	358.78	10	10	5	106	14	(0,13)
1	2026-01-01 12:13:07.000	27722	-42	1774	56	336.18	10	9	5	106	14	(0,14)
1	2026-01-01 12:13:08.000	27757	49	1774	56	16.94	10	7	5	106	14	(0,14)
1	2026-01-01 12:13:09.000	27792	138	1746	56	9.31	10	8	5	106	14	(1,14)
1	2026-01-01 12:13:10.000	27827	81	1785	56	354.75	8	7	5	106	12	(1,14)
1	2026-01-01 12:13:11.000	27862	38	1707	56	33.94	8	5	5	106	9	(0,13)
1	2026-01-01 12:13:12.000	27897	14	1762	56	352.21	9	3	5	106	9	(0,14)
1	2026-01-01 12:13:13.000	27932	67	1742	56	15.75	7	1	5	106	9	(1,14)
1	2026-01-01 12:13:14.000	27967	160	1700	56	8.06	7	1	5	106	9	(1,13)
1	2026-01-01 12:13:15.000	28002	71	1735	56	4.01	7	2	5	106	9	(1,14)
1	2026-01-01 12:13:16.000	28037	72	1788	56	29.05	9	3	2	106	9	(1,14)
1	2026-01-01 12:13:17.000	28072	118	1872	56	39.48	7	5	2	106	9	(1,15)
1	2026-01-01 12:13:18.000	28107	153	1908	56	49.08	9	6	2	106	9	(1,15)
1	2026-01-01 12:13:19.000	28142	252	1972	56	45.49	9	8	2	106	7	(2,15)
1	2026-01-01 12:13:20.000	28177	170	1988	56	76.82	9	8	2	106	7	(1,16)
1	2026-01-01 12:13:21.000	28212	68	1911	56	77.24	8	9	2	106	7	(1,15)
1	2026-01-01 12:13:22.000	28247	12	1818	56	40.24	10	9	2	106	7	(0,14)
1	2026-01-01 12:13:23.000	28282	117	1826	56	13.85	10	9	2	106	4	(1,14)
1	2026-01-01 12:13:24.000	28317	176	1727	56	52.75	10	7	2	106	0	(1,13)
1	2026-01-01 12:13:25.000	28352	164	1773	56	48.38	10	9	2	106	0	(1,14)
1	2026-01-01 12:13:26.000	28387	96	1852	56	12.5	10	9	2	106	0	(1,14)
1	2026-01-01 12:13:27.000	28422	13	1883	56	331.51	10	10	2	106	0	(0,15)
1	2026-01-01 12:13:28.000	28457	93	1799	56	312.77	8	10	2	106	0	(1,14)
1	2026-01-01 12:13:29.000	28492	136	1865	56	303.91	8	9	2	106	0	(1,15)
1	2026-01-01 12:13:30.000	28527	205	1902	56	325.49	8	8	2	106	0	(2,15)
1	2026-01-01 12:13:31.000	28562	211	1864	56	344.2	10	6	2	106	0	(2,15)
1	2026-01-01 12:13:32.000	28597	293	1914	56	315.92	10	6	2	106	0	(2,15)
1	2026-01-01 12:13:33.000	28632	383	2000	56	305.49	9	6	2	106	10	(3,16)
1	2026-01-01 12:13:34.000	28667	423	2070	56	261.87	10	7	2	106	10	(3,16)
1	2026-01-01 12:13:35.000	28702	479	2014	56	238.09	10	7	2	106	32	(4,16)
1	2026-01-01 12:13:36.000	28737	534	1964	56	235.18	8	7	2	106	30	(4,15)
1	2026-01-01 12:13:37.000	28772	482	1915	0	210.62	6	7	2	106	30	(4,15)
1	2026-01-01 12:13:38.000	28807	432	1822	0	248.69	4	6	2	106	30	(3,14)
1	2026-01-01 12:13:39.000	28842	427	1879	16	242.6	3	5	2	106	30	(3,15)
1	2026-01-01 12:13:40.000	28877	347	1832	16	204.45	3	7	2	106	30	(3,14)
1	2026-01-01 12:13:41.000	28912	417	1772	16	189.03	3	8	2	106	30	(3,14)
1	2026-01-01 12:13:42.000	28947	437	1830	16	172.92	2	8	2	106	30	(3,14)
1	2026-01-01 12:13:43.000	28982	443	1800	16	177.4	2	9	2	106	30	(3,14)
1	2026-01-01 12:13:44.000	29017	406	1712	16	145.33	0	10	2	106	27	(3,13)
1	2026-01-01 12:13:45.000	29052	298	1717	40	180.43	2	9	2	106	27	(2,13)
1	2026-01-01 12:13:46.000	29087	360	1695	40	146.71	0	7	2	106	25	(3,13)
1	2026-01-01 12:13:47.000	29122	316	1760	40	129.91	-1	8	2	106	25	(2,14)
1	2026-01-01 12:13:48.000	29157	328	1811	40	161.91	-1	9	2	106	23	(3,14)
1	2026-01-01 12:13:49.000	29192	375	1899	40	167.39	-2	10	2	106	19	(3,15)
1	2026-01-01 12:13:50.000	29227	419	1934	40	157.02	-1	8	2	106	19	(3,15)
1	2026-01-01 12:13:51.000	29262	415	2013	40	115.77	0	6	2	106	15	(3,16)
1	2026-01-01 12:13:52.000	29297	433	2020	40	121.74	-1	5	2	106	15	(3,16)
1	2026-01-01 12:13:53.000	29332	366	2068	40	155.97	-1	7	2	106	15	(3,16)
1	2026-01-01 12:13:54.000	29367	401	1961	40	128.18	-3	8	2	106	15	(3,15)
1	2026-01-01 12:13:55.000	29402	338	1863	40	95.54	-5	6	2	106	15	(3,15)
1	2026-01-01 12:13:56.000	29437	407	1963	40	59.3	-3	6	2	106	14	(3,15)
1	2026-01-01 12:13:57.000	29472	485	1994	40	27.81	-4	6	2	106	14	(4,16)
1	2026-01-01 12:13:58.000	29507	502	2079	40	49.53	-2	8	2	106	14	(4,16)
1	2026-01-01 12:13:59.000	29542	602	2009	16	26.66	-1	10	2	106	14	(5,16)
1	2026-01-01 12:14:00.000	29577	557	2074	16	5.08	-3	10	2	106	14	(4,16)
1	2026-01-01 12:14:01.000	29612	620	2137	16	47.71	-5	10	2	106	14	(5,17)
1	2026-01-01 12:14:02.000	29647	641	2047	-16	8.37	-6	10	2	106	14	(5,16)
1	2026-01-01 12:14:03.000	29682	560	2130	-16	52.46	-4	10	2	106	14	(4,17)
1	2026-01-01 12:14:04.000	29717	596	2106	-16	12.22	-3	10	2	106	14	(5,16)
1	2026-01-01 12:14:05.000	29752	666	2129	-16	352.5	-5	9	2	106	14	(5,17)
1	2026-01-01 12:14:06.000	29787	625	2231	-16	312.74	-4	8	2	106	14	(5,17)
1	2026-01-01 12:14:07.000	29822	541	2171	-16	311.84	-5	10	2	106	14	(4,17)
1	2026-01-01 12:14:08.000	29857	537	2279	-16	332.49	-6	9	2	106	14	(4,18)
1	2026-01-01 12:14:09.000	29892	486	2249	0	331.86	-8	10	2	106	14	(4,18)
1	2026-01-01 12:14:10.000	29927	586	2187	0	302.22	-7	8	2	106	14	(5,17)
1	2026-01-01 12:14:11.000	29962	673	2296	0	340.35	-7	10	2	106	13	(5,18)
1	2026-01-01 12:14:12.000	29997	636	2284	0	299.46	-9	8	2	106	13	(5,18)
1	2026-01-01 12:14:13.000	30032	529	2198	0	325.07	-7	10	2	106	13	(4,17)
1	2026-01-01 12:14:14.000	30067	520	2100	0	292.93	-6	10	2	106	13	(4,16)
1	2026-01-01 12:14:15.000	30102	549	2009	0	324.77	-5	8	2	106	13	(4,16)
1	2026-01-01 12:14:16.000	30137	604	2108	0	348.43	-7	6	2	106	13	(5,16)
1	2026-01-01 12:14:17.000	30172	523	2178	0	310.5	-9	5	2	106	13	(4,17)
1	2026-01-01 12:14:18.000	30207	607	2143	0	293.33	-10	5	2	106	13	(5,17)
1	2026-01-01 12:14:19.000	30242	520	2184	0	288.97	-10	3	15	106	10	(4,17)
1	2026-01-01 12:14:20.000	30277	571	2085	0	263.27	-10	2	15	106	10	(4,16)
1	2026-01-01 12:14:21.000	30312	648	2043	0	295.2	-9	4	15	106	5	(5,16)
1	2026-01-01 12:14:22.000	30347	617	2129	0	297.3	-10	6	15	106	2	(5,17)
1	2026-01-01 12:14:23.000	30382	590	2113	0	291.89	-10	4	15	106	2	(5,17)
1	2026-01-01 12:14:24.000	30417	519	2009	0	310.54	-10	5	15	106	2	(4,16)
1	2026-01-01 12:14:25.000	30452	458	1916	64	346.02	-9	4	15	106	2	(4,15)
1	2026-01-01 12:14:26.000	30487	373	1984	64	350.12	-8	3	15	106	2	(3,16)
1	2026-01-01 12:14:27.000	30522	386	1884	64	15.23	-10	3	15	106	2	(3,15)
1	2026-01-01 12:14:28.000	30557	495	1951	64	355.28	-10	4	15	106	2	(4,15)
1	2026-01-01 12:14:29.000	30592	420	1850	-16	34.62	-10	2	15	106	2	(3,14)
1	2026-01-01 12:14:30.000	30627	515	1844	-16	6.04	-8	1	15	106	2	(4,14)
1	2026-01-01 12:14:31.000	30662	493	1945	-16	15.71	-9	0	15	106	2	(4,15)
1	2026-01-01 12:14:32.000	30697	575	1837	-16	44.43	-7	-1	15	106	2	(4,14)
1	2026-01-01 12:14:33.000	30732	641	1903	-16	359.73	-8	-3	15	106	2	(5,15)
1	2026-01-01 12:14:34.000	30767	656	2001	-16	33.48	-10	-4	15	106	2	(5,16)
1	2026-01-01 12:14:35.000	30802	632	2001	32	18.43	-10	-6	15	106	2	(5,16)
1	2026-01-01 12:14:36.000	30837	558	2065	32	55.97	-8	-8	15	106	0	(4,16)
1	2026-01-01 12:14:37.000	30872	643	2004	32	80.12	-10	-6	15	106	0	(5,16)
1	2026-01-01 12:14:38.000	30907	712	1943	32	70.12	-10	-5	15	106	0	(6,15)
1	2026-01-01 12:14:39.000	30942	774	2034	32	41.31	-8	-5	15	106	0	(6,16)
1	2026-01-01 12:14:40.000	30977	688	2100	32	8.76	-10	-5	15	106	0	(5,16)
1	2026-01-01 12:14:41.000	31012	664	2000	32	352.74	-9	-5	15	106	0	(5,16)
1	2026-01-01 12:14:42.000	31047	722	2100	32	30.06	-7	-3	15	106	0	(6,16)
1	2026-01-01 12:14:43.000	31082	746	2108	32	350.66	-5	-4	15	106	0	(6,16)
1	2026-01-01 12:14:44.000	31117	690	2139	32	34.3	-3	-4	15	106	0	(5,17)
1	2026-01-01 12:14:45.000	31152	691	2204	32	54.79	-2	-2	15	106	0	(5,17)
1	2026-01-01 12:14:46.000	31187	583	2155	32	37.31	0	0	15	106	0	(5,17)
1	2026-01-01 12:14:47.000	31222	625	2127	32	18.94	-2	-2	15	106	0	(5,17)
1	2026-01-01 12:14:48.000	31257	515	2163	32	29.78	-1	0	15	106	0	(4,17)
1	2026-01-01 12:14:49.000	31292	519	2160	32	350.91	-1	1	15	106	0	(4,17)
1	2026-01-01 12:14:50.000	31327	586	2151	-8	317.88	-1	2	15	106	0	(5,17)
1	2026-01-01 12:14:51.000	31362	482	2246	-8	277.81	-1	0	15	106	0	(4,18)
1	2026-01-01 12:14:52.000	31397	412	2263	-8	266.38	-1	1	15	106	0	(3,18)
1	2026-01-01 12:14:53.000	31432	446	2332	-8	223.35	1	0	11	106	0	(3,18)
1	2026-01-01 12:14:54.000	31467	523	2293	-8	225.1	0	-1	11	106	0	(4,18)
1	2026-01-01 12:14:55.000	31502	569	2252	-8	264.29	1	0	11	106	0	(4,18)
1	2026-01-01 12:14:56.000	31537	625	2285	-8	273.68	0	1	11	106	0	(5,18)
1	2026-01-01 12:14:57.000	31572	601	2348	-8	296.17	0	3	11	106	0	(5,18)
1	2026-01-01 12:14:58.000	31607	589	2375	-8	312.49	-1	3	11	106	0	(5,19)
1	2026-01-01 12:14:59.000	31642	506	2287	-8	317.06	-2	3	11	106	0	(4,18)
1	2026-01-01 12:15:00.000	31677	472	2290	-8	356.73	-1	4	11	106	0	(4,18)
1	2026-01-01 12:15:01.000	31712	489	2304	-8	30.36	0	3	11	106	0	(4,18)
1	2026-01-01 12:15:02.000	31747	381	2278	24	47.11	0	2	11	106	0	(3,18)
1	2026-01-01 12:15:03.000	31782	294	2304	24	67.02	1	2	11	106	0	(2,18)
1	2026-01-01 12:15:04.000	31817	216	2354	24	77.44	0	4	11	106	0	(2,18)
1	2026-01-01 12:15:05.000	31852	217	2458	0	69.32	-2	4	11	106	0	(2,19)
1	2026-01-01 12:15:06.000	31887	201	2525	0	102.36	-4	4	11	106	0	(2,20)
1	2026-01-01 12:15:07.000	31922	274	2539	0	107.87	-2	4	11	106	15	(2,20)
1	2026-01-01 12:15:08.000	31957	347	2460	0	70.3	-3	5	11	106	15	(3,19)
1	2026-01-01 12:15:09.000	31992	350	2525	0	53.65	-1	5	11	106	15	(3,20)
1	2026-01-01 12:15:10.000	32027	257	2463	0	20.12	-2	7	11	106	15	(2,19)
1	2026-01-01 12:15:11.000	32062	279	2416	0	7.37	-2	9	6	106	15	(2,19)
1	2026-01-01 12:15:12.000	32097	299	2375	0	30.49	-1	9	6	106	12	(2,19)
1	2026-01-01 12:15:13.000	32132	259	2354	0	36.25	1	10	6	106	9	(2,18)
1	2026-01-01 12:15:14.000	32167	357	2350	0	4.48	0	8	6	106	9	(3,18)
1	2026-01-01 12:15:15.000	32202	315	2308	0	27.81	1	7	6	106	9	(2,18)
1	2026-01-01 12:15:16.000	32237	249	2315	0	10.32	-1	9	6	106	8	(2,18)
1	2026-01-01 12:15:17.000	32272	306	2229	0	54.22	-3	9	6	106	8	(2,17)
1	2026-01-01 12:15:18.000	32307	238	2177	64	53.19	-2	9	6	106	8	(2,17)
1	2026-01-01 12:15:19.000	32342	249	2128	64	34.01	-1	7	6	106	8	(2,17)
1	2026-01-01 12:15:20.000	32377	301	2074	0	356.0	0	7	6	106	8	(2,16)
1	2026-01-01 12:15:21.000	32412	314	2024	0	315.96	1	8	6	106	8	(2,16)
1	2026-01-01 12:15:22.000	32447	343	1952	0	283.43	3	9	6	106	8	(3,15)
1	2026-01-01 12:15:23.000	32482	390	1975	0	256.02	5	10	6	106	5	(3,15)
1	2026-01-01 12:15:24.000	32517	294	1982	0	255.86	6	10	6	106	5	(2,15)
1	2026-01-01 12:15:25.000	32552	372	2083	0	296.32	6	10	6	106	5	(3,16)
1	2026-01-01 12:15:26.000	32587	475	2097	0	270.3	7	10	6	106	5	(4,16)
1	2026-01-01 12:15:27.000	32622	436	2096	0	272.85	6	10	0	106	5	(3,16)
1	2026-01-01 12:15:28.000	32657	508	2107	0	240.02	6	10	0	106	5	(4,16)
1	2026-01-01 12:15:29.000	32692	476	2044	0	204.96	5	10	0	106	5	(4,16)
1	2026-01-01 12:15:30.000	32727	477	2040	0	244.0	6	9	0	106	5	(4,16)
1	2026-01-01 12:15:31.000	32762	367	2116	0	265.06	8	10	0	106	5	(3,17)
1	2026-01-01 12:15:32.000	32797	362	2042	0	237.06	7	10	0	104	5	(3,16)
1	2026-01-01 12:15:33.000	32832	262	2069	0	270.54	5	8	0	104	5	(2,16)
1	2026-01-01 12:15:34.000	32867	348	1971	0	273.16	5	9	0	104	5	(3,15)
1	2026-01-01 12:15:35.000	32902	375	1907	0	251.88	5	10	0	104	5	(3,15)
1	2026-01-01 12:15:36.000	32937	372	1879	0	212.13	3	10	0	104	5	(3,15)
1	2026-01-01 12:15:37.000	32972	370	1774	0	188.6	2	8	0	104	5	(3,14)
1	2026-01-01 12:15:38.000	33007	449	1782	0	214.22	1	7	0	104	5	(4,14)
1	2026-01-01 12:15:39.000	33042	547	1737	0	239.23	2	9	0	104	5	(4,14)
1	2026-01-01 12:15:40.000	33077	594	1846	0	278.64	2	10	0	104	1	(5,14)
1	2026-01-01 12:15:41.000	33112	553	1861	128	299.49	3	10	0	104	1	(4,15)
1	2026-01-01 12:15:42.000	33147	500	1874	128	292.97	5	9	0	104	1	(4,15)
1	2026-01-01 12:15:43.000	33182	460	1794	128	290.33	3	9	0	104	0	(4,14)
1	2026-01-01 12:15:44.000	33217	372	1902	128	334.17	3	10	0	104	0	(3,15)
1	2026-01-01 12:15:45.000	33252	392	1962	128	341.19	2	10	0	104	0	(3,15)
1	2026-01-01 12:15:46.000	33287	444	1941	-16	357.03	2	10	0	104	0	(3,15)
1	2026-01-01 12:15:47.000	33322	368	1880	-16	356.24	1	10	0	104	0	(3,15)
1	2026-01-01 12:15:48.000	33357	280	1832	-16	356.83	0	10	0	104	0	(2,14)
1	2026-01-01 12:15:49.000	33392	252	1838	-16	315.96	1	10	0	104	0	(2,14)
1	2026-01-01 12:15:50.000	33427	250	1820	16	288.3	-1	8	0	104	0	(2,14)
1	2026-01-01 12:15:51.000	33462	179	1809	16	258.15	-3	10	0	104	0	(1,14)
1	2026-01-01 12:15:52.000	33497	246	1704	16	240.21	-5	10	0	104	0	(2,13)
1	2026-01-01 12:15:53.000	33532	183	1734	16	247.16	-7	10	0	104	0	(1,14)
1	2026-01-01 12:15:54.000	33567	222	1750	16	231.12	-8	8	0	104	0	(2,14)
1	2026-01-01 12:15:55.000	33602	260	1664	16	232.56	-6	9	0	104	0	(2,13)
1	2026-01-01 12:15:56.000	33637	247	1625	16	247.64	-6	10	0	101	0	(2,13)
1	2026-01-01 12:15:57.000	33672	152	1684	16	265.89	-6	10	0	101	0	(1,13)
1	2026-01-01 12:15:58.000	33707	174	1663	16	296.74	-8	10	0	101	0	(1,13)
1	2026-01-01 12:15:59.000	33742	179	1769	16	336.41	-7	9	0	101	0	(1,14)
1	2026-01-01 12:16:00.000	33777	89	1801	16	299.41	-8	10	0	101	0	(1,14)
1	2026-01-01 12:16:01.000	33812	35	1802	16	260.36	-10	10	0	101	0	(0,14)
1	2026-01-01 12:16:02.000	33847	127	1707	0	217.9	-10	8	0	101	0	(1,13)
1	2026-01-01 12:16:03.000	33882	21	1662	0	255.32	-8	10	0	101	0	(0,13)
1	2026-01-01 12:16:04.000	33917	-51	1671	0	279.42	-10	10	0	101	0	(0,13)
1	2026-01-01 12:16:05.000	33952	-52	1704	0	286.03	-8	10	0	101	0	(0,13)
1	2026-01-01 12:16:06.000	33987	-88	1725	0	282.55	-6	8	0	101	0	(-1,13)
1	2026-01-01 12:16:07.000	34022	-165	1830	0	304.68	-7	10	0	101	0	(-1,14)
1	2026-01-01 12:16:08.000	34057	-172	1825	0	321.2	-8	10	0	101	0	(-1,14)
1	2026-01-01 12:16:09.000	34092	-110	1929	0	321.41	-7	8	0	101	0	(-1,15)
1	2026-01-01 12:16:10.000	34127	-5	1971	0	316.9	-6	8	0	101	0	(0,15)
1	2026-01-01 12:16:11.000	34162	-105	1979	0	300.53	-4	6	0	101	0	(-1,15)
1	2026-01-01 12:16:12.000	34197	-154	1940	0	297.62	-5	8	0	101	0	(-1,15)
1	2026-01-01 12:16:13.000	34232	-150	1892	0	310.65	-4	6	0	101	0	(-1,15)
1	2026-01-01 12:16:14.000	34267	-226	1799	24	288.02	-3	5	0	101	0	(-2,14)
1	2026-01-01 12:16:15.000	34302	-154	1887	24	303.88	-5	4	0	101	0	(-1,15)
1	2026-01-01 12:16:16.000	34337	-133	1910	24	307.25	-6	2	0	101	0	(-1,15)
1	2026-01-01 12:16:17.000	34372	-211	1848	24	323.9	-8	3	0	101	0	(-2,14)
1	2026-01-01 12:16:18.000	34407	-158	1877	24	6.34	-7	1	0	101	0	(-1,15)
1	2026-01-01 12:16:19.000	34442	-56	1916	24	355.28	-5	1	0	101	0	(0,15)
1	2026-01-01 12:16:20.000	34477	-5	1984	24	20.42	-4	0	0	101	0	(0,16)
1	2026-01-01 12:16:21.000	34512	-79	2090	24	344.52	-6	-1	0	101	0	(-1,16)
1	2026-01-01 12:16:22.000	34547	-121	2181	24	329.54	-8	-3	0	101	0	(-1,17)
1	2026-01-01 12:16:23.000	34582	-193	2115	24	291.63	-6	-5	0	101	0	(-2,17)
1	2026-01-01 12:16:24.000	34617	-243	2080	24	254.72	-8	-4	0	101	0	(-2,16)
1	2026-01-01 12:16:25.000	34652	-147	2016	24	295.97	-8	-6	0	101	0	(-1,16)
1	2026-01-01 12:16:26.000	34687	-168	2073	24	287.93	-6	-8	0	101	0	(-1,16)
1	2026-01-01 12:16:27.000	34722	-164	2038	24	266.5	-8	-10	0	101	0	(-1,16)
1	2026-01-01 12:16:28.000	34757	-208	2046	24	223.27	-9	-9	0	101	0	(-2,16)
1	2026-01-01 12:16:29.000	34792	-251	1952	24	206.08	-10	-10	0	101	0	(-2,15)
1	2026-01-01 12:16:30.000	34827	-273	1848	24	212.45	-10	-10	0	101	0	(-2,14)
1	2026-01-01 12:16:31.000	34862	-230	1777	24	221.54	-9	-10	0	101	0	(-2,14)
1	2026-01-01 12:16:32.000	34897	-182	1834	24	229.0	-10	-10	0	101	0	(-1,14)
1	2026-01-01 12:16:33.000	34932	-110	1730	24	249.96	-10	-9	0	101	0	(-1,14)
1	2026-01-01 12:16:34.000	34967	-47	1808	24	289.75	-10	-7	0	101	0	(0,14)
1	2026-01-01 12:16:35.000	35002	-32	1889	24	315.43	-9	-7	0	101	0	(0,15)
1	2026-01-01 12:16:36.000	35037	-142	1785	24	308.91	-7	-8	0	101	0	(-1,14)
1	2026-01-01 12:16:37.000	35072	-146	1801	24	315.26	-7	-10	7	101	0	(-1,14)
1	2026-01-01 12:16:38.000	35107	-198	1871	24	299.62	-8	-10	7	101	0	(-2,15)
1	2026-01-01 12:16:39.000	35142	-124	1796	24	319.28	-6	-9	7	101	0	(-1,14)
1	2026-01-01 12:16:40.000	35177	-208	1754	24	345.68	-4	-9	7	101	0	(-2,14)
1	2026-01-01 12:16:41.000	35212	-244	1717	24	335.44	-2	-10	7	101	0	(-2,13)
1	2026-01-01 12:16:42.000	35247	-295	1643	24	17.82	-2	-9	7	101	0	(-2,13)
1	2026-01-01 12:16:43.000	35282	-305	1664	24	39.97	0	-10	7	101	0	(-2,13)
1	2026-01-01 12:16:44.000	35317	-293	1642	24	49.96	2	-10	7	101	0	(-2,13)
1	2026-01-01 12:16:45.000	35352	-253	1608	24	65.06	2	-9	7	101	0	(-2,13)
1	2026-01-01 12:16:46.000	35387	-292	1684	24	53.74	4	-10	0	101	0	(-2,13)
1	2026-01-01 12:16:47.000	35422	-368	1757	24	57.68	4	-9	0	101	0	(-3,14)
1	2026-01-01 12:16:48.000	35457	-434	1694	24	15.04	2	-8	0	101	0	(-3,13)
1	2026-01-01 12:16:49.000	35492	-412	1648	24	22.64	1	-8	0	101	0	(-3,13)
1	2026-01-01 12:16:50.000	35527	-382	1572	24	43.17	1	-7	0	101	0	(-3,12)
1	2026-01-01 12:16:51.000	35562	-361	1508	0	13.57	3	-5	0	101	0	(-3,12)
1	2026-01-01 12:16:52.000	35597	-451	1452	0	333.04	4	-3	0	101	0	(-4,11)
1	2026-01-01 12:16:53.000	35632	-518	1464	0	341.83	2	-4	0	101	0	(-4,11)
1	2026-01-01 12:16:54.000	35667	-543	1555	0	351.94	4	-5	0	101	0	(-4,12)
1	2026-01-01 12:16:55.000	35702	-512	1446	0	23.95	4	-7	0	101	0	(-4,11)
1	2026-01-01 12:16:56.000	35737	-484	1419	0	352.31	2	-6	0	101	0	(-4,11)
1	2026-01-01 12:16:57.000	35772	-511	1338	0	32.46	0	-4	0	101	0	(-4,10)
1	2026-01-01 12:16:58.000	35807	-474	1299	0	70.1	1	-4	0	101	0	(-4,10)
1	2026-01-01 12:16:59.000	35842	-521	1309	0	36.43	3	-3	0	101	0	(-4,10)
1	2026-01-01 12:17:00.000	35877	-498	1375	0	9.77	5	-3	0	101	0	(-4,11)
1	2026-01-01 12:17:01.000	35912	-523	1344	0	52.77	6	-5	0	101	0	(-4,10)
1	2026-01-01 12:17:02.000	35947	-439	1316	16	80.06	8	-3	0	101	0	(-3,10)
1	2026-01-01 12:17:03.000	35982	-490	1299	16	52.04	6	-5	0	101	0	(-4,10)
1	2026-01-01 12:17:04.000	36017	-408	1350	16	14.84	4	-5	0	101	0	(-3,11)
1	2026-01-01 12:17:05.000	36052	-380	1359	16	334.92	4	-6	0	101	0	(-3,11)
1	2026-01-01 12:17:06.000	36087	-284	1335	16	344.99	6	-4	0	101	0	(-2,10)
1	2026-01-01 12:17:07.000	36122	-335	1325	16	358.86	7	-5	0	101	10	(-3,10)
1	2026-01-01 12:17:08.000	36157	-306	1229	16	34.02	5	-3	0	94	10	(-2,10)
1	2026-01-01 12:17:09.000	36192	-271	1329	0	55.08	5	-3	0	94	10	(-2,10)
1	2026-01-01 12:17:10.000	36227	-293	1291	0	88.61	7	-5	0	94	10	(-2,10)
1	2026-01-01 12:17:11.000	36262	-251	1233	0	46.18	7	-3	0	94	9	(-2,10)
1	2026-01-01 12:17:12.000	36297	-205	1261	0	9.59	7	-2	0	94	9	(-2,10)
1	2026-01-01 12:17:13.000	36332	-111	1249	0	350.51	6	-1	0	94	9	(-1,10)
1	2026-01-01 12:17:14.000	36367	-54	1249	0	330.54	8	-3	0	94	9	(0,10)
1	2026-01-01 12:17:15.000	36402	-10	1180	40	0.21	6	-3	0	94	9	(0,9)
1	2026-01-01 12:17:16.000	36437	-72	1091	40	2.48	5	-1	0	94	9	(-1,9)
1	2026-01-01 12:17:17.000	36472	-155	1184	40	330.78	6	1	0	94	9	(-1,9)
1	2026-01-01 12:17:18.000	36507	-85	1234	40	346.23	8	2	0	94	9	(-1,10)
1	2026-01-01 12:17:19.000	36542	-6	1232	40	312.8	6	3	0	94	9	(0,10)
1	2026-01-01 12:17:20.000	36577	-74	1310	40	307.39	8	1	0	94	9	(-1,10)
1	2026-01-01 12:17:21.000	36612	-85	1319	40	301.51	7	1	0	94	9	(-1,10)
1	2026-01-01 12:17:22.000	36647	-115	1336	40	264.83	8	2	0	94	9	(-1,10)
1	2026-01-01 12:17:23.000	36682	-73	1326	40	225.57	8	0	0	94	9	(-1,10)
1	2026-01-01 12:17:24.000	36717	-98	1293	40	264.35	10	-2	0	94	8	(-1,10)
1	2026-01-01 12:17:25.000	36752	3	1340	40	260.46	9	0	0	94	8	(0,10)
1	2026-01-01 12:17:26.000	36787	83	1332	40	259.2	10	1	0	94	8	(1,10)
1	2026-01-01 12:17:27.000	36822	123	1373	40	258.65	10	2	0	94	8	(1,11)
1	2026-01-01 12:17:28.000	36857	153	1322	40	252.85	10	3	0	94	6	(1,10)
1	2026-01-01 12:17:29.000	36892	238	1410	40	245.51	10	1	0	94	6	(2,11)
1	2026-01-01 12:17:30.000	36927	347	1406	40	231.41	10	0	0	94	6	(3,11)
1	2026-01-01 12:17:31.000	36962	448	1411	40	269.24	10	-1	0	94	6	(4,11)
1	2026-01-01 12:17:32.000	36997	351	1343	40	253.43	9	-3	0	94	6	(3,10)
1	2026-01-01 12:17:33.000	37032	380	1430	40	297.45	10	-5	0	94	6	(3,11)
1	2026-01-01 12:17:34.000	37067	485	1509	40	302.45	10	-6	0	94	6	(4,12)
1	2026-01-01 12:17:35.000	37102	519	1437	40	267.42	10	-6	0	94	6	(4,11)
1	2026-01-01 12:17:36.000	37137	458	1493	40	277.46	10	-5	0	94	6	(4,12)
1	2026-01-01 12:17:37.000	37172	348	1407	40	278.53	8	-4	0	94	6	(3,11)
1	2026-01-01 12:17:38.000	37207	444	1489	40	266.62	6	-5	0	94	5	(3,12)
1	2026-01-01 12:17:39.000	37242	411	1447	40	311.06	4	-3	0	94	5	(3,11)
1	2026-01-01 12:17:40.000	37277	389	1388	40	303.05	5	-4	0	94	5	(3,11)
1	2026-01-01 12:17:41.000	37312	310	1439	40	346.2	6	-4	0	94	4	(2,11)
1	2026-01-01 12:17:42.000	37347	274	1374	40	312.82	5	-5	0	94	4	(2,11)
1	2026-01-01 12:17:43.000	37382	371	1417	40	323.85	5	-7	0	94	4	(3,11)
1	2026-01-01 12:17:44.000	37417	475	1510	40	6.45	6	-9	0	94	4	(4,12)
1	2026-01-01 12:17:45.000	37452	492	1594	40	36.59	4	-10	0	94	1	(4,12)
1	2026-01-01 12:17:46.000	37487	429	1649	40	74.71	2	-10	0	94	1	(3,13)
1	2026-01-01 12:17:47.000	37522	534	1691	40	61.96	1	-8	0	94	1	(4,13)
1	2026-01-01 12:17:48.000	37557	426	1623	40	47.61	0	-6	0	94	1	(3,13)
1	2026-01-01 12:17:49.000	37592	407	1631	40	45.19	2	-5	0	94	1	(3,13)
1	2026-01-01 12:17:50.000	37627	492	1539	40	15.14	3	-6	0	94	1	(4,12)
1	2026-01-01 12:17:51.000	37662	485	1437	40	35.58	1	-8	0	94	0	(4,11)
1	2026-01-01 12:17:52.000	37697	537	1473	40	62.43	1	-8	0	94	0	(4,12)
1	2026-01-01 12:17:53.000	37732	504	1447	40	24.66	3	-8	0	94	0	(4,11)
1	2026-01-01 12:17:54.000	37767	410	1393	40	357.93	1	-7	0	94	0	(3,11)
1	2026-01-01 12:17:55.000	37802	487	1436	40	344.58	0	-8	0	94	0	(4,11)
1	2026-01-01 12:17:56.000	37837	421	1540	40	26.32	-1	-7	0	94	0	(3,12)
1	2026-01-01 12:17:57.000	37872	317	1491	40	58.08	0	-5	0	94	0	(2,12)
1	2026-01-01 12:17:58.000	37907	236	1590	40	67.03	-1	-3	0	94	0	(2,12)
1	2026-01-01 12:17:59.000	37942	341	1664	40	41.0	-3	-1	0	94	0	(3,13)
1	2026-01-01 12:18:00.000	37977	240	1654	40	41.85	-5	-1	0	94	0	(2,13)
1	2026-01-01 12:18:01.000	38012	148	1664	40	80.97	-4	-2	0	94	0	(1,13)
1	2026-01-01 12:18:02.000	38047	106	1646	40	72.83	-6	-2	0	94	0	(1,13)
1	2026-01-01 12:18:03.000	38082	71	1602	40	62.48	-8	-4	0	94	0	(1,13)
1	2026-01-01 12:18:04.000	38117	126	1620	40	44.2	-6	-2	0	94	0	(1,13)
1	2026-01-01 12:18:05.000	38152	198	1569	40	1.34	-4	0	0	94	0	(2,12)
1	2026-01-01 12:18:06.000	38187	197	1563	40	38.74	-6	1	0	94	0	(2,12)
1	2026-01-01 12:18:07.000	38222	129	1549	40	57.42	-7	3	0	94	0	(1,12)
1	2026-01-01 12:18:08.000	38257	195	1657	40	38.85	-8	3	0	94	0	(2,13)
1	2026-01-01 12:18:09.000	38292	170	1595	40	358.51	-9	3	0	94	0	(1,12)
1	2026-01-01 12:18:10.000	38327	169	1606	40	10.63	-8	1	0	94	0	(1,13)
1	2026-01-01 12:18:11.000	38362	252	1674	32	10.07	-8	1	0	94	0	(2,13)
1	2026-01-01 12:18:12.000	38397	353	1654	32	353.62	-6	1	0	94	0	(3,13)
1	2026-01-01 12:18:13.000	38432	361	1584	32	322.01	-5	-1	0	94	0	(3,12)
1	2026-01-01 12:18:14.000	38467	350	1603	-16	329.07	-3	0	0	94	0	(3,13)
1	2026-01-01 12:18:15.000	38502	427	1543	-16	286.95	-3	0	0	94	0	(3,12)
1	2026-01-01 12:18:16.000	38537	321	1550	-16	299.37	-4	1	0	94	0	(3,12)
1	2026-01-01 12:18:17.000	38572	257	1606	-16	310.22	-4	-1	0	86	0	(2,13)
1	2026-01-01 12:18:18.000	38607	159	1563	-16	310.92	-2	-3	0	86	0	(1,12)
1	2026-01-01 12:18:19.000	38642	242	1567	-16	312.97	-2	-1	0	86	0	(2,12)
1	2026-01-01 12:18:20.000	38677	256	1665	-16	319.84	0	0	0	86	0	(2,13)
1	2026-01-01 12:18:21.000	38712	262	1716	0	343.95	-2	-1	0	86	0	(2,13)
1	2026-01-01 12:18:22.000	38747	154	1805	0	355.03	-3	-2	0	86	0	(1,14)
1	2026-01-01 12:18:23.000	38782	240	1823	0	337.21	-1	-3	0	86	0	(2,14)
1	2026-01-01 12:18:24.000	38817	234	1901	0	325.97	0	-3	0	86	0	(2,15)
1	2026-01-01 12:18:25.000	38852	148	1894	0	353.43	-2	-5	0	86	0	(1,15)
1	2026-01-01 12:18:26.000	38887	163	1924	0	323.18	-1	-5	0	86	15	(1,15)
1	2026-01-01 12:18:27.000	38922	199	1984	0	347.76	-3	-5	0	86	15	(2,16)
1	2026-01-01 12:18:28.000	38957	268	2017	0	311.16	-2	-5	0	86	15	(2,16)
1	2026-01-01 12:18:29.000	38992	205	2096	0	272.25	0	-7	0	86	15	(2,16)
1	2026-01-01 12:18:30.000	39027	106	2135	0	243.49	-2	-6	0	86	15	(1,17)
1	2026-01-01 12:18:31.000	39062	169	2143	0	203.96	-3	-6	0	86	15	(1,17)
1	2026-01-01 12:18:32.000	39097	279	2033	0	202.5	-1	-7	0	86	15	(2,16)
1	2026-01-01 12:18:33.000	39132	175	2053	0	236.65	1	-6	0	86	15	(1,16)
1	2026-01-01 12:18:34.000	39167	205	1987	0	242.91	1	-8	0	86	15	(2,16)
1	2026-01-01 12:18:35.000	39202	237	1954	0	222.97	-1	-9	0	86	15	(2,15)
1	2026-01-01 12:18:36.000	39237	202	1871	0	239.59	-1	-7	0	86	15	(2,15)
1	2026-01-01 12:18:37.000	39272	254	1916	0	209.6	-2	-6	0	79	10	(2,15)
1	2026-01-01 12:18:38.000	39307	318	1968	0	180.11	-4	-8	0	71	10	(2,15)
1	2026-01-01 12:18:39.000	39342	364	1895	0	148.54	-5	-10	0	71	10	(3,15)
1	2026-01-01 12:18:40.000	39377	452	1829	0	168.06	-3	-10	0	71	6	(4,14)
1	2026-01-01 12:18:41.000	39412	484	1853	0	207.13	-1	-10	0	71	6	(4,14)
1	2026-01-01 12:18:42.000	39447	549	1792	0	173.55	-2	-10	0	71	6	(4,14)
1	2026-01-01 12:18:43.000	39482	569	1863	0	136.99	-4	-10	0	71	6	(4,15)
1	2026-01-01 12:18:44.000	39517	479	1952	0	115.39	-4	-10	0	71	6	(4,15)
1	2026-01-01 12:18:45.000	39552	543	2005	0	126.02	-2	-8	0	71	6	(4,16)
1	2026-01-01 12:18:46.000	39587	488	2020	0	103.8	-3	-10	0	71	6	(4,16)
1	2026-01-01 12:18:47.000	39622	570	1923	0	94.81	-4	-10	0	63	6	(4,15)
1	2026-01-01 12:18:48.000	39657	608	1945	0	89.57	-2	-10	0	63	6	(5,15)
1	2026-01-01 12:18:49.000	39692	552	1962	0	113.5	-3	-8	0	63	6	(4,15)
1	2026-01-01 12:18:50.000	39727	553	2004	0	134.33	-5	-8	0	63	6	(4,16)
1	2026-01-01 12:18:51.000	39762	633	2067	0	170.46	-7	-9	0	63	6	(5,16)
1	2026-01-01 12:18:52.000	39797	691	1991	0	193.35	-8	-9	0	63	5	(5,16)
1	2026-01-01 12:18:53.000	39832	609	1995	0	177.26	-10	-10	0	63	5	(5,16)
1	2026-01-01 12:18:54.000	39867	682	1962	0	210.24	-9	-9	0	63	5	(5,15)
1	2026-01-01 12:18:55.000	39902	696	2012	0	209.49	-10	-8	0	63	5	(5,16)
1	2026-01-01 12:18:56.000	39937	642	2074	-16	225.37	-8	-9	0	63	5	(5,16)
1	2026-01-01 12:18:57.000	39972	734	2139	-16	182.01	-8	-9	0	63	5	(6,17)
1	2026-01-01 12:18:58.000	40007	692	2081	-16	146.5	-9	-9	0	63	5	(5,16)
1	2026-01-01 12:18:59.000	40042	713	2131	-16	178.73	-9	-7	0	63	5	(6,17)
1	2026-01-01 12:19:00.000	40077	638	2198	-16	149.7	-8	-8	0	63	5	(5,17)
1	2026-01-01 12:19:01.000	40112	629	2141	-8	183.38	-6	-6	0	63	5	(5,17)
1	2026-01-01 12:19:02.000	40147	657	2047	-8	215.03	-8	-7	0	63	5	(5,16)
1	2026-01-01 12:19:03.000	40182	738	2041	-8	246.23	-6	-5	0	63	4	(6,16)
1	2026-01-01 12:19:04.000	40217	827	1975	-8	230.3	-7	-4	0	63	4	(6,15)
1	2026-01-01 12:19:05.000	40252	761	2083	-8	205.48	-5	-4	0	63	4	(6,16)
1	2026-01-01 12:19:06.000	40287	680	2148	-8	191.42	-5	-5	0	63	3	(5,17)
1	2026-01-01 12:19:07.000	40322	643	2055	-8	211.97	-5	-6	0	63	3	(5,16)
1	2026-01-01 12:19:08.000	40357	645	2064	-8	176.83	-6	-5	0	63	3	(5,16)
1	2026-01-01 12:19:09.000	40392	608	2148	-8	199.49	-6	-4	0	63	3	(5,17)
1	2026-01-01 12:19:10.000	40427	522	2147	-8	217.05	-4	-3	0	63	3	(4,17)
1	2026-01-01 12:19:11.000	40462	495	2098	-8	240.1	-3	-5	0	63	2	(4,16)
1	2026-01-01 12:19:12.000	40497	445	2017	-8	284.38	-2	-3	0	63	0	(3,16)
1	2026-01-01 12:19:13.000	40532	381	1954	-8	267.97	-4	-4	0	63	0	(3,15)
1	2026-01-01 12:19:14.000	40567	338	2012	-8	285.4	-4	-4	0	63	0	(3,16)
1	2026-01-01 12:19:15.000	40602	302	1974	-8	312.13	-2	-5	0	63	0	(2,15)
1	2026-01-01 12:19:16.000	40637	389	2011	-8	334.24	-1	-3	0	56	0	(3,16)
1	2026-01-01 12:19:17.000	40672	300	2111	-8	339.72	0	-2	0	56	0	(2,16)
1	2026-01-01 12:19:18.000	40707	197	2154	-8	301.01	1	0	0	56	0	(2,17)
1	2026-01-01 12:19:19.000	40742	180	2155	40	299.06	3	-2	0	56	0	(1,17)
1	2026-01-01 12:19:20.000	40777	274	2242	40	299.73	4	-3	0	56	0	(2,18)
1	2026-01-01 12:19:21.000	40812	254	2310	0	266.67	2	-4	0	56	0	(2,18)
1	2026-01-01 12:19:22.000	40847	302	2301	0	280.94	2	-3	0	56	0	(2,18)
1	2026-01-01 12:19:23.000	40882	349	2347	0	255.38	2	-5	0	56	0	(3,18)
1	2026-01-01 12:19:24.000	40917	316	2425	0	269.15	4	-7	0	56	0	(2,19)
1	2026-01-01 12:19:25.000	40952	245	2315	0	269.94	2	-5	0	56	0	(2,18)
1	2026-01-01 12:19:26.000	40987	230	2308	0	273.5	2	-7	0	56	0	(2,18)
1	2026-01-01 12:19:27.000	41022	333	2316	0	261.22	0	-9	0	56	0	(3,18)
1	2026-01-01 12:19:28.000	41057	255	2250	0	246.49	0	-10	0	56	0	(2,18)
1	2026-01-01 12:19:29.000	41092	318	2339	0	252.8	0	-10	0	56	0	(2,18)
1	2026-01-01 12:19:30.000	41127	328	2341	0	221.17	0	-9	0	56	0	(3,18)
1	2026-01-01 12:19:31.000	41162	357	2232	0	212.23	1	-10	0	56	0	(3,17)
1	2026-01-01 12:19:32.000	41197	300	2241	0	232.05	-1	-9	0	56	0	(2,18)
1	2026-01-01 12:19:33.000	41232	254	2137	0	248.14	-1	-9	0	56	0	(2,17)
1	2026-01-01 12:19:34.000	41267	287	2103	0	209.53	1	-9	0	56	0	(2,16)
1	2026-01-01 12:19:35.000	41302	391	2144	0	185.6	0	-10	0	56	0	(3,17)
1	2026-01-01 12:19:36.000	41337	440	2096	0	223.9	-1	-9	0	56	0	(3,16)
1	2026-01-01 12:19:37.000	41372	416	2157	0	241.72	-1	-10	0	56	0	(3,17)
1	2026-01-01 12:19:38.000	41407	407	2098	8	279.91	-1	-10	0	56	0	(3,16)
1	2026-01-01 12:19:39.000	41442	451	2112	8	267.32	1	-8	0	56	0	(4,16)
1	2026-01-01 12:19:40.000	41477	450	2184	8	260.06	3	-10	0	56	0	(4,17)
1	2026-01-01 12:19:41.000	41512	504	2151	8	278.52	4	-10	0	56	0	(4,17)
1	2026-01-01 12:19:42.000	41547	568	2159	24	235.62	4	-9	0	56	0	(4,17)
1	2026-01-01 12:19:43.000	41582	650	2233	24	211.47	5	-9	0	56	0	(5,17)
1	2026-01-01 12:19:44.000	41617	661	2239	32	171.09	5	-10	0	56	0	(5,17)
1	2026-01-01 12:19:45.000	41652	565	2339	32	159.16	3	-8	0	56	0	(4,18)
1	2026-01-01 12:19:46.000	41687	637	2333	32	117.67	4	-8	0	56	0	(5,18)
1	2026-01-01 12:19:47.000	41722	658	2356	32	90.82	6	-9	0	56	0	(5,18)
1	2026-01-01 12:19:48.000	41757	723	2288	32	90.98	6	-7	0	56	0	(6,18)
1	2026-01-01 12:19:49.000	41792	769	2292	32	128.43	6	-6	0	56	14	(6,18)
1	2026-01-01 12:19:50.000	41827	763	2399	32	91.53	7	-5	0	56	14	(6,19)
1	2026-01-01 12:19:51.000	41862	753	2325	32	132.33	9	-7	0	56	14	(6,18)
1	2026-01-01 12:19:52.000	41897	658	2409	32	94.99	8	-7	0	56	14	(5,19)
1	2026-01-01 12:19:53.000	41932	566	2450	32	91.75	7	-6	0	56	14	(4,19)
1	2026-01-01 12:19:54.000	41967	484	2549	32	106.96	9	-8	0	56	14	(4,20)
1	2026-01-01 12:19:55.000	42002	512	2495	32	88.6	10	-10	0	56	14	(4,19)
1	2026-01-01 12:19:56.000	42037	435	2437	32	63.64	9	-10	0	56	10	(3,19)
1	2026-01-01 12:19:57.000	42072	440	2416	32	28.05	7	-10	0	56	10	(3,19)
1	2026-01-01 12:19:58.000	42107	513	2422	32	43.71	6	-8	0	56	10	(4,19)
1	2026-01-01 12:19:59.000	42142	458	2404	32	31.68	8	-7	0	56	10	(4,19)
2	2026-01-01 14:00:00.000	177	-1686	-975	40	12.73	3	-2	99	93	48	(-13,-8)
2	2026-01-01 14:00:01.000	212	-1623	-916	40	20.59	3	-2	99	93	48	(-13,-7)
2	2026-01-01 14:00:02.000	247	-1733	-865	40	16.28	5	-1	99	93	47	(-14,-7)
2	2026-01-01 14:00:03.000	282	-1770	-871	40	20.0	3	-3	99	93	47	(-14,-7)
2	2026-01-01 14:00:04.000	317	-1707	-897	40	38.68	2	-3	99	93	47	(-13,-7)
2	2026-01-01 14:00:05.000	352	-1611	-983	40	35.08	2	-3	99	93	47	(-13,-8)
2	2026-01-01 14:00:06.000	387	-1602	-1091	40	65.07	4	-5	99	93	47	(-13,-9)
2	2026-01-01 14:00:07.000	422	-1551	-1054	40	80.09	3	-3	99	93	47	(-12,-8)
2	2026-01-01 14:00:08.000	457	-1528	-1114	40	97.88	1	-3	99	93	47	(-12,-9)
2	2026-01-01 14:00:09.000	492	-1423	-1038	40	80.51	0	-2	99	93	46	(-11,-8)
2	2026-01-01 14:00:10.000	527	-1398	-1095	40	76.5	-1	-2	99	93	42	(-11,-9)
2	2026-01-01 14:00:11.000	562	-1309	-1198	24	53.91	0	-2	99	93	40	(-10,-9)
2	2026-01-01 14:00:12.000	597	-1211	-1278	8	71.2	-2	-4	99	93	35	(-9,-10)
2	2026-01-01 14:00:13.000	632	-1311	-1219	8	78.39	-3	-4	91	93	35	(-10,-10)
2	2026-01-01 14:00:14.000	667	-1382	-1288	8	65.03	-1	-4	91	93	35	(-11,-10)
2	2026-01-01 14:00:15.000	702	-1456	-1250	8	35.82	-1	-4	87	93	35	(-11,-10)
2	2026-01-01 14:00:16.000	737	-1347	-1313	8	59.49	-1	-5	87	93	35	(-11,-10)
2	2026-01-01 14:00:17.000	772	-1317	-1308	8	21.3	-1	-3	87	93	35	(-10,-10)
2	2026-01-01 14:00:18.000	807	-1397	-1373	8	359.11	1	-4	87	93	35	(-11,-11)
2	2026-01-01 14:00:19.000	842	-1344	-1394	8	332.48	2	-4	87	93	35	(-10,-11)
2	2026-01-01 14:00:20.000	877	-1317	-1413	8	333.32	3	-4	87	93	35	(-10,-11)
2	2026-01-01 14:00:21.000	912	-1410	-1435	8	349.14	5	-2	87	93	35	(-11,-11)
2	2026-01-01 14:00:22.000	947	-1494	-1477	8	4.38	5	0	87	93	35	(-12,-12)
2	2026-01-01 14:00:23.000	982	-1485	-1483	24	329.69	6	2	80	93	35	(-12,-12)
2	2026-01-01 14:00:24.000	1017	-1469	-1517	24	357.28	4	0	80	93	35	(-11,-12)
2	2026-01-01 14:00:25.000	1052	-1444	-1472	24	314.76	4	2	80	93	34	(-11,-12)
2	2026-01-01 14:00:26.000	1087	-1500	-1418	24	280.27	5	4	80	93	34	(-12,-11)
2	2026-01-01 14:00:27.000	1122	-1507	-1369	24	304.42	3	2	80	93	34	(-12,-11)
2	2026-01-01 14:00:28.000	1157	-1463	-1270	24	339.11	2	0	80	93	33	(-11,-10)
2	2026-01-01 14:00:29.000	1192	-1541	-1293	24	19.61	3	-1	80	93	33	(-12,-10)
2	2026-01-01 14:00:30.000	1227	-1495	-1259	24	43.28	3	1	80	93	33	(-12,-10)
2	2026-01-01 14:00:31.000	1262	-1417	-1355	24	56.42	2	-1	80	93	33	(-11,-11)
2	2026-01-01 14:00:32.000	1297	-1361	-1448	24	62.39	3	-3	74	93	33	(-11,-11)
2	2026-01-01 14:00:33.000	1332	-1444	-1502	24	104.91	1	-1	74	93	33	(-11,-12)
2	2026-01-01 14:00:34.000	1367	-1463	-1446	24	136.1	-1	-2	74	106	28	(-11,-11)
2	2026-01-01 14:00:35.000	1402	-1412	-1406	24	115.4	0	-3	74	106	28	(-11,-11)
2	2026-01-01 14:00:36.000	1437	-1381	-1350	24	71.15	2	-3	74	106	28	(-11,-11)
2	2026-01-01 14:00:37.000	1472	-1421	-1376	0	74.36	2	-1	74	106	23	(-11,-11)
2	2026-01-01 14:00:38.000	1507	-1407	-1454	0	59.58	3	0	74	106	23	(-11,-11)
2	2026-01-01 14:00:39.000	1542	-1508	-1461	0	54.19	1	2	65	106	23	(-12,-11)
2	2026-01-01 14:00:40.000	1577	-1405	-1386	8	53.28	1	1	65	106	23	(-11,-11)
2	2026-01-01 14:00:41.000	1612	-1429	-1443	8	70.23	2	0	65	106	23	(-11,-11)
2	2026-01-01 14:00:42.000	1647	-1498	-1468	8	101.62	1	-1	65	106	23	(-12,-11)
2	2026-01-01 14:00:43.000	1682	-1607	-1529	8	77.32	2	1	85	106	23	(-13,-12)
2	2026-01-01 14:00:44.000	1717	-1676	-1593	8	103.29	2	0	85	106	34	(-13,-12)
2	2026-01-01 14:00:45.000	1752	-1752	-1691	8	75.19	1	0	85	106	34	(-14,-13)
2	2026-01-01 14:00:46.000	1787	-1830	-1777	8	58.44	-1	-2	85	106	34	(-14,-14)
2	2026-01-01 14:00:47.000	1822	-1844	-1700	8	69.49	-1	0	85	106	34	(-14,-13)
2	2026-01-01 14:00:48.000	1857	-1879	-1605	8	52.86	-2	0	85	106	34	(-15,-13)
2	2026-01-01 14:00:49.000	1892	-1936	-1693	8	53.17	-3	2	85	106	34	(-15,-13)
2	2026-01-01 14:00:50.000	1927	-1892	-1783	8	16.94	-1	0	85	106	34	(-15,-14)
2	2026-01-01 14:00:51.000	1962	-1973	-1875	8	55.13	-1	2	85	106	34	(-15,-15)
2	2026-01-01 14:00:52.000	1997	-2037	-1877	8	53.55	-1	0	85	106	34	(-16,-15)
2	2026-01-01 14:00:53.000	2032	-2016	-1924	8	32.01	-3	-1	85	106	34	(-16,-15)
2	2026-01-01 14:00:54.000	2067	-1949	-1898	8	0.83	-5	-1	85	106	34	(-15,-15)
2	2026-01-01 14:00:55.000	2102	-1945	-1904	8	44.07	-3	0	85	106	34	(-15,-15)
2	2026-01-01 14:00:56.000	2137	-2031	-1935	8	33.44	-3	0	85	106	34	(-16,-15)
2	2026-01-01 14:00:57.000	2172	-2116	-1839	8	14.21	-4	2	85	106	34	(-17,-14)
2	2026-01-01 14:00:58.000	2207	-2205	-1755	8	35.23	-2	1	85	106	34	(-17,-14)
2	2026-01-01 14:00:59.000	2242	-2204	-1652	8	37.55	-1	3	85	106	34	(-17,-13)
2	2026-01-01 14:01:00.000	2277	-2278	-1662	8	60.31	-3	5	85	106	33	(-18,-13)
2	2026-01-01 14:01:01.000	2312	-2216	-1654	8	39.44	-1	7	85	106	33	(-17,-13)
2	2026-01-01 14:01:02.000	2347	-2190	-1602	8	23.09	-1	9	85	106	33	(-17,-13)
2	2026-01-01 14:01:03.000	2382	-2293	-1637	8	10.3	0	9	85	106	33	(-18,-13)
2	2026-01-01 14:01:04.000	2417	-2396	-1604	8	335.68	-1	10	85	106	33	(-19,-13)
2	2026-01-01 14:01:05.000	2452	-2341	-1565	8	14.27	-3	10	85	106	33	(-18,-12)
2	2026-01-01 14:01:06.000	2487	-2266	-1471	8	55.28	-1	10	85	106	50	(-18,-11)
2	2026-01-01 14:01:07.000	2522	-2161	-1568	8	34.45	0	10	85	106	48	(-17,-12)
2	2026-01-01 14:01:08.000	2557	-2202	-1640	8	56.55	-2	10	85	106	48	(-17,-13)
2	2026-01-01 14:01:09.000	2592	-2143	-1730	8	59.95	-1	10	85	106	46	(-17,-14)
2	2026-01-01 14:01:10.000	2627	-2108	-1743	8	18.09	-2	10	85	106	46	(-16,-14)
2	2026-01-01 14:01:11.000	2662	-2149	-1671	8	59.82	-3	10	85	106	46	(-17,-13)
2	2026-01-01 14:01:12.000	2697	-2233	-1565	8	53.75	-3	10	85	106	46	(-17,-12)
2	2026-01-01 14:01:13.000	2732	-2233	-1610	8	45.81	-5	10	85	106	46	(-17,-13)
2	2026-01-01 14:01:14.000	2767	-2159	-1709	8	11.83	-5	10	85	106	46	(-17,-13)
2	2026-01-01 14:01:15.000	2802	-2082	-1784	8	354.45	-5	9	85	106	46	(-16,-14)
2	2026-01-01 14:01:16.000	2837	-2048	-1841	8	320.78	-3	10	85	106	46	(-16,-14)
2	2026-01-01 14:01:17.000	2872	-2125	-1737	8	0.95	-2	10	96	106	46	(-17,-14)
2	2026-01-01 14:01:18.000	2907	-2153	-1710	16	35.18	0	10	96	106	46	(-17,-13)
2	2026-01-01 14:01:19.000	2942	-2182	-1709	16	25.26	0	10	96	106	46	(-17,-13)
2	2026-01-01 14:01:20.000	2977	-2089	-1651	16	53.25	2	9	96	106	44	(-16,-13)
2	2026-01-01 14:01:21.000	3012	-1991	-1714	16	89.58	4	10	96	106	44	(-16,-13)
2	2026-01-01 14:01:22.000	3047	-2042	-1773	16	74.74	2	9	96	106	44	(-16,-14)
2	2026-01-01 14:01:23.000	3082	-2151	-1863	16	45.83	2	10	96	106	42	(-17,-15)
2	2026-01-01 14:01:24.000	3117	-2140	-1905	16	65.04	2	10	96	106	42	(-17,-15)
2	2026-01-01 14:01:25.000	3152	-2096	-1976	16	68.51	0	9	96	106	42	(-16,-15)
2	2026-01-01 14:01:26.000	3187	-2149	-2064	-16	44.98	1	10	96	106	42	(-17,-16)
2	2026-01-01 14:01:27.000	3222	-2080	-2071	-16	6.3	2	9	96	106	42	(-16,-16)
2	2026-01-01 14:01:28.000	3257	-2019	-1997	-16	350.06	3	7	96	106	42	(-16,-16)
2	2026-01-01 14:01:29.000	3292	-2082	-2065	128	28.83	2	9	96	106	42	(-16,-16)
2	2026-01-01 14:01:30.000	3327	-2182	-2159	0	65.43	1	8	96	106	38	(-17,-17)
2	2026-01-01 14:01:31.000	3362	-2232	-2064	0	23.54	2	10	87	106	38	(-17,-16)
2	2026-01-01 14:01:32.000	3397	-2279	-2050	0	4.79	1	10	87	106	38	(-18,-16)
2	2026-01-01 14:01:33.000	3432	-2334	-2011	0	331.54	-1	9	87	106	50	(-18,-16)
2	2026-01-01 14:01:34.000	3467	-2248	-1974	0	349.9	1	10	87	106	50	(-18,-15)
2	2026-01-01 14:01:35.000	3502	-2269	-2073	0	333.88	1	9	87	106	50	(-18,-16)
2	2026-01-01 14:01:36.000	3537	-2260	-1980	0	359.45	-1	10	87	106	50	(-18,-15)
2	2026-01-01 14:01:37.000	3572	-2191	-2043	0	5.12	1	10	87	106	50	(-17,-16)
2	2026-01-01 14:01:38.000	3607	-2278	-1977	0	47.05	-1	8	87	106	50	(-18,-15)
2	2026-01-01 14:01:39.000	3642	-2289	-1999	0	10.75	-2	6	87	106	50	(-18,-16)
2	2026-01-01 14:01:40.000	3677	-2393	-2099	0	353.65	0	8	87	106	50	(-19,-16)
2	2026-01-01 14:01:41.000	3712	-2314	-2124	-16	7.89	0	10	87	106	50	(-18,-17)
2	2026-01-01 14:01:42.000	3747	-2214	-2122	-16	352.72	2	10	87	106	50	(-17,-17)
2	2026-01-01 14:01:43.000	3782	-2183	-2066	-16	312.63	1	10	87	106	48	(-17,-16)
2	2026-01-01 14:01:44.000	3817	-2258	-2126	-16	297.38	1	10	84	106	48	(-18,-17)
2	2026-01-01 14:01:45.000	3852	-2149	-2028	-16	300.16	-1	10	84	106	48	(-17,-16)
2	2026-01-01 14:01:46.000	3887	-2052	-1956	-16	282.55	-1	9	84	106	48	(-16,-15)
2	2026-01-01 14:01:47.000	3922	-1976	-1993	-16	296.14	-1	10	84	106	47	(-15,-16)
2	2026-01-01 14:01:48.000	3957	-1887	-2083	-16	296.22	-1	10	84	106	47	(-15,-16)
2	2026-01-01 14:01:49.000	3992	-1828	-2185	-16	317.26	-1	10	84	106	47	(-14,-17)
2	2026-01-01 14:01:50.000	4027	-1878	-2241	-16	278.3	0	9	84	106	47	(-15,-18)
2	2026-01-01 14:01:51.000	4062	-1901	-2183	-16	238.64	1	10	80	106	47	(-15,-17)
2	2026-01-01 14:01:52.000	4097	-1896	-2141	-16	226.9	3	9	80	106	47	(-15,-17)
2	2026-01-01 14:01:53.000	4132	-1941	-2140	-16	192.1	5	7	80	106	47	(-15,-17)
2	2026-01-01 14:01:54.000	4167	-1936	-2040	56	187.13	3	5	80	106	47	(-15,-16)
2	2026-01-01 14:01:55.000	4202	-1967	-1937	56	196.75	4	4	80	106	47	(-15,-15)
2	2026-01-01 14:01:56.000	4237	-2026	-2021	56	196.24	5	4	80	106	47	(-16,-16)
2	2026-01-01 14:01:57.000	4272	-1972	-1960	56	155.47	5	2	80	106	45	(-15,-15)
2	2026-01-01 14:01:58.000	4307	-2045	-1927	56	153.04	3	1	72	106	45	(-16,-15)
2	2026-01-01 14:01:59.000	4342	-2067	-2017	56	164.58	2	0	72	106	42	(-16,-16)
2	2026-01-01 14:02:00.000	4377	-2101	-2109	56	154.47	4	2	72	106	42	(-16,-16)
2	2026-01-01 14:02:01.000	4412	-2055	-2018	56	185.02	6	3	88	106	42	(-16,-16)
2	2026-01-01 14:02:02.000	4447	-2164	-1926	56	162.61	6	4	88	106	42	(-17,-15)
2	2026-01-01 14:02:03.000	4482	-2129	-1893	56	200.21	4	4	88	106	42	(-17,-15)
2	2026-01-01 14:02:04.000	4517	-2172	-1842	56	238.48	3	2	87	106	37	(-17,-14)
2	2026-01-01 14:02:05.000	4552	-2279	-1827	56	224.47	1	2	87	106	37	(-18,-14)
2	2026-01-01 14:02:06.000	4587	-2330	-1922	56	209.49	1	2	87	106	50	(-18,-15)
2	2026-01-01 14:02:07.000	4622	-2403	-1897	56	221.66	0	4	87	106	50	(-19,-15)
2	2026-01-01 14:02:08.000	4657	-2294	-1810	56	179.25	2	6	87	106	50	(-18,-14)
2	2026-01-01 14:02:09.000	4692	-2326	-1809	56	207.58	1	8	87	106	50	(-18,-14)
2	2026-01-01 14:02:10.000	4727	-2385	-1785	56	182.64	0	7	87	106	50	(-19,-14)
2	2026-01-01 14:02:11.000	4762	-2455	-1798	56	169.37	0	5	87	106	50	(-19,-14)
2	2026-01-01 14:02:12.000	4797	-2436	-1883	56	169.77	-2	3	87	106	50	(-19,-15)
2	2026-01-01 14:02:13.000	4832	-2365	-1948	56	167.4	0	5	87	106	50	(-18,-15)
2	2026-01-01 14:02:14.000	4867	-2311	-1860	56	203.63	-2	7	87	106	50	(-18,-15)
2	2026-01-01 14:02:15.000	4902	-2397	-1911	56	178.13	-2	8	87	106	50	(-19,-15)
2	2026-01-01 14:02:16.000	4937	-2433	-1860	56	182.57	-1	7	87	106	50	(-19,-15)
2	2026-01-01 14:02:17.000	4972	-2479	-1826	56	149.73	-3	8	87	106	50	(-19,-14)
2	2026-01-01 14:02:18.000	5007	-2426	-1870	0	114.3	-3	6	87	106	50	(-19,-15)
2	2026-01-01 14:02:19.000	5042	-2498	-1885	0	70.9	-1	8	87	106	50	(-20,-15)
2	2026-01-01 14:02:20.000	5077	-2415	-1936	0	70.49	-2	8	87	106	47	(-19,-15)
2	2026-01-01 14:02:21.000	5112	-2482	-1849	0	93.08	-4	8	87	106	47	(-19,-14)
2	2026-01-01 14:02:22.000	5147	-2470	-1892	0	109.55	-3	8	87	106	47	(-19,-15)
2	2026-01-01 14:02:23.000	5182	-2538	-1789	0	110.23	-3	6	87	106	47	(-20,-14)
2	2026-01-01 14:02:24.000	5217	-2577	-1778	0	137.69	-1	7	87	106	47	(-20,-14)
2	2026-01-01 14:02:25.000	5252	-2613	-1850	0	156.14	-3	7	87	106	47	(-20,-14)
2	2026-01-01 14:02:26.000	5287	-2535	-1838	0	116.68	-4	8	87	106	47	(-20,-14)
2	2026-01-01 14:02:27.000	5322	-2556	-1798	8	96.6	-3	9	87	106	47	(-20,-14)
2	2026-01-01 14:02:28.000	5357	-2516	-1708	8	136.86	-2	10	87	106	47	(-20,-13)
2	2026-01-01 14:02:29.000	5392	-2570	-1809	8	95.34	-4	10	87	106	47	(-20,-14)
2	2026-01-01 14:02:30.000	5427	-2559	-1791	8	94.49	-2	8	87	106	43	(-20,-14)
2	2026-01-01 14:02:31.000	5462	-2633	-1803	8	107.34	-4	9	87	106	43	(-21,-14)
2	2026-01-01 14:02:32.000	5497	-2689	-1837	8	89.35	-2	10	77	106	43	(-21,-14)
2	2026-01-01 14:02:33.000	5532	-2650	-1888	8	121.11	0	9	77	106	43	(-21,-15)
2	2026-01-01 14:02:34.000	5567	-2621	-1885	8	127.72	2	7	77	106	43	(-20,-15)
2	2026-01-01 14:02:35.000	5602	-2520	-1886	8	103.48	3	8	77	106	39	(-20,-15)
2	2026-01-01 14:02:36.000	5637	-2628	-1830	8	108.78	1	8	77	106	35	(-21,-14)
2	2026-01-01 14:02:37.000	5672	-2573	-1907	8	64.18	0	10	77	106	35	(-20,-15)
2	2026-01-01 14:02:38.000	5707	-2509	-1915	8	30.31	2	10	77	106	35	(-20,-15)
2	2026-01-01 14:02:39.000	5742	-2476	-2019	8	358.34	0	9	77	106	35	(-19,-16)
2	2026-01-01 14:02:40.000	5777	-2408	-1918	8	345.68	-2	10	77	106	35	(-19,-15)
2	2026-01-01 14:02:41.000	5812	-2311	-1893	8	318.78	-3	10	77	106	30	(-18,-15)
2	2026-01-01 14:02:42.000	5847	-2268	-1984	8	314.75	-4	10	77	106	28	(-18,-16)
2	2026-01-01 14:02:43.000	5882	-2311	-2080	8	330.87	-2	10	77	106	28	(-18,-16)
2	2026-01-01 14:02:44.000	5917	-2311	-2122	8	2.2	0	9	77	106	28	(-18,-17)
2	2026-01-01 14:02:45.000	5952	-2293	-2078	56	32.88	1	7	77	106	28	(-18,-16)
2	2026-01-01 14:02:46.000	5987	-2258	-2068	56	30.17	-1	8	77	106	28	(-18,-16)
2	2026-01-01 14:02:47.000	6022	-2171	-2145	56	4.71	0	8	77	106	25	(-17,-17)
2	2026-01-01 14:02:48.000	6057	-2119	-2095	56	329.49	1	7	77	106	25	(-17,-16)
2	2026-01-01 14:02:49.000	6092	-2181	-2060	56	355.32	-1	5	77	106	25	(-17,-16)
2	2026-01-01 14:02:50.000	6127	-2235	-2063	56	337.61	1	7	77	106	20	(-17,-16)
2	2026-01-01 14:02:51.000	6162	-2306	-2158	56	19.77	1	8	77	106	19	(-18,-17)
2	2026-01-01 14:02:52.000	6197	-2288	-2175	56	59.48	0	10	77	106	14	(-18,-17)
2	2026-01-01 14:02:53.000	6232	-2257	-2141	56	26.05	2	8	77	106	13	(-18,-17)
2	2026-01-01 14:02:54.000	6267	-2259	-2113	40	67.12	3	8	77	106	13	(-18,-17)
2	2026-01-01 14:02:55.000	6302	-2205	-2018	40	63.58	1	7	77	106	13	(-17,-16)
2	2026-01-01 14:02:56.000	6337	-2228	-2074	40	84.29	3	9	77	106	13	(-17,-16)
2	2026-01-01 14:02:57.000	6372	-2287	-2125	-16	124.17	4	10	77	106	9	(-18,-17)
2	2026-01-01 14:02:58.000	6407	-2235	-2158	8	90.25	6	10	77	106	4	(-17,-17)
2	2026-01-01 14:02:59.000	6442	-2249	-2224	8	107.92	6	10	77	106	4	(-18,-17)
2	2026-01-01 14:03:00.000	6477	-2287	-2222	8	120.95	4	8	77	106	1	(-18,-17)
2	2026-01-01 14:03:01.000	6512	-2281	-2284	8	153.76	5	6	77	106	0	(-18,-18)
2	2026-01-01 14:03:02.000	6547	-2273	-2324	8	113.12	6	4	77	106	0	(-18,-18)
2	2026-01-01 14:03:03.000	6582	-2344	-2309	128	87.05	4	5	77	106	0	(-18,-18)
2	2026-01-01 14:03:04.000	6617	-2249	-2217	128	117.05	2	3	77	106	0	(-18,-17)
2	2026-01-01 14:03:05.000	6652	-2322	-2308	128	140.88	4	2	77	106	0	(-18,-18)
2	2026-01-01 14:03:06.000	6687	-2305	-2376	128	151.63	5	0	77	106	0	(-18,-19)
2	2026-01-01 14:03:07.000	6722	-2302	-2314	128	168.2	3	2	77	106	0	(-18,-18)
2	2026-01-01 14:03:08.000	6757	-2291	-2293	128	161.46	1	1	77	106	0	(-18,-18)
2	2026-01-01 14:03:09.000	6792	-2266	-2188	128	121.44	-1	0	77	106	0	(-18,-17)
2	2026-01-01 14:03:10.000	6827	-2198	-2088	128	130.14	-3	-2	77	106	0	(-17,-16)
2	2026-01-01 14:03:11.000	6862	-2195	-2005	128	94.55	-3	0	77	106	0	(-17,-16)
2	2026-01-01 14:03:12.000	6897	-2236	-2072	128	126.15	-5	-2	77	106	0	(-17,-16)
2	2026-01-01 14:03:13.000	6932	-2335	-1976	128	126.27	-5	-2	77	106	0	(-18,-15)
2	2026-01-01 14:03:14.000	6967	-2299	-2074	128	108.8	-7	-1	77	106	0	(-18,-16)
2	2026-01-01 14:03:15.000	7002	-2213	-2113	128	139.84	-5	-1	77	106	0	(-17,-17)
2	2026-01-01 14:03:16.000	7037	-2150	-2059	128	106.78	-7	-1	97	106	0	(-17,-16)
2	2026-01-01 14:03:17.000	7072	-2237	-2085	128	82.47	-5	1	97	106	0	(-17,-16)
2	2026-01-01 14:03:18.000	7107	-2221	-2047	128	49.77	-6	3	97	106	0	(-17,-16)
2	2026-01-01 14:03:19.000	7142	-2236	-2101	128	87.68	-7	2	97	106	0	(-17,-16)
2	2026-01-01 14:03:20.000	7177	-2152	-2191	128	80.7	-9	2	97	106	0	(-17,-17)
2	2026-01-01 14:03:21.000	7212	-2096	-2232	128	63.61	-9	2	97	106	12	(-16,-17)
2	2026-01-01 14:03:22.000	7247	-2183	-2342	128	63.13	-8	4	97	106	7	(-17,-18)
2	2026-01-01 14:03:23.000	7282	-2113	-2375	128	75.22	-8	2	93	106	7	(-17,-19)
2	2026-01-01 14:03:24.000	7317	-2151	-2408	128	113.41	-8	0	93	106	7	(-17,-19)
2	2026-01-01 14:03:25.000	7352	-2210	-2416	128	74.65	-9	0	93	106	5	(-17,-19)
2	2026-01-01 14:03:26.000	7387	-2212	-2417	128	70.8	-8	2	93	106	5	(-17,-19)
2	2026-01-01 14:03:27.000	7422	-2127	-2489	128	28.93	-9	1	93	106	5	(-17,-19)
2	2026-01-01 14:03:28.000	7457	-2061	-2465	128	26.42	-7	-1	93	106	5	(-16,-19)
2	2026-01-01 14:03:29.000	7492	-1993	-2365	128	1.98	-8	0	93	106	5	(-16,-18)
2	2026-01-01 14:03:30.000	7527	-2063	-2390	128	26.43	-7	0	93	106	5	(-16,-19)
2	2026-01-01 14:03:31.000	7562	-1955	-2340	128	46.46	-5	1	93	106	5	(-15,-18)
2	2026-01-01 14:03:32.000	7597	-1911	-2408	128	59.89	-3	0	93	106	5	(-15,-19)
2	2026-01-01 14:03:33.000	7632	-2016	-2427	128	50.54	-3	1	93	106	5	(-16,-19)
2	2026-01-01 14:03:34.000	7667	-1956	-2403	56	20.66	-1	1	93	106	5	(-15,-19)
2	2026-01-01 14:03:35.000	7702	-1871	-2427	24	26.09	-3	0	93	106	5	(-15,-19)
2	2026-01-01 14:03:36.000	7737	-1905	-2500	24	5.06	-3	-2	93	106	5	(-15,-20)
2	2026-01-01 14:03:37.000	7772	-1952	-2604	0	39.14	-2	-2	93	106	2	(-15,-20)
2	2026-01-01 14:03:38.000	7807	-1847	-2659	0	49.65	-3	-4	93	106	2	(-14,-21)
2	2026-01-01 14:03:39.000	7842	-1771	-2646	0	86.64	-2	-3	93	106	2	(-14,-21)
2	2026-01-01 14:03:40.000	7877	-1711	-2631	0	99.28	-3	-1	93	106	2	(-13,-21)
2	2026-01-01 14:03:41.000	7912	-1665	-2527	0	104.11	-3	1	93	106	2	(-13,-20)
2	2026-01-01 14:03:42.000	7947	-1595	-2496	0	70.07	-5	2	93	106	0	(-12,-20)
2	2026-01-01 14:03:43.000	7982	-1623	-2404	0	71.98	-6	1	93	106	0	(-13,-19)
2	2026-01-01 14:03:44.000	8017	-1633	-2357	0	44.46	-5	1	93	106	16	(-13,-18)
2	2026-01-01 14:03:45.000	8052	-1541	-2435	0	44.67	-7	1	93	106	12	(-12,-19)
2	2026-01-01 14:03:46.000	8087	-1647	-2355	0	13.25	-6	0	93	106	12	(-13,-18)
2	2026-01-01 14:03:47.000	8122	-1619	-2314	0	358.05	-7	1	93	106	12	(-13,-18)
2	2026-01-01 14:03:48.000	8157	-1650	-2332	0	2.09	-5	-1	93	106	12	(-13,-18)
2	2026-01-01 14:03:49.000	8192	-1543	-2432	0	322.24	-7	-1	93	106	12	(-12,-19)
2	2026-01-01 14:03:50.000	8227	-1511	-2411	0	281.22	-9	-1	93	106	12	(-12,-19)
2	2026-01-01 14:03:51.000	8262	-1558	-2480	0	250.2	-7	1	93	106	12	(-12,-19)
2	2026-01-01 14:03:52.000	8297	-1459	-2453	0	260.03	-9	0	93	106	12	(-11,-19)
2	2026-01-01 14:03:53.000	8332	-1400	-2345	0	223.54	-8	2	93	106	12	(-11,-18)
2	2026-01-01 14:03:54.000	8367	-1412	-2250	0	186.34	-6	1	93	106	12	(-11,-18)
2	2026-01-01 14:03:55.000	8402	-1371	-2310	0	166.79	-6	1	93	106	12	(-11,-18)
2	2026-01-01 14:03:56.000	8437	-1276	-2319	0	160.87	-6	1	93	106	12	(-10,-18)
2	2026-01-01 14:03:57.000	8472	-1288	-2351	0	176.33	-8	3	93	106	12	(-10,-18)
2	2026-01-01 14:03:58.000	8507	-1225	-2302	16	165.61	-6	2	88	106	12	(-10,-18)
2	2026-01-01 14:03:59.000	8542	-1148	-2230	16	183.59	-4	3	88	106	12	(-9,-17)
2	2026-01-01 14:04:00.000	8577	-1157	-2125	16	172.16	-2	3	88	106	12	(-9,-17)
2	2026-01-01 14:04:01.000	8612	-1199	-2185	16	199.43	0	5	88	106	12	(-9,-17)
2	2026-01-01 14:04:02.000	8647	-1098	-2218	16	188.08	0	3	88	106	12	(-9,-17)
2	2026-01-01 14:04:03.000	8682	-1121	-2166	16	181.25	2	1	88	106	12	(-9,-17)
2	2026-01-01 14:04:04.000	8717	-1199	-2074	16	192.69	1	-1	88	106	7	(-9,-16)
2	2026-01-01 14:04:05.000	8752	-1257	-1987	16	221.69	3	0	88	106	7	(-10,-16)
2	2026-01-01 14:04:06.000	8787	-1231	-1895	16	252.39	4	-2	88	106	2	(-10,-15)
2	2026-01-01 14:04:07.000	8822	-1144	-1844	16	282.83	6	-1	88	106	2	(-9,-14)
2	2026-01-01 14:04:08.000	8857	-1215	-1924	16	240.97	7	-3	88	106	2	(-9,-15)
2	2026-01-01 14:04:09.000	8892	-1128	-1836	16	236.91	8	-4	88	106	2	(-9,-14)
2	2026-01-01 14:04:10.000	8927	-1187	-1930	16	242.71	7	-3	88	106	2	(-9,-15)
2	2026-01-01 14:04:11.000	8962	-1176	-1898	16	259.67	5	-2	88	106	0	(-9,-15)
2	2026-01-01 14:04:12.000	8997	-1268	-1968	16	270.35	6	-4	88	106	0	(-10,-15)
2	2026-01-01 14:04:13.000	9032	-1280	-2072	16	269.22	7	-4	88	106	0	(-10,-16)
2	2026-01-01 14:04:14.000	9067	-1382	-2116	16	253.72	6	-6	88	106	0	(-11,-17)
2	2026-01-01 14:04:15.000	9102	-1488	-2030	16	243.36	5	-8	88	106	0	(-12,-16)
2	2026-01-01 14:04:16.000	9137	-1577	-2011	16	257.6	4	-10	88	106	0	(-12,-16)
2	2026-01-01 14:04:17.000	9172	-1680	-2050	16	287.72	2	-9	88	106	0	(-13,-16)
2	2026-01-01 14:04:18.000	9207	-1586	-2035	16	297.67	4	-10	88	106	0	(-12,-16)
2	2026-01-01 14:04:19.000	9242	-1595	-1939	16	285.5	6	-10	86	106	0	(-12,-15)
2	2026-01-01 14:04:20.000	9277	-1526	-2008	16	255.54	7	-9	86	106	0	(-12,-16)
2	2026-01-01 14:04:21.000	9312	-1455	-1940	16	243.26	6	-10	86	106	0	(-11,-15)
2	2026-01-01 14:04:22.000	9347	-1547	-1873	0	222.2	8	-8	78	106	0	(-12,-15)
2	2026-01-01 14:04:23.000	9382	-1585	-1779	0	187.37	8	-8	78	106	0	(-12,-14)
2	2026-01-01 14:04:24.000	9417	-1652	-1829	0	194.9	6	-9	78	106	0	(-13,-14)
2	2026-01-01 14:04:25.000	9452	-1728	-1734	0	159.11	4	-10	78	106	0	(-14,-14)
2	2026-01-01 14:04:26.000	9487	-1670	-1825	0	179.76	2	-10	78	106	0	(-13,-14)
2	2026-01-01 14:04:27.000	9522	-1610	-1815	0	210.14	0	-9	75	106	0	(-13,-14)
2	2026-01-01 14:04:28.000	9557	-1680	-1803	64	185.6	-2	-9	75	106	0	(-13,-14)
2	2026-01-01 14:04:29.000	9592	-1705	-1727	64	142.73	0	-8	75	106	0	(-13,-13)
2	2026-01-01 14:04:30.000	9627	-1655	-1655	64	114.53	2	-6	75	106	0	(-13,-13)
2	2026-01-01 14:04:31.000	9662	-1744	-1547	64	100.64	3	-5	75	106	0	(-14,-12)
2	2026-01-01 14:04:32.000	9697	-1838	-1516	64	72.57	5	-4	75	106	0	(-14,-12)
2	2026-01-01 14:04:33.000	9732	-1767	-1503	64	42.91	3	-6	75	106	0	(-14,-12)
2	2026-01-01 14:04:34.000	9767	-1671	-1498	128	82.49	4	-8	75	106	0	(-13,-12)
2	2026-01-01 14:04:35.000	9802	-1742	-1593	128	117.47	3	-8	75	106	0	(-14,-12)
2	2026-01-01 14:04:36.000	9837	-1846	-1577	128	137.97	3	-7	75	106	0	(-14,-12)
2	2026-01-01 14:04:37.000	9872	-1819	-1494	128	172.53	5	-5	75	106	0	(-14,-12)
2	2026-01-01 14:04:38.000	9907	-1916	-1558	128	190.73	4	-4	75	106	0	(-15,-12)
2	2026-01-01 14:04:39.000	9942	-2006	-1659	128	216.45	3	-4	71	106	0	(-16,-13)
2	2026-01-01 14:04:40.000	9977	-1902	-1622	128	192.85	2	-6	71	106	0	(-15,-13)
2	2026-01-01 14:04:41.000	10012	-1860	-1690	128	168.53	0	-4	71	106	0	(-15,-13)
2	2026-01-01 14:04:42.000	10047	-1852	-1782	128	142.47	2	-3	71	106	0	(-14,-14)
2	2026-01-01 14:04:43.000	10082	-1961	-1889	128	164.18	0	-1	71	106	0	(-15,-15)
2	2026-01-01 14:04:44.000	10117	-1953	-1864	128	189.64	-2	1	71	106	0	(-15,-15)
2	2026-01-01 14:04:45.000	10152	-2006	-1943	128	222.19	-2	-1	71	106	0	(-16,-15)
2	2026-01-01 14:04:46.000	10187	-2045	-2010	128	237.59	-2	-1	71	106	0	(-16,-16)
2	2026-01-01 14:04:47.000	10222	-2021	-1986	128	247.16	-4	-3	62	106	0	(-16,-16)
2	2026-01-01 14:04:48.000	10257	-1977	-1883	128	258.95	-6	-3	62	106	0	(-15,-15)
2	2026-01-01 14:04:49.000	10292	-1960	-1867	128	301.54	-6	-3	62	106	0	(-15,-15)
2	2026-01-01 14:04:50.000	10327	-2037	-1907	0	298.98	-6	-4	60	106	0	(-16,-15)
2	2026-01-01 14:04:51.000	10362	-1948	-1945	0	291.91	-5	-4	60	106	0	(-15,-15)
2	2026-01-01 14:04:52.000	10397	-1959	-1982	0	302.34	-5	-6	59	106	0	(-15,-15)
2	2026-01-01 14:04:53.000	10432	-2008	-1901	0	259.59	-3	-7	59	106	0	(-16,-15)
2	2026-01-01 14:04:54.000	10467	-2077	-1930	0	229.11	-1	-7	59	106	0	(-16,-15)
2	2026-01-01 14:04:55.000	10502	-2137	-1864	0	236.32	-1	-6	59	106	0	(-17,-15)
2	2026-01-01 14:04:56.000	10537	-2077	-1820	0	274.82	-2	-6	59	106	0	(-16,-14)
2	2026-01-01 14:04:57.000	10572	-2092	-1862	0	247.49	-1	-4	59	106	0	(-16,-15)
2	2026-01-01 14:04:58.000	10607	-1995	-1762	0	245.11	-2	-3	59	106	0	(-16,-14)
2	2026-01-01 14:04:59.000	10642	-2069	-1753	0	276.23	0	-3	59	106	0	(-16,-14)
2	2026-01-01 14:05:00.000	10677	-2046	-1797	0	232.9	2	-4	59	106	0	(-16,-14)
2	2026-01-01 14:05:01.000	10712	-2050	-1807	0	234.5	2	-6	59	106	0	(-16,-14)
2	2026-01-01 14:05:02.000	10747	-2142	-1892	0	247.78	4	-8	59	106	15	(-17,-15)
2	2026-01-01 14:05:03.000	10782	-2045	-1912	0	289.75	2	-10	59	106	15	(-16,-15)
2	2026-01-01 14:05:04.000	10817	-2016	-1812	0	283.42	0	-10	59	106	15	(-16,-14)
2	2026-01-01 14:05:05.000	10852	-2111	-1746	0	275.6	1	-10	59	106	15	(-16,-14)
2	2026-01-01 14:05:06.000	10887	-2097	-1795	0	262.47	1	-9	59	106	15	(-16,-14)
2	2026-01-01 14:05:07.000	10922	-2073	-1825	0	249.39	0	-10	59	106	15	(-16,-14)
2	2026-01-01 14:05:08.000	10957	-2098	-1898	0	282.82	-1	-10	59	106	10	(-16,-15)
2	2026-01-01 14:05:09.000	10992	-2191	-1945	0	240.28	1	-8	59	106	10	(-17,-15)
2	2026-01-01 14:05:10.000	11027	-2141	-1908	24	233.05	1	-7	59	106	10	(-17,-15)
2	2026-01-01 14:05:11.000	11062	-2120	-1884	24	218.36	2	-6	59	106	10	(-17,-15)
2	2026-01-01 14:05:12.000	11097	-2127	-1780	24	191.88	2	-6	59	106	10	(-17,-14)
2	2026-01-01 14:05:13.000	11132	-2067	-1787	24	219.98	0	-5	59	106	10	(-16,-14)
2	2026-01-01 14:05:14.000	11167	-1971	-1736	24	247.32	-1	-3	58	106	5	(-15,-14)
2	2026-01-01 14:05:15.000	11202	-2056	-1769	24	237.1	0	-3	58	106	5	(-16,-14)
2	2026-01-01 14:05:16.000	11237	-1971	-1763	0	255.44	1	-4	58	106	5	(-15,-14)
2	2026-01-01 14:05:17.000	11272	-1900	-1797	0	251.68	0	-2	58	106	5	(-15,-14)
2	2026-01-01 14:05:18.000	11307	-1845	-1868	0	240.94	2	-4	58	106	5	(-14,-15)
2	2026-01-01 14:05:19.000	11342	-1941	-1899	0	281.76	2	-6	53	106	5	(-15,-15)
2	2026-01-01 14:05:20.000	11377	-1955	-1819	0	299.86	4	-6	53	106	5	(-15,-14)
2	2026-01-01 14:05:21.000	11412	-2054	-1909	0	322.79	4	-8	53	106	5	(-16,-15)
2	2026-01-01 14:05:22.000	11447	-1981	-1812	0	302.12	3	-6	53	106	5	(-15,-14)
2	2026-01-01 14:05:23.000	11482	-1959	-1887	0	283.86	2	-8	53	106	5	(-15,-15)
2	2026-01-01 14:05:24.000	11517	-1898	-1814	0	260.41	2	-10	53	106	3	(-15,-14)
2	2026-01-01 14:05:25.000	11552	-1895	-1805	0	238.27	0	-8	53	106	3	(-15,-14)
2	2026-01-01 14:05:26.000	11587	-1869	-1834	0	271.42	-1	-8	53	106	3	(-15,-14)
2	2026-01-01 14:05:27.000	11622	-1966	-1871	0	248.01	-2	-7	53	106	3	(-15,-15)
2	2026-01-01 14:05:28.000	11657	-1859	-1914	0	261.54	-4	-6	53	106	3	(-15,-15)
2	2026-01-01 14:05:29.000	11692	-1920	-1961	0	286.85	-3	-4	53	106	3	(-15,-15)
2	2026-01-01 14:05:30.000	11727	-1979	-1925	0	272.42	-5	-3	53	106	3	(-15,-15)
2	2026-01-01 14:05:31.000	11762	-2028	-1912	0	231.56	-4	-3	53	106	3	(-16,-15)
2	2026-01-01 14:05:32.000	11797	-2078	-1942	0	191.44	-3	-1	53	106	3	(-16,-15)
2	2026-01-01 14:05:33.000	11832	-2118	-2007	0	226.12	-5	-3	49	106	3	(-17,-16)
2	2026-01-01 14:05:34.000	11867	-2221	-2049	0	212.24	-7	-5	49	106	24	(-17,-16)
2	2026-01-01 14:05:35.000	11902	-2169	-2011	0	186.41	-8	-5	49	106	20	(-17,-16)
2	2026-01-01 14:05:36.000	11937	-2153	-2006	0	228.11	-8	-5	49	106	20	(-17,-16)
2	2026-01-01 14:05:37.000	11972	-2243	-1963	0	271.98	-9	-6	49	106	20	(-18,-15)
2	2026-01-01 14:05:38.000	12007	-2215	-1948	0	269.4	-10	-7	49	106	20	(-17,-15)
2	2026-01-01 14:05:39.000	12042	-2125	-1848	0	270.89	-8	-5	49	106	20	(-17,-14)
2	2026-01-01 14:05:40.000	12077	-2105	-1789	0	271.52	-7	-4	49	106	20	(-16,-14)
2	2026-01-01 14:05:41.000	12112	-2046	-1853	0	270.66	-5	-6	49	106	20	(-16,-14)
2	2026-01-01 14:05:42.000	12147	-2085	-1867	0	312.33	-3	-7	49	106	20	(-16,-15)
2	2026-01-01 14:05:43.000	12182	-2150	-1883	24	332.28	-4	-6	49	106	20	(-17,-15)
2	2026-01-01 14:05:44.000	12217	-2214	-1778	24	307.5	-6	-7	49	106	20	(-17,-14)
2	2026-01-01 14:05:45.000	12252	-2199	-1830	24	308.17	-8	-9	49	106	16	(-17,-14)
2	2026-01-01 14:05:46.000	12287	-2232	-1900	24	297.93	-7	-10	49	106	13	(-17,-15)
2	2026-01-01 14:05:47.000	12322	-2338	-1882	24	256.55	-9	-10	49	106	13	(-18,-15)
2	2026-01-01 14:05:48.000	12357	-2382	-1776	24	297.36	-7	-9	49	106	13	(-19,-14)
2	2026-01-01 14:05:49.000	12392	-2299	-1737	0	336.5	-6	-8	49	106	13	(-18,-14)
2	2026-01-01 14:05:50.000	12427	-2192	-1769	0	340.7	-6	-9	49	106	13	(-17,-14)
2	2026-01-01 14:05:51.000	12462	-2100	-1861	0	8.02	-7	-10	49	106	8	(-16,-15)
2	2026-01-01 14:05:52.000	12497	-2090	-1896	16	349.87	-6	-8	49	106	8	(-16,-15)
2	2026-01-01 14:05:53.000	12532	-2019	-1847	16	327.93	-7	-10	49	106	8	(-16,-14)
2	2026-01-01 14:05:54.000	12567	-2007	-1929	16	322.23	-8	-9	49	106	8	(-16,-15)
2	2026-01-01 14:05:55.000	12602	-1955	-2000	16	311.78	-6	-10	49	106	5	(-15,-16)
2	2026-01-01 14:05:56.000	12637	-1914	-1991	16	288.31	-6	-10	49	106	5	(-15,-16)
2	2026-01-01 14:05:57.000	12672	-1809	-2058	16	325.25	-7	-10	49	106	5	(-14,-16)
2	2026-01-01 14:05:58.000	12707	-1866	-1962	16	339.55	-7	-9	49	106	5	(-15,-15)
2	2026-01-01 14:05:59.000	12742	-1944	-1858	0	309.43	-9	-9	49	106	3	(-15,-15)
2	2026-01-01 14:06:00.000	12777	-1949	-1870	0	267.41	-7	-7	49	106	0	(-15,-15)
2	2026-01-01 14:06:01.000	12812	-1977	-1796	0	246.22	-8	-8	49	106	0	(-15,-14)
2	2026-01-01 14:06:02.000	12847	-1875	-1866	128	226.26	-10	-9	49	106	0	(-15,-15)
2	2026-01-01 14:06:03.000	12882	-1804	-1889	128	242.51	-9	-9	49	106	0	(-14,-15)
2	2026-01-01 14:06:04.000	12917	-1897	-1895	128	227.99	-10	-10	49	106	0	(-15,-15)
2	2026-01-01 14:06:05.000	12952	-1900	-1905	128	266.85	-8	-10	49	106	0	(-15,-15)
2	2026-01-01 14:06:06.000	12987	-1971	-1996	128	291.0	-7	-10	49	106	0	(-15,-16)
2	2026-01-01 14:06:07.000	13022	-1926	-1903	128	308.18	-8	-10	49	106	0	(-15,-15)
2	2026-01-01 14:06:08.000	13057	-1867	-2010	128	333.55	-10	-8	43	106	0	(-15,-16)
2	2026-01-01 14:06:09.000	13092	-1778	-2001	128	357.03	-10	-10	43	106	0	(-14,-16)
2	2026-01-01 14:06:10.000	13127	-1804	-1922	0	3.88	-8	-9	43	106	0	(-14,-15)
2	2026-01-01 14:06:11.000	13162	-1800	-1966	0	21.35	-10	-9	43	106	0	(-14,-15)
2	2026-01-01 14:06:12.000	13197	-1800	-1966	0	20.65	-8	-7	43	106	0	(-14,-15)
2	2026-01-01 14:06:13.000	13232	-1743	-1944	0	8.59	-8	-8	43	106	0	(-14,-15)
2	2026-01-01 14:06:14.000	13267	-1751	-1923	0	34.25	-8	-10	43	106	0	(-14,-15)
2	2026-01-01 14:06:15.000	13302	-1736	-1982	0	13.72	-7	-8	43	106	0	(-14,-15)
2	2026-01-01 14:06:16.000	13337	-1678	-2067	0	31.34	-7	-7	43	106	0	(-13,-16)
2	2026-01-01 14:06:17.000	13372	-1613	-2079	0	36.76	-7	-8	43	106	0	(-13,-16)
2	2026-01-01 14:06:18.000	13407	-1605	-2184	0	355.85	-5	-8	43	106	0	(-13,-17)
2	2026-01-01 14:06:19.000	13442	-1659	-2162	0	19.27	-7	-9	43	106	0	(-13,-17)
2	2026-01-01 14:06:20.000	13477	-1699	-2272	0	25.91	-6	-10	43	106	0	(-13,-18)
2	2026-01-01 14:06:21.000	13512	-1758	-2269	0	19.23	-4	-10	37	106	0	(-14,-18)
2	2026-01-01 14:06:22.000	13547	-1767	-2261	0	7.41	-6	-9	37	106	0	(-14,-18)
2	2026-01-01 14:06:23.000	13582	-1757	-2173	0	345.4	-6	-10	37	106	22	(-14,-17)
2	2026-01-01 14:06:24.000	13617	-1723	-2217	0	346.87	-4	-10	37	106	22	(-13,-17)
2	2026-01-01 14:06:25.000	13652	-1649	-2169	0	10.7	-5	-9	37	106	22	(-13,-17)
2	2026-01-01 14:06:26.000	13687	-1691	-2086	0	47.63	-7	-10	37	106	20	(-13,-16)
2	2026-01-01 14:06:27.000	13722	-1801	-2000	0	53.17	-5	-9	37	106	20	(-14,-16)
2	2026-01-01 14:06:28.000	13757	-1848	-2088	0	12.17	-5	-9	37	106	20	(-14,-16)
2	2026-01-01 14:06:29.000	13792	-1949	-2048	0	343.76	-5	-10	37	106	20	(-15,-16)
2	2026-01-01 14:06:30.000	13827	-1841	-2127	8	23.73	-7	-8	37	106	20	(-14,-17)
2	2026-01-01 14:06:31.000	13862	-1760	-2159	8	9.8	-9	-8	37	106	20	(-14,-17)
2	2026-01-01 14:06:32.000	13897	-1776	-2128	8	333.51	-8	-6	37	106	20	(-14,-17)
2	2026-01-01 14:06:33.000	13932	-1838	-2195	8	359.69	-9	-7	37	106	20	(-14,-17)
2	2026-01-01 14:06:34.000	13967	-1913	-2206	8	347.26	-8	-7	37	106	20	(-15,-17)
2	2026-01-01 14:06:35.000	14002	-1935	-2310	8	309.76	-9	-7	37	106	20	(-15,-18)
2	2026-01-01 14:06:36.000	14037	-2020	-2244	8	301.61	-7	-9	37	106	20	(-16,-18)
2	2026-01-01 14:06:37.000	14072	-1943	-2308	8	264.93	-8	-8	37	106	17	(-15,-18)
2	2026-01-01 14:06:38.000	14107	-2020	-2347	8	243.04	-10	-6	37	106	17	(-16,-18)
2	2026-01-01 14:06:39.000	14142	-2093	-2311	8	270.81	-9	-6	37	106	17	(-16,-18)
2	2026-01-01 14:06:40.000	14177	-2031	-2368	8	231.95	-10	-5	37	106	41	(-16,-18)
2	2026-01-01 14:06:41.000	14212	-1954	-2388	8	229.75	-10	-5	37	106	40	(-15,-19)
2	2026-01-01 14:06:42.000	14247	-1993	-2492	8	226.47	-10	-7	37	106	40	(-16,-19)
2	2026-01-01 14:06:43.000	14282	-1977	-2588	8	198.72	-8	-9	37	106	40	(-15,-20)
2	2026-01-01 14:06:44.000	14317	-2073	-2592	8	213.79	-8	-8	37	106	40	(-16,-20)
2	2026-01-01 14:06:45.000	14352	-1998	-2628	32	173.25	-10	-7	37	106	40	(-16,-21)
2	2026-01-01 14:06:46.000	14387	-2030	-2634	32	210.74	-10	-6	37	106	40	(-16,-21)
2	2026-01-01 14:06:47.000	14422	-2050	-2618	32	197.84	-10	-7	37	106	40	(-16,-20)
2	2026-01-01 14:06:48.000	14457	-1992	-2620	32	197.48	-10	-6	37	106	40	(-16,-20)
2	2026-01-01 14:06:49.000	14492	-1907	-2530	32	217.85	-9	-4	34	106	40	(-15,-20)
2	2026-01-01 14:06:50.000	14527	-1838	-2606	32	251.35	-9	-5	34	106	39	(-14,-20)
2	2026-01-01 14:06:51.000	14562	-1868	-2558	0	210.21	-7	-6	34	106	39	(-15,-20)
2	2026-01-01 14:06:52.000	14597	-1826	-2498	0	172.92	-9	-6	34	106	36	(-14,-20)
2	2026-01-01 14:06:53.000	14632	-1741	-2543	0	136.13	-7	-7	34	106	36	(-14,-20)
2	2026-01-01 14:06:54.000	14667	-1756	-2625	0	109.98	-7	-7	34	106	34	(-14,-21)
2	2026-01-01 14:06:55.000	14702	-1781	-2586	0	93.9	-9	-5	34	106	31	(-14,-20)
2	2026-01-01 14:06:56.000	14737	-1734	-2480	0	131.09	-9	-3	34	106	27	(-14,-19)
2	2026-01-01 14:06:57.000	14772	-1637	-2579	128	96.72	-10	-2	34	106	24	(-13,-20)
2	2026-01-01 14:06:58.000	14807	-1729	-2616	128	75.79	-10	-1	34	106	24	(-14,-20)
2	2026-01-01 14:06:59.000	14842	-1809	-2710	128	39.75	-10	1	34	106	24	(-14,-21)
2	2026-01-01 14:07:00.000	14877	-1916	-2776	128	5.74	-10	2	34	106	24	(-15,-22)
2	2026-01-01 14:07:01.000	14912	-1908	-2829	128	328.66	-8	3	34	106	24	(-15,-22)
2	2026-01-01 14:07:02.000	14947	-1968	-2874	128	347.42	-9	3	34	106	24	(-15,-22)
2	2026-01-01 14:07:03.000	14982	-1993	-2926	128	355.74	-10	1	29	106	40	(-16,-23)
2	2026-01-01 14:07:04.000	15017	-2031	-2971	128	34.8	-8	3	29	106	40	(-16,-23)
2	2026-01-01 14:07:05.000	15052	-2081	-3027	128	76.26	-9	3	29	106	39	(-16,-24)
2	2026-01-01 14:07:06.000	15087	-2093	-3043	128	79.44	-8	3	29	106	39	(-16,-24)
2	2026-01-01 14:07:07.000	15122	-2167	-3103	128	114.7	-7	1	34	106	34	(-17,-24)
2	2026-01-01 14:07:08.000	15157	-2213	-3039	128	130.26	-8	3	34	106	32	(-17,-24)
2	2026-01-01 14:07:09.000	15192	-2147	-3017	128	120.95	-7	2	34	106	31	(-17,-24)
2	2026-01-01 14:07:10.000	15227	-2046	-2923	128	142.77	-7	4	34	106	31	(-16,-23)
2	2026-01-01 14:07:11.000	15262	-2026	-3003	128	166.93	-8	6	34	106	26	(-16,-23)
2	2026-01-01 14:07:12.000	15297	-2019	-2995	128	204.22	-8	6	34	106	26	(-16,-23)
2	2026-01-01 14:07:13.000	15332	-2061	-2915	128	184.78	-6	5	34	106	26	(-16,-23)
2	2026-01-01 14:07:14.000	15367	-2001	-2813	128	213.25	-4	4	34	106	26	(-16,-22)
2	2026-01-01 14:07:15.000	15402	-1958	-2888	128	220.93	-2	2	34	106	26	(-15,-23)
2	2026-01-01 14:07:16.000	15437	-1848	-2949	128	235.67	-1	0	34	106	26	(-14,-23)
2	2026-01-01 14:07:17.000	15472	-1879	-2927	128	200.92	1	2	34	106	26	(-15,-23)
2	2026-01-01 14:07:18.000	15507	-1863	-3006	128	206.86	0	3	34	106	26	(-15,-23)
2	2026-01-01 14:07:19.000	15542	-1897	-3037	128	222.99	-1	4	34	106	26	(-15,-24)
2	2026-01-01 14:07:20.000	15577	-1893	-2948	128	240.72	-3	4	34	106	26	(-15,-23)
2	2026-01-01 14:07:21.000	15612	-1969	-2884	128	255.35	-1	6	34	106	26	(-15,-23)
2	2026-01-01 14:07:22.000	15647	-1987	-2911	0	265.41	-3	6	34	106	22	(-16,-23)
2	2026-01-01 14:07:23.000	15682	-2002	-2913	0	287.95	-3	7	34	106	22	(-16,-23)
2	2026-01-01 14:07:24.000	15717	-2063	-2907	0	311.68	-5	6	34	106	22	(-16,-23)
2	2026-01-01 14:07:25.000	15752	-2042	-2987	0	336.93	-6	6	34	106	22	(-16,-23)
2	2026-01-01 14:07:26.000	15787	-1973	-3030	0	325.62	-5	5	34	106	22	(-15,-24)
2	2026-01-01 14:07:27.000	15822	-1952	-2935	0	327.19	-3	7	34	106	22	(-15,-23)
2	2026-01-01 14:07:28.000	15857	-1901	-2896	0	353.58	-4	7	34	106	21	(-15,-23)
2	2026-01-01 14:07:29.000	15892	-1966	-2791	0	19.19	-2	8	34	106	21	(-15,-22)
2	2026-01-01 14:07:30.000	15927	-1903	-2726	56	355.41	-3	8	34	106	21	(-15,-21)
2	2026-01-01 14:07:31.000	15962	-1801	-2714	56	21.95	-3	8	34	106	21	(-14,-21)
2	2026-01-01 14:07:32.000	15997	-1749	-2608	56	52.35	-3	9	34	106	20	(-14,-20)
2	2026-01-01 14:07:33.000	16032	-1640	-2586	56	45.82	-2	8	34	106	20	(-13,-20)
2	2026-01-01 14:07:34.000	16067	-1665	-2639	56	87.87	-2	6	34	106	20	(-13,-21)
2	2026-01-01 14:07:35.000	16102	-1657	-2680	0	122.67	-1	5	34	106	20	(-13,-21)
2	2026-01-01 14:07:36.000	16137	-1760	-2575	0	98.88	1	6	34	106	30	(-14,-20)
2	2026-01-01 14:07:37.000	16172	-1858	-2576	0	77.94	3	7	34	106	28	(-15,-20)
2	2026-01-01 14:07:38.000	16207	-1861	-2659	0	41.66	2	7	34	106	26	(-15,-21)
2	2026-01-01 14:07:39.000	16242	-1958	-2740	0	29.24	4	6	34	106	26	(-15,-21)
2	2026-01-01 14:07:40.000	16277	-1905	-2692	0	13.33	2	7	34	106	26	(-15,-21)
2	2026-01-01 14:07:41.000	16312	-1803	-2594	0	17.88	2	5	34	106	26	(-14,-20)
2	2026-01-01 14:07:42.000	16347	-1707	-2585	0	333.97	3	6	33	106	26	(-13,-20)
2	2026-01-01 14:07:43.000	16382	-1810	-2605	0	297.56	4	6	33	106	23	(-14,-20)
2	2026-01-01 14:07:44.000	16417	-1762	-2710	0	277.17	2	7	33	106	21	(-14,-21)
2	2026-01-01 14:07:45.000	16452	-1845	-2731	0	313.37	2	8	33	106	21	(-14,-21)
2	2026-01-01 14:07:46.000	16487	-1920	-2735	0	334.25	4	6	33	106	21	(-15,-21)
2	2026-01-01 14:07:47.000	16522	-1978	-2628	0	15.93	3	8	33	106	21	(-15,-21)
2	2026-01-01 14:07:48.000	16557	-2005	-2545	0	7.44	5	8	33	106	18	(-16,-20)
2	2026-01-01 14:07:49.000	16592	-2031	-2511	0	331.78	7	9	33	106	18	(-16,-20)
2	2026-01-01 14:07:50.000	16627	-1984	-2566	0	287.22	9	9	33	106	18	(-16,-20)
2	2026-01-01 14:07:51.000	16662	-1887	-2484	0	263.27	7	8	33	106	18	(-15,-19)
2	2026-01-01 14:07:52.000	16697	-1855	-2486	0	219.45	5	7	33	106	17	(-14,-19)
2	2026-01-01 14:07:53.000	16732	-1827	-2572	0	237.01	7	9	33	106	14	(-14,-20)
2	2026-01-01 14:07:54.000	16767	-1857	-2463	0	270.95	7	9	33	106	14	(-15,-19)
2	2026-01-01 14:07:55.000	16802	-1793	-2372	0	255.81	5	10	33	106	14	(-14,-19)
2	2026-01-01 14:07:56.000	16837	-1885	-2378	56	241.54	7	9	52	106	14	(-15,-19)
2	2026-01-01 14:07:57.000	16872	-1934	-2371	56	277.23	5	9	52	106	14	(-15,-19)
2	2026-01-01 14:07:58.000	16907	-1829	-2288	56	257.33	4	7	52	106	14	(-14,-18)
2	2026-01-01 14:07:59.000	16942	-1788	-2226	56	300.62	5	5	52	106	12	(-14,-17)
2	2026-01-01 14:08:00.000	16977	-1698	-2220	56	344.15	5	4	52	106	9	(-13,-17)
2	2026-01-01 14:08:01.000	17012	-1738	-2320	56	358.94	5	6	52	106	9	(-14,-18)
2	2026-01-01 14:08:02.000	17047	-1828	-2404	56	1.17	7	8	52	106	9	(-14,-19)
2	2026-01-01 14:08:03.000	17082	-1768	-2318	56	8.19	5	8	52	106	9	(-14,-18)
2	2026-01-01 14:08:04.000	17117	-1701	-2316	56	44.99	5	7	52	106	9	(-13,-18)
2	2026-01-01 14:08:05.000	17152	-1804	-2217	56	83.27	6	8	52	106	9	(-14,-17)
2	2026-01-01 14:08:06.000	17187	-1822	-2211	56	48.78	8	6	52	106	9	(-14,-17)
2	2026-01-01 14:08:07.000	17222	-1771	-2125	56	65.73	9	8	52	106	9	(-14,-17)
2	2026-01-01 14:08:08.000	17257	-1807	-2135	56	94.88	9	8	52	106	9	(-14,-17)
2	2026-01-01 14:08:09.000	17292	-1717	-2184	0	138.44	10	10	52	106	9	(-13,-17)
2	2026-01-01 14:08:10.000	17327	-1673	-2211	0	183.05	8	10	52	106	9	(-13,-17)
2	2026-01-01 14:08:11.000	17362	-1717	-2315	0	215.13	9	9	52	106	9	(-13,-18)
2	2026-01-01 14:08:12.000	17397	-1631	-2233	-8	196.03	10	10	52	106	9	(-13,-17)
2	2026-01-01 14:08:13.000	17432	-1712	-2310	40	218.4	10	9	51	106	23	(-13,-18)
2	2026-01-01 14:08:14.000	17467	-1798	-2260	40	218.21	10	10	51	106	23	(-14,-18)
2	2026-01-01 14:08:15.000	17502	-1715	-2227	40	257.86	9	8	51	106	23	(-13,-17)
2	2026-01-01 14:08:16.000	17537	-1754	-2179	40	241.22	10	7	51	106	23	(-14,-17)
2	2026-01-01 14:08:17.000	17572	-1663	-2147	40	225.25	10	7	51	106	23	(-13,-17)
2	2026-01-01 14:08:18.000	17607	-1745	-2221	40	219.95	10	6	51	106	23	(-14,-17)
2	2026-01-01 14:08:19.000	17642	-1726	-2270	40	252.18	10	7	51	106	23	(-13,-18)
2	2026-01-01 14:08:20.000	17677	-1718	-2360	40	229.36	10	7	51	106	23	(-13,-18)
2	2026-01-01 14:08:21.000	17712	-1613	-2461	40	211.7	9	5	51	106	23	(-13,-19)
2	2026-01-01 14:08:22.000	17747	-1532	-2407	40	232.17	9	4	51	106	23	(-12,-19)
2	2026-01-01 14:08:23.000	17782	-1642	-2446	40	270.2	8	4	49	106	23	(-13,-19)
2	2026-01-01 14:08:24.000	17817	-1550	-2460	40	233.44	10	2	49	106	23	(-12,-19)
2	2026-01-01 14:08:25.000	17852	-1569	-2566	40	248.74	8	2	49	106	23	(-12,-20)
2	2026-01-01 14:08:26.000	17887	-1514	-2657	0	219.66	7	3	49	106	23	(-12,-21)
2	2026-01-01 14:08:27.000	17922	-1591	-2688	0	180.36	9	1	49	106	23	(-12,-21)
2	2026-01-01 14:08:28.000	17957	-1585	-2746	0	136.91	8	3	49	106	23	(-12,-21)
2	2026-01-01 14:08:29.000	17992	-1637	-2737	0	158.74	8	4	49	106	23	(-13,-21)
2	2026-01-01 14:08:30.000	18027	-1528	-2769	0	147.04	10	6	49	106	23	(-12,-22)
2	2026-01-01 14:08:31.000	18062	-1461	-2859	0	119.44	10	6	44	106	20	(-11,-22)
2	2026-01-01 14:08:32.000	18097	-1364	-2937	0	89.65	10	6	44	106	20	(-11,-23)
2	2026-01-01 14:08:33.000	18132	-1339	-2849	0	83.46	10	6	44	106	20	(-10,-22)
2	2026-01-01 14:08:34.000	18167	-1430	-2928	0	98.86	9	4	44	106	20	(-11,-23)
2	2026-01-01 14:08:35.000	18202	-1410	-2992	0	120.68	10	2	44	106	20	(-11,-23)
2	2026-01-01 14:08:36.000	18237	-1494	-2970	0	128.4	8	0	44	106	20	(-12,-23)
2	2026-01-01 14:08:37.000	18272	-1451	-2913	0	157.48	7	-2	44	106	20	(-11,-23)
2	2026-01-01 14:08:38.000	18307	-1557	-2804	0	180.71	5	-3	44	106	20	(-12,-22)
2	2026-01-01 14:08:39.000	18342	-1607	-2862	0	204.51	3	-3	44	106	20	(-13,-22)
2	2026-01-01 14:08:40.000	18377	-1534	-2829	0	160.26	3	-1	44	106	20	(-12,-22)
2	2026-01-01 14:08:41.000	18412	-1502	-2813	0	166.46	4	0	44	106	20	(-12,-22)
2	2026-01-01 14:08:42.000	18447	-1481	-2854	0	124.0	5	0	44	106	19	(-12,-22)
2	2026-01-01 14:08:43.000	18482	-1554	-2761	0	153.55	5	0	44	106	19	(-12,-22)
2	2026-01-01 14:08:44.000	18517	-1466	-2654	0	181.89	7	2	44	106	19	(-11,-21)
2	2026-01-01 14:08:45.000	18552	-1470	-2591	0	184.13	9	3	44	106	19	(-11,-20)
2	2026-01-01 14:08:46.000	18587	-1519	-2594	0	180.05	9	3	44	106	19	(-12,-20)
2	2026-01-01 14:08:47.000	18622	-1500	-2533	0	141.38	10	1	44	106	16	(-12,-20)
2	2026-01-01 14:08:48.000	18657	-1515	-2511	0	156.45	10	2	44	106	16	(-12,-20)
2	2026-01-01 14:08:49.000	18692	-1596	-2597	0	134.56	8	3	44	106	16	(-12,-20)
2	2026-01-01 14:08:50.000	18727	-1573	-2622	0	166.43	9	3	44	106	16	(-12,-20)
2	2026-01-01 14:08:51.000	18762	-1679	-2527	0	187.58	8	4	44	106	16	(-13,-20)
2	2026-01-01 14:08:52.000	18797	-1663	-2565	0	171.66	10	2	44	106	16	(-13,-20)
2	2026-01-01 14:08:53.000	18832	-1644	-2527	0	185.93	8	0	44	106	16	(-13,-20)
2	2026-01-01 14:08:54.000	18867	-1635	-2567	0	179.07	6	1	44	106	16	(-13,-20)
2	2026-01-01 14:08:55.000	18902	-1543	-2670	0	143.99	6	1	44	106	16	(-12,-21)
2	2026-01-01 14:08:56.000	18937	-1457	-2660	0	164.26	5	-1	44	106	11	(-11,-21)
2	2026-01-01 14:08:57.000	18972	-1372	-2733	0	154.47	5	-3	44	106	11	(-11,-21)
2	2026-01-01 14:08:58.000	19007	-1429	-2822	0	113.61	4	-4	44	106	11	(-11,-22)
2	2026-01-01 14:08:59.000	19042	-1503	-2924	0	102.07	4	-3	42	106	9	(-12,-23)
2	2026-01-01 14:09:00.000	19077	-1593	-2835	64	102.91	4	-5	42	106	4	(-12,-22)
2	2026-01-01 14:09:01.000	19112	-1683	-2780	64	89.93	3	-4	42	106	4	(-13,-22)
2	2026-01-01 14:09:02.000	19147	-1598	-2855	64	86.95	5	-2	42	106	4	(-12,-22)
2	2026-01-01 14:09:03.000	19182	-1545	-2828	64	110.26	7	-1	42	106	4	(-12,-22)
2	2026-01-01 14:09:04.000	19217	-1541	-2871	64	149.87	8	-2	42	106	16	(-12,-22)
2	2026-01-01 14:09:05.000	19252	-1603	-2873	64	144.76	7	-3	42	106	16	(-13,-22)
2	2026-01-01 14:09:06.000	19287	-1563	-2809	64	153.01	8	-4	42	106	16	(-12,-22)
2	2026-01-01 14:09:07.000	19322	-1568	-2898	64	127.5	10	-2	42	106	14	(-12,-23)
2	2026-01-01 14:09:08.000	19357	-1563	-2926	64	150.67	10	-1	42	106	13	(-12,-23)
2	2026-01-01 14:09:09.000	19392	-1549	-2885	64	168.32	10	1	42	106	13	(-12,-23)
2	2026-01-01 14:09:10.000	19427	-1513	-2943	64	197.36	10	2	42	106	13	(-12,-23)
2	2026-01-01 14:09:11.000	19462	-1491	-2901	64	156.1	10	4	42	106	30	(-12,-23)
2	2026-01-01 14:09:12.000	19497	-1583	-3008	64	120.83	9	6	38	106	30	(-12,-24)
2	2026-01-01 14:09:13.000	19532	-1495	-3017	64	119.19	10	6	38	106	30	(-12,-24)
2	2026-01-01 14:09:14.000	19567	-1512	-3049	64	132.57	10	4	38	106	30	(-12,-24)
2	2026-01-01 14:09:15.000	19602	-1475	-3075	64	111.16	8	4	35	106	30	(-12,-24)
2	2026-01-01 14:09:16.000	19637	-1510	-3141	64	142.73	9	2	35	106	30	(-12,-25)
2	2026-01-01 14:09:17.000	19672	-1465	-3211	64	145.92	8	2	35	106	30	(-11,-25)
2	2026-01-01 14:09:18.000	19707	-1400	-3235	64	121.95	7	4	35	106	27	(-11,-25)
2	2026-01-01 14:09:19.000	19742	-1426	-3247	64	77.45	9	2	35	106	27	(-11,-25)
2	2026-01-01 14:09:20.000	19777	-1418	-3221	40	111.31	8	1	35	106	27	(-11,-25)
2	2026-01-01 14:09:21.000	19812	-1311	-3239	0	95.7	7	3	35	106	27	(-10,-25)
2	2026-01-01 14:09:22.000	19847	-1353	-3175	0	121.47	6	3	51	106	27	(-11,-25)
2	2026-01-01 14:09:23.000	19882	-1432	-3137	0	93.43	4	3	51	106	27	(-11,-25)
2	2026-01-01 14:09:24.000	19917	-1508	-3201	0	63.74	2	5	51	106	26	(-12,-25)
2	2026-01-01 14:09:25.000	19952	-1429	-3271	0	83.65	1	4	51	106	26	(-11,-26)
2	2026-01-01 14:09:26.000	19987	-1467	-3334	0	83.19	3	2	51	106	26	(-11,-26)
2	2026-01-01 14:09:27.000	20022	-1401	-3250	0	45.79	1	0	51	106	26	(-11,-25)
2	2026-01-01 14:09:28.000	20057	-1303	-3140	0	77.83	1	-1	51	106	26	(-10,-25)
2	2026-01-01 14:09:29.000	20092	-1237	-3070	0	43.82	3	-1	51	106	39	(-10,-24)
2	2026-01-01 14:09:30.000	20127	-1320	-3091	0	23.69	5	-3	51	106	36	(-10,-24)
2	2026-01-01 14:09:31.000	20162	-1258	-2993	0	29.08	3	-3	46	106	36	(-10,-23)
2	2026-01-01 14:09:32.000	20197	-1320	-2942	0	359.96	5	-1	46	106	36	(-10,-23)
2	2026-01-01 14:09:33.000	20232	-1267	-2866	24	18.22	4	-1	46	106	32	(-10,-22)
2	2026-01-01 14:09:34.000	20267	-1259	-2767	24	45.91	2	-2	42	106	32	(-10,-22)
2	2026-01-01 14:09:35.000	20302	-1306	-2711	24	68.16	2	-3	42	106	27	(-10,-21)
2	2026-01-01 14:09:36.000	20337	-1296	-2680	24	98.75	4	-1	42	106	27	(-10,-21)
2	2026-01-01 14:09:37.000	20372	-1227	-2702	24	79.75	3	1	42	106	27	(-10,-21)
2	2026-01-01 14:09:38.000	20407	-1312	-2731	24	106.45	3	-1	42	106	37	(-10,-21)
2	2026-01-01 14:09:39.000	20442	-1210	-2676	24	128.81	3	-1	42	106	33	(-9,-21)
2	2026-01-01 14:09:40.000	20477	-1105	-2663	24	96.91	4	-3	42	106	33	(-9,-21)
2	2026-01-01 14:09:41.000	20512	-1076	-2697	0	125.55	3	-4	42	106	31	(-8,-21)
2	2026-01-01 14:09:42.000	20547	-1099	-2631	0	94.29	1	-2	42	106	31	(-9,-21)
2	2026-01-01 14:09:43.000	20582	-1098	-2650	0	115.38	3	-2	42	106	31	(-9,-21)
2	2026-01-01 14:09:44.000	20617	-1133	-2568	0	134.07	1	-2	42	106	31	(-9,-20)
2	2026-01-01 14:09:45.000	20652	-1148	-2607	0	117.89	-1	0	42	106	27	(-9,-20)
2	2026-01-01 14:09:46.000	20687	-1109	-2642	0	154.22	1	0	42	106	27	(-9,-21)
2	2026-01-01 14:09:47.000	20722	-1180	-2640	0	194.75	2	0	42	106	27	(-9,-21)
2	2026-01-01 14:09:48.000	20757	-1285	-2605	0	236.66	2	0	42	106	23	(-10,-20)
2	2026-01-01 14:09:49.000	20792	-1266	-2544	24	274.29	4	-1	42	106	18	(-10,-20)
2	2026-01-01 14:09:50.000	20827	-1336	-2592	24	317.79	4	0	42	106	18	(-10,-20)
2	2026-01-01 14:09:51.000	20862	-1446	-2690	24	356.93	5	-1	42	106	15	(-11,-21)
2	2026-01-01 14:09:52.000	20897	-1439	-2630	24	32.53	5	-3	42	106	11	(-11,-21)
2	2026-01-01 14:09:53.000	20932	-1462	-2582	24	73.48	6	-4	42	106	7	(-11,-20)
2	2026-01-01 14:09:54.000	20967	-1404	-2592	24	39.51	6	-6	42	106	7	(-11,-20)
2	2026-01-01 14:09:55.000	21002	-1413	-2648	24	16.43	6	-8	42	106	7	(-11,-21)
2	2026-01-01 14:09:56.000	21037	-1370	-2701	24	26.85	8	-7	42	106	7	(-11,-21)
2	2026-01-01 14:09:57.000	21072	-1352	-2731	24	349.37	10	-8	42	106	7	(-11,-21)
2	2026-01-01 14:09:58.000	21107	-1274	-2786	24	324.47	8	-7	42	106	7	(-10,-22)
2	2026-01-01 14:09:59.000	21142	-1290	-2842	24	304.92	9	-9	42	106	7	(-10,-22)
2	2026-01-01 14:10:00.000	21177	-1244	-2768	24	339.71	9	-9	42	106	7	(-10,-22)
2	2026-01-01 14:10:01.000	21212	-1353	-2745	24	354.87	10	-8	42	106	7	(-11,-21)
2	2026-01-01 14:10:02.000	21247	-1391	-2822	24	358.24	9	-9	42	106	3	(-11,-22)
2	2026-01-01 14:10:03.000	21282	-1390	-2825	24	354.37	10	-9	42	106	3	(-11,-22)
2	2026-01-01 14:10:04.000	21317	-1299	-2765	24	326.94	10	-10	42	106	3	(-10,-22)
2	2026-01-01 14:10:05.000	21352	-1303	-2810	24	284.47	10	-10	42	106	3	(-10,-22)
2	2026-01-01 14:10:06.000	21387	-1205	-2834	24	304.9	10	-10	42	106	3	(-9,-22)
2	2026-01-01 14:10:07.000	21422	-1238	-2740	24	307.17	10	-10	42	106	3	(-10,-21)
2	2026-01-01 14:10:08.000	21457	-1345	-2794	24	319.05	8	-9	53	106	3	(-11,-22)
2	2026-01-01 14:10:09.000	21492	-1256	-2820	24	281.85	6	-7	53	106	3	(-10,-22)
2	2026-01-01 14:10:10.000	21527	-1273	-2824	-8	303.56	8	-5	53	106	3	(-10,-22)
2	2026-01-01 14:10:11.000	21562	-1241	-2757	8	317.6	9	-6	53	106	0	(-10,-22)
2	2026-01-01 14:10:12.000	21597	-1147	-2867	8	308.36	7	-7	53	106	0	(-9,-22)
2	2026-01-01 14:10:13.000	21632	-1057	-2846	8	334.14	5	-7	53	106	0	(-8,-22)
2	2026-01-01 14:10:14.000	21667	-1075	-2821	8	352.9	7	-6	53	106	0	(-8,-22)
2	2026-01-01 14:10:15.000	21702	-1032	-2778	8	16.14	6	-4	53	106	0	(-8,-22)
2	2026-01-01 14:10:16.000	21737	-1137	-2801	8	48.5	8	-2	53	106	0	(-9,-22)
2	2026-01-01 14:10:17.000	21772	-1068	-2821	8	74.89	6	-2	53	106	0	(-8,-22)
2	2026-01-01 14:10:18.000	21807	-1150	-2896	0	76.41	4	-2	53	106	0	(-9,-23)
2	2026-01-01 14:10:19.000	21842	-1047	-2916	0	67.05	3	0	53	106	0	(-8,-23)
2	2026-01-01 14:10:20.000	21877	-984	-3018	0	97.78	1	0	53	106	0	(-8,-24)
2	2026-01-01 14:10:21.000	21912	-876	-3067	0	76.35	0	-2	53	106	0	(-7,-24)
2	2026-01-01 14:10:22.000	21947	-954	-2968	0	37.55	0	0	53	106	0	(-7,-23)
2	2026-01-01 14:10:23.000	21982	-1056	-3042	0	81.02	2	1	53	106	0	(-8,-24)
2	2026-01-01 14:10:24.000	22017	-1044	-3145	0	37.37	4	-1	53	106	0	(-8,-25)
2	2026-01-01 14:10:25.000	22052	-958	-3198	0	17.37	4	1	53	106	0	(-7,-25)
2	2026-01-01 14:10:26.000	22087	-1006	-3209	0	334.07	5	0	53	106	0	(-8,-25)
2	2026-01-01 14:10:27.000	22122	-1111	-3261	0	9.21	4	-1	53	106	0	(-9,-25)
2	2026-01-01 14:10:28.000	22157	-1134	-3364	0	342.87	2	-2	53	106	0	(-9,-26)
2	2026-01-01 14:10:29.000	22192	-1210	-3400	0	18.21	0	-2	53	106	0	(-9,-27)
2	2026-01-01 14:10:30.000	22227	-1280	-3492	0	46.41	-1	0	53	106	0	(-10,-27)
2	2026-01-01 14:10:31.000	22262	-1294	-3479	0	39.97	-1	1	53	106	0	(-10,-27)
2	2026-01-01 14:10:32.000	22297	-1289	-3386	0	39.44	-2	3	53	106	0	(-10,-26)
2	2026-01-01 14:10:33.000	22332	-1392	-3424	0	18.35	-2	4	53	106	0	(-11,-27)
2	2026-01-01 14:10:34.000	22367	-1458	-3510	0	337.58	-1	4	53	106	0	(-11,-27)
2	2026-01-01 14:10:35.000	22402	-1417	-3490	0	313.49	-1	6	53	106	0	(-11,-27)
2	2026-01-01 14:10:36.000	22437	-1469	-3432	0	331.78	-2	8	53	106	10	(-11,-27)
2	2026-01-01 14:10:37.000	22472	-1457	-3532	0	339.88	-2	7	53	106	10	(-11,-28)
2	2026-01-01 14:10:38.000	22507	-1406	-3592	0	356.25	0	7	47	106	10	(-11,-28)
2	2026-01-01 14:10:39.000	22542	-1340	-3603	64	355.83	1	5	47	106	10	(-10,-28)
2	2026-01-01 14:10:40.000	22577	-1249	-3680	64	3.55	1	5	47	106	10	(-10,-29)
2	2026-01-01 14:10:41.000	22612	-1335	-3624	64	4.15	3	4	47	106	10	(-10,-28)
2	2026-01-01 14:10:42.000	22647	-1240	-3637	64	325.05	5	4	47	106	6	(-10,-28)
2	2026-01-01 14:10:43.000	22682	-1153	-3576	40	344.56	6	4	47	106	6	(-9,-28)
2	2026-01-01 14:10:44.000	22717	-1067	-3599	40	21.23	4	3	47	106	6	(-8,-28)
2	2026-01-01 14:10:45.000	22752	-1077	-3592	40	57.37	5	4	47	106	6	(-8,-28)
2	2026-01-01 14:10:46.000	22787	-1044	-3593	40	19.75	5	4	47	106	6	(-8,-28)
2	2026-01-01 14:10:47.000	22822	-981	-3614	40	340.72	3	6	47	106	1	(-8,-28)
2	2026-01-01 14:10:48.000	22857	-1055	-3668	56	339.37	1	8	44	106	1	(-8,-29)
2	2026-01-01 14:10:49.000	22892	-1040	-3577	56	20.79	0	7	44	106	1	(-8,-28)
2	2026-01-01 14:10:50.000	22927	-1041	-3653	56	6.74	-2	5	44	106	0	(-8,-29)
2	2026-01-01 14:10:51.000	22962	-1038	-3644	56	36.84	-2	6	44	106	0	(-8,-28)
2	2026-01-01 14:10:52.000	22997	-956	-3654	56	71.08	-1	8	44	106	0	(-7,-29)
2	2026-01-01 14:10:53.000	23032	-852	-3731	56	65.12	-1	6	44	106	0	(-7,-29)
2	2026-01-01 14:10:54.000	23067	-890	-3679	56	77.71	1	7	44	106	0	(-7,-29)
2	2026-01-01 14:10:55.000	23102	-784	-3789	56	59.67	1	6	44	106	0	(-6,-30)
2	2026-01-01 14:10:56.000	23137	-814	-3841	56	82.18	2	7	44	106	0	(-6,-30)
2	2026-01-01 14:10:57.000	23172	-716	-3929	56	125.83	1	7	44	106	0	(-6,-31)
2	2026-01-01 14:10:58.000	23207	-802	-3886	56	138.04	-1	9	44	106	0	(-6,-30)
2	2026-01-01 14:10:59.000	23242	-821	-3840	56	145.38	0	8	44	106	0	(-6,-30)
2	2026-01-01 14:11:00.000	23277	-720	-3758	56	115.06	0	10	44	106	0	(-6,-29)
2	2026-01-01 14:11:01.000	23312	-800	-3721	56	74.35	-2	8	44	106	0	(-6,-29)
2	2026-01-01 14:11:02.000	23347	-871	-3767	56	55.49	-2	9	44	106	0	(-7,-29)
2	2026-01-01 14:11:03.000	23382	-888	-3771	56	89.82	-2	9	44	106	0	(-7,-29)
2	2026-01-01 14:11:04.000	23417	-903	-3698	56	123.96	-4	10	44	106	0	(-7,-29)
2	2026-01-01 14:11:05.000	23452	-948	-3632	0	97.49	-3	10	44	106	0	(-7,-28)
2	2026-01-01 14:11:06.000	23487	-1031	-3566	0	58.12	-2	10	44	106	0	(-8,-28)
2	2026-01-01 14:11:07.000	23522	-1001	-3526	0	84.08	-4	10	44	106	0	(-8,-28)
2	2026-01-01 14:11:08.000	23557	-964	-3543	0	81.99	-3	8	44	106	0	(-8,-28)
2	2026-01-01 14:11:09.000	23592	-894	-3453	0	43.29	-3	9	44	106	0	(-7,-27)
2	2026-01-01 14:11:10.000	23627	-891	-3562	0	78.28	-5	8	44	106	0	(-7,-28)
2	2026-01-01 14:11:11.000	23662	-799	-3452	0	74.67	-7	7	44	106	0	(-6,-27)
2	2026-01-01 14:11:12.000	23697	-724	-3492	0	72.12	-8	5	38	106	0	(-6,-27)
2	2026-01-01 14:11:13.000	23732	-802	-3499	0	62.01	-9	7	38	106	0	(-6,-27)
2	2026-01-01 14:11:14.000	23767	-729	-3479	0	90.74	-10	7	38	106	0	(-6,-27)
2	2026-01-01 14:11:15.000	23802	-788	-3559	0	98.67	-8	5	38	106	0	(-6,-28)
2	2026-01-01 14:11:16.000	23837	-771	-3482	0	79.04	-7	4	38	106	0	(-6,-27)
2	2026-01-01 14:11:17.000	23872	-754	-3456	0	44.19	-5	6	38	106	0	(-6,-27)
2	2026-01-01 14:11:18.000	23907	-818	-3386	0	62.15	-6	8	38	106	0	(-6,-26)
2	2026-01-01 14:11:19.000	23942	-724	-3411	0	79.18	-6	6	38	106	0	(-6,-27)
2	2026-01-01 14:11:20.000	23977	-826	-3318	0	110.65	-8	7	38	106	0	(-6,-26)
2	2026-01-01 14:11:21.000	24012	-819	-3297	0	116.5	-7	9	38	106	0	(-6,-26)
2	2026-01-01 14:11:22.000	24047	-842	-3280	0	126.1	-7	9	38	106	0	(-7,-26)
2	2026-01-01 14:11:23.000	24082	-901	-3275	0	94.35	-5	9	38	106	0	(-7,-26)
2	2026-01-01 14:11:24.000	24117	-845	-3222	0	130.05	-7	9	38	106	0	(-7,-25)
2	2026-01-01 14:11:25.000	24152	-895	-3253	128	152.05	-5	9	38	106	0	(-7,-25)
2	2026-01-01 14:11:26.000	24187	-894	-3194	128	130.45	-4	7	38	106	0	(-7,-25)
2	2026-01-01 14:11:27.000	24222	-972	-3237	0	121.24	-3	9	38	106	0	(-8,-25)
2	2026-01-01 14:11:28.000	24257	-1073	-3143	0	142.81	-5	9	38	106	0	(-8,-25)
2	2026-01-01 14:11:29.000	24292	-1021	-3053	0	187.48	-5	10	31	106	0	(-8,-24)
2	2026-01-01 14:11:30.000	24327	-973	-3003	0	175.18	-4	8	31	106	0	(-8,-23)
2	2026-01-01 14:11:31.000	24362	-936	-3000	0	162.89	-4	9	31	106	0	(-7,-23)
2	2026-01-01 14:11:32.000	24397	-970	-3056	0	184.98	-6	10	31	106	0	(-8,-24)
2	2026-01-01 14:11:33.000	24432	-929	-3050	0	162.68	-8	8	31	106	0	(-7,-24)
2	2026-01-01 14:11:34.000	24467	-914	-3136	0	170.56	-7	8	31	106	0	(-7,-24)
2	2026-01-01 14:11:35.000	24502	-812	-3106	0	162.18	-7	9	31	106	16	(-6,-24)
2	2026-01-01 14:11:36.000	24537	-917	-3112	0	143.48	-8	8	31	106	16	(-7,-24)
2	2026-01-01 14:11:37.000	24572	-845	-3201	0	163.61	-6	8	31	106	13	(-7,-25)
2	2026-01-01 14:11:38.000	24607	-942	-3252	0	125.31	-7	10	31	106	13	(-7,-25)
2	2026-01-01 14:11:39.000	24642	-1008	-3214	0	166.45	-6	10	31	106	13	(-8,-25)
2	2026-01-01 14:11:40.000	24677	-942	-3268	0	134.81	-8	10	31	106	11	(-7,-26)
2	2026-01-01 14:11:41.000	24712	-930	-3324	0	137.06	-9	8	31	106	10	(-7,-26)
2	2026-01-01 14:11:42.000	24747	-951	-3402	0	177.53	-10	9	31	106	10	(-7,-27)
2	2026-01-01 14:11:43.000	24782	-911	-3365	0	139.73	-10	7	31	106	10	(-7,-26)
2	2026-01-01 14:11:44.000	24817	-1016	-3305	0	157.74	-10	7	31	106	8	(-8,-26)
2	2026-01-01 14:11:45.000	24852	-1111	-3282	0	129.1	-9	7	31	106	3	(-9,-26)
2	2026-01-01 14:11:46.000	24887	-1160	-3266	0	166.1	-9	9	31	106	3	(-9,-26)
2	2026-01-01 14:11:47.000	24922	-1069	-3250	0	149.73	-7	7	31	106	3	(-8,-25)
2	2026-01-01 14:11:48.000	24957	-970	-3320	0	146.81	-5	5	31	106	3	(-8,-26)
2	2026-01-01 14:11:49.000	24992	-1034	-3235	0	122.47	-7	5	31	106	3	(-8,-25)
2	2026-01-01 14:11:50.000	25027	-1004	-3296	0	109.51	-9	6	31	106	3	(-8,-26)
2	2026-01-01 14:11:51.000	25062	-1030	-3277	0	114.25	-9	8	31	106	3	(-8,-26)
2	2026-01-01 14:11:52.000	25097	-1030	-3354	0	158.03	-8	9	31	106	3	(-8,-26)
2	2026-01-01 14:11:53.000	25132	-1135	-3343	0	131.64	-10	8	31	106	0	(-9,-26)
2	2026-01-01 14:11:54.000	25167	-1240	-3451	0	151.54	-9	10	31	106	20	(-10,-27)
2	2026-01-01 14:11:55.000	25202	-1168	-3442	64	135.99	-10	10	31	106	20	(-9,-27)
2	2026-01-01 14:11:56.000	25237	-1088	-3398	64	106.13	-10	10	31	106	20	(-8,-27)
2	2026-01-01 14:11:57.000	25272	-1139	-3460	64	86.26	-10	10	31	106	20	(-9,-27)
2	2026-01-01 14:11:58.000	25307	-1131	-3452	64	83.65	-8	9	31	106	20	(-9,-27)
2	2026-01-01 14:11:59.000	25342	-1227	-3542	64	57.11	-7	7	31	106	20	(-10,-28)
2	2026-01-01 14:12:00.000	25377	-1169	-3497	64	82.79	-5	8	31	106	19	(-9,-27)
2	2026-01-01 14:12:01.000	25412	-1243	-3398	64	66.55	-4	9	31	106	19	(-10,-27)
2	2026-01-01 14:12:02.000	25447	-1156	-3439	64	58.3	-6	10	36	106	19	(-9,-27)
2	2026-01-01 14:12:03.000	25482	-1079	-3509	64	90.85	-6	10	36	106	18	(-8,-27)
2	2026-01-01 14:12:04.000	25517	-1183	-3575	64	135.82	-8	10	36	106	18	(-9,-28)
2	2026-01-01 14:12:05.000	25552	-1131	-3573	-16	159.33	-7	10	36	106	13	(-9,-28)
2	2026-01-01 14:12:06.000	25587	-1132	-3611	-16	154.66	-9	10	36	106	13	(-9,-28)
2	2026-01-01 14:12:07.000	25622	-1028	-3596	-16	120.49	-9	10	36	106	13	(-8,-28)
2	2026-01-01 14:12:08.000	25657	-1015	-3641	-16	125.41	-10	8	36	106	11	(-8,-28)
2	2026-01-01 14:12:09.000	25692	-919	-3715	-16	116.82	-10	8	36	106	11	(-7,-29)
2	2026-01-01 14:12:10.000	25727	-856	-3707	-16	81.18	-9	8	36	106	10	(-7,-29)
2	2026-01-01 14:12:11.000	25762	-904	-3709	-16	67.03	-7	9	36	106	10	(-7,-29)
2	2026-01-01 14:12:12.000	25797	-853	-3731	0	31.78	-8	7	36	106	10	(-7,-29)
2	2026-01-01 14:12:13.000	25832	-812	-3665	0	4.52	-6	5	36	106	10	(-6,-29)
2	2026-01-01 14:12:14.000	25867	-717	-3656	0	34.58	-4	4	36	106	10	(-6,-29)
2	2026-01-01 14:12:15.000	25902	-689	-3699	0	41.22	-3	4	36	106	10	(-5,-29)
2	2026-01-01 14:12:16.000	25937	-749	-3740	0	80.02	-5	6	36	106	10	(-6,-29)
2	2026-01-01 14:12:17.000	25972	-838	-3836	0	81.03	-3	8	36	106	10	(-7,-30)
2	2026-01-01 14:12:18.000	26007	-931	-3809	0	74.19	-4	10	36	106	10	(-7,-30)
2	2026-01-01 14:12:19.000	26042	-1014	-3888	0	41.09	-3	8	36	106	5	(-8,-30)
2	2026-01-01 14:12:20.000	26077	-968	-3799	0	57.21	-2	6	36	106	28	(-8,-30)
2	2026-01-01 14:12:21.000	26112	-985	-3859	0	19.35	-3	6	36	106	28	(-8,-30)
2	2026-01-01 14:12:22.000	26147	-918	-3967	0	10.58	-2	4	36	106	28	(-7,-31)
2	2026-01-01 14:12:23.000	26182	-866	-3895	0	40.38	-2	3	36	106	28	(-7,-30)
2	2026-01-01 14:12:24.000	26217	-850	-3987	0	9.74	-2	4	36	106	28	(-7,-31)
2	2026-01-01 14:12:25.000	26252	-748	-3907	0	38.42	-2	5	36	106	28	(-6,-31)
2	2026-01-01 14:12:26.000	26287	-797	-3812	0	46.6	-1	7	36	106	28	(-6,-30)
2	2026-01-01 14:12:27.000	26322	-781	-3715	0	87.39	-2	5	36	106	28	(-6,-29)
2	2026-01-01 14:12:28.000	26357	-699	-3606	0	95.52	-1	7	36	106	28	(-5,-28)
2	2026-01-01 14:12:29.000	26392	-735	-3632	0	91.16	-2	6	36	106	28	(-6,-28)
2	2026-01-01 14:12:30.000	26427	-805	-3626	0	107.98	-2	7	36	106	27	(-6,-28)
2	2026-01-01 14:12:31.000	26462	-700	-3523	0	88.78	0	9	36	106	27	(-5,-28)
2	2026-01-01 14:12:32.000	26497	-731	-3591	0	96.42	-2	7	36	106	27	(-6,-28)
2	2026-01-01 14:12:33.000	26532	-829	-3692	0	91.11	-4	6	36	106	27	(-6,-29)
2	2026-01-01 14:12:34.000	26567	-777	-3649	0	88.77	-5	8	36	106	27	(-6,-29)
2	2026-01-01 14:12:35.000	26602	-746	-3637	0	106.88	-3	6	36	106	27	(-6,-28)
2	2026-01-01 14:12:36.000	26637	-810	-3677	0	99.45	-3	8	36	106	25	(-6,-29)
2	2026-01-01 14:12:37.000	26672	-909	-3608	0	56.07	-2	9	36	106	47	(-7,-28)
2	2026-01-01 14:12:38.000	26707	-802	-3717	0	94.8	-3	10	36	106	45	(-6,-29)
2	2026-01-01 14:12:39.000	26742	-813	-3754	0	104.85	-3	10	36	106	45	(-6,-29)
2	2026-01-01 14:12:40.000	26777	-905	-3748	0	92.8	-5	8	36	106	45	(-7,-29)
2	2026-01-01 14:12:41.000	26812	-954	-3809	0	134.13	-7	8	36	106	44	(-7,-30)
2	2026-01-01 14:12:42.000	26847	-892	-3888	128	155.16	-8	10	36	106	44	(-7,-30)
2	2026-01-01 14:12:43.000	26882	-865	-3812	128	166.88	-7	9	36	106	44	(-7,-30)
2	2026-01-01 14:12:44.000	26917	-940	-3771	128	147.01	-6	10	36	106	44	(-7,-29)
2	2026-01-01 14:12:45.000	26952	-987	-3717	128	124.06	-7	10	36	106	44	(-8,-29)
2	2026-01-01 14:12:46.000	26987	-929	-3713	128	108.79	-8	9	36	106	44	(-7,-29)
2	2026-01-01 14:12:47.000	27022	-983	-3817	128	119.87	-10	10	36	106	39	(-8,-30)
2	2026-01-01 14:12:48.000	27057	-906	-3759	128	87.68	-10	10	36	106	39	(-7,-29)
2	2026-01-01 14:12:49.000	27092	-838	-3739	0	63.19	-10	10	36	106	34	(-7,-29)
2	2026-01-01 14:12:50.000	27127	-835	-3737	0	66.21	-10	10	36	106	34	(-7,-29)
2	2026-01-01 14:12:51.000	27162	-745	-3694	0	102.55	-10	9	36	106	34	(-6,-29)
2	2026-01-01 14:12:52.000	27197	-801	-3753	0	101.22	-10	10	36	106	34	(-6,-29)
2	2026-01-01 14:12:53.000	27232	-759	-3813	40	144.27	-10	9	36	106	34	(-6,-30)
2	2026-01-01 14:12:54.000	27267	-756	-3833	128	174.8	-8	10	36	106	29	(-6,-30)
2	2026-01-01 14:12:55.000	27302	-807	-3850	128	165.39	-9	9	32	106	29	(-6,-30)
2	2026-01-01 14:12:56.000	27337	-731	-3894	128	127.88	-10	8	32	106	29	(-6,-30)
2	2026-01-01 14:12:57.000	27372	-725	-3946	128	169.62	-10	6	32	106	29	(-6,-31)
2	2026-01-01 14:12:58.000	27407	-657	-3866	128	182.46	-9	8	24	106	29	(-5,-30)
2	2026-01-01 14:12:59.000	27442	-615	-3785	128	192.41	-8	7	24	106	29	(-5,-30)
2	2026-01-01 14:13:00.000	27477	-703	-3891	128	158.99	-6	5	24	106	24	(-5,-30)
2	2026-01-01 14:13:01.000	27512	-765	-3969	128	169.58	-5	5	24	106	24	(-6,-31)
2	2026-01-01 14:13:02.000	27547	-690	-3886	128	125.76	-7	4	24	106	24	(-5,-30)
2	2026-01-01 14:13:03.000	27582	-589	-3971	128	140.28	-5	2	24	106	20	(-5,-31)
2	2026-01-01 14:13:04.000	27617	-495	-3996	128	149.74	-5	3	24	106	20	(-4,-31)
2	2026-01-01 14:13:05.000	27652	-471	-4103	128	105.06	-7	1	24	106	20	(-4,-32)
2	2026-01-01 14:13:06.000	27687	-362	-4045	128	77.14	-5	1	24	106	20	(-3,-32)
2	2026-01-01 14:13:07.000	27722	-329	-4023	128	79.75	-5	0	37	106	18	(-3,-31)
2	2026-01-01 14:13:08.000	27757	-329	-4125	128	103.51	-4	-2	37	106	18	(-3,-32)
2	2026-01-01 14:13:09.000	27792	-223	-4044	0	132.09	-6	-3	30	106	18	(-2,-32)
2	2026-01-01 14:13:10.000	27827	-189	-4031	0	147.96	-4	-3	30	106	18	(-1,-31)
2	2026-01-01 14:13:11.000	27862	-128	-3931	0	124.66	-3	-2	30	106	18	(-1,-31)
2	2026-01-01 14:13:12.000	27897	-204	-3987	0	114.19	-3	-3	30	106	18	(-2,-31)
2	2026-01-01 14:13:13.000	27932	-191	-4001	0	142.19	-3	-5	30	106	15	(-1,-31)
2	2026-01-01 14:13:14.000	27967	-245	-4090	0	141.8	-3	-3	30	106	15	(-2,-32)
2	2026-01-01 14:13:15.000	28002	-254	-4180	0	136.06	-5	-5	30	106	11	(-2,-33)
2	2026-01-01 14:13:16.000	28037	-149	-4122	0	119.51	-6	-6	30	106	11	(-1,-32)
2	2026-01-01 14:13:17.000	28072	-102	-4090	24	123.58	-7	-4	30	106	11	(-1,-32)
2	2026-01-01 14:13:18.000	28107	-103	-4166	24	97.87	-7	-2	30	106	7	(-1,-33)
2	2026-01-01 14:13:19.000	28142	-147	-4114	24	77.59	-9	-4	30	106	7	(-1,-32)
2	2026-01-01 14:13:20.000	28177	-230	-4063	24	90.0	-10	-3	30	106	7	(-2,-32)
2	2026-01-01 14:13:21.000	28212	-127	-4042	24	128.87	-8	-1	30	106	7	(-1,-32)
2	2026-01-01 14:13:22.000	28247	-235	-3956	24	169.58	-7	1	30	106	7	(-2,-31)
2	2026-01-01 14:13:23.000	28282	-134	-3958	24	184.29	-9	2	30	106	7	(-1,-31)
2	2026-01-01 14:13:24.000	28317	-43	-3892	24	192.01	-7	2	30	106	7	(0,-30)
2	2026-01-01 14:13:25.000	28352	-13	-3962	24	189.59	-9	1	30	106	7	(0,-31)
2	2026-01-01 14:13:26.000	28387	-4	-3975	24	166.48	-9	1	30	106	7	(0,-31)
2	2026-01-01 14:13:27.000	28422	-22	-4045	24	208.83	-7	0	30	106	7	(0,-32)
2	2026-01-01 14:13:28.000	28457	59	-4062	24	184.29	-7	1	30	106	7	(0,-32)
2	2026-01-01 14:13:29.000	28492	152	-4046	24	180.2	-8	2	30	106	6	(1,-32)
2	2026-01-01 14:13:30.000	28527	244	-4032	24	176.93	-9	0	30	106	6	(2,-32)
2	2026-01-01 14:13:31.000	28562	273	-4063	24	137.54	-10	2	30	106	5	(2,-32)
2	2026-01-01 14:13:32.000	28597	214	-4155	24	146.16	-10	3	30	106	5	(2,-32)
2	2026-01-01 14:13:33.000	28632	266	-4109	24	172.75	-9	2	30	106	5	(2,-32)
2	2026-01-01 14:13:34.000	28667	220	-4098	24	203.46	-8	2	30	106	5	(2,-32)
2	2026-01-01 14:13:35.000	28702	315	-4016	24	206.04	-7	3	30	106	5	(2,-31)
2	2026-01-01 14:13:36.000	28737	307	-4065	24	221.18	-7	4	30	106	5	(2,-32)
2	2026-01-01 14:13:37.000	28772	208	-4075	24	190.09	-8	5	30	106	5	(2,-32)
2	2026-01-01 14:13:38.000	28807	199	-4078	0	219.55	-7	4	30	106	27	(2,-32)
2	2026-01-01 14:13:39.000	28842	100	-4102	0	204.72	-6	2	30	106	27	(1,-32)
2	2026-01-01 14:13:40.000	28877	157	-4046	0	194.71	-4	0	30	106	27	(1,-32)
2	2026-01-01 14:13:41.000	28912	130	-4070	0	232.4	-5	-1	30	106	27	(1,-32)
2	2026-01-01 14:13:42.000	28947	182	-4024	0	190.83	-7	1	28	106	27	(1,-31)
2	2026-01-01 14:13:43.000	28982	127	-4103	0	167.92	-6	3	28	106	26	(1,-32)
2	2026-01-01 14:13:44.000	29017	62	-4024	0	191.29	-7	2	28	106	26	(0,-31)
2	2026-01-01 14:13:45.000	29052	-8	-3972	0	191.68	-9	2	28	106	26	(0,-31)
2	2026-01-01 14:13:46.000	29087	-54	-3936	0	155.28	-8	4	28	106	26	(0,-31)
2	2026-01-01 14:13:47.000	29122	-76	-3934	0	187.3	-10	3	28	106	26	(-1,-31)
2	2026-01-01 14:13:48.000	29157	-107	-3923	0	146.93	-9	1	28	106	26	(-1,-31)
2	2026-01-01 14:13:49.000	29192	-2	-4005	0	163.07	-10	0	28	106	26	(0,-31)
2	2026-01-01 14:13:50.000	29227	-8	-3946	0	120.66	-10	2	28	106	26	(0,-31)
2	2026-01-01 14:13:51.000	29262	98	-3961	0	81.64	-10	1	28	106	26	(1,-31)
2	2026-01-01 14:13:52.000	29297	26	-3863	0	83.97	-10	0	28	106	26	(0,-30)
2	2026-01-01 14:13:53.000	29332	71	-3903	0	119.92	-8	-2	28	106	26	(1,-30)
2	2026-01-01 14:13:54.000	29367	162	-3898	0	160.84	-10	-3	28	106	26	(1,-30)
2	2026-01-01 14:13:55.000	29402	180	-3822	0	161.14	-10	-1	28	106	26	(1,-30)
2	2026-01-01 14:13:56.000	29437	268	-3876	0	205.3	-10	-3	28	106	23	(2,-30)
2	2026-01-01 14:13:57.000	29472	308	-3817	0	181.56	-10	-5	28	106	21	(2,-30)
2	2026-01-01 14:13:58.000	29507	290	-3848	0	180.04	-10	-7	40	106	30	(2,-30)
2	2026-01-01 14:13:59.000	29542	329	-3871	0	213.52	-10	-8	40	106	30	(3,-30)
2	2026-01-01 14:14:00.000	29577	272	-3844	0	209.75	-8	-6	35	106	25	(2,-30)
2	2026-01-01 14:14:01.000	29612	275	-3899	0	165.16	-8	-7	35	106	21	(2,-30)
2	2026-01-01 14:14:02.000	29647	215	-3972	0	187.72	-6	-5	35	106	21	(2,-31)
2	2026-01-01 14:14:03.000	29682	308	-4074	0	227.07	-5	-3	35	106	21	(2,-32)
2	2026-01-01 14:14:04.000	29717	323	-4146	0	188.74	-7	-2	35	106	21	(3,-32)
2	2026-01-01 14:14:05.000	29752	305	-4162	0	164.74	-7	-1	35	106	21	(2,-33)
2	2026-01-01 14:14:06.000	29787	400	-4155	0	159.79	-6	-2	35	106	21	(3,-32)
2	2026-01-01 14:14:07.000	29822	504	-4247	0	163.38	-5	-4	35	106	21	(4,-33)
2	2026-01-01 14:14:08.000	29857	539	-4296	16	123.02	-3	-5	35	106	21	(4,-34)
2	2026-01-01 14:14:09.000	29892	548	-4304	16	134.65	-1	-3	35	106	21	(4,-34)
2	2026-01-01 14:14:10.000	29927	478	-4399	16	173.39	-3	-1	35	106	21	(4,-34)
2	2026-01-01 14:14:11.000	29962	523	-4423	16	217.06	-2	-3	35	106	21	(4,-35)
2	2026-01-01 14:14:12.000	29997	511	-4406	16	259.96	-4	-2	35	106	21	(4,-34)
2	2026-01-01 14:14:13.000	30032	489	-4302	16	268.01	-3	-3	35	106	20	(4,-34)
2	2026-01-01 14:14:14.000	30067	386	-4257	16	276.87	-5	-5	35	106	20	(3,-33)
2	2026-01-01 14:14:15.000	30102	331	-4192	24	239.37	-4	-7	35	106	15	(3,-33)
2	2026-01-01 14:14:16.000	30137	404	-4215	24	270.1	-6	-7	35	106	15	(3,-33)
2	2026-01-01 14:14:17.000	30172	377	-4140	24	249.9	-6	-8	35	106	15	(3,-32)
2	2026-01-01 14:14:18.000	30207	315	-4137	24	225.88	-8	-10	35	106	15	(2,-32)
2	2026-01-01 14:14:19.000	30242	221	-4070	24	229.31	-10	-10	27	106	15	(2,-32)
2	2026-01-01 14:14:20.000	30277	185	-4003	24	259.71	-9	-10	27	106	15	(1,-31)
2	2026-01-01 14:14:21.000	30312	109	-4008	24	292.66	-10	-10	27	106	15	(1,-31)
2	2026-01-01 14:14:22.000	30347	151	-4102	24	263.5	-10	-8	27	106	15	(1,-32)
2	2026-01-01 14:14:23.000	30382	156	-4148	24	219.37	-10	-8	27	106	15	(1,-32)
2	2026-01-01 14:14:24.000	30417	254	-4215	24	214.39	-10	-6	27	106	15	(2,-33)
2	2026-01-01 14:14:25.000	30452	151	-4117	24	246.22	-10	-6	27	106	10	(1,-32)
2	2026-01-01 14:14:26.000	30487	67	-4036	24	290.61	-8	-5	27	106	10	(1,-32)
2	2026-01-01 14:14:27.000	30522	-29	-4131	24	324.53	-9	-3	27	106	10	(0,-32)
2	2026-01-01 14:14:28.000	30557	-88	-4206	24	306.14	-10	-1	27	106	10	(-1,-33)
2	2026-01-01 14:14:29.000	30592	-39	-4300	24	267.74	-10	-1	27	106	10	(0,-34)
2	2026-01-01 14:14:30.000	30627	6	-4290	24	247.3	-9	-2	19	106	10	(0,-34)
2	2026-01-01 14:14:31.000	30662	-60	-4382	24	260.62	-8	0	19	106	5	(0,-34)
2	2026-01-01 14:14:32.000	30697	-125	-4356	24	260.58	-7	0	19	106	5	(-1,-34)
2	2026-01-01 14:14:33.000	30732	-211	-4444	24	223.27	-6	-1	19	106	5	(-2,-35)
2	2026-01-01 14:14:34.000	30767	-264	-4524	24	196.76	-6	-1	19	106	5	(-2,-35)
2	2026-01-01 14:14:35.000	30802	-215	-4453	24	154.85	-7	-2	19	106	5	(-2,-35)
2	2026-01-01 14:14:36.000	30837	-205	-4529	24	135.75	-7	-4	19	106	5	(-2,-35)
2	2026-01-01 14:14:37.000	30872	-115	-4515	24	174.32	-6	-6	19	106	5	(-1,-35)
2	2026-01-01 14:14:38.000	30907	-134	-4437	24	211.03	-8	-8	19	106	5	(-1,-35)
2	2026-01-01 14:14:39.000	30942	-235	-4470	24	171.13	-9	-9	19	106	5	(-2,-35)
2	2026-01-01 14:14:40.000	30977	-139	-4371	24	167.21	-10	-7	19	106	5	(-1,-34)
2	2026-01-01 14:14:41.000	31012	-45	-4289	24	191.92	-9	-9	19	106	5	(0,-34)
2	2026-01-01 14:14:42.000	31047	-138	-4302	24	162.51	-8	-7	19	106	5	(-1,-34)
2	2026-01-01 14:14:43.000	31082	-238	-4399	24	157.57	-6	-6	19	106	3	(-2,-34)
2	2026-01-01 14:14:44.000	31117	-151	-4351	24	184.61	-6	-8	19	106	3	(-1,-34)
2	2026-01-01 14:14:45.000	31152	-49	-4397	24	226.34	-5	-9	19	106	3	(0,-34)
2	2026-01-01 14:14:46.000	31187	-157	-4425	24	208.36	-3	-9	17	106	3	(-1,-35)
2	2026-01-01 14:14:47.000	31222	-264	-4508	24	187.71	-4	-8	17	106	3	(-2,-35)
2	2026-01-01 14:14:48.000	31257	-180	-4492	0	192.63	-2	-9	17	106	3	(-1,-35)
2	2026-01-01 14:14:49.000	31292	-105	-4432	0	199.67	0	-8	17	106	1	(-1,-35)
2	2026-01-01 14:14:50.000	31327	-214	-4392	0	220.56	1	-10	17	106	1	(-2,-34)
2	2026-01-01 14:14:51.000	31362	-145	-4448	0	263.45	3	-8	17	106	1	(-1,-35)
2	2026-01-01 14:14:52.000	31397	-86	-4452	0	287.87	2	-7	12	106	0	(-1,-35)
2	2026-01-01 14:14:53.000	31432	-187	-4445	0	249.39	1	-7	12	106	0	(-1,-35)
2	2026-01-01 14:14:54.000	31467	-186	-4548	0	262.06	1	-5	12	106	0	(-1,-36)
2	2026-01-01 14:14:55.000	31502	-140	-4479	0	294.53	-1	-6	12	106	0	(-1,-35)
2	2026-01-01 14:14:56.000	31537	-82	-4523	0	321.15	-3	-8	12	106	0	(-1,-35)
2	2026-01-01 14:14:57.000	31572	22	-4578	0	337.54	-4	-7	12	106	0	(0,-36)
2	2026-01-01 14:14:58.000	31607	-41	-4504	0	330.29	-5	-8	12	106	0	(0,-35)
2	2026-01-01 14:14:59.000	31642	-99	-4499	0	358.55	-4	-6	12	106	0	(-1,-35)
2	2026-01-01 14:15:00.000	31677	-46	-4407	0	319.41	-6	-5	12	106	0	(0,-34)
2	2026-01-01 14:15:01.000	31712	0	-4436	0	335.01	-5	-4	4	106	0	(0,-35)
2	2026-01-01 14:15:02.000	31747	6	-4462	0	334.28	-5	-6	4	106	0	(0,-35)
2	2026-01-01 14:15:03.000	31782	-4	-4493	0	304.24	-7	-4	4	106	0	(0,-35)
2	2026-01-01 14:15:04.000	31817	68	-4387	0	297.6	-5	-6	4	106	0	(1,-34)
2	2026-01-01 14:15:05.000	31852	-2	-4390	0	286.39	-3	-4	4	106	0	(0,-34)
2	2026-01-01 14:15:06.000	31887	21	-4327	0	307.69	-5	-4	4	106	0	(0,-34)
2	2026-01-01 14:15:07.000	31922	-51	-4269	0	349.23	-4	-2	4	106	0	(0,-33)
2	2026-01-01 14:15:08.000	31957	-91	-4356	0	319.57	-4	-1	0	106	0	(-1,-34)
2	2026-01-01 14:15:09.000	31992	-57	-4391	0	333.92	-2	0	0	106	0	(0,-34)
2	2026-01-01 14:15:10.000	32027	-86	-4315	0	351.97	0	-1	0	106	0	(-1,-34)
2	2026-01-01 14:15:11.000	32062	-111	-4224	0	6.0	-2	-2	0	106	0	(-1,-33)
2	2026-01-01 14:15:12.000	32097	-118	-4156	0	337.0	-1	-1	0	106	0	(-1,-32)
2	2026-01-01 14:15:13.000	32132	-47	-4228	0	338.35	1	-3	0	106	0	(0,-33)
2	2026-01-01 14:15:14.000	32167	-134	-4118	0	10.14	0	-2	0	106	0	(-1,-32)
2	2026-01-01 14:15:15.000	32202	-231	-4149	0	47.71	0	-4	0	106	10	(-2,-32)
2	2026-01-01 14:15:16.000	32237	-164	-4177	0	16.77	0	-2	0	106	10	(-1,-33)
2	2026-01-01 14:15:17.000	32272	-150	-4250	0	45.13	-2	-3	0	106	10	(-1,-33)
2	2026-01-01 14:15:18.000	32307	-131	-4352	0	15.9	-1	-2	0	106	10	(-1,-34)
2	2026-01-01 14:15:19.000	32342	-157	-4252	0	43.68	1	-1	0	106	6	(-1,-33)
2	2026-01-01 14:15:20.000	32377	-47	-4313	0	77.83	1	-1	0	106	6	(0,-34)
2	2026-01-01 14:15:21.000	32412	-112	-4266	0	94.53	3	0	0	106	6	(-1,-33)
2	2026-01-01 14:15:22.000	32447	-26	-4375	0	67.85	1	-2	0	106	6	(0,-34)
2	2026-01-01 14:15:23.000	32482	63	-4387	0	26.13	3	0	0	106	6	(0,-34)
2	2026-01-01 14:15:24.000	32517	-12	-4321	0	358.08	3	1	0	106	6	(0,-34)
2	2026-01-01 14:15:25.000	32552	8	-4228	0	346.75	3	2	0	106	6	(0,-33)
2	2026-01-01 14:15:26.000	32587	-22	-4186	0	357.46	1	4	0	106	6	(0,-33)
2	2026-01-01 14:15:27.000	32622	55	-4272	0	317.39	0	4	10	98	6	(0,-33)
2	2026-01-01 14:15:28.000	32657	115	-4223	0	339.49	1	5	10	98	6	(1,-33)
2	2026-01-01 14:15:29.000	32692	174	-4317	0	295.18	-1	7	10	98	6	(1,-34)
2	2026-01-01 14:15:30.000	32727	93	-4340	0	326.16	-1	7	10	98	5	(1,-34)
2	2026-01-01 14:15:31.000	32762	150	-4290	0	6.73	-3	6	10	98	5	(1,-34)
2	2026-01-01 14:15:32.000	32797	111	-4338	0	18.05	-3	8	10	98	5	(1,-34)
2	2026-01-01 14:15:33.000	32832	103	-4264	0	351.5	-4	10	10	98	4	(1,-33)
2	2026-01-01 14:15:34.000	32867	100	-4306	0	17.68	-5	10	10	98	4	(1,-34)
2	2026-01-01 14:15:35.000	32902	65	-4401	0	40.29	-7	10	10	98	4	(1,-34)
2	2026-01-01 14:15:36.000	32937	59	-4316	0	83.64	-8	10	10	98	2	(0,-34)
2	2026-01-01 14:15:37.000	32972	70	-4305	0	49.28	-10	8	10	98	2	(1,-34)
2	2026-01-01 14:15:38.000	33007	47	-4382	0	13.48	-10	6	10	98	2	(0,-34)
2	2026-01-01 14:15:39.000	33042	87	-4366	0	332.03	-10	8	10	98	2	(1,-34)
2	2026-01-01 14:15:40.000	33077	86	-4279	0	335.73	-8	10	10	98	0	(1,-33)
2	2026-01-01 14:15:41.000	33112	53	-4309	0	313.17	-7	10	10	98	0	(0,-34)
2	2026-01-01 14:15:42.000	33147	54	-4412	0	353.98	-7	8	10	98	0	(0,-34)
2	2026-01-01 14:15:43.000	33182	28	-4307	0	333.81	-9	8	10	98	0	(0,-34)
2	2026-01-01 14:15:44.000	33217	-48	-4290	0	295.47	-7	7	10	106	0	(0,-34)
2	2026-01-01 14:15:45.000	33252	53	-4229	0	314.91	-8	9	10	106	0	(0,-33)
2	2026-01-01 14:15:46.000	33287	132	-4308	0	351.44	-9	10	10	106	0	(1,-34)
2	2026-01-01 14:15:47.000	33322	164	-4269	0	28.18	-10	10	10	106	0	(1,-33)
2	2026-01-01 14:15:48.000	33357	219	-4176	0	62.98	-8	10	10	106	0	(2,-33)
2	2026-01-01 14:15:49.000	33392	280	-4245	0	29.41	-9	8	10	106	0	(2,-33)
2	2026-01-01 14:15:50.000	33427	226	-4227	0	36.43	-9	6	10	106	0	(2,-33)
2	2026-01-01 14:15:51.000	33462	167	-4151	0	33.99	-10	6	10	106	0	(1,-32)
2	2026-01-01 14:15:52.000	33497	88	-4188	0	21.34	-10	6	10	106	0	(1,-33)
2	2026-01-01 14:15:53.000	33532	116	-4170	0	6.77	-10	6	10	106	0	(1,-33)
2	2026-01-01 14:15:54.000	33567	123	-4105	0	45.73	-10	7	10	106	0	(1,-32)
2	2026-01-01 14:15:55.000	33602	205	-4012	0	76.09	-10	5	10	106	0	(2,-31)
2	2026-01-01 14:15:56.000	33637	120	-3928	0	101.65	-10	6	10	106	0	(1,-31)
2	2026-01-01 14:15:57.000	33672	47	-3835	0	114.05	-10	4	10	106	0	(0,-30)
2	2026-01-01 14:15:58.000	33707	-63	-3931	0	150.31	-8	2	10	106	0	(0,-31)
2	2026-01-01 14:15:59.000	33742	-108	-3908	0	131.57	-10	2	10	106	0	(-1,-31)
2	2026-01-01 14:16:00.000	33777	-86	-3851	0	93.52	-9	2	10	106	0	(-1,-30)
2	2026-01-01 14:16:01.000	33812	-98	-3891	0	118.16	-7	1	10	106	0	(-1,-30)
2	2026-01-01 14:16:02.000	33847	-116	-3925	0	120.23	-8	-1	10	106	0	(-1,-31)
2	2026-01-01 14:16:03.000	33882	-103	-3913	0	90.14	-6	-3	10	106	0	(-1,-31)
2	2026-01-01 14:16:04.000	33917	-126	-3821	0	48.15	-5	-4	10	106	0	(-1,-30)
2	2026-01-01 14:16:05.000	33952	-203	-3894	0	46.26	-3	-5	10	106	0	(-2,-30)
2	2026-01-01 14:16:06.000	33987	-103	-3835	0	84.95	-2	-3	10	106	0	(-1,-30)
2	2026-01-01 14:16:07.000	34022	-40	-3897	0	118.7	-1	-5	10	106	0	(0,-30)
2	2026-01-01 14:16:08.000	34057	-46	-3894	0	152.98	-3	-6	10	106	0	(0,-30)
2	2026-01-01 14:16:09.000	34092	-70	-3881	0	155.35	-4	-7	10	106	0	(-1,-30)
2	2026-01-01 14:16:10.000	34127	-102	-3979	0	149.47	-2	-8	10	106	0	(-1,-31)
2	2026-01-01 14:16:11.000	34162	-50	-4014	0	134.96	-1	-7	10	106	0	(0,-31)
2	2026-01-01 14:16:12.000	34197	20	-3933	0	95.52	1	-5	10	106	0	(0,-31)
2	2026-01-01 14:16:13.000	34232	121	-3953	0	136.98	2	-5	10	106	0	(1,-31)
2	2026-01-01 14:16:14.000	34267	93	-4056	0	173.08	2	-6	10	106	0	(1,-32)
2	2026-01-01 14:16:15.000	34302	152	-4122	0	170.41	3	-8	10	106	0	(1,-32)
2	2026-01-01 14:16:16.000	34337	239	-4179	0	182.06	3	-6	10	106	0	(2,-33)
2	2026-01-01 14:16:17.000	34372	186	-4128	0	171.67	4	-6	10	106	0	(1,-32)
2	2026-01-01 14:16:18.000	34407	263	-4157	0	127.25	2	-5	10	106	0	(2,-32)
2	2026-01-01 14:16:19.000	34442	156	-4095	0	142.42	4	-3	10	106	0	(1,-32)
2	2026-01-01 14:16:20.000	34477	190	-4101	0	137.75	4	-4	5	106	0	(1,-32)
2	2026-01-01 14:16:21.000	34512	179	-3997	0	99.64	5	-4	5	106	0	(1,-31)
2	2026-01-01 14:16:22.000	34547	189	-3999	0	83.92	7	-6	5	106	0	(1,-31)
2	2026-01-01 14:16:23.000	34582	87	-4034	0	95.17	6	-5	5	106	0	(1,-32)
2	2026-01-01 14:16:24.000	34617	192	-3972	0	71.46	5	-3	5	106	0	(2,-31)
2	2026-01-01 14:16:25.000	34652	271	-3913	0	79.08	6	-5	5	106	0	(2,-31)
2	2026-01-01 14:16:26.000	34687	169	-3861	0	34.8	5	-3	5	106	0	(1,-30)
2	2026-01-01 14:16:27.000	34722	207	-3797	0	1.63	7	-4	1	106	0	(2,-30)
2	2026-01-01 14:16:28.000	34757	312	-3743	0	353.48	8	-6	1	106	0	(2,-29)
2	2026-01-01 14:16:29.000	34792	339	-3684	0	7.92	9	-4	1	106	0	(3,-29)
2	2026-01-01 14:16:30.000	34827	411	-3638	0	16.98	7	-2	1	106	0	(3,-28)
2	2026-01-01 14:16:31.000	34862	354	-3736	0	61.38	5	-2	1	106	0	(3,-29)
2	2026-01-01 14:16:32.000	34897	455	-3670	0	100.72	3	-3	1	106	0	(4,-29)
2	2026-01-01 14:16:33.000	34932	536	-3658	0	116.95	2	-5	1	106	0	(4,-29)
2	2026-01-01 14:16:34.000	34967	538	-3556	0	73.89	3	-5	1	106	0	(4,-28)
2	2026-01-01 14:16:35.000	35002	475	-3645	0	110.51	1	-5	1	106	0	(4,-28)
2	2026-01-01 14:16:36.000	35037	451	-3627	8	82.27	1	-5	1	106	0	(4,-28)
2	2026-01-01 14:16:37.000	35072	426	-3674	0	107.74	1	-4	1	106	0	(3,-29)
2	2026-01-01 14:16:38.000	35107	359	-3592	0	128.93	0	-5	1	106	0	(3,-28)
2	2026-01-01 14:16:39.000	35142	339	-3525	0	153.61	0	-6	1	106	0	(3,-28)
2	2026-01-01 14:16:40.000	35177	263	-3568	0	158.94	0	-6	1	106	0	(2,-28)
2	2026-01-01 14:16:41.000	35212	159	-3599	0	183.25	2	-4	1	106	0	(1,-28)
2	2026-01-01 14:16:42.000	35247	220	-3531	0	195.74	0	-2	1	106	0	(2,-28)
2	2026-01-01 14:16:43.000	35282	230	-3529	0	196.75	1	0	1	106	0	(2,-28)
2	2026-01-01 14:16:44.000	35317	180	-3546	0	184.44	1	2	0	101	0	(1,-28)
2	2026-01-01 14:16:45.000	35352	144	-3523	0	191.22	1	3	0	101	0	(1,-28)
2	2026-01-01 14:16:46.000	35387	117	-3497	0	199.79	3	1	0	101	0	(1,-27)
2	2026-01-01 14:16:47.000	35422	45	-3497	0	168.97	1	3	0	101	0	(0,-27)
2	2026-01-01 14:16:48.000	35457	-53	-3590	0	183.25	3	1	0	101	0	(0,-28)
2	2026-01-01 14:16:49.000	35492	-76	-3558	0	223.62	3	0	0	101	0	(-1,-28)
2	2026-01-01 14:16:50.000	35527	-171	-3620	0	187.9	2	2	0	101	0	(-1,-28)
2	2026-01-01 14:16:51.000	35562	-272	-3613	0	164.67	4	2	0	101	0	(-2,-28)
2	2026-01-01 14:16:52.000	35597	-282	-3565	0	206.86	3	2	0	101	0	(-2,-28)
2	2026-01-01 14:16:53.000	35632	-369	-3591	0	226.26	4	0	0	101	0	(-3,-28)
2	2026-01-01 14:16:54.000	35667	-358	-3585	0	260.22	4	0	0	101	0	(-3,-28)
2	2026-01-01 14:16:55.000	35702	-284	-3496	0	268.85	6	2	0	101	0	(-2,-27)
2	2026-01-01 14:16:56.000	35737	-256	-3486	0	267.86	4	0	0	101	0	(-2,-27)
2	2026-01-01 14:16:57.000	35772	-310	-3435	0	223.05	2	0	0	101	0	(-2,-27)
2	2026-01-01 14:16:58.000	35807	-255	-3340	0	247.18	0	1	0	101	0	(-2,-26)
2	2026-01-01 14:16:59.000	35842	-299	-3357	0	203.4	1	2	0	101	0	(-2,-26)
2	2026-01-01 14:17:00.000	35877	-232	-3306	0	198.37	1	2	0	101	0	(-2,-26)
2	2026-01-01 14:17:01.000	35912	-235	-3202	0	182.23	-1	2	0	101	0	(-2,-25)
2	2026-01-01 14:17:02.000	35947	-210	-3195	0	151.43	1	1	0	101	0	(-2,-25)
2	2026-01-01 14:17:03.000	35982	-278	-3256	0	156.71	0	1	0	101	0	(-2,-25)
2	2026-01-01 14:17:04.000	36017	-264	-3232	0	196.33	1	0	0	101	0	(-2,-25)
2	2026-01-01 14:17:05.000	36052	-326	-3272	0	207.8	1	0	0	101	0	(-3,-26)
2	2026-01-01 14:17:06.000	36087	-342	-3241	0	241.81	1	-2	0	99	0	(-3,-25)
2	2026-01-01 14:17:07.000	36122	-426	-3206	56	279.29	0	-2	0	99	0	(-3,-25)
2	2026-01-01 14:17:08.000	36157	-395	-3129	56	289.69	2	-3	0	99	0	(-3,-24)
2	2026-01-01 14:17:09.000	36192	-422	-3026	56	325.96	4	-5	0	99	0	(-3,-24)
2	2026-01-01 14:17:10.000	36227	-400	-2999	56	282.04	2	-5	0	99	0	(-3,-23)
2	2026-01-01 14:17:11.000	36262	-460	-3096	56	240.39	1	-4	0	99	0	(-4,-24)
2	2026-01-01 14:17:12.000	36297	-399	-3068	56	276.19	-1	-4	0	99	0	(-3,-24)
2	2026-01-01 14:17:13.000	36332	-312	-3024	56	282.69	0	-3	0	94	0	(-2,-24)
2	2026-01-01 14:17:14.000	36367	-202	-3132	56	320.17	1	-2	0	94	0	(-2,-24)
2	2026-01-01 14:17:15.000	36402	-287	-3237	56	320.54	2	-3	0	94	0	(-2,-25)
2	2026-01-01 14:17:16.000	36437	-273	-3214	56	300.95	2	-3	0	91	0	(-2,-25)
2	2026-01-01 14:17:17.000	36472	-241	-3221	128	294.95	4	-5	0	86	0	(-2,-25)
2	2026-01-01 14:17:18.000	36507	-246	-3189	128	280.61	4	-7	0	86	0	(-2,-25)
2	2026-01-01 14:17:19.000	36542	-267	-3248	128	301.29	2	-9	0	86	0	(-2,-25)
2	2026-01-01 14:17:20.000	36577	-202	-3220	0	262.23	1	-10	0	86	0	(-2,-25)
2	2026-01-01 14:17:21.000	36612	-196	-3118	0	244.27	0	-9	0	86	0	(-2,-24)
2	2026-01-01 14:17:22.000	36647	-194	-3088	0	275.09	2	-10	0	86	0	(-2,-24)
2	2026-01-01 14:17:23.000	36682	-199	-3147	0	311.24	1	-10	0	86	0	(-2,-25)
2	2026-01-01 14:17:24.000	36717	-223	-3123	0	275.58	3	-10	0	86	0	(-2,-24)
2	2026-01-01 14:17:25.000	36752	-279	-3140	0	258.54	4	-8	0	86	0	(-2,-25)
2	2026-01-01 14:17:26.000	36787	-310	-3183	64	240.24	5	-10	0	86	0	(-2,-25)
2	2026-01-01 14:17:27.000	36822	-399	-3265	64	196.41	6	-8	0	86	10	(-3,-26)
2	2026-01-01 14:17:28.000	36857	-372	-3184	64	187.88	4	-7	0	86	10	(-3,-25)
2	2026-01-01 14:17:29.000	36892	-271	-3292	64	166.42	4	-6	0	86	6	(-2,-26)
2	2026-01-01 14:17:30.000	36927	-376	-3259	64	176.81	4	-6	0	86	6	(-3,-25)
2	2026-01-01 14:17:31.000	36962	-449	-3353	64	211.05	5	-6	0	86	4	(-4,-26)
2	2026-01-01 14:17:32.000	36997	-415	-3338	64	205.27	4	-8	0	86	4	(-3,-26)
2	2026-01-01 14:17:33.000	37032	-491	-3445	64	207.15	6	-7	0	86	4	(-4,-27)
2	2026-01-01 14:17:34.000	37067	-475	-3488	64	174.81	8	-9	0	78	4	(-4,-27)
2	2026-01-01 14:17:35.000	37102	-420	-3579	64	219.45	6	-10	0	78	4	(-3,-28)
2	2026-01-01 14:17:36.000	37137	-342	-3583	64	224.85	4	-8	0	74	4	(-3,-28)
2	2026-01-01 14:17:37.000	37172	-281	-3615	64	219.73	5	-10	0	74	4	(-2,-28)
2	2026-01-01 14:17:38.000	37207	-341	-3520	0	218.88	5	-10	0	72	4	(-3,-28)
2	2026-01-01 14:17:39.000	37242	-411	-3616	0	246.97	5	-9	0	72	4	(-3,-28)
2	2026-01-01 14:17:40.000	37277	-367	-3544	0	245.72	5	-10	0	72	4	(-3,-28)
2	2026-01-01 14:17:41.000	37312	-297	-3611	0	271.77	5	-10	0	72	4	(-2,-28)
2	2026-01-01 14:17:42.000	37347	-296	-3633	0	289.29	5	-10	0	72	4	(-2,-28)
2	2026-01-01 14:17:43.000	37382	-374	-3597	0	287.94	5	-10	0	72	4	(-3,-28)
2	2026-01-01 14:17:44.000	37417	-316	-3705	0	302.1	4	-9	0	72	4	(-2,-29)
2	2026-01-01 14:17:45.000	37452	-254	-3627	32	296.14	2	-10	0	72	4	(-2,-28)
2	2026-01-01 14:17:46.000	37487	-170	-3588	32	333.02	0	-9	0	72	4	(-1,-28)
2	2026-01-01 14:17:47.000	37522	-228	-3595	32	353.83	1	-8	0	72	4	(-2,-28)
2	2026-01-01 14:17:48.000	37557	-130	-3520	32	332.85	3	-10	0	72	4	(-1,-28)
2	2026-01-01 14:17:49.000	37592	-46	-3464	32	336.02	5	-10	0	72	4	(0,-27)
2	2026-01-01 14:17:50.000	37627	-72	-3395	32	302.8	5	-10	0	72	4	(-1,-27)
2	2026-01-01 14:17:51.000	37662	6	-3454	32	277.53	3	-10	0	72	4	(0,-27)
2	2026-01-01 14:17:52.000	37697	-42	-3423	32	286.05	4	-10	0	72	4	(0,-27)
2	2026-01-01 14:17:53.000	37732	-42	-3351	128	270.51	2	-10	0	72	3	(0,-26)
2	2026-01-01 14:17:54.000	37767	-150	-3366	128	293.7	2	-10	0	72	3	(-1,-26)
2	2026-01-01 14:17:55.000	37802	-137	-3268	128	272.79	3	-10	0	72	3	(-1,-26)
2	2026-01-01 14:17:56.000	37837	-187	-3255	128	250.15	3	-10	0	66	3	(-1,-25)
2	2026-01-01 14:17:57.000	37872	-199	-3261	128	278.8	4	-10	0	66	3	(-2,-25)
2	2026-01-01 14:17:58.000	37907	-198	-3335	128	267.06	2	-8	0	66	3	(-2,-26)
2	2026-01-01 14:17:59.000	37942	-122	-3371	128	274.75	2	-9	0	66	3	(-1,-26)
2	2026-01-01 14:18:00.000	37977	-154	-3416	128	256.71	3	-10	0	66	3	(-1,-27)
2	2026-01-01 14:18:01.000	38012	-165	-3524	128	218.02	5	-8	0	66	3	(-1,-28)
2	2026-01-01 14:18:02.000	38047	-86	-3497	128	263.01	6	-7	0	66	16	(-1,-27)
2	2026-01-01 14:18:03.000	38082	-191	-3503	128	307.64	7	-5	0	66	12	(-1,-27)
2	2026-01-01 14:18:04.000	38117	-263	-3610	128	345.06	6	-7	0	66	12	(-2,-28)
2	2026-01-01 14:18:05.000	38152	-315	-3524	128	326.73	5	-7	0	66	12	(-2,-28)
2	2026-01-01 14:18:06.000	38187	-321	-3462	128	304.03	7	-6	13	66	12	(-3,-27)
2	2026-01-01 14:18:07.000	38222	-233	-3468	128	302.4	8	-5	13	66	12	(-2,-27)
2	2026-01-01 14:18:08.000	38257	-254	-3366	128	265.06	10	-6	13	66	12	(-2,-26)
2	2026-01-01 14:18:09.000	38292	-144	-3440	128	261.02	9	-4	13	66	12	(-1,-27)
2	2026-01-01 14:18:10.000	38327	-99	-3494	128	297.13	10	-3	13	66	12	(-1,-27)
2	2026-01-01 14:18:11.000	38362	-158	-3388	128	312.98	9	-2	13	66	12	(-1,-26)
2	2026-01-01 14:18:12.000	38397	-248	-3422	128	341.6	10	-2	13	66	12	(-2,-27)
2	2026-01-01 14:18:13.000	38432	-277	-3488	128	357.51	10	0	13	66	9	(-2,-27)
2	2026-01-01 14:18:14.000	38467	-217	-3404	128	355.5	10	2	13	74	9	(-2,-27)
2	2026-01-01 14:18:15.000	38502	-157	-3392	128	348.58	10	0	13	74	9	(-1,-26)
2	2026-01-01 14:18:16.000	38537	-205	-3370	128	321.53	10	-1	13	74	25	(-2,-26)
2	2026-01-01 14:18:17.000	38572	-195	-3367	128	317.74	8	-3	13	74	25	(-2,-26)
2	2026-01-01 14:18:18.000	38607	-97	-3264	128	323.93	8	-2	13	74	25	(-1,-26)
2	2026-01-01 14:18:19.000	38642	-168	-3374	128	4.82	8	-4	13	74	25	(-1,-26)
2	2026-01-01 14:18:20.000	38677	-157	-3394	128	21.34	6	-4	13	74	20	(-1,-27)
2	2026-01-01 14:18:21.000	38712	-242	-3474	128	11.61	5	-4	13	74	20	(-2,-27)
2	2026-01-01 14:18:22.000	38747	-210	-3579	128	330.68	4	-3	13	74	20	(-2,-28)
2	2026-01-01 14:18:23.000	38782	-167	-3591	128	298.31	4	-5	13	74	41	(-1,-28)
2	2026-01-01 14:18:24.000	38817	-235	-3638	128	268.43	5	-3	13	74	41	(-2,-28)
2	2026-01-01 14:18:25.000	38852	-190	-3689	128	240.5	4	-1	13	74	41	(-1,-29)
2	2026-01-01 14:18:26.000	38887	-134	-3650	128	278.55	2	1	13	74	41	(-1,-29)
2	2026-01-01 14:18:27.000	38922	-65	-3709	128	275.42	3	2	13	74	41	(-1,-29)
2	2026-01-01 14:18:28.000	38957	-64	-3730	128	243.29	5	3	13	74	41	(0,-29)
2	2026-01-01 14:18:29.000	38992	-41	-3834	128	209.54	6	3	13	74	41	(0,-30)
2	2026-01-01 14:18:30.000	39027	38	-3943	128	178.66	6	1	13	74	41	(0,-31)
2	2026-01-01 14:18:31.000	39062	-67	-3875	128	181.62	8	3	13	74	41	(-1,-30)
2	2026-01-01 14:18:32.000	39097	-76	-3774	128	138.09	7	4	20	74	41	(-1,-29)
2	2026-01-01 14:18:33.000	39132	-83	-3859	128	101.56	9	3	20	74	41	(-1,-30)
2	2026-01-01 14:18:34.000	39167	-37	-3909	128	121.79	10	5	20	74	41	(0,-31)
2	2026-01-01 14:18:35.000	39202	45	-3875	128	166.01	8	3	20	74	37	(0,-30)
2	2026-01-01 14:18:36.000	39237	-4	-3968	128	164.97	6	4	20	74	37	(0,-31)
2	2026-01-01 14:18:37.000	39272	-43	-3868	128	121.39	5	3	20	74	37	(0,-30)
2	2026-01-01 14:18:38.000	39307	-88	-3940	128	128.72	6	2	20	74	50	(-1,-31)
2	2026-01-01 14:18:39.000	39342	-29	-3952	128	121.81	6	1	20	74	50	(0,-31)
2	2026-01-01 14:18:40.000	39377	22	-3864	128	151.27	7	-1	20	74	50	(0,-30)
2	2026-01-01 14:18:41.000	39412	29	-3803	128	128.35	7	-3	20	74	45	(0,-30)
2	2026-01-01 14:18:42.000	39447	32	-3824	128	157.13	7	-1	20	74	45	(0,-30)
2	2026-01-01 14:18:43.000	39482	-73	-3732	128	181.72	6	-1	20	74	45	(-1,-29)
2	2026-01-01 14:18:44.000	39517	-179	-3782	128	146.13	4	1	27	74	45	(-1,-30)
2	2026-01-01 14:18:45.000	39552	-204	-3749	128	121.33	3	3	27	74	50	(-2,-29)
2	2026-01-01 14:18:46.000	39587	-185	-3781	128	135.02	5	1	27	74	49	(-1,-30)
2	2026-01-01 14:18:47.000	39622	-95	-3744	128	143.36	6	2	27	74	50	(-1,-29)
2	2026-01-01 14:18:48.000	39657	-168	-3826	128	158.9	7	0	27	74	50	(-1,-30)
2	2026-01-01 14:18:49.000	39692	-139	-3753	128	153.48	8	2	27	74	50	(-1,-29)
2	2026-01-01 14:18:50.000	39727	-136	-3810	128	182.74	9	0	27	74	50	(-1,-30)
2	2026-01-01 14:18:51.000	39762	-145	-3766	128	183.2	8	-2	27	74	50	(-1,-29)
2	2026-01-01 14:18:52.000	39797	-81	-3714	128	221.16	8	-3	27	74	50	(-1,-29)
2	2026-01-01 14:18:53.000	39832	-92	-3734	128	255.46	9	-3	27	74	50	(-1,-29)
2	2026-01-01 14:18:54.000	39867	-101	-3814	8	211.27	7	-4	27	74	50	(-1,-30)
2	2026-01-01 14:18:55.000	39902	-28	-3765	128	197.01	5	-2	27	74	50	(0,-29)
2	2026-01-01 14:18:56.000	39937	-46	-3729	128	174.03	4	-4	27	74	50	(0,-29)
2	2026-01-01 14:18:57.000	39972	-30	-3773	128	145.68	3	-2	27	74	50	(0,-29)
2	2026-01-01 14:18:58.000	40007	-15	-3690	128	128.53	3	0	27	74	50	(0,-29)
2	2026-01-01 14:18:59.000	40042	-118	-3597	128	101.86	1	1	27	74	50	(-1,-28)
2	2026-01-01 14:19:00.000	40077	-202	-3530	128	135.45	3	1	27	74	50	(-2,-28)
2	2026-01-01 14:19:01.000	40112	-139	-3465	128	138.08	5	-1	27	74	50	(-1,-27)
2	2026-01-01 14:19:02.000	40147	-247	-3408	128	104.49	4	-3	27	74	50	(-2,-27)
2	2026-01-01 14:19:03.000	40182	-219	-3396	128	108.39	6	-5	27	74	50	(-2,-27)
2	2026-01-01 14:19:04.000	40217	-163	-3497	0	131.28	8	-5	27	74	50	(-1,-27)
2	2026-01-01 14:19:05.000	40252	-101	-3424	0	142.7	10	-3	27	74	50	(-1,-27)
2	2026-01-01 14:19:06.000	40287	8	-3476	0	180.49	9	-4	27	74	45	(0,-27)
2	2026-01-01 14:19:07.000	40322	50	-3400	0	168.61	9	-4	27	74	40	(0,-27)
2	2026-01-01 14:19:08.000	40357	33	-3461	0	158.37	9	-6	27	74	40	(0,-27)
2	2026-01-01 14:19:09.000	40392	135	-3513	0	126.97	8	-8	27	74	40	(1,-27)
2	2026-01-01 14:19:10.000	40427	238	-3596	128	82.97	8	-7	27	74	40	(2,-28)
2	2026-01-01 14:19:11.000	40462	292	-3492	-8	76.21	8	-9	27	74	40	(2,-27)
2	2026-01-01 14:19:12.000	40497	225	-3479	-8	101.54	7	-7	27	74	36	(2,-27)
2	2026-01-01 14:19:13.000	40532	322	-3437	-8	99.35	8	-7	27	74	36	(3,-27)
2	2026-01-01 14:19:14.000	40567	371	-3520	-8	122.14	10	-7	27	74	36	(3,-28)
2	2026-01-01 14:19:15.000	40602	460	-3577	128	126.49	10	-8	27	74	36	(4,-28)
2	2026-01-01 14:19:16.000	40637	542	-3533	128	138.03	10	-9	27	74	36	(4,-28)
2	2026-01-01 14:19:17.000	40672	647	-3482	8	99.58	10	-9	27	74	32	(5,-27)
2	2026-01-01 14:19:18.000	40707	694	-3520	8	128.48	10	-10	27	74	29	(5,-28)
2	2026-01-01 14:19:19.000	40742	737	-3480	8	136.06	10	-9	27	74	29	(6,-27)
2	2026-01-01 14:19:20.000	40777	819	-3537	8	146.59	9	-8	27	74	29	(6,-28)
2	2026-01-01 14:19:21.000	40812	884	-3530	8	146.21	10	-6	27	74	29	(7,-28)
2	2026-01-01 14:19:22.000	40847	783	-3483	8	181.58	8	-6	27	74	29	(6,-27)
2	2026-01-01 14:19:23.000	40882	756	-3376	8	216.92	8	-8	27	74	29	(6,-26)
2	2026-01-01 14:19:24.000	40917	824	-3318	8	177.23	9	-9	27	74	29	(6,-26)
2	2026-01-01 14:19:25.000	40952	925	-3326	8	187.85	10	-10	27	74	29	(7,-26)
2	2026-01-01 14:19:26.000	40987	996	-3285	8	214.42	9	-9	21	74	29	(8,-26)
2	2026-01-01 14:19:27.000	41022	1010	-3335	0	241.66	10	-7	21	74	29	(8,-26)
2	2026-01-01 14:19:28.000	41057	1119	-3379	0	200.97	9	-6	21	74	29	(9,-26)
2	2026-01-01 14:19:29.000	41092	1054	-3296	0	230.46	10	-4	21	74	29	(8,-26)
2	2026-01-01 14:19:30.000	41127	1056	-3280	0	254.75	10	-6	21	74	29	(8,-26)
2	2026-01-01 14:19:31.000	41162	984	-3388	0	234.85	10	-4	21	74	29	(8,-26)
2	2026-01-01 14:19:32.000	41197	1047	-3375	0	238.1	10	-5	21	74	27	(8,-26)
2	2026-01-01 14:19:33.000	41232	1006	-3479	0	255.52	10	-7	11	74	27	(8,-27)
2	2026-01-01 14:19:34.000	41267	908	-3494	0	265.5	10	-6	11	74	27	(7,-27)
2	2026-01-01 14:19:35.000	41302	935	-3442	0	247.16	9	-7	11	74	27	(7,-27)
2	2026-01-01 14:19:36.000	41337	1039	-3543	0	251.54	10	-9	11	74	27	(8,-28)
2	2026-01-01 14:19:37.000	41372	1020	-3490	0	263.41	10	-8	11	74	27	(8,-27)
2	2026-01-01 14:19:38.000	41407	1058	-3592	0	278.95	10	-8	11	74	27	(8,-28)
2	2026-01-01 14:19:39.000	41442	1104	-3598	0	306.78	8	-10	11	74	27	(9,-28)
2	2026-01-01 14:19:40.000	41477	1090	-3611	0	283.94	7	-10	11	74	27	(9,-28)
2	2026-01-01 14:19:41.000	41512	1107	-3605	16	282.66	9	-9	11	74	27	(9,-28)
2	2026-01-01 14:19:42.000	41547	1107	-3577	8	245.69	8	-10	11	74	27	(9,-28)
2	2026-01-01 14:19:43.000	41582	1093	-3669	8	212.45	8	-10	11	74	27	(9,-29)
2	2026-01-01 14:19:44.000	41617	1031	-3753	8	227.17	9	-9	11	74	27	(8,-29)
2	2026-01-01 14:19:45.000	41652	1094	-3837	8	192.8	10	-9	22	74	25	(9,-30)
2	2026-01-01 14:19:46.000	41687	1129	-3842	8	154.09	10	-10	22	74	25	(9,-30)
2	2026-01-01 14:19:47.000	41722	1140	-3752	8	129.3	10	-8	22	74	25	(9,-29)
2	2026-01-01 14:19:48.000	41757	1171	-3784	8	160.89	10	-8	22	74	25	(9,-30)
2	2026-01-01 14:19:49.000	41792	1144	-3786	8	161.49	8	-7	22	90	25	(9,-30)
2	2026-01-01 14:19:50.000	41827	1067	-3858	8	168.53	10	-6	22	90	25	(8,-30)
2	2026-01-01 14:19:51.000	41862	992	-3853	64	150.32	10	-7	22	90	25	(8,-30)
2	2026-01-01 14:19:52.000	41897	907	-3801	64	152.04	8	-9	22	90	25	(7,-30)
2	2026-01-01 14:19:53.000	41932	885	-3765	64	140.86	8	-10	22	90	25	(7,-29)
2	2026-01-01 14:19:54.000	41967	866	-3696	32	109.77	9	-9	22	90	25	(7,-29)
2	2026-01-01 14:19:55.000	42002	967	-3788	32	137.32	10	-7	22	90	25	(8,-30)
2	2026-01-01 14:19:56.000	42037	954	-3883	32	145.58	10	-8	22	90	25	(7,-30)
2	2026-01-01 14:19:57.000	42072	885	-3785	32	107.24	10	-9	22	90	20	(7,-30)
2	2026-01-01 14:19:58.000	42107	877	-3844	32	124.31	8	-10	22	90	20	(7,-30)
2	2026-01-01 14:19:59.000	42142	878	-3934	32	128.55	7	-10	22	90	20	(7,-31)
3	2026-01-01 16:00:00.000	177	-849	843	0	79.76	7	-4	99	100	23	(-7,7)
3	2026-01-01 16:00:01.000	212	-817	842	0	76.36	8	-6	99	100	19	(-6,7)
3	2026-01-01 16:00:02.000	247	-905	770	0	84.1	10	-4	99	100	19	(-7,6)
3	2026-01-01 16:00:03.000	282	-862	866	0	85.06	10	-3	99	100	19	(-7,7)
3	2026-01-01 16:00:04.000	317	-910	893	0	105.43	10	-2	99	100	19	(-7,7)
3	2026-01-01 16:00:05.000	352	-861	967	0	143.33	8	-3	99	100	19	(-7,8)
3	2026-01-01 16:00:06.000	387	-884	913	0	99.59	8	-5	99	100	18	(-7,7)
3	2026-01-01 16:00:07.000	422	-905	822	0	62.04	9	-7	99	100	18	(-7,6)
3	2026-01-01 16:00:08.000	457	-831	841	0	72.13	8	-7	99	100	18	(-6,7)
3	2026-01-01 16:00:09.000	492	-721	808	0	28.74	7	-5	99	100	18	(-6,6)
3	2026-01-01 16:00:10.000	527	-680	775	0	65.07	8	-5	99	100	13	(-5,6)
3	2026-01-01 16:00:11.000	562	-700	821	0	48.39	9	-4	99	100	13	(-5,6)
3	2026-01-01 16:00:12.000	597	-780	829	0	6.16	8	-4	99	100	12	(-6,6)
3	2026-01-01 16:00:13.000	632	-873	774	0	350.6	9	-3	99	100	12	(-7,6)
3	2026-01-01 16:00:14.000	667	-903	751	0	332.37	10	-3	99	100	12	(-7,6)
3	2026-01-01 16:00:15.000	702	-899	802	0	345.67	10	-1	99	100	7	(-7,6)
3	2026-01-01 16:00:16.000	737	-797	895	0	316.87	10	1	99	100	30	(-6,7)
3	2026-01-01 16:00:17.000	772	-689	806	0	308.05	8	-1	99	100	30	(-5,6)
3	2026-01-01 16:00:18.000	807	-658	722	0	335.18	8	-1	99	100	50	(-5,6)
3	2026-01-01 16:00:19.000	842	-600	816	0	306.91	9	0	99	100	50	(-5,6)
3	2026-01-01 16:00:20.000	877	-523	814	0	349.76	7	-2	99	100	50	(-4,6)
3	2026-01-01 16:00:21.000	912	-479	877	0	0.57	5	-4	99	100	46	(-4,7)
3	2026-01-01 16:00:22.000	947	-561	877	0	345.32	3	-2	99	100	46	(-4,7)
3	2026-01-01 16:00:23.000	982	-515	820	0	330.05	1	-4	100	100	46	(-4,6)
3	2026-01-01 16:00:24.000	1017	-458	737	0	352.51	1	-6	100	100	46	(-4,6)
3	2026-01-01 16:00:25.000	1052	-511	660	0	339.49	1	-7	100	100	46	(-4,5)
3	2026-01-01 16:00:26.000	1087	-448	627	24	312.41	-1	-8	100	100	46	(-4,5)
3	2026-01-01 16:00:27.000	1122	-523	642	24	347.84	-2	-9	95	100	46	(-4,5)
3	2026-01-01 16:00:28.000	1157	-479	694	24	7.73	-3	-10	95	100	46	(-4,5)
3	2026-01-01 16:00:29.000	1192	-482	795	24	357.0	-1	-9	95	100	46	(-4,6)
3	2026-01-01 16:00:30.000	1227	-516	741	24	353.01	0	-7	95	100	46	(-4,6)
3	2026-01-01 16:00:31.000	1262	-526	685	24	351.28	-2	-8	94	100	46	(-4,5)
3	2026-01-01 16:00:32.000	1297	-576	779	24	35.34	-4	-7	94	100	46	(-4,6)
3	2026-01-01 16:00:33.000	1332	-479	712	24	21.94	-5	-6	89	100	46	(-4,6)
3	2026-01-01 16:00:34.000	1367	-557	704	24	56.96	-6	-7	89	100	41	(-4,6)
3	2026-01-01 16:00:35.000	1402	-517	777	0	55.99	-8	-9	86	100	50	(-4,6)
3	2026-01-01 16:00:36.000	1437	-508	885	0	86.52	-8	-8	86	100	50	(-4,7)
3	2026-01-01 16:00:37.000	1472	-602	828	0	120.39	-10	-7	86	100	50	(-5,6)
3	2026-01-01 16:00:38.000	1507	-524	770	0	94.97	-8	-7	86	100	48	(-4,6)
3	2026-01-01 16:00:39.000	1542	-586	667	0	117.65	-7	-9	86	100	48	(-5,5)
3	2026-01-01 16:00:40.000	1577	-657	569	0	74.44	-6	-9	86	100	48	(-5,4)
3	2026-01-01 16:00:41.000	1612	-559	622	0	100.37	-7	-10	86	100	46	(-4,5)
3	2026-01-01 16:00:42.000	1647	-636	636	128	92.6	-5	-9	86	100	44	(-5,5)
3	2026-01-01 16:00:43.000	1682	-549	592	0	97.04	-4	-8	86	100	44	(-4,5)
3	2026-01-01 16:00:44.000	1717	-456	561	0	74.38	-4	-10	82	100	44	(-4,4)
3	2026-01-01 16:00:45.000	1752	-385	650	0	47.57	-4	-10	82	100	44	(-3,5)
3	2026-01-01 16:00:46.000	1787	-317	700	0	50.54	-6	-8	82	100	44	(-2,5)
3	2026-01-01 16:00:47.000	1822	-410	628	16	73.89	-6	-9	82	100	44	(-3,5)
3	2026-01-01 16:00:48.000	1857	-375	737	16	65.36	-6	-9	82	100	50	(-3,6)
3	2026-01-01 16:00:49.000	1892	-285	767	16	69.64	-8	-7	82	100	49	(-2,6)
3	2026-01-01 16:00:50.000	1927	-287	798	16	30.89	-6	-9	82	100	46	(-2,6)
3	2026-01-01 16:00:51.000	1962	-312	781	16	22.93	-7	-8	82	100	46	(-2,6)
3	2026-01-01 16:00:52.000	1997	-389	789	16	3.18	-9	-7	82	100	46	(-3,6)
3	2026-01-01 16:00:53.000	2032	-403	704	16	358.66	-9	-7	82	100	46	(-3,6)
3	2026-01-01 16:00:54.000	2067	-435	595	0	8.44	-8	-6	82	100	42	(-3,5)
3	2026-01-01 16:00:55.000	2102	-436	560	0	9.22	-10	-8	82	100	42	(-3,4)
3	2026-01-01 16:00:56.000	2137	-531	648	0	13.04	-8	-10	82	100	42	(-4,5)
3	2026-01-01 16:00:57.000	2172	-623	717	0	334.16	-8	-10	82	100	37	(-5,6)
3	2026-01-01 16:00:58.000	2207	-533	794	0	299.95	-6	-10	82	100	37	(-4,6)
3	2026-01-01 16:00:59.000	2242	-589	888	0	335.32	-4	-10	82	100	37	(-5,7)
3	2026-01-01 16:01:00.000	2277	-642	893	0	340.45	-2	-9	82	100	36	(-5,7)
3	2026-01-01 16:01:01.000	2312	-575	816	0	320.85	0	-8	75	100	36	(-4,6)
3	2026-01-01 16:01:02.000	2347	-572	745	0	339.62	1	-8	75	100	32	(-4,6)
3	2026-01-01 16:01:03.000	2382	-580	713	0	298.89	3	-9	75	100	32	(-5,6)
3	2026-01-01 16:01:04.000	2417	-612	764	0	343.43	1	-8	75	100	30	(-5,6)
3	2026-01-01 16:01:05.000	2452	-635	807	0	21.3	0	-8	75	100	28	(-5,6)
3	2026-01-01 16:01:06.000	2487	-708	784	0	52.82	0	-6	75	100	28	(-6,6)
3	2026-01-01 16:01:07.000	2522	-803	688	0	55.26	-1	-6	75	100	27	(-6,5)
3	2026-01-01 16:01:08.000	2557	-821	729	0	37.57	-1	-8	75	100	27	(-6,6)
3	2026-01-01 16:01:09.000	2592	-868	709	0	67.42	-2	-6	75	100	27	(-7,6)
3	2026-01-01 16:01:10.000	2627	-765	721	0	58.07	-2	-4	75	100	25	(-6,6)
3	2026-01-01 16:01:11.000	2662	-803	628	0	102.12	-3	-5	75	100	25	(-6,5)
3	2026-01-01 16:01:12.000	2697	-898	527	0	89.98	-5	-4	75	100	25	(-7,4)
3	2026-01-01 16:01:13.000	2732	-793	426	0	95.65	-4	-5	75	100	25	(-6,3)
3	2026-01-01 16:01:14.000	2767	-860	345	0	58.98	-6	-5	75	100	25	(-7,3)
3	2026-01-01 16:01:15.000	2802	-803	337	56	76.54	-7	-5	75	100	25	(-6,3)
3	2026-01-01 16:01:16.000	2837	-841	421	56	60.7	-7	-7	68	100	25	(-7,3)
3	2026-01-01 16:01:17.000	2872	-797	354	56	65.98	-6	-7	68	100	25	(-6,3)
3	2026-01-01 16:01:18.000	2907	-848	333	56	90.3	-7	-6	68	100	25	(-7,3)
3	2026-01-01 16:01:19.000	2942	-774	425	56	71.04	-9	-5	68	100	25	(-6,3)
3	2026-01-01 16:01:20.000	2977	-667	463	56	68.69	-10	-5	67	100	25	(-5,4)
3	2026-01-01 16:01:21.000	3012	-594	353	56	38.16	-8	-5	67	100	25	(-5,3)
3	2026-01-01 16:01:22.000	3047	-592	351	56	69.08	-8	-4	67	100	22	(-5,3)
3	2026-01-01 16:01:23.000	3082	-647	329	56	113.06	-6	-3	67	100	22	(-5,3)
3	2026-01-01 16:01:24.000	3117	-562	353	56	151.82	-8	-4	67	100	22	(-4,3)
3	2026-01-01 16:01:25.000	3152	-620	305	40	155.0	-9	-3	67	100	20	(-5,2)
3	2026-01-01 16:01:26.000	3187	-728	296	32	129.42	-10	-5	55	100	20	(-6,2)
3	2026-01-01 16:01:27.000	3222	-823	309	32	168.99	-9	-3	55	100	20	(-6,2)
3	2026-01-01 16:01:28.000	3257	-862	353	32	188.89	-10	-5	55	100	20	(-7,3)
3	2026-01-01 16:01:29.000	3292	-901	361	32	199.88	-8	-3	55	100	20	(-7,3)
3	2026-01-01 16:01:30.000	3327	-1008	407	32	193.34	-7	-5	55	100	20	(-8,3)
3	2026-01-01 16:01:31.000	3362	-1057	392	32	167.41	-8	-6	55	100	20	(-8,3)
3	2026-01-01 16:01:32.000	3397	-1001	298	32	207.85	-8	-8	55	100	20	(-8,2)
3	2026-01-01 16:01:33.000	3432	-1008	312	32	247.69	-7	-7	55	100	20	(-8,2)
3	2026-01-01 16:01:34.000	3467	-1065	356	-8	247.37	-7	-5	55	100	20	(-8,3)
3	2026-01-01 16:01:35.000	3502	-1063	325	-8	247.49	-6	-5	55	100	20	(-8,3)
3	2026-01-01 16:01:36.000	3537	-994	432	-8	269.73	-8	-3	51	100	20	(-8,3)
3	2026-01-01 16:01:37.000	3572	-1104	344	-8	256.55	-6	-1	45	100	20	(-9,3)
3	2026-01-01 16:01:38.000	3607	-1132	401	-8	291.82	-6	1	45	100	20	(-9,3)
3	2026-01-01 16:01:39.000	3642	-1165	346	-8	326.31	-5	3	45	100	20	(-9,3)
3	2026-01-01 16:01:40.000	3677	-1145	266	-8	8.21	-4	5	45	100	16	(-9,2)
3	2026-01-01 16:01:41.000	3712	-1062	331	-8	1.69	-2	4	45	100	16	(-8,3)
3	2026-01-01 16:01:42.000	3747	-1015	282	-8	39.59	-4	2	45	100	16	(-8,2)
3	2026-01-01 16:01:43.000	3782	-917	250	-8	74.67	-5	2	45	100	16	(-7,2)
3	2026-01-01 16:01:44.000	3817	-885	243	-8	97.95	-6	1	45	100	16	(-7,2)
3	2026-01-01 16:01:45.000	3852	-884	172	-8	101.43	-8	-1	45	100	16	(-7,1)
3	2026-01-01 16:01:46.000	3887	-948	249	-8	130.03	-10	-2	45	100	16	(-7,2)
3	2026-01-01 16:01:47.000	3922	-1020	210	-8	153.03	-8	-3	39	100	16	(-8,2)
3	2026-01-01 16:01:48.000	3957	-978	316	-8	127.84	-7	-4	33	100	12	(-8,2)
3	2026-01-01 16:01:49.000	3992	-932	234	-8	106.77	-7	-2	33	100	12	(-7,2)
3	2026-01-01 16:01:50.000	4027	-938	278	-8	137.41	-5	-2	33	100	12	(-7,2)
3	2026-01-01 16:01:51.000	4062	-848	220	-8	135.09	-3	0	33	100	12	(-7,2)
3	2026-01-01 16:01:52.000	4097	-886	293	-8	138.9	-4	1	33	100	12	(-7,2)
3	2026-01-01 16:01:53.000	4132	-858	400	-16	119.47	-2	-1	33	100	12	(-7,3)
3	2026-01-01 16:01:54.000	4167	-918	318	0	163.12	-2	0	33	100	12	(-7,2)
3	2026-01-01 16:01:55.000	4202	-809	408	0	151.01	-2	-2	33	100	9	(-6,3)
3	2026-01-01 16:01:56.000	4237	-732	390	0	165.8	-1	0	33	100	9	(-6,3)
3	2026-01-01 16:01:57.000	4272	-713	361	0	127.19	0	0	33	100	9	(-6,3)
3	2026-01-01 16:01:58.000	4307	-679	457	0	151.13	2	-2	33	100	9	(-5,4)
3	2026-01-01 16:01:59.000	4342	-614	428	0	183.52	2	-3	33	100	9	(-5,3)
3	2026-01-01 16:02:00.000	4377	-561	497	0	141.37	2	-2	33	100	5	(-4,4)
3	2026-01-01 16:02:01.000	4412	-652	506	0	158.08	2	0	33	100	5	(-5,4)
3	2026-01-01 16:02:02.000	4447	-758	575	0	140.82	1	1	32	100	5	(-6,4)
3	2026-01-01 16:02:03.000	4482	-816	612	0	172.01	0	2	32	100	5	(-6,5)
3	2026-01-01 16:02:04.000	4517	-891	710	0	134.71	2	1	32	100	5	(-7,6)
3	2026-01-01 16:02:05.000	4552	-983	701	0	144.46	2	1	32	100	5	(-8,5)
3	2026-01-01 16:02:06.000	4587	-1036	622	0	128.05	4	1	32	100	5	(-8,5)
3	2026-01-01 16:02:07.000	4622	-1121	687	0	149.69	2	3	32	100	2	(-9,5)
3	2026-01-01 16:02:08.000	4657	-1146	705	0	189.08	3	5	32	100	2	(-9,6)
3	2026-01-01 16:02:09.000	4692	-1219	607	0	217.09	2	3	32	100	2	(-10,5)
3	2026-01-01 16:02:10.000	4727	-1301	549	0	194.62	1	5	32	100	2	(-10,4)
3	2026-01-01 16:02:11.000	4762	-1315	460	0	237.5	0	6	47	100	2	(-10,4)
3	2026-01-01 16:02:12.000	4797	-1222	569	0	221.21	-1	6	47	100	0	(-10,4)
3	2026-01-01 16:02:13.000	4832	-1168	615	0	221.05	0	6	47	100	0	(-9,5)
3	2026-01-01 16:02:14.000	4867	-1239	723	0	185.96	1	6	47	100	0	(-10,6)
3	2026-01-01 16:02:15.000	4902	-1163	616	0	163.53	-1	8	47	100	0	(-9,5)
3	2026-01-01 16:02:16.000	4937	-1197	520	0	177.52	1	7	47	100	0	(-9,4)
3	2026-01-01 16:02:17.000	4972	-1091	413	0	171.97	2	5	40	100	0	(-9,3)
3	2026-01-01 16:02:18.000	5007	-1107	413	0	208.0	0	5	40	100	0	(-9,3)
3	2026-01-01 16:02:19.000	5042	-1030	374	0	190.11	-1	5	40	100	0	(-8,3)
3	2026-01-01 16:02:20.000	5077	-1116	468	0	173.61	1	7	40	100	0	(-9,4)
3	2026-01-01 16:02:21.000	5112	-1192	439	0	212.1	-1	7	40	100	0	(-9,3)
3	2026-01-01 16:02:22.000	5147	-1098	434	0	168.2	0	6	40	100	0	(-9,3)
3	2026-01-01 16:02:23.000	5182	-1141	516	0	132.25	-1	4	40	100	0	(-9,4)
3	2026-01-01 16:02:24.000	5217	-1146	516	24	88.3	1	4	40	100	0	(-9,4)
3	2026-01-01 16:02:25.000	5252	-1207	503	24	109.84	0	6	40	100	0	(-9,4)
3	2026-01-01 16:02:26.000	5287	-1192	613	24	151.95	0	7	40	100	0	(-9,5)
3	2026-01-01 16:02:27.000	5322	-1082	522	24	152.3	-2	8	40	100	0	(-8,4)
3	2026-01-01 16:02:28.000	5357	-1020	484	24	107.99	-1	7	40	100	0	(-8,4)
3	2026-01-01 16:02:29.000	5392	-1083	529	0	136.98	-2	6	38	100	0	(-8,4)
3	2026-01-01 16:02:30.000	5427	-1173	566	0	167.88	-1	4	38	100	0	(-9,4)
3	2026-01-01 16:02:31.000	5462	-1121	599	0	162.27	1	4	38	100	0	(-9,5)
3	2026-01-01 16:02:32.000	5497	-1204	577	0	192.7	1	4	38	100	0	(-9,5)
3	2026-01-01 16:02:33.000	5532	-1267	542	0	232.28	3	6	38	100	0	(-10,4)
3	2026-01-01 16:02:34.000	5567	-1287	560	0	211.83	5	6	38	100	0	(-10,4)
3	2026-01-01 16:02:35.000	5602	-1376	500	0	176.51	5	8	38	100	0	(-11,4)
3	2026-01-01 16:02:36.000	5637	-1415	593	0	150.51	5	8	38	100	0	(-11,5)
3	2026-01-01 16:02:37.000	5672	-1376	516	0	141.99	4	10	38	100	0	(-11,4)
3	2026-01-01 16:02:38.000	5707	-1313	612	0	113.6	6	8	38	100	0	(-10,5)
3	2026-01-01 16:02:39.000	5742	-1285	694	0	146.91	4	6	38	100	0	(-10,5)
3	2026-01-01 16:02:40.000	5777	-1236	707	16	133.47	3	5	38	100	0	(-10,6)
3	2026-01-01 16:02:41.000	5812	-1252	675	16	109.07	3	7	38	100	0	(-10,5)
3	2026-01-01 16:02:42.000	5847	-1333	687	16	129.3	4	6	38	100	0	(-10,5)
3	2026-01-01 16:02:43.000	5882	-1362	608	16	137.47	5	8	38	100	0	(-11,5)
3	2026-01-01 16:02:44.000	5917	-1357	677	16	156.51	7	7	38	100	0	(-11,5)
3	2026-01-01 16:02:45.000	5952	-1440	594	16	196.62	9	5	38	100	0	(-11,5)
3	2026-01-01 16:02:46.000	5987	-1474	614	16	156.06	8	6	37	100	0	(-12,5)
3	2026-01-01 16:02:47.000	6022	-1478	677	16	131.53	6	4	37	100	0	(-12,5)
3	2026-01-01 16:02:48.000	6057	-1487	735	16	169.05	4	6	37	100	0	(-12,6)
3	2026-01-01 16:02:49.000	6092	-1511	765	16	212.22	4	8	37	100	0	(-12,6)
3	2026-01-01 16:02:50.000	6127	-1607	724	16	233.21	4	8	37	100	0	(-13,6)
3	2026-01-01 16:02:51.000	6162	-1690	658	16	225.73	4	8	37	100	0	(-13,5)
3	2026-01-01 16:02:52.000	6197	-1756	628	64	256.14	4	8	37	100	0	(-14,5)
3	2026-01-01 16:02:53.000	6232	-1734	612	64	213.29	6	9	37	100	0	(-14,5)
3	2026-01-01 16:02:54.000	6267	-1828	502	64	194.3	7	10	37	100	0	(-14,4)
3	2026-01-01 16:02:55.000	6302	-1729	469	64	165.75	7	9	37	100	0	(-14,4)
3	2026-01-01 16:02:56.000	6337	-1793	480	64	203.62	6	10	37	100	15	(-14,4)
3	2026-01-01 16:02:57.000	6372	-1837	409	64	195.78	8	10	37	100	15	(-14,3)
3	2026-01-01 16:02:58.000	6407	-1831	460	64	168.02	9	10	37	100	15	(-14,4)
3	2026-01-01 16:02:59.000	6442	-1800	506	64	154.11	8	10	37	100	31	(-14,4)
3	2026-01-01 16:03:00.000	6477	-1870	457	64	137.82	7	10	37	100	31	(-15,4)
3	2026-01-01 16:03:01.000	6512	-1880	362	64	133.35	9	10	37	100	31	(-15,3)
3	2026-01-01 16:03:02.000	6547	-1788	407	64	126.92	7	9	37	100	30	(-14,3)
3	2026-01-01 16:03:03.000	6582	-1816	439	64	105.3	7	8	37	100	30	(-14,3)
3	2026-01-01 16:03:04.000	6617	-1726	511	64	92.71	8	10	37	100	30	(-13,4)
3	2026-01-01 16:03:05.000	6652	-1799	521	64	103.02	9	10	37	100	30	(-14,4)
3	2026-01-01 16:03:06.000	6687	-1690	586	64	83.66	7	8	37	100	30	(-13,5)
3	2026-01-01 16:03:07.000	6722	-1714	591	64	105.96	9	10	37	100	29	(-13,5)
3	2026-01-01 16:03:08.000	6757	-1636	613	64	65.5	7	8	37	100	29	(-13,5)
3	2026-01-01 16:03:09.000	6792	-1580	538	64	30.62	5	6	37	100	29	(-12,4)
3	2026-01-01 16:03:10.000	6827	-1519	565	64	8.34	6	8	37	100	25	(-12,4)
3	2026-01-01 16:03:11.000	6862	-1571	505	64	5.41	4	8	37	100	25	(-12,4)
3	2026-01-01 16:03:12.000	6897	-1665	461	64	18.05	5	8	37	100	25	(-13,4)
3	2026-01-01 16:03:13.000	6932	-1729	370	64	26.06	5	8	37	100	25	(-14,3)
3	2026-01-01 16:03:14.000	6967	-1635	386	0	18.39	3	8	37	100	50	(-13,3)
3	2026-01-01 16:03:15.000	7002	-1565	341	0	338.74	5	9	37	100	50	(-12,3)
3	2026-01-01 16:03:16.000	7037	-1595	434	0	324.32	7	8	37	100	50	(-12,3)
3	2026-01-01 16:03:17.000	7072	-1660	327	0	339.2	5	7	37	100	50	(-13,3)
3	2026-01-01 16:03:18.000	7107	-1626	324	0	306.18	7	7	37	100	50	(-13,3)
3	2026-01-01 16:03:19.000	7142	-1560	275	0	287.06	6	9	37	100	50	(-12,2)
3	2026-01-01 16:03:20.000	7177	-1575	287	0	274.12	7	10	37	100	50	(-12,2)
3	2026-01-01 16:03:21.000	7212	-1653	300	0	264.35	6	9	37	100	49	(-13,2)
3	2026-01-01 16:03:22.000	7247	-1733	234	0	291.37	5	9	37	100	49	(-14,2)
3	2026-01-01 16:03:23.000	7282	-1689	255	0	256.08	6	8	37	100	44	(-13,2)
3	2026-01-01 16:03:24.000	7317	-1786	159	0	274.56	8	9	37	100	44	(-14,1)
3	2026-01-01 16:03:25.000	7352	-1850	101	0	310.22	9	10	37	100	44	(-14,1)
3	2026-01-01 16:03:26.000	7387	-1780	133	0	275.34	10	10	29	100	43	(-14,1)
3	2026-01-01 16:03:27.000	7422	-1837	39	0	243.18	10	10	29	105	43	(-14,0)
3	2026-01-01 16:03:28.000	7457	-1875	-54	0	208.7	10	8	29	105	43	(-15,0)
3	2026-01-01 16:03:29.000	7492	-1975	-69	0	251.72	9	8	29	105	43	(-15,-1)
3	2026-01-01 16:03:30.000	7527	-1941	-150	0	252.42	8	9	29	105	43	(-15,-1)
3	2026-01-01 16:03:31.000	7562	-1883	-141	0	277.12	10	7	29	105	43	(-15,-1)
3	2026-01-01 16:03:32.000	7597	-1913	-148	0	236.52	9	5	29	105	43	(-15,-1)
3	2026-01-01 16:03:33.000	7632	-1889	-136	0	278.86	9	6	29	105	43	(-15,-1)
3	2026-01-01 16:03:34.000	7667	-1884	-30	0	287.81	9	8	21	105	43	(-15,0)
3	2026-01-01 16:03:35.000	7702	-1874	18	0	301.27	10	9	21	105	43	(-15,0)
3	2026-01-01 16:03:36.000	7737	-1777	33	0	272.93	10	9	21	105	43	(-14,0)
3	2026-01-01 16:03:37.000	7772	-1752	84	0	235.95	10	10	21	105	43	(-14,1)
3	2026-01-01 16:03:38.000	7807	-1687	142	0	279.83	10	9	21	105	43	(-13,1)
3	2026-01-01 16:03:39.000	7842	-1786	103	0	243.78	10	7	21	105	43	(-14,1)
3	2026-01-01 16:03:40.000	7877	-1730	-6	0	283.12	8	6	21	105	43	(-14,0)
3	2026-01-01 16:03:41.000	7912	-1807	-87	0	248.07	9	7	20	105	40	(-14,-1)
3	2026-01-01 16:03:42.000	7947	-1762	-50	0	275.98	8	5	20	105	40	(-14,0)
3	2026-01-01 16:03:43.000	7982	-1673	-53	0	296.81	6	6	10	105	40	(-13,0)
3	2026-01-01 16:03:44.000	8017	-1649	48	0	259.61	6	7	10	105	40	(-13,0)
3	2026-01-01 16:03:45.000	8052	-1605	-28	0	295.13	8	6	10	105	40	(-13,0)
3	2026-01-01 16:03:46.000	8087	-1518	75	0	288.76	9	5	10	105	40	(-12,1)
3	2026-01-01 16:03:47.000	8122	-1456	78	0	320.9	8	6	2	105	40	(-11,1)
3	2026-01-01 16:03:48.000	8157	-1390	10	0	335.71	6	4	2	105	40	(-11,0)
3	2026-01-01 16:03:49.000	8192	-1392	-7	0	15.86	7	5	2	105	39	(-11,0)
3	2026-01-01 16:03:50.000	8227	-1419	71	0	0.74	6	6	0	105	50	(-11,1)
3	2026-01-01 16:03:51.000	8262	-1469	-27	0	8.33	6	4	0	105	50	(-11,0)
3	2026-01-01 16:03:52.000	8297	-1574	14	0	34.76	7	3	0	105	50	(-12,0)
3	2026-01-01 16:03:53.000	8332	-1584	8	0	65.21	7	1	0	105	50	(-12,0)
3	2026-01-01 16:03:54.000	8367	-1691	-67	0	67.52	6	-1	0	105	50	(-13,-1)
3	2026-01-01 16:03:55.000	8402	-1680	-98	0	98.23	6	-3	0	105	50	(-13,-1)
3	2026-01-01 16:03:56.000	8437	-1722	-201	-16	142.46	8	-3	0	105	50	(-13,-2)
3	2026-01-01 16:03:57.000	8472	-1647	-201	-16	172.25	6	-4	0	105	50	(-13,-2)
3	2026-01-01 16:03:58.000	8507	-1653	-99	-16	188.76	7	-2	0	105	50	(-13,-1)
3	2026-01-01 16:03:59.000	8542	-1635	-128	-16	199.53	6	-2	0	105	50	(-13,-1)
3	2026-01-01 16:04:00.000	8577	-1547	-66	-16	190.77	6	-3	0	105	50	(-12,-1)
3	2026-01-01 16:04:01.000	8612	-1638	15	-16	178.98	4	-5	0	105	50	(-13,0)
3	2026-01-01 16:04:02.000	8647	-1618	114	-16	137.39	6	-5	0	105	50	(-13,1)
3	2026-01-01 16:04:03.000	8682	-1530	151	-16	169.57	7	-3	0	105	50	(-12,1)
3	2026-01-01 16:04:04.000	8717	-1487	221	-16	133.95	7	-5	0	105	50	(-12,2)
3	2026-01-01 16:04:05.000	8752	-1574	227	-16	170.11	8	-7	0	105	50	(-12,2)
3	2026-01-01 16:04:06.000	8787	-1473	278	-16	132.31	10	-5	0	105	50	(-12,2)
3	2026-01-01 16:04:07.000	8822	-1514	365	-16	117.18	8	-3	0	105	48	(-12,3)
3	2026-01-01 16:04:08.000	8857	-1482	329	-16	115.38	10	-3	0	105	48	(-12,3)
3	2026-01-01 16:04:09.000	8892	-1401	332	-16	73.96	8	-4	0	105	48	(-11,3)
3	2026-01-01 16:04:10.000	8927	-1450	288	-16	36.69	9	-4	0	105	48	(-11,2)
3	2026-01-01 16:04:11.000	8962	-1465	193	-16	4.49	9	-6	0	105	48	(-11,2)
3	2026-01-01 16:04:12.000	8997	-1471	277	-16	46.51	7	-5	0	105	48	(-11,2)
3	2026-01-01 16:04:13.000	9032	-1532	203	-16	89.42	6	-7	0	105	50	(-12,2)
3	2026-01-01 16:04:14.000	9067	-1642	255	-16	82.01	7	-9	0	105	50	(-13,2)
3	2026-01-01 16:04:15.000	9102	-1544	251	0	78.75	6	-7	0	105	50	(-12,2)
3	2026-01-01 16:04:16.000	9137	-1620	182	0	52.75	4	-8	0	105	50	(-13,1)
3	2026-01-01 16:04:17.000	9172	-1551	288	0	37.9	3	-7	0	105	46	(-12,2)
3	2026-01-01 16:04:18.000	9207	-1597	258	0	45.44	5	-8	0	105	46	(-12,2)
3	2026-01-01 16:04:19.000	9242	-1652	294	0	38.93	7	-8	0	105	46	(-13,2)
3	2026-01-01 16:04:20.000	9277	-1761	273	0	79.59	9	-10	0	105	46	(-14,2)
3	2026-01-01 16:04:21.000	9312	-1820	339	0	111.95	10	-10	0	105	46	(-14,3)
3	2026-01-01 16:04:22.000	9347	-1748	386	0	82.31	9	-10	0	105	46	(-14,3)
3	2026-01-01 16:04:23.000	9382	-1675	462	0	98.74	9	-10	0	105	46	(-13,4)
3	2026-01-01 16:04:24.000	9417	-1617	468	0	125.21	9	-9	0	105	46	(-13,4)
3	2026-01-01 16:04:25.000	9452	-1594	508	0	119.22	10	-10	0	105	46	(-12,4)
3	2026-01-01 16:04:26.000	9487	-1655	610	0	79.1	10	-8	0	105	46	(-13,5)
3	2026-01-01 16:04:27.000	9522	-1720	715	0	82.71	9	-6	0	105	46	(-13,6)
3	2026-01-01 16:04:28.000	9557	-1707	770	0	86.01	10	-8	0	105	50	(-13,6)
3	2026-01-01 16:04:29.000	9592	-1774	693	0	93.76	10	-10	0	105	50	(-14,5)
3	2026-01-01 16:04:30.000	9627	-1805	607	0	128.65	8	-10	0	105	50	(-14,5)
3	2026-01-01 16:04:31.000	9662	-1819	573	0	85.63	7	-8	0	105	50	(-14,4)
3	2026-01-01 16:04:32.000	9697	-1803	653	0	88.43	8	-8	0	105	48	(-14,5)
3	2026-01-01 16:04:33.000	9732	-1883	626	0	65.4	10	-8	0	105	48	(-15,5)
3	2026-01-01 16:04:34.000	9767	-1853	725	0	34.99	8	-6	0	105	48	(-14,6)
3	2026-01-01 16:04:35.000	9802	-1961	795	0	60.19	7	-6	0	105	48	(-15,6)
3	2026-01-01 16:04:36.000	9837	-2004	705	0	51.82	9	-7	0	105	48	(-16,6)
3	2026-01-01 16:04:37.000	9872	-1969	623	0	92.16	7	-8	0	105	48	(-15,5)
3	2026-01-01 16:04:38.000	9907	-1974	717	0	76.58	9	-10	0	105	48	(-15,6)
3	2026-01-01 16:04:39.000	9942	-1936	736	0	69.76	8	-8	0	105	48	(-15,6)
3	2026-01-01 16:04:40.000	9977	-1946	775	0	27.36	10	-7	0	105	48	(-15,6)
3	2026-01-01 16:04:41.000	10012	-1970	824	0	3.6	10	-5	0	105	48	(-15,6)
3	2026-01-01 16:04:42.000	10047	-1871	763	0	40.5	10	-6	0	105	48	(-15,6)
3	2026-01-01 16:04:43.000	10082	-1789	787	0	65.09	10	-4	0	105	48	(-14,6)
3	2026-01-01 16:04:44.000	10117	-1778	816	0	20.52	8	-5	0	105	48	(-14,6)
3	2026-01-01 16:04:45.000	10152	-1757	858	0	350.88	10	-4	0	105	48	(-14,7)
3	2026-01-01 16:04:46.000	10187	-1684	800	0	343.77	8	-2	0	105	48	(-13,6)
3	2026-01-01 16:04:47.000	10222	-1716	781	0	335.63	8	-2	0	105	48	(-13,6)
3	2026-01-01 16:04:48.000	10257	-1748	751	0	292.56	9	-4	0	105	48	(-14,6)
3	2026-01-01 16:04:49.000	10292	-1696	643	0	335.29	7	-6	0	105	48	(-13,5)
3	2026-01-01 16:04:50.000	10327	-1728	614	0	335.66	5	-5	0	105	48	(-14,5)
3	2026-01-01 16:04:51.000	10362	-1813	652	0	334.83	5	-5	0	105	48	(-14,5)
3	2026-01-01 16:04:52.000	10397	-1781	576	0	351.95	6	-4	0	105	45	(-14,4)
3	2026-01-01 16:04:53.000	10432	-1886	471	0	36.72	4	-3	0	105	45	(-15,4)
3	2026-01-01 16:04:54.000	10467	-1963	509	0	65.21	3	-5	0	105	45	(-15,4)
3	2026-01-01 16:04:55.000	10502	-1899	574	0	73.89	2	-7	0	105	45	(-15,4)
3	2026-01-01 16:04:56.000	10537	-1854	674	0	49.33	1	-8	0	105	45	(-14,5)
3	2026-01-01 16:04:57.000	10572	-1809	761	0	26.81	2	-8	0	105	45	(-14,6)
3	2026-01-01 16:04:58.000	10607	-1883	871	0	343.9	4	-7	0	105	45	(-15,7)
3	2026-01-01 16:04:59.000	10642	-1880	910	0	322.31	4	-9	0	105	45	(-15,7)
3	2026-01-01 16:05:00.000	10677	-1825	1009	40	326.2	5	-10	0	105	45	(-14,8)
3	2026-01-01 16:05:01.000	10712	-1753	986	128	314.55	5	-10	0	105	45	(-14,8)
3	2026-01-01 16:05:02.000	10747	-1646	998	128	315.3	3	-10	0	105	41	(-13,8)
3	2026-01-01 16:05:03.000	10782	-1654	1101	128	348.52	3	-9	0	105	41	(-13,9)
3	2026-01-01 16:05:04.000	10817	-1606	1071	64	329.07	5	-10	0	105	41	(-13,8)
3	2026-01-01 16:05:05.000	10852	-1558	1061	64	294.78	7	-8	0	105	41	(-12,8)
3	2026-01-01 16:05:06.000	10887	-1480	1088	64	270.3	6	-8	0	105	41	(-12,8)
3	2026-01-01 16:05:07.000	10922	-1584	1041	64	306.59	7	-7	0	105	41	(-12,8)
3	2026-01-01 16:05:08.000	10957	-1501	1100	0	275.44	8	-7	0	105	41	(-12,9)
3	2026-01-01 16:05:09.000	10992	-1581	1183	128	279.82	10	-9	0	105	39	(-12,9)
3	2026-01-01 16:05:10.000	11027	-1650	1181	128	291.75	8	-10	0	105	39	(-13,9)
3	2026-01-01 16:05:11.000	11062	-1567	1078	128	281.22	8	-10	0	105	39	(-12,8)
3	2026-01-01 16:05:12.000	11097	-1588	1017	128	306.26	10	-10	0	105	39	(-12,8)
3	2026-01-01 16:05:13.000	11132	-1696	951	128	347.1	8	-10	0	105	39	(-13,7)
3	2026-01-01 16:05:14.000	11167	-1768	889	128	355.88	9	-9	0	105	38	(-14,7)
3	2026-01-01 16:05:15.000	11202	-1750	830	128	26.38	7	-10	0	105	38	(-14,6)
3	2026-01-01 16:05:16.000	11237	-1660	917	128	10.43	9	-8	0	105	38	(-13,7)
3	2026-01-01 16:05:17.000	11272	-1671	931	0	344.51	9	-6	0	105	38	(-13,7)
3	2026-01-01 16:05:18.000	11307	-1597	842	0	342.76	10	-6	0	105	38	(-12,7)
3	2026-01-01 16:05:19.000	11342	-1661	881	0	350.43	8	-4	0	106	38	(-13,7)
3	2026-01-01 16:05:20.000	11377	-1601	990	0	314.63	6	-6	0	106	38	(-13,8)
3	2026-01-01 16:05:21.000	11412	-1702	988	0	330.55	5	-4	0	106	38	(-13,8)
3	2026-01-01 16:05:22.000	11447	-1800	926	32	308.93	7	-3	0	106	38	(-14,7)
3	2026-01-01 16:05:23.000	11482	-1739	1012	32	316.99	7	-2	0	106	38	(-14,8)
3	2026-01-01 16:05:24.000	11517	-1698	1088	0	317.94	8	-1	0	106	38	(-13,8)
3	2026-01-01 16:05:25.000	11552	-1791	1194	0	326.37	7	-3	0	106	38	(-14,9)
3	2026-01-01 16:05:26.000	11587	-1794	1109	0	287.12	6	-3	0	106	34	(-14,9)
3	2026-01-01 16:05:27.000	11622	-1813	1085	0	327.13	5	-4	0	106	34	(-14,8)
3	2026-01-01 16:05:28.000	11657	-1913	1051	0	328.44	6	-2	0	106	34	(-15,8)
3	2026-01-01 16:05:29.000	11692	-1804	1153	56	325.93	4	-4	0	106	34	(-14,9)
3	2026-01-01 16:05:30.000	11727	-1811	1228	-8	308.2	3	-4	0	106	50	(-14,10)
3	2026-01-01 16:05:31.000	11762	-1731	1320	-8	336.59	2	-4	0	106	50	(-14,10)
3	2026-01-01 16:05:32.000	11797	-1803	1411	-8	305.4	4	-2	0	106	50	(-14,11)
3	2026-01-01 16:05:33.000	11832	-1757	1506	-8	346.89	6	-2	0	106	46	(-14,12)
3	2026-01-01 16:05:34.000	11867	-1663	1410	-8	26.25	8	-1	0	106	46	(-13,11)
3	2026-01-01 16:05:35.000	11902	-1589	1401	-8	351.96	9	-3	0	106	46	(-12,11)
3	2026-01-01 16:05:36.000	11937	-1532	1418	-8	355.04	10	-5	0	106	46	(-12,11)
3	2026-01-01 16:05:37.000	11972	-1565	1476	0	351.88	8	-6	0	106	46	(-12,12)
3	2026-01-01 16:05:38.000	12007	-1664	1530	0	347.17	7	-6	0	106	46	(-13,12)
3	2026-01-01 16:05:39.000	12042	-1628	1478	0	303.39	6	-6	0	106	46	(-13,12)
3	2026-01-01 16:05:40.000	12077	-1712	1485	0	265.36	6	-8	0	106	46	(-13,12)
3	2026-01-01 16:05:41.000	12112	-1771	1552	0	230.56	7	-7	0	106	46	(-14,12)
3	2026-01-01 16:05:42.000	12147	-1862	1530	0	210.49	6	-6	0	106	44	(-15,12)
3	2026-01-01 16:05:43.000	12182	-1829	1451	0	170.7	5	-6	0	106	44	(-14,11)
3	2026-01-01 16:05:44.000	12217	-1916	1451	0	158.28	4	-7	0	106	44	(-15,11)
3	2026-01-01 16:05:45.000	12252	-1927	1554	0	174.0	2	-8	0	106	44	(-15,12)
3	2026-01-01 16:05:46.000	12287	-1938	1505	0	184.63	4	-10	0	106	44	(-15,12)
3	2026-01-01 16:05:47.000	12322	-2022	1450	0	145.72	6	-9	0	106	44	(-16,11)
3	2026-01-01 16:05:48.000	12357	-1912	1527	0	111.28	5	-10	0	106	44	(-15,12)
3	2026-01-01 16:05:49.000	12392	-1933	1496	0	145.51	3	-10	0	106	44	(-15,12)
3	2026-01-01 16:05:50.000	12427	-1864	1477	0	159.38	3	-8	0	106	44	(-15,12)
3	2026-01-01 16:05:51.000	12462	-1843	1533	0	172.06	1	-7	0	106	44	(-14,12)
3	2026-01-01 16:05:52.000	12497	-1763	1561	64	188.97	1	-9	0	106	44	(-14,12)
3	2026-01-01 16:05:53.000	12532	-1818	1582	64	177.63	-1	-8	0	106	44	(-14,12)
3	2026-01-01 16:05:54.000	12567	-1855	1643	64	133.17	-3	-8	0	106	44	(-14,13)
3	2026-01-01 16:05:55.000	12602	-1832	1657	64	175.49	-5	-10	0	106	40	(-14,13)
3	2026-01-01 16:05:56.000	12637	-1777	1697	64	215.76	-7	-10	0	106	40	(-14,13)
3	2026-01-01 16:05:57.000	12672	-1775	1738	64	212.77	-9	-10	0	106	40	(-14,14)
3	2026-01-01 16:05:58.000	12707	-1721	1790	64	251.1	-7	-10	0	106	40	(-13,14)
3	2026-01-01 16:05:59.000	12742	-1805	1725	64	226.59	-7	-10	0	106	40	(-14,13)
3	2026-01-01 16:06:00.000	12777	-1754	1705	64	243.3	-7	-10	0	106	40	(-14,13)
3	2026-01-01 16:06:01.000	12812	-1723	1733	24	278.38	-9	-10	0	106	40	(-13,14)
3	2026-01-01 16:06:02.000	12847	-1652	1692	0	311.42	-8	-10	0	106	40	(-13,13)
3	2026-01-01 16:06:03.000	12882	-1611	1621	0	339.07	-7	-8	0	106	40	(-13,13)
3	2026-01-01 16:06:04.000	12917	-1566	1669	0	317.83	-8	-8	0	106	40	(-12,13)
3	2026-01-01 16:06:05.000	12952	-1603	1580	0	335.2	-7	-6	0	106	40	(-13,12)
3	2026-01-01 16:06:06.000	12987	-1520	1690	0	320.45	-6	-7	0	106	40	(-12,13)
3	2026-01-01 16:06:07.000	13022	-1560	1657	0	303.7	-7	-9	0	106	40	(-12,13)
3	2026-01-01 16:06:08.000	13057	-1510	1758	0	295.03	-9	-7	0	106	35	(-12,14)
3	2026-01-01 16:06:09.000	13092	-1591	1680	0	331.28	-9	-9	0	106	35	(-12,13)
3	2026-01-01 16:06:10.000	13127	-1695	1656	0	324.77	-9	-10	0	106	34	(-13,13)
3	2026-01-01 16:06:11.000	13162	-1710	1646	0	298.36	-9	-9	0	106	34	(-13,13)
3	2026-01-01 16:06:12.000	13197	-1638	1641	0	324.73	-7	-8	0	105	34	(-13,13)
3	2026-01-01 16:06:13.000	13232	-1663	1696	0	344.92	-8	-7	0	105	34	(-13,13)
3	2026-01-01 16:06:14.000	13267	-1737	1633	0	301.61	-6	-7	0	105	34	(-14,13)
3	2026-01-01 16:06:15.000	13302	-1757	1715	0	293.22	-8	-8	0	105	34	(-14,13)
3	2026-01-01 16:06:16.000	13337	-1755	1643	0	325.14	-10	-6	0	105	34	(-14,13)
3	2026-01-01 16:06:17.000	13372	-1800	1724	0	357.21	-10	-4	0	105	34	(-14,13)
3	2026-01-01 16:06:18.000	13407	-1710	1825	0	26.86	-10	-3	0	105	34	(-13,14)
3	2026-01-01 16:06:19.000	13442	-1775	1924	0	59.49	-10	-1	0	105	34	(-14,15)
3	2026-01-01 16:06:20.000	13477	-1818	1857	0	61.9	-8	-3	0	105	34	(-14,15)
3	2026-01-01 16:06:21.000	13512	-1773	1838	0	42.88	-8	-5	0	105	34	(-14,14)
3	2026-01-01 16:06:22.000	13547	-1848	1820	0	41.59	-6	-3	0	105	34	(-14,14)
3	2026-01-01 16:06:23.000	13582	-1942	1778	32	14.59	-4	-4	0	105	31	(-15,14)
3	2026-01-01 16:06:24.000	13617	-1969	1838	32	15.62	-5	-6	0	105	31	(-15,14)
3	2026-01-01 16:06:25.000	13652	-2052	1882	32	339.95	-4	-5	0	105	31	(-16,15)
3	2026-01-01 16:06:26.000	13687	-1991	1893	32	304.06	-3	-4	0	105	31	(-16,15)
3	2026-01-01 16:06:27.000	13722	-1969	1879	32	268.79	-2	-4	0	105	31	(-15,15)
3	2026-01-01 16:06:28.000	13757	-1870	1779	32	312.72	0	-4	0	105	31	(-15,14)
3	2026-01-01 16:06:29.000	13792	-1853	1868	32	326.77	-1	-6	0	105	31	(-14,15)
3	2026-01-01 16:06:30.000	13827	-1824	1888	32	8.41	0	-6	0	105	31	(-14,15)
3	2026-01-01 16:06:31.000	13862	-1753	1845	32	329.84	-1	-4	0	105	31	(-14,14)
3	2026-01-01 16:06:32.000	13897	-1847	1763	32	330.41	-3	-4	0	105	30	(-14,14)
3	2026-01-01 16:06:33.000	13932	-1888	1866	32	9.7	-2	-3	0	99	29	(-15,15)
3	2026-01-01 16:06:34.000	13967	-1996	1765	32	330.34	0	-5	0	106	46	(-16,14)
3	2026-01-01 16:06:35.000	14002	-1984	1656	32	352.83	2	-3	0	106	46	(-16,13)
3	2026-01-01 16:06:36.000	14037	-1914	1617	32	339.26	3	-4	0	106	46	(-15,13)
3	2026-01-01 16:06:37.000	14072	-1808	1660	0	306.98	2	-4	0	106	42	(-14,13)
3	2026-01-01 16:06:38.000	14107	-1773	1605	0	275.66	1	-4	0	106	42	(-14,13)
3	2026-01-01 16:06:39.000	14142	-1767	1710	0	303.78	-1	-4	0	106	42	(-14,13)
3	2026-01-01 16:06:40.000	14177	-1799	1773	0	317.74	1	-2	0	106	42	(-14,14)
3	2026-01-01 16:06:41.000	14212	-1723	1688	0	317.18	0	-1	0	106	42	(-13,13)
3	2026-01-01 16:06:42.000	14247	-1740	1662	0	331.46	0	-3	0	106	42	(-14,13)
3	2026-01-01 16:06:43.000	14282	-1686	1610	0	327.67	1	-4	0	106	41	(-13,13)
3	2026-01-01 16:06:44.000	14317	-1743	1656	0	313.19	3	-2	0	106	41	(-14,13)
3	2026-01-01 16:06:45.000	14352	-1777	1589	0	299.47	3	0	0	106	50	(-14,12)
3	2026-01-01 16:06:46.000	14387	-1675	1628	0	307.26	3	2	0	106	50	(-13,13)
3	2026-01-01 16:06:47.000	14422	-1750	1727	0	272.63	2	4	0	106	50	(-14,13)
3	2026-01-01 16:06:48.000	14457	-1800	1772	0	290.33	0	6	0	106	50	(-14,14)
3	2026-01-01 16:06:49.000	14492	-1825	1724	0	272.5	2	8	0	106	50	(-14,13)
3	2026-01-01 16:06:50.000	14527	-1841	1689	0	250.73	4	7	0	106	50	(-14,13)
3	2026-01-01 16:06:51.000	14562	-1890	1744	0	271.21	3	6	0	106	50	(-15,14)
3	2026-01-01 16:06:52.000	14597	-1866	1670	0	264.73	3	5	0	106	50	(-15,13)
3	2026-01-01 16:06:53.000	14632	-1829	1701	32	288.37	1	6	0	106	45	(-14,13)
3	2026-01-01 16:06:54.000	14667	-1749	1763	32	262.88	3	7	0	106	42	(-14,14)
3	2026-01-01 16:06:55.000	14702	-1694	1856	8	270.77	5	7	0	106	42	(-13,14)
3	2026-01-01 16:06:56.000	14737	-1797	1839	8	230.13	7	9	0	106	37	(-14,14)
3	2026-01-01 16:06:57.000	14772	-1740	1738	8	187.3	5	7	0	106	37	(-14,14)
3	2026-01-01 16:06:58.000	14807	-1715	1728	8	162.27	6	6	0	106	37	(-13,14)
3	2026-01-01 16:06:59.000	14842	-1632	1627	0	181.86	5	7	0	106	37	(-13,13)
3	2026-01-01 16:07:00.000	14877	-1667	1709	0	173.2	7	5	0	106	32	(-13,13)
3	2026-01-01 16:07:01.000	14912	-1651	1798	0	218.11	9	7	17	106	32	(-13,14)
3	2026-01-01 16:07:02.000	14947	-1562	1752	0	222.2	10	7	17	106	28	(-12,14)
3	2026-01-01 16:07:03.000	14982	-1665	1760	0	265.2	10	9	17	106	28	(-13,14)
3	2026-01-01 16:07:04.000	15017	-1650	1840	0	302.75	9	10	17	106	28	(-13,14)
3	2026-01-01 16:07:05.000	15052	-1719	1803	0	262.73	9	8	16	106	28	(-13,14)
3	2026-01-01 16:07:06.000	15087	-1622	1752	0	251.3	8	9	16	106	28	(-13,14)
3	2026-01-01 16:07:07.000	15122	-1715	1762	0	239.74	7	10	16	106	28	(-13,14)
3	2026-01-01 16:07:08.000	15157	-1817	1666	0	207.59	9	10	16	106	28	(-14,13)
3	2026-01-01 16:07:09.000	15192	-1753	1685	0	226.88	8	10	16	106	28	(-14,13)
3	2026-01-01 16:07:10.000	15227	-1756	1741	64	243.69	7	10	8	106	28	(-14,14)
3	2026-01-01 16:07:11.000	15262	-1750	1640	64	243.13	6	8	8	106	28	(-14,13)
3	2026-01-01 16:07:12.000	15297	-1702	1679	64	243.16	5	10	8	106	28	(-13,13)
3	2026-01-01 16:07:13.000	15332	-1645	1611	64	232.1	3	8	8	106	28	(-13,13)
3	2026-01-01 16:07:14.000	15367	-1657	1684	64	216.39	4	8	8	106	28	(-13,13)
3	2026-01-01 16:07:15.000	15402	-1630	1667	64	238.17	4	6	8	106	28	(-13,13)
3	2026-01-01 16:07:16.000	15437	-1632	1776	64	226.56	2	6	8	106	45	(-13,14)
3	2026-01-01 16:07:17.000	15472	-1742	1709	64	232.82	1	7	8	106	45	(-14,13)
3	2026-01-01 16:07:18.000	15507	-1737	1770	64	261.65	2	9	8	106	45	(-14,14)
3	2026-01-01 16:07:19.000	15542	-1672	1813	64	256.87	0	7	8	106	45	(-13,14)
3	2026-01-01 16:07:20.000	15577	-1689	1882	32	271.17	0	6	8	106	45	(-13,15)
3	2026-01-01 16:07:21.000	15612	-1657	1909	32	240.98	2	7	8	106	40	(-13,15)
3	2026-01-01 16:07:22.000	15647	-1659	1911	32	217.23	2	8	8	106	40	(-13,15)
3	2026-01-01 16:07:23.000	15682	-1659	1804	32	175.92	3	8	8	106	40	(-13,14)
3	2026-01-01 16:07:24.000	15717	-1582	1824	32	155.0	1	6	8	106	40	(-12,14)
3	2026-01-01 16:07:25.000	15752	-1667	1751	32	132.5	0	8	8	106	40	(-13,14)
3	2026-01-01 16:07:26.000	15787	-1750	1647	32	97.77	0	10	8	106	40	(-14,13)
3	2026-01-01 16:07:27.000	15822	-1688	1562	32	136.41	0	9	19	106	39	(-13,12)
3	2026-01-01 16:07:28.000	15857	-1741	1539	32	154.62	-2	10	19	106	38	(-14,12)
3	2026-01-01 16:07:29.000	15892	-1648	1449	32	182.27	-2	8	19	106	38	(-13,11)
3	2026-01-01 16:07:30.000	15927	-1567	1512	32	140.06	-3	10	19	106	38	(-12,12)
3	2026-01-01 16:07:31.000	15962	-1524	1613	32	145.65	-2	10	19	106	38	(-12,13)
3	2026-01-01 16:07:32.000	15997	-1627	1695	32	162.05	-3	10	19	106	37	(-13,13)
3	2026-01-01 16:07:33.000	16032	-1693	1633	32	178.54	-4	10	19	106	37	(-13,13)
3	2026-01-01 16:07:34.000	16067	-1722	1567	32	172.33	-6	8	19	106	37	(-13,12)
3	2026-01-01 16:07:35.000	16102	-1708	1641	32	177.01	-7	10	19	106	37	(-13,13)
3	2026-01-01 16:07:36.000	16137	-1741	1597	32	163.75	-9	10	19	106	37	(-14,12)
3	2026-01-01 16:07:37.000	16172	-1656	1552	32	192.83	-7	8	19	106	37	(-13,12)
3	2026-01-01 16:07:38.000	16207	-1593	1580	32	161.39	-7	8	19	106	37	(-12,12)
3	2026-01-01 16:07:39.000	16242	-1661	1538	32	127.11	-5	8	19	106	37	(-13,12)
3	2026-01-01 16:07:40.000	16277	-1590	1554	32	170.95	-7	10	19	106	37	(-12,12)
3	2026-01-01 16:07:41.000	16312	-1528	1591	32	142.4	-9	8	19	106	37	(-12,12)
3	2026-01-01 16:07:42.000	16347	-1465	1608	32	111.6	-10	9	19	106	37	(-11,13)
3	2026-01-01 16:07:43.000	16382	-1514	1701	32	103.14	-9	9	19	106	32	(-12,13)
3	2026-01-01 16:07:44.000	16417	-1439	1695	32	106.36	-10	10	19	106	29	(-11,13)
3	2026-01-01 16:07:45.000	16452	-1496	1587	32	65.96	-9	10	19	106	29	(-12,12)
3	2026-01-01 16:07:46.000	16487	-1473	1515	32	80.06	-8	10	19	106	29	(-12,12)
3	2026-01-01 16:07:47.000	16522	-1371	1572	32	57.01	-10	10	19	106	29	(-11,12)
3	2026-01-01 16:07:48.000	16557	-1345	1515	32	75.19	-10	8	19	106	29	(-11,12)
3	2026-01-01 16:07:49.000	16592	-1236	1408	32	83.6	-10	6	19	106	27	(-10,11)
3	2026-01-01 16:07:50.000	16627	-1206	1473	32	111.95	-10	8	19	106	27	(-9,12)
3	2026-01-01 16:07:51.000	16662	-1289	1508	32	104.37	-9	9	19	106	27	(-10,12)
3	2026-01-01 16:07:52.000	16697	-1265	1409	32	130.6	-8	10	19	106	27	(-10,11)
3	2026-01-01 16:07:53.000	16732	-1277	1344	32	137.41	-7	10	19	106	27	(-10,10)
3	2026-01-01 16:07:54.000	16767	-1299	1404	32	164.68	-9	10	19	106	45	(-10,11)
3	2026-01-01 16:07:55.000	16802	-1404	1318	32	173.03	-8	9	19	106	45	(-11,10)
3	2026-01-01 16:07:56.000	16837	-1350	1418	32	147.51	-6	8	19	106	50	(-11,11)
3	2026-01-01 16:07:57.000	16872	-1273	1378	32	169.25	-5	7	19	106	50	(-10,11)
3	2026-01-01 16:07:58.000	16907	-1215	1294	32	156.72	-3	5	19	106	50	(-9,10)
3	2026-01-01 16:07:59.000	16942	-1188	1291	32	154.98	-5	6	19	106	50	(-9,10)
3	2026-01-01 16:08:00.000	16977	-1102	1227	32	198.4	-3	8	19	106	46	(-9,10)
3	2026-01-01 16:08:01.000	17012	-1185	1209	32	159.69	-2	8	19	106	46	(-9,9)
3	2026-01-01 16:08:02.000	17047	-1135	1206	32	140.11	-1	9	19	106	50	(-9,9)
3	2026-01-01 16:08:03.000	17082	-1177	1194	32	140.58	-1	7	19	106	50	(-9,9)
3	2026-01-01 16:08:04.000	17117	-1083	1184	32	98.61	-3	9	19	106	50	(-8,9)
3	2026-01-01 16:08:05.000	17152	-1134	1107	32	127.13	-1	10	19	106	50	(-9,9)
3	2026-01-01 16:08:06.000	17187	-1078	1062	32	101.8	0	9	19	106	50	(-8,8)
3	2026-01-01 16:08:07.000	17222	-980	1065	32	121.17	2	8	19	106	50	(-8,8)
3	2026-01-01 16:08:08.000	17257	-950	1074	40	148.42	0	6	19	106	47	(-7,8)
3	2026-01-01 16:08:09.000	17292	-936	1159	40	164.35	0	7	19	106	47	(-7,9)
3	2026-01-01 16:08:10.000	17327	-1001	1211	40	160.95	2	7	19	106	47	(-8,9)
3	2026-01-01 16:08:11.000	17362	-900	1213	40	183.12	4	8	19	106	47	(-7,9)
3	2026-01-01 16:08:12.000	17397	-857	1105	40	217.57	5	8	19	106	46	(-7,9)
3	2026-01-01 16:08:13.000	17432	-825	1023	40	250.47	7	7	19	106	45	(-6,8)
3	2026-01-01 16:08:14.000	17467	-927	931	40	225.62	6	6	19	106	45	(-7,7)
3	2026-01-01 16:08:15.000	17502	-920	821	40	247.35	8	5	19	106	45	(-7,6)
3	2026-01-01 16:08:16.000	17537	-815	714	40	216.11	7	3	19	106	43	(-6,6)
3	2026-01-01 16:08:17.000	17572	-848	794	40	218.63	5	4	19	106	39	(-7,6)
3	2026-01-01 16:08:18.000	17607	-796	727	40	226.9	7	2	19	106	39	(-6,6)
3	2026-01-01 16:08:19.000	17642	-734	759	40	198.68	7	0	19	106	39	(-6,6)
3	2026-01-01 16:08:20.000	17677	-635	823	40	209.34	9	-1	19	106	39	(-5,6)
3	2026-01-01 16:08:21.000	17712	-677	726	40	171.1	8	0	19	106	39	(-5,6)
3	2026-01-01 16:08:22.000	17747	-751	781	40	126.95	8	-1	19	106	39	(-6,6)
3	2026-01-01 16:08:23.000	17782	-746	826	40	86.4	10	-2	19	106	39	(-6,6)
3	2026-01-01 16:08:24.000	17817	-826	771	40	116.96	10	-2	19	106	39	(-6,6)
3	2026-01-01 16:08:25.000	17852	-784	832	40	113.46	10	-4	19	106	38	(-6,6)
3	2026-01-01 16:08:26.000	17887	-857	889	40	157.73	9	-4	19	106	50	(-7,7)
3	2026-01-01 16:08:27.000	17922	-904	809	40	169.64	10	-6	19	106	50	(-7,6)
3	2026-01-01 16:08:28.000	17957	-807	742	0	198.14	8	-8	19	106	50	(-6,6)
3	2026-01-01 16:08:29.000	17992	-877	754	0	219.56	8	-10	19	106	50	(-7,6)
3	2026-01-01 16:08:30.000	18027	-769	690	-16	263.08	7	-8	17	106	50	(-6,5)
3	2026-01-01 16:08:31.000	18062	-836	608	-16	287.64	6	-6	17	106	50	(-7,5)
3	2026-01-01 16:08:32.000	18097	-827	626	-16	294.88	6	-8	17	106	50	(-6,5)
3	2026-01-01 16:08:33.000	18132	-785	606	-16	332.9	6	-9	17	106	50	(-6,5)
3	2026-01-01 16:08:34.000	18167	-851	677	0	354.89	6	-10	17	106	50	(-7,5)
3	2026-01-01 16:08:35.000	18202	-882	632	0	21.03	7	-10	17	106	50	(-7,5)
3	2026-01-01 16:08:36.000	18237	-839	587	0	21.99	8	-10	17	106	50	(-7,5)
3	2026-01-01 16:08:37.000	18272	-932	588	0	34.67	6	-10	17	106	50	(-7,5)
3	2026-01-01 16:08:38.000	18307	-987	567	0	352.48	4	-8	12	106	50	(-8,4)
3	2026-01-01 16:08:39.000	18342	-903	664	0	35.23	2	-6	12	106	50	(-7,5)
3	2026-01-01 16:08:40.000	18377	-900	741	0	68.64	0	-6	12	106	50	(-7,6)
3	2026-01-01 16:08:41.000	18412	-842	716	0	97.81	-2	-6	12	106	50	(-7,6)
3	2026-01-01 16:08:42.000	18447	-905	705	0	63.17	-3	-4	12	106	49	(-7,6)
3	2026-01-01 16:08:43.000	18482	-934	739	0	38.78	-4	-2	12	106	49	(-7,6)
3	2026-01-01 16:08:44.000	18517	-869	664	0	1.59	-3	-3	5	106	49	(-7,5)
3	2026-01-01 16:08:45.000	18552	-765	564	0	6.83	-2	-5	5	106	49	(-6,4)
3	2026-01-01 16:08:46.000	18587	-741	598	0	356.51	0	-3	5	106	49	(-6,5)
3	2026-01-01 16:08:47.000	18622	-718	693	0	342.37	2	-1	5	106	49	(-6,5)
3	2026-01-01 16:08:48.000	18657	-786	673	0	27.27	1	-1	5	106	49	(-6,5)
3	2026-01-01 16:08:49.000	18692	-710	612	0	348.91	0	-3	5	106	49	(-6,5)
3	2026-01-01 16:08:50.000	18727	-623	709	0	29.11	0	-4	5	106	49	(-5,6)
3	2026-01-01 16:08:51.000	18762	-657	692	0	24.78	-1	-6	5	106	50	(-5,5)
3	2026-01-01 16:08:52.000	18797	-665	759	0	349.04	1	-6	5	106	50	(-5,6)
3	2026-01-01 16:08:53.000	18832	-745	814	0	31.14	3	-5	5	106	50	(-6,6)
3	2026-01-01 16:08:54.000	18867	-635	918	0	3.67	5	-7	5	106	50	(-5,7)
3	2026-01-01 16:08:55.000	18902	-585	926	0	328.07	3	-8	5	106	50	(-5,7)
3	2026-01-01 16:08:56.000	18937	-680	866	0	320.76	1	-10	5	106	50	(-5,7)
3	2026-01-01 16:08:57.000	18972	-774	950	0	307.38	3	-8	5	106	50	(-6,7)
3	2026-01-01 16:08:58.000	19007	-718	1023	0	315.65	3	-8	5	106	50	(-6,8)
3	2026-01-01 16:08:59.000	19042	-732	1118	0	328.07	1	-10	5	106	50	(-6,9)
3	2026-01-01 16:09:00.000	19077	-786	1011	0	11.78	2	-10	0	106	50	(-6,8)
3	2026-01-01 16:09:01.000	19112	-816	901	0	44.61	1	-10	0	106	50	(-6,7)
3	2026-01-01 16:09:02.000	19147	-852	942	0	36.14	-1	-10	0	106	50	(-7,7)
3	2026-01-01 16:09:03.000	19182	-810	1034	0	357.16	-2	-10	0	106	50	(-6,8)
3	2026-01-01 16:09:04.000	19217	-870	962	0	313.46	-1	-10	0	106	47	(-7,8)
3	2026-01-01 16:09:05.000	19252	-801	891	0	314.08	1	-10	0	106	47	(-6,7)
3	2026-01-01 16:09:06.000	19287	-736	847	0	329.81	-1	-10	0	106	47	(-6,7)
3	2026-01-01 16:09:07.000	19322	-694	768	0	325.45	-2	-10	0	106	47	(-5,6)
3	2026-01-01 16:09:08.000	19357	-646	707	0	305.61	-2	-10	0	106	42	(-5,6)
3	2026-01-01 16:09:09.000	19392	-553	701	0	294.11	-4	-9	0	106	42	(-4,5)
3	2026-01-01 16:09:10.000	19427	-499	675	0	286.47	-3	-9	0	106	40	(-4,5)
3	2026-01-01 16:09:11.000	19462	-399	570	0	303.97	-3	-10	0	106	38	(-3,4)
3	2026-01-01 16:09:12.000	19497	-306	485	0	285.14	-3	-10	0	106	35	(-2,4)
3	2026-01-01 16:09:13.000	19532	-264	476	0	314.47	-2	-10	0	106	35	(-2,4)
3	2026-01-01 16:09:14.000	19567	-338	487	0	305.12	-1	-9	0	100	35	(-3,4)
3	2026-01-01 16:09:15.000	19602	-369	481	0	313.66	-2	-9	0	100	35	(-3,4)
3	2026-01-01 16:09:16.000	19637	-262	492	0	338.35	-4	-7	0	100	35	(-2,4)
3	2026-01-01 16:09:17.000	19672	-208	427	0	306.58	-6	-9	0	100	35	(-2,3)
3	2026-01-01 16:09:18.000	19707	-282	323	0	294.9	-6	-9	0	100	35	(-2,3)
3	2026-01-01 16:09:19.000	19742	-265	303	0	314.57	-7	-7	0	100	31	(-2,2)
3	2026-01-01 16:09:20.000	19777	-300	319	0	292.86	-7	-5	0	100	31	(-2,2)
3	2026-01-01 16:09:21.000	19812	-294	234	0	298.24	-5	-6	0	100	27	(-2,2)
3	2026-01-01 16:09:22.000	19847	-210	245	0	337.4	-3	-6	0	100	27	(-2,2)
3	2026-01-01 16:09:23.000	19882	-227	294	0	297.47	-1	-4	0	100	27	(-2,2)
3	2026-01-01 16:09:24.000	19917	-274	387	0	310.53	-3	-3	0	100	27	(-2,3)
3	2026-01-01 16:09:25.000	19952	-322	338	0	316.7	-5	-2	0	100	27	(-3,3)
3	2026-01-01 16:09:26.000	19987	-299	334	0	334.01	-6	-4	0	100	27	(-2,3)
3	2026-01-01 16:09:27.000	20022	-313	408	0	353.27	-7	-3	0	100	50	(-2,3)
3	2026-01-01 16:09:28.000	20057	-227	322	0	354.98	-8	-4	0	100	50	(-2,3)
3	2026-01-01 16:09:29.000	20092	-329	327	128	11.49	-6	-3	0	100	50	(-3,3)
3	2026-01-01 16:09:30.000	20127	-271	326	128	15.87	-5	-1	0	100	50	(-2,3)
3	2026-01-01 16:09:31.000	20162	-179	393	128	18.85	-6	1	0	100	50	(-1,3)
3	2026-01-01 16:09:32.000	20197	-259	407	128	338.8	-7	-1	0	100	50	(-2,3)
3	2026-01-01 16:09:33.000	20232	-159	413	128	354.03	-6	1	0	100	50	(-1,3)
3	2026-01-01 16:09:34.000	20267	-119	473	128	341.0	-6	0	0	100	50	(-1,4)
3	2026-01-01 16:09:35.000	20302	-202	436	128	0.84	-6	-1	0	100	45	(-2,3)
3	2026-01-01 16:09:36.000	20337	-306	376	128	351.62	-4	-1	0	100	40	(-2,3)
3	2026-01-01 16:09:37.000	20372	-362	313	128	340.79	-2	-2	0	94	37	(-3,2)
3	2026-01-01 16:09:38.000	20407	-446	353	128	343.42	-2	-3	0	94	37	(-3,3)
3	2026-01-01 16:09:39.000	20442	-433	353	128	306.4	-1	-5	0	94	37	(-3,3)
3	2026-01-01 16:09:40.000	20477	-504	366	128	322.55	-3	-4	0	94	37	(-4,3)
3	2026-01-01 16:09:41.000	20512	-456	465	128	324.47	-5	-2	0	94	37	(-4,4)
3	2026-01-01 16:09:42.000	20547	-502	369	128	325.09	-4	-1	0	94	37	(-4,3)
3	2026-01-01 16:09:43.000	20582	-555	335	128	333.23	-3	-3	0	94	32	(-4,3)
3	2026-01-01 16:09:44.000	20617	-565	346	128	341.8	-1	-2	0	94	32	(-4,3)
3	2026-01-01 16:09:45.000	20652	-579	414	128	19.59	1	-2	0	94	32	(-5,3)
3	2026-01-01 16:09:46.000	20687	-612	478	128	1.36	0	-3	0	94	32	(-5,4)
3	2026-01-01 16:09:47.000	20722	-685	564	128	321.22	2	-3	0	94	28	(-5,4)
3	2026-01-01 16:09:48.000	20757	-775	608	128	288.66	1	-2	0	94	28	(-6,5)
3	2026-01-01 16:09:49.000	20792	-825	550	128	323.79	-1	0	0	94	28	(-6,4)
3	2026-01-01 16:09:50.000	20827	-903	569	128	322.26	-2	2	0	94	28	(-7,4)
3	2026-01-01 16:09:51.000	20862	-871	649	128	325.69	-2	1	0	94	28	(-7,5)
3	2026-01-01 16:09:52.000	20897	-936	592	128	356.71	-4	-1	0	94	28	(-7,5)
3	2026-01-01 16:09:53.000	20932	-942	534	128	359.41	-4	-3	0	94	28	(-7,4)
3	2026-01-01 16:09:54.000	20967	-958	542	128	343.36	-6	-5	0	94	28	(-7,4)
3	2026-01-01 16:09:55.000	21002	-883	630	128	347.47	-5	-7	0	94	23	(-7,5)
3	2026-01-01 16:09:56.000	21037	-925	580	128	352.13	-4	-9	0	94	23	(-7,5)
3	2026-01-01 16:09:57.000	21072	-948	626	128	32.62	-5	-10	0	94	23	(-7,5)
3	2026-01-01 16:09:58.000	21107	-944	537	128	37.37	-6	-9	0	94	23	(-7,4)
3	2026-01-01 16:09:59.000	21142	-867	586	128	5.48	-4	-9	0	94	23	(-7,5)
3	2026-01-01 16:10:00.000	21177	-935	577	128	33.16	-3	-7	0	94	23	(-7,5)
3	2026-01-01 16:10:01.000	21212	-908	639	128	53.7	-3	-5	0	94	23	(-7,5)
3	2026-01-01 16:10:02.000	21247	-938	612	128	14.14	-4	-3	0	94	23	(-7,5)
3	2026-01-01 16:10:03.000	21282	-999	701	128	335.83	-2	-2	0	94	23	(-8,5)
3	2026-01-01 16:10:04.000	21317	-950	665	128	14.12	-4	-4	0	94	19	(-7,5)
3	2026-01-01 16:10:05.000	21352	-964	606	128	56.29	-2	-6	0	94	19	(-8,5)
3	2026-01-01 16:10:06.000	21387	-871	612	128	98.06	-2	-5	0	94	19	(-7,5)
3	2026-01-01 16:10:07.000	21422	-933	591	128	103.57	-3	-4	0	94	18	(-7,5)
3	2026-01-01 16:10:08.000	21457	-929	578	128	144.52	-1	-4	0	94	18	(-7,5)
3	2026-01-01 16:10:09.000	21492	-1003	547	128	147.52	-1	-6	0	94	18	(-8,4)
3	2026-01-01 16:10:10.000	21527	-999	614	-8	174.47	0	-4	0	94	18	(-8,5)
3	2026-01-01 16:10:11.000	21562	-899	664	-8	183.28	2	-2	0	94	18	(-7,5)
3	2026-01-01 16:10:12.000	21597	-852	578	16	154.19	4	-3	0	94	18	(-7,5)
3	2026-01-01 16:10:13.000	21632	-829	535	16	115.9	2	-2	0	94	18	(-6,4)
3	2026-01-01 16:10:14.000	21667	-902	452	16	138.96	0	-3	0	94	13	(-7,4)
3	2026-01-01 16:10:15.000	21702	-939	471	16	145.34	0	-1	0	94	13	(-7,4)
3	2026-01-01 16:10:16.000	21737	-1023	416	16	133.96	-2	1	0	94	13	(-8,3)
3	2026-01-01 16:10:17.000	21772	-932	326	16	117.47	-4	1	0	94	13	(-7,3)
3	2026-01-01 16:10:18.000	21807	-905	367	16	123.41	-4	3	0	94	13	(-7,3)
3	2026-01-01 16:10:19.000	21842	-869	456	16	102.32	-6	3	0	94	13	(-7,4)
3	2026-01-01 16:10:20.000	21877	-760	519	16	126.39	-4	3	0	94	10	(-6,4)
3	2026-01-01 16:10:21.000	21912	-751	441	16	133.83	-2	5	0	88	10	(-6,3)
3	2026-01-01 16:10:22.000	21947	-783	333	16	159.7	-4	5	0	88	10	(-6,3)
3	2026-01-01 16:10:23.000	21982	-800	407	16	200.04	-3	4	0	88	10	(-6,3)
3	2026-01-01 16:10:24.000	22017	-720	392	16	228.12	-3	6	0	88	10	(-6,3)
3	2026-01-01 16:10:25.000	22052	-734	457	16	224.25	-4	8	0	88	10	(-6,4)
3	2026-01-01 16:10:26.000	22087	-834	454	16	190.75	-6	8	0	88	10	(-7,4)
3	2026-01-01 16:10:27.000	22122	-744	513	16	163.39	-8	6	0	88	10	(-6,4)
3	2026-01-01 16:10:28.000	22157	-703	507	16	156.73	-6	6	0	88	10	(-5,4)
3	2026-01-01 16:10:29.000	22192	-767	440	-16	192.33	-4	4	0	88	7	(-6,3)
3	2026-01-01 16:10:30.000	22227	-683	390	-16	184.5	-6	4	0	88	7	(-5,3)
3	2026-01-01 16:10:31.000	22262	-716	315	-16	197.85	-4	4	0	80	7	(-6,2)
3	2026-01-01 16:10:32.000	22297	-783	309	-16	222.55	-6	3	0	80	23	(-6,2)
3	2026-01-01 16:10:33.000	22332	-827	393	-16	245.83	-6	4	0	80	23	(-6,3)
3	2026-01-01 16:10:34.000	22367	-751	348	-16	267.25	-8	4	0	80	23	(-6,3)
3	2026-01-01 16:10:35.000	22402	-732	253	-16	252.16	-9	4	0	80	19	(-6,2)
3	2026-01-01 16:10:36.000	22437	-737	311	-16	267.86	-10	2	0	80	18	(-6,2)
3	2026-01-01 16:10:37.000	22472	-666	324	-16	287.04	-10	3	0	80	18	(-5,3)
3	2026-01-01 16:10:38.000	22507	-595	359	-16	246.99	-8	5	0	80	18	(-5,3)
3	2026-01-01 16:10:39.000	22542	-507	304	-16	265.23	-6	3	0	80	18	(-4,2)
3	2026-01-01 16:10:40.000	22577	-480	210	-16	238.83	-5	1	0	80	18	(-4,2)
3	2026-01-01 16:10:41.000	22612	-536	206	128	283.52	-3	1	0	73	18	(-4,2)
3	2026-01-01 16:10:42.000	22647	-430	129	128	281.26	-1	-1	0	73	18	(-3,1)
3	2026-01-01 16:10:43.000	22682	-345	37	128	241.69	0	1	0	73	18	(-3,0)
3	2026-01-01 16:10:44.000	22717	-327	18	128	230.13	-1	-1	0	73	37	(-3,0)
3	2026-01-01 16:10:45.000	22752	-329	78	128	252.54	-3	-3	0	73	37	(-3,1)
3	2026-01-01 16:10:46.000	22787	-243	45	128	220.03	-3	-4	0	73	37	(-2,0)
3	2026-01-01 16:10:47.000	22822	-221	44	128	230.42	-2	-3	0	65	37	(-2,0)
3	2026-01-01 16:10:48.000	22857	-136	-4	128	230.07	-2	-5	0	65	37	(-1,0)
3	2026-01-01 16:10:49.000	22892	-105	-54	0	212.52	-4	-6	0	65	37	(-1,0)
3	2026-01-01 16:10:50.000	22927	-212	11	0	226.77	-2	-7	0	65	50	(-2,0)
3	2026-01-01 16:10:51.000	22962	-316	-69	0	266.47	-3	-8	0	65	50	(-2,-1)
3	2026-01-01 16:10:52.000	22997	-413	-116	0	255.09	-3	-8	0	65	50	(-3,-1)
3	2026-01-01 16:10:53.000	23032	-371	-127	0	291.99	-4	-10	0	65	50	(-3,-1)
3	2026-01-01 16:10:54.000	23067	-336	-140	0	251.32	-4	-10	0	65	47	(-3,-1)
3	2026-01-01 16:10:55.000	23102	-390	-183	0	253.74	-3	-8	0	65	47	(-3,-1)
3	2026-01-01 16:10:56.000	23137	-441	-256	0	246.74	-3	-6	0	65	47	(-3,-2)
3	2026-01-01 16:10:57.000	23172	-337	-211	0	248.52	-5	-5	0	65	47	(-3,-2)
3	2026-01-01 16:10:58.000	23207	-311	-236	0	259.72	-6	-6	0	65	47	(-2,-2)
3	2026-01-01 16:10:59.000	23242	-333	-323	0	242.95	-8	-5	0	65	47	(-3,-3)
3	2026-01-01 16:11:00.000	23277	-385	-224	0	222.65	-6	-3	0	65	44	(-3,-2)
3	2026-01-01 16:11:01.000	23312	-458	-237	0	251.32	-7	-3	0	65	39	(-4,-2)
3	2026-01-01 16:11:02.000	23347	-412	-271	0	281.33	-7	-5	0	65	39	(-3,-2)
3	2026-01-01 16:11:03.000	23382	-326	-254	0	316.42	-5	-7	0	65	39	(-3,-2)
3	2026-01-01 16:11:04.000	23417	-303	-252	0	276.15	-4	-9	0	65	37	(-2,-2)
3	2026-01-01 16:11:05.000	23452	-387	-301	0	267.59	-3	-7	0	65	37	(-3,-2)
3	2026-01-01 16:11:06.000	23487	-314	-368	0	234.28	-4	-9	0	65	37	(-2,-3)
3	2026-01-01 16:11:07.000	23522	-261	-273	0	241.12	-6	-10	0	65	36	(-2,-2)
3	2026-01-01 16:11:08.000	23557	-190	-316	-16	254.36	-8	-10	0	65	36	(-1,-2)
3	2026-01-01 16:11:09.000	23592	-225	-247	-16	280.68	-7	-10	0	65	31	(-2,-2)
3	2026-01-01 16:11:10.000	23627	-158	-331	-16	278.28	-6	-8	0	65	31	(-1,-3)
3	2026-01-01 16:11:11.000	23662	-114	-230	-16	281.86	-6	-10	0	65	31	(-1,-2)
3	2026-01-01 16:11:12.000	23697	-27	-239	-16	243.12	-4	-9	0	65	27	(0,-2)
3	2026-01-01 16:11:13.000	23732	-21	-179	0	200.6	-6	-8	0	65	27	(0,-1)
3	2026-01-01 16:11:14.000	23767	-62	-150	0	204.87	-7	-6	0	65	27	(0,-1)
3	2026-01-01 16:11:15.000	23802	-164	-166	0	172.31	-7	-6	0	65	27	(-1,-1)
3	2026-01-01 16:11:16.000	23837	-119	-274	0	131.75	-8	-7	0	65	27	(-1,-2)
3	2026-01-01 16:11:17.000	23872	-34	-187	0	125.52	-8	-9	0	65	27	(0,-1)
3	2026-01-01 16:11:18.000	23907	-82	-167	0	115.72	-10	-9	0	65	27	(-1,-1)
3	2026-01-01 16:11:19.000	23942	-169	-143	0	95.25	-8	-9	0	65	27	(-1,-1)
3	2026-01-01 16:11:20.000	23977	-117	-104	0	92.4	-8	-8	0	65	27	(-1,-1)
3	2026-01-01 16:11:21.000	24012	-63	-84	0	50.42	-10	-10	0	65	27	(0,-1)
3	2026-01-01 16:11:22.000	24047	-56	-124	0	24.72	-8	-10	0	65	27	(0,-1)
3	2026-01-01 16:11:23.000	24082	-81	-203	0	64.95	-10	-9	0	65	27	(-1,-2)
3	2026-01-01 16:11:24.000	24117	-156	-111	0	59.49	-10	-8	0	65	27	(-1,-1)
3	2026-01-01 16:11:25.000	24152	-206	-183	128	40.66	-8	-7	0	65	27	(-2,-1)
3	2026-01-01 16:11:26.000	24187	-314	-109	128	65.73	-9	-7	0	65	27	(-2,-1)
3	2026-01-01 16:11:27.000	24222	-227	-207	128	78.15	-10	-6	0	65	27	(-2,-2)
3	2026-01-01 16:11:28.000	24257	-221	-252	128	72.32	-10	-5	0	65	27	(-2,-2)
3	2026-01-01 16:11:29.000	24292	-217	-149	0	42.68	-8	-6	0	57	27	(-2,-1)
3	2026-01-01 16:11:30.000	24327	-258	-169	0	17.19	-10	-8	0	57	27	(-2,-1)
3	2026-01-01 16:11:31.000	24362	-350	-153	0	346.01	-10	-6	0	57	22	(-3,-1)
3	2026-01-01 16:11:32.000	24397	-399	-53	0	345.02	-10	-6	0	57	22	(-3,0)
3	2026-01-01 16:11:33.000	24432	-366	-122	0	7.26	-8	-6	0	57	22	(-3,-1)
3	2026-01-01 16:11:34.000	24467	-449	-172	64	46.52	-6	-6	0	57	22	(-4,-1)
3	2026-01-01 16:11:35.000	24502	-430	-235	64	61.95	-7	-8	0	57	22	(-3,-2)
3	2026-01-01 16:11:36.000	24537	-369	-176	64	103.8	-6	-7	0	57	19	(-3,-1)
3	2026-01-01 16:11:37.000	24572	-331	-182	64	68.86	-7	-9	0	57	19	(-3,-1)
3	2026-01-01 16:11:38.000	24607	-365	-273	64	93.01	-7	-7	0	57	19	(-3,-2)
3	2026-01-01 16:11:39.000	24642	-355	-176	64	79.64	-9	-7	0	57	33	(-3,-1)
3	2026-01-01 16:11:40.000	24677	-381	-269	64	101.26	-10	-5	0	57	29	(-3,-2)
3	2026-01-01 16:11:41.000	24712	-279	-201	64	103.24	-10	-7	0	57	26	(-2,-2)
3	2026-01-01 16:11:42.000	24747	-374	-234	64	123.98	-8	-9	0	57	24	(-3,-2)
3	2026-01-01 16:11:43.000	24782	-448	-303	0	101.92	-7	-7	0	57	24	(-4,-2)
3	2026-01-01 16:11:44.000	24817	-515	-371	24	102.3	-6	-7	0	57	24	(-4,-3)
3	2026-01-01 16:11:45.000	24852	-472	-401	24	129.6	-7	-5	0	57	24	(-4,-3)
3	2026-01-01 16:11:46.000	24887	-547	-298	24	121.89	-9	-5	0	57	24	(-4,-2)
3	2026-01-01 16:11:47.000	24922	-579	-309	24	133.39	-7	-3	0	57	24	(-5,-2)
3	2026-01-01 16:11:48.000	24957	-596	-267	24	156.98	-7	-2	0	57	24	(-5,-2)
3	2026-01-01 16:11:49.000	24992	-509	-217	24	197.02	-5	0	0	57	24	(-4,-2)
3	2026-01-01 16:11:50.000	25027	-599	-148	24	227.32	-6	2	0	57	20	(-5,-1)
3	2026-01-01 16:11:51.000	25062	-628	-194	24	259.93	-7	0	0	57	20	(-5,-2)
3	2026-01-01 16:11:52.000	25097	-581	-206	24	228.79	-5	0	0	57	20	(-5,-2)
3	2026-01-01 16:11:53.000	25132	-686	-299	24	205.36	-7	1	0	57	17	(-5,-2)
3	2026-01-01 16:11:54.000	25167	-669	-225	24	224.13	-9	1	0	57	17	(-5,-2)
3	2026-01-01 16:11:55.000	25202	-613	-309	24	259.38	-10	-1	0	57	17	(-5,-2)
3	2026-01-01 16:11:56.000	25237	-723	-385	24	272.21	-8	0	0	57	17	(-6,-3)
3	2026-01-01 16:11:57.000	25272	-812	-370	24	239.78	-9	1	0	57	12	(-6,-3)
3	2026-01-01 16:11:58.000	25307	-797	-377	24	278.41	-8	3	0	57	12	(-6,-3)
3	2026-01-01 16:11:59.000	25342	-776	-316	24	318.95	-10	1	0	57	10	(-6,-2)
3	2026-01-01 16:12:00.000	25377	-756	-262	24	344.16	-10	3	0	57	10	(-6,-2)
3	2026-01-01 16:12:01.000	25412	-708	-333	24	333.94	-8	4	0	57	10	(-6,-3)
3	2026-01-01 16:12:02.000	25447	-721	-343	24	349.28	-8	5	0	57	10	(-6,-3)
3	2026-01-01 16:12:03.000	25482	-621	-289	24	21.77	-7	7	0	57	10	(-5,-2)
3	2026-01-01 16:12:04.000	25517	-621	-353	24	61.04	-9	8	0	57	10	(-5,-3)
3	2026-01-01 16:12:05.000	25552	-663	-262	24	26.16	-10	8	0	57	10	(-5,-2)
3	2026-01-01 16:12:06.000	25587	-606	-312	0	53.12	-9	7	0	57	6	(-5,-2)
3	2026-01-01 16:12:07.000	25622	-652	-365	24	22.14	-10	6	0	57	24	(-5,-3)
3	2026-01-01 16:12:08.000	25657	-552	-257	0	38.03	-10	7	0	57	24	(-4,-2)
3	2026-01-01 16:12:09.000	25692	-487	-330	0	47.81	-8	7	0	57	22	(-4,-3)
3	2026-01-01 16:12:10.000	25727	-409	-286	0	38.6	-9	8	0	57	22	(-3,-2)
3	2026-01-01 16:12:11.000	25762	-305	-392	0	354.61	-8	10	0	57	22	(-2,-3)
3	2026-01-01 16:12:12.000	25797	-336	-297	0	14.12	-10	10	0	57	22	(-3,-2)
3	2026-01-01 16:12:13.000	25832	-243	-288	0	15.3	-8	8	0	56	21	(-2,-2)
3	2026-01-01 16:12:14.000	25867	-267	-249	0	349.85	-6	10	0	56	16	(-2,-2)
3	2026-01-01 16:12:15.000	25902	-177	-208	0	15.14	-6	9	0	56	16	(-1,-2)
3	2026-01-01 16:12:16.000	25937	-243	-163	0	347.58	-5	9	0	56	16	(-2,-1)
3	2026-01-01 16:12:17.000	25972	-256	-108	0	357.29	-5	10	0	56	16	(-2,-1)
3	2026-01-01 16:12:18.000	26007	-279	-131	0	356.74	-3	10	0	56	16	(-2,-1)
3	2026-01-01 16:12:19.000	26042	-274	-182	0	3.38	-4	9	0	56	16	(-2,-1)
3	2026-01-01 16:12:20.000	26077	-179	-150	0	356.95	-5	10	0	56	16	(-1,-1)
3	2026-01-01 16:12:21.000	26112	-268	-139	0	9.19	-5	9	0	56	16	(-2,-1)
3	2026-01-01 16:12:22.000	26147	-235	-82	0	45.28	-4	10	0	56	32	(-2,-1)
3	2026-01-01 16:12:23.000	26182	-292	-97	0	78.62	-6	9	0	56	32	(-2,-1)
3	2026-01-01 16:12:24.000	26217	-365	-8	0	53.0	-4	8	0	54	32	(-3,0)
3	2026-01-01 16:12:25.000	26252	-448	-32	0	61.78	-2	7	0	54	32	(-4,0)
3	2026-01-01 16:12:26.000	26287	-435	59	0	28.03	-1	9	0	54	50	(-3,0)
3	2026-01-01 16:12:27.000	26322	-533	5	0	30.5	-3	7	0	54	50	(-4,0)
3	2026-01-01 16:12:28.000	26357	-585	21	0	10.33	-5	6	0	54	50	(-5,0)
3	2026-01-01 16:12:29.000	26392	-575	65	0	347.75	-3	4	0	54	50	(-4,1)
3	2026-01-01 16:12:30.000	26427	-665	102	0	11.42	-4	3	0	54	50	(-5,1)
3	2026-01-01 16:12:31.000	26462	-774	118	0	55.03	-3	1	0	54	50	(-6,1)
3	2026-01-01 16:12:32.000	26497	-839	132	0	88.43	-4	-1	0	54	50	(-7,1)
3	2026-01-01 16:12:33.000	26532	-867	218	0	47.63	-6	-1	0	54	50	(-7,2)
3	2026-01-01 16:12:34.000	26567	-951	143	24	64.37	-8	-1	0	54	50	(-7,1)
3	2026-01-01 16:12:35.000	26602	-967	204	24	38.3	-9	0	0	54	50	(-8,2)
3	2026-01-01 16:12:36.000	26637	-999	239	24	0.65	-9	-1	0	54	50	(-8,2)
3	2026-01-01 16:12:37.000	26672	-1044	316	24	355.27	-7	-1	0	54	46	(-8,2)
3	2026-01-01 16:12:38.000	26707	-999	242	24	337.09	-8	0	0	54	46	(-8,2)
3	2026-01-01 16:12:39.000	26742	-964	342	24	303.5	-7	2	0	54	46	(-8,3)
3	2026-01-01 16:12:40.000	26777	-1066	255	24	343.66	-7	1	0	54	46	(-8,2)
3	2026-01-01 16:12:41.000	26812	-980	258	24	13.71	-9	0	0	54	50	(-8,2)
3	2026-01-01 16:12:42.000	26847	-1058	212	24	343.93	-7	-1	0	54	45	(-8,2)
3	2026-01-01 16:12:43.000	26882	-1068	177	24	311.47	-6	0	0	54	45	(-8,1)
3	2026-01-01 16:12:44.000	26917	-1108	88	24	346.94	-7	1	0	54	45	(-9,1)
3	2026-01-01 16:12:45.000	26952	-1099	180	0	315.59	-5	2	0	54	45	(-9,1)
3	2026-01-01 16:12:46.000	26987	-1092	149	0	306.23	-4	0	0	54	45	(-9,1)
3	2026-01-01 16:12:47.000	27022	-1075	125	0	303.74	-5	-2	0	54	45	(-8,1)
3	2026-01-01 16:12:48.000	27057	-1104	68	0	326.95	-4	-4	0	54	45	(-9,1)
3	2026-01-01 16:12:49.000	27092	-1150	15	0	291.25	-3	-3	0	54	45	(-9,0)
3	2026-01-01 16:12:50.000	27127	-1090	32	0	274.8	-4	-3	0	54	41	(-9,0)
3	2026-01-01 16:12:51.000	27162	-1013	8	0	296.17	-4	-2	0	54	41	(-8,0)
3	2026-01-01 16:12:52.000	27197	-930	-64	0	301.51	-6	-2	0	54	41	(-7,0)
3	2026-01-01 16:12:53.000	27232	-977	-2	0	285.83	-7	-3	0	54	36	(-8,0)
3	2026-01-01 16:12:54.000	27267	-910	37	0	300.19	-5	-2	0	54	36	(-7,0)
3	2026-01-01 16:12:55.000	27302	-948	53	0	287.31	-6	0	0	54	36	(-7,0)
3	2026-01-01 16:12:56.000	27337	-993	115	0	243.56	-8	2	0	54	33	(-8,1)
3	2026-01-01 16:12:57.000	27372	-959	223	0	264.4	-6	2	0	54	33	(-7,2)
3	2026-01-01 16:12:58.000	27407	-1028	223	0	239.92	-5	4	0	54	33	(-8,2)
3	2026-01-01 16:12:59.000	27442	-931	130	0	224.48	-5	3	0	54	33	(-7,1)
3	2026-01-01 16:13:00.000	27477	-889	150	0	261.25	-5	2	0	54	33	(-7,1)
3	2026-01-01 16:13:01.000	27512	-984	224	0	293.6	-4	3	0	54	33	(-8,2)
3	2026-01-01 16:13:02.000	27547	-970	142	0	266.19	-5	3	0	67	33	(-8,1)
3	2026-01-01 16:13:03.000	27582	-895	226	0	295.49	-3	1	0	67	33	(-7,2)
3	2026-01-01 16:13:04.000	27617	-804	298	0	258.34	-5	0	0	67	33	(-6,2)
3	2026-01-01 16:13:05.000	27652	-859	247	0	267.46	-6	2	0	67	33	(-7,2)
3	2026-01-01 16:13:06.000	27687	-848	257	0	226.71	-7	1	0	67	33	(-7,2)
3	2026-01-01 16:13:07.000	27722	-877	266	0	220.15	-7	0	0	67	33	(-7,2)
3	2026-01-01 16:13:08.000	27757	-862	343	0	205.48	-6	2	0	67	33	(-7,3)
3	2026-01-01 16:13:09.000	27792	-904	415	0	214.96	-5	4	0	67	33	(-7,3)
3	2026-01-01 16:13:10.000	27827	-847	385	0	243.39	-3	4	0	67	33	(-7,3)
3	2026-01-01 16:13:11.000	27862	-802	289	0	223.19	-3	6	0	67	32	(-6,2)
3	2026-01-01 16:13:12.000	27897	-704	343	0	193.28	-1	7	0	62	28	(-6,3)
3	2026-01-01 16:13:13.000	27932	-664	328	0	217.3	0	8	0	62	46	(-5,3)
3	2026-01-01 16:13:14.000	27967	-594	245	0	242.04	1	7	0	62	43	(-5,2)
3	2026-01-01 16:13:15.000	28002	-597	261	0	224.92	3	8	0	62	39	(-5,2)
3	2026-01-01 16:13:16.000	28037	-574	243	0	184.0	1	10	0	62	39	(-4,2)
3	2026-01-01 16:13:17.000	28072	-524	175	0	207.24	0	10	0	62	39	(-4,1)
3	2026-01-01 16:13:18.000	28107	-538	144	0	207.16	0	8	0	62	35	(-4,1)
3	2026-01-01 16:13:19.000	28142	-644	241	0	175.7	1	7	0	62	35	(-5,2)
3	2026-01-01 16:13:20.000	28177	-743	138	0	217.36	-1	7	0	62	35	(-6,1)
3	2026-01-01 16:13:21.000	28212	-782	228	0	246.12	0	7	0	62	30	(-6,2)
3	2026-01-01 16:13:22.000	28247	-858	267	0	262.0	0	8	0	62	30	(-7,2)
3	2026-01-01 16:13:23.000	28282	-948	347	0	289.08	2	9	0	62	30	(-7,3)
3	2026-01-01 16:13:24.000	28317	-990	391	0	316.06	1	10	0	62	30	(-8,3)
3	2026-01-01 16:13:25.000	28352	-1024	389	0	289.43	2	9	0	62	30	(-8,3)
3	2026-01-01 16:13:26.000	28387	-1124	408	0	295.77	2	8	0	62	30	(-9,3)
3	2026-01-01 16:13:27.000	28422	-1059	419	0	259.53	2	8	0	62	30	(-8,3)
3	2026-01-01 16:13:28.000	28457	-1077	432	0	276.93	3	10	0	62	30	(-8,3)
3	2026-01-01 16:13:29.000	28492	-1061	499	0	243.94	3	9	0	62	30	(-8,4)
3	2026-01-01 16:13:30.000	28527	-1052	420	0	276.89	4	7	0	62	30	(-8,3)
3	2026-01-01 16:13:31.000	28562	-1130	521	0	290.17	2	6	0	62	30	(-9,4)
3	2026-01-01 16:13:32.000	28597	-1107	574	0	307.37	2	4	0	62	26	(-9,4)
3	2026-01-01 16:13:33.000	28632	-1046	532	0	272.51	1	5	0	62	26	(-8,4)
3	2026-01-01 16:13:34.000	28667	-1026	636	0	253.12	3	5	0	62	24	(-8,5)
3	2026-01-01 16:13:35.000	28702	-1087	647	0	250.37	5	5	0	62	24	(-8,5)
3	2026-01-01 16:13:36.000	28737	-1117	704	0	227.05	3	6	0	62	24	(-9,6)
3	2026-01-01 16:13:37.000	28772	-1202	734	0	195.41	4	8	0	62	23	(-9,6)
3	2026-01-01 16:13:38.000	28807	-1147	841	8	171.78	6	10	0	62	23	(-9,7)
3	2026-01-01 16:13:39.000	28842	-1202	752	8	154.64	8	10	0	62	23	(-9,6)
3	2026-01-01 16:13:40.000	28877	-1226	722	8	127.57	9	10	0	62	23	(-10,6)
3	2026-01-01 16:13:41.000	28912	-1168	754	8	86.82	9	10	0	62	23	(-9,6)
3	2026-01-01 16:13:42.000	28947	-1218	802	8	56.81	10	10	0	62	20	(-10,6)
3	2026-01-01 16:13:43.000	28982	-1153	903	8	59.15	9	10	0	62	20	(-9,7)
3	2026-01-01 16:13:44.000	29017	-1151	908	8	68.15	10	8	0	62	20	(-9,7)
3	2026-01-01 16:13:45.000	29052	-1258	920	8	104.32	9	9	0	62	20	(-10,7)
3	2026-01-01 16:13:46.000	29087	-1170	881	8	92.94	10	9	0	62	20	(-9,7)
3	2026-01-01 16:13:47.000	29122	-1101	824	8	108.64	10	7	0	62	20	(-9,6)
3	2026-01-01 16:13:48.000	29157	-1202	924	-16	134.57	10	9	0	62	20	(-9,7)
3	2026-01-01 16:13:49.000	29192	-1202	946	0	136.93	10	9	0	62	20	(-9,7)
3	2026-01-01 16:13:50.000	29227	-1140	883	0	147.68	10	10	0	62	20	(-9,7)
3	2026-01-01 16:13:51.000	29262	-1144	811	0	164.32	8	10	0	62	20	(-9,6)
3	2026-01-01 16:13:52.000	29297	-1214	870	0	177.84	8	10	0	62	20	(-9,7)
3	2026-01-01 16:13:53.000	29332	-1225	954	0	213.41	8	10	0	62	20	(-10,7)
3	2026-01-01 16:13:54.000	29367	-1183	881	0	213.89	9	9	0	62	20	(-9,7)
3	2026-01-01 16:13:55.000	29402	-1082	982	0	196.1	10	8	0	62	20	(-8,8)
3	2026-01-01 16:13:56.000	29437	-1097	1003	0	203.77	10	10	0	62	20	(-9,8)
3	2026-01-01 16:13:57.000	29472	-1068	1071	0	245.94	10	9	0	62	20	(-8,8)
3	2026-01-01 16:13:58.000	29507	-1127	1031	0	232.11	10	9	0	62	20	(-9,8)
3	2026-01-01 16:13:59.000	29542	-1053	1015	0	218.33	8	7	0	62	20	(-8,8)
3	2026-01-01 16:14:00.000	29577	-1101	942	0	200.88	8	5	0	62	20	(-9,7)
3	2026-01-01 16:14:01.000	29612	-1106	914	0	220.39	10	5	0	62	16	(-9,7)
3	2026-01-01 16:14:02.000	29647	-1010	870	0	181.18	10	6	0	62	16	(-8,7)
3	2026-01-01 16:14:03.000	29682	-972	784	0	151.66	10	6	0	62	15	(-8,6)
3	2026-01-01 16:14:04.000	29717	-961	681	0	157.33	10	8	0	62	11	(-8,5)
3	2026-01-01 16:14:05.000	29752	-1019	691	-16	166.71	9	7	0	62	11	(-8,5)
3	2026-01-01 16:14:06.000	29787	-1019	730	-16	125.31	8	6	0	62	11	(-8,6)
3	2026-01-01 16:14:07.000	29822	-1117	758	0	146.98	8	5	0	62	11	(-9,6)
3	2026-01-01 16:14:08.000	29857	-1062	764	0	157.64	8	5	0	62	11	(-8,6)
3	2026-01-01 16:14:09.000	29892	-992	731	0	174.09	8	7	0	62	8	(-8,6)
3	2026-01-01 16:14:10.000	29927	-912	754	0	131.31	8	9	0	62	8	(-7,6)
3	2026-01-01 16:14:11.000	29962	-950	768	0	96.46	9	10	0	62	8	(-7,6)
3	2026-01-01 16:14:12.000	29997	-997	867	0	116.99	9	10	0	62	8	(-8,7)
3	2026-01-01 16:14:13.000	30032	-1056	889	0	161.02	8	9	0	62	8	(-8,7)
3	2026-01-01 16:14:14.000	30067	-1028	836	0	125.28	6	10	0	62	8	(-8,7)
3	2026-01-01 16:14:15.000	30102	-1129	853	0	147.42	6	10	0	62	8	(-9,7)
3	2026-01-01 16:14:16.000	30137	-1193	771	0	180.54	8	10	0	62	6	(-9,6)
3	2026-01-01 16:14:17.000	30172	-1088	689	0	210.45	6	8	0	62	6	(-8,5)
3	2026-01-01 16:14:18.000	30207	-1163	704	0	186.53	6	10	0	62	6	(-9,6)
3	2026-01-01 16:14:19.000	30242	-1228	766	0	146.74	8	10	0	62	22	(-10,6)
3	2026-01-01 16:14:20.000	30277	-1135	716	0	176.25	6	10	0	62	22	(-9,6)
3	2026-01-01 16:14:21.000	30312	-1212	789	0	197.41	6	8	0	62	22	(-9,6)
3	2026-01-01 16:14:22.000	30347	-1150	745	0	229.71	8	7	0	62	22	(-9,6)
3	2026-01-01 16:14:23.000	30382	-1204	691	0	236.98	8	8	0	62	22	(-9,5)
3	2026-01-01 16:14:24.000	30417	-1262	750	0	207.53	8	10	0	62	22	(-10,6)
3	2026-01-01 16:14:25.000	30452	-1218	702	0	170.55	7	10	0	62	22	(-10,5)
3	2026-01-01 16:14:26.000	30487	-1210	627	0	132.51	8	9	0	62	22	(-9,5)
3	2026-01-01 16:14:27.000	30522	-1274	586	0	140.51	10	8	0	62	22	(-10,5)
3	2026-01-01 16:14:28.000	30557	-1213	550	0	168.86	10	8	0	62	22	(-9,4)
3	2026-01-01 16:14:29.000	30592	-1182	601	0	176.72	8	8	0	62	22	(-9,5)
3	2026-01-01 16:14:30.000	30627	-1145	660	0	156.16	7	8	0	62	22	(-9,5)
3	2026-01-01 16:14:31.000	30662	-1143	599	0	184.45	9	6	0	62	22	(-9,5)
3	2026-01-01 16:14:32.000	30697	-1178	654	0	196.26	8	8	0	62	22	(-9,5)
3	2026-01-01 16:14:33.000	30732	-1198	551	0	164.92	10	9	0	62	22	(-9,4)
3	2026-01-01 16:14:34.000	30767	-1262	560	0	152.04	10	10	0	62	17	(-10,4)
3	2026-01-01 16:14:35.000	30802	-1320	630	0	146.98	10	9	0	62	14	(-10,5)
3	2026-01-01 16:14:36.000	30837	-1339	730	0	188.6	10	9	0	62	14	(-10,6)
3	2026-01-01 16:14:37.000	30872	-1402	649	0	171.16	10	7	0	62	10	(-11,5)
3	2026-01-01 16:14:38.000	30907	-1382	575	0	143.86	10	6	0	62	8	(-11,4)
3	2026-01-01 16:14:39.000	30942	-1452	664	0	129.3	9	4	0	62	8	(-11,5)
3	2026-01-01 16:14:40.000	30977	-1494	619	0	109.33	10	4	0	62	8	(-12,5)
3	2026-01-01 16:14:41.000	31012	-1539	712	32	146.59	10	4	0	62	8	(-12,6)
3	2026-01-01 16:14:42.000	31047	-1591	615	32	187.13	10	6	0	62	8	(-12,5)
3	2026-01-01 16:14:43.000	31082	-1649	675	32	157.21	8	6	0	62	4	(-13,5)
3	2026-01-01 16:14:44.000	31117	-1658	728	32	138.01	9	5	0	62	4	(-13,6)
3	2026-01-01 16:14:45.000	31152	-1691	742	-8	150.11	8	7	0	62	4	(-13,6)
3	2026-01-01 16:14:46.000	31187	-1670	802	-8	119.85	6	6	0	62	4	(-13,6)
3	2026-01-01 16:14:47.000	31222	-1595	896	-8	145.52	4	6	0	62	4	(-12,7)
3	2026-01-01 16:14:48.000	31257	-1705	982	-8	118.89	3	7	0	62	4	(-13,8)
3	2026-01-01 16:14:49.000	31292	-1703	1035	-8	151.23	1	8	0	62	21	(-13,8)
3	2026-01-01 16:14:50.000	31327	-1787	1036	-8	195.62	1	7	0	62	20	(-14,8)
3	2026-01-01 16:14:51.000	31362	-1818	1114	0	175.05	3	8	0	62	20	(-14,9)
3	2026-01-01 16:14:52.000	31397	-1915	1100	0	146.34	5	9	0	62	20	(-15,9)
3	2026-01-01 16:14:53.000	31432	-1894	1105	0	148.65	7	9	0	62	20	(-15,9)
3	2026-01-01 16:14:54.000	31467	-1954	1162	0	170.95	9	8	0	62	20	(-15,9)
3	2026-01-01 16:14:55.000	31502	-1970	1162	0	210.02	10	10	0	62	20	(-15,9)
3	2026-01-01 16:14:56.000	31537	-1922	1075	56	166.53	9	8	0	62	20	(-15,8)
3	2026-01-01 16:14:57.000	31572	-1907	1081	56	175.11	8	7	0	62	20	(-15,8)
3	2026-01-01 16:14:58.000	31607	-1860	1155	56	147.21	8	9	0	62	20	(-15,9)
3	2026-01-01 16:14:59.000	31642	-1877	1166	56	128.78	7	8	0	62	20	(-15,9)
3	2026-01-01 16:15:00.000	31677	-1950	1207	56	103.19	5	8	0	62	20	(-15,9)
3	2026-01-01 16:15:01.000	31712	-2013	1125	56	66.87	7	9	0	62	20	(-16,9)
3	2026-01-01 16:15:02.000	31747	-2004	1183	56	36.97	8	10	0	62	20	(-16,9)
3	2026-01-01 16:15:03.000	31782	-2110	1088	56	358.67	8	10	0	62	15	(-16,8)
3	2026-01-01 16:15:04.000	31817	-2117	1169	64	332.47	8	10	0	62	15	(-17,9)
3	2026-01-01 16:15:05.000	31852	-2216	1110	64	307.93	9	10	0	62	15	(-17,9)
3	2026-01-01 16:15:06.000	31887	-2148	1190	64	334.46	7	10	0	62	15	(-17,9)
3	2026-01-01 16:15:07.000	31922	-2049	1140	64	17.41	7	8	0	62	15	(-16,9)
3	2026-01-01 16:15:08.000	31957	-2107	1233	64	57.48	6	6	0	62	15	(-16,10)
3	2026-01-01 16:15:09.000	31992	-2185	1217	64	95.94	6	5	0	62	15	(-17,10)
3	2026-01-01 16:15:10.000	32027	-2188	1258	0	104.14	6	5	0	62	15	(-17,10)
3	2026-01-01 16:15:11.000	32062	-2147	1270	0	92.49	6	6	0	62	15	(-17,10)
3	2026-01-01 16:15:12.000	32097	-2038	1221	0	63.03	4	6	0	62	15	(-16,10)
3	2026-01-01 16:15:13.000	32132	-2002	1218	16	86.68	3	7	0	62	11	(-16,10)
3	2026-01-01 16:15:14.000	32167	-1899	1220	16	91.18	1	9	0	62	11	(-15,10)
3	2026-01-01 16:15:15.000	32202	-1945	1167	16	135.5	-1	10	0	62	11	(-15,9)
3	2026-01-01 16:15:16.000	32237	-2025	1068	24	153.48	-2	10	0	62	11	(-16,8)
3	2026-01-01 16:15:17.000	32272	-1965	1083	24	185.78	-1	10	0	62	11	(-15,8)
3	2026-01-01 16:15:18.000	32307	-1885	1070	24	217.91	-3	10	0	62	11	(-15,8)
3	2026-01-01 16:15:19.000	32342	-1957	1071	24	186.39	-1	10	0	62	30	(-15,8)
3	2026-01-01 16:15:20.000	32377	-1890	1034	24	214.44	0	8	0	62	30	(-15,8)
3	2026-01-01 16:15:21.000	32412	-1869	979	24	258.29	2	8	0	62	30	(-15,8)
3	2026-01-01 16:15:22.000	32447	-1944	1049	24	267.88	2	9	0	62	30	(-15,8)
3	2026-01-01 16:15:23.000	32482	-1983	1088	24	243.23	3	9	0	62	30	(-15,8)
3	2026-01-01 16:15:24.000	32517	-1953	1177	24	216.51	4	10	0	62	30	(-15,9)
3	2026-01-01 16:15:25.000	32552	-1884	1284	24	207.22	4	10	0	62	30	(-15,10)
3	2026-01-01 16:15:26.000	32587	-1808	1349	24	170.19	3	10	0	62	30	(-14,11)
3	2026-01-01 16:15:27.000	32622	-1771	1291	24	189.17	5	8	0	62	29	(-14,10)
3	2026-01-01 16:15:28.000	32657	-1821	1335	0	148.24	3	10	0	62	29	(-14,10)
3	2026-01-01 16:15:29.000	32692	-1931	1429	64	105.66	3	10	0	62	29	(-15,11)
3	2026-01-01 16:15:30.000	32727	-1891	1425	64	145.67	3	10	0	61	25	(-15,11)
3	2026-01-01 16:15:31.000	32762	-1928	1415	64	118.72	2	10	0	61	25	(-15,11)
3	2026-01-01 16:15:32.000	32797	-1924	1511	64	107.11	4	8	0	61	36	(-15,12)
3	2026-01-01 16:15:33.000	32832	-1881	1588	64	143.7	4	9	0	61	36	(-15,12)
3	2026-01-01 16:15:34.000	32867	-1862	1694	0	177.45	3	9	0	61	36	(-15,13)
3	2026-01-01 16:15:35.000	32902	-1808	1602	0	157.33	5	7	0	61	36	(-14,13)
3	2026-01-01 16:15:36.000	32937	-1874	1629	0	142.91	3	6	0	61	36	(-15,13)
3	2026-01-01 16:15:37.000	32972	-1940	1568	0	185.66	5	4	0	61	36	(-15,12)
3	2026-01-01 16:15:38.000	33007	-1933	1464	0	185.47	7	6	0	61	36	(-15,11)
3	2026-01-01 16:15:39.000	33042	-1879	1362	0	188.99	8	6	0	61	36	(-15,11)
3	2026-01-01 16:15:40.000	33077	-1962	1294	40	169.83	7	4	0	61	36	(-15,10)
3	2026-01-01 16:15:41.000	33112	-2068	1256	40	135.31	7	5	0	61	36	(-16,10)
3	2026-01-01 16:15:42.000	33147	-2002	1343	40	101.31	7	4	0	61	31	(-16,10)
3	2026-01-01 16:15:43.000	33182	-1979	1333	40	58.49	7	6	0	61	30	(-15,10)
3	2026-01-01 16:15:44.000	33217	-1991	1364	40	26.05	9	5	0	61	30	(-16,11)
3	2026-01-01 16:15:45.000	33252	-1937	1414	40	6.82	10	3	0	61	30	(-15,11)
3	2026-01-01 16:15:46.000	33287	-1926	1378	40	358.88	8	5	0	61	30	(-15,11)
3	2026-01-01 16:15:47.000	33322	-2032	1370	40	341.76	8	5	0	61	30	(-16,11)
3	2026-01-01 16:15:48.000	33357	-2139	1286	40	317.05	7	5	0	61	30	(-17,10)
3	2026-01-01 16:15:49.000	33392	-2114	1249	40	318.93	7	6	0	61	30	(-17,10)
3	2026-01-01 16:15:50.000	33427	-2093	1262	40	300.3	6	6	0	61	30	(-16,10)
3	2026-01-01 16:15:51.000	33462	-2044	1236	8	313.33	6	8	0	61	30	(-16,10)
3	2026-01-01 16:15:52.000	33497	-1960	1299	8	268.76	4	6	0	61	28	(-15,10)
3	2026-01-01 16:15:53.000	33532	-1877	1216	8	300.37	2	4	0	61	25	(-15,10)
3	2026-01-01 16:15:54.000	33567	-1958	1258	8	319.06	3	4	0	61	25	(-15,10)
3	2026-01-01 16:15:55.000	33602	-1946	1338	8	350.29	1	6	0	61	25	(-15,10)
3	2026-01-01 16:15:56.000	33637	-1888	1269	8	314.33	2	4	0	61	25	(-15,10)
3	2026-01-01 16:15:57.000	33672	-1862	1297	8	288.3	0	5	0	61	25	(-15,10)
3	2026-01-01 16:15:58.000	33707	-1753	1220	8	245.12	-1	3	5	61	25	(-14,10)
3	2026-01-01 16:15:59.000	33742	-1863	1204	8	256.68	-1	2	5	61	25	(-15,9)
3	2026-01-01 16:16:00.000	33777	-1766	1271	8	225.6	0	0	5	61	25	(-14,10)
3	2026-01-01 16:16:01.000	33812	-1759	1162	8	234.42	2	-1	5	61	21	(-14,9)
3	2026-01-01 16:16:02.000	33847	-1729	1191	8	230.78	2	0	5	61	21	(-14,9)
3	2026-01-01 16:16:03.000	33882	-1731	1234	8	265.38	4	-2	5	61	21	(-14,10)
3	2026-01-01 16:16:04.000	33917	-1701	1173	-8	281.48	4	-4	5	61	19	(-13,9)
3	2026-01-01 16:16:05.000	33952	-1715	1075	-8	270.31	6	-6	5	61	19	(-13,8)
3	2026-01-01 16:16:06.000	33987	-1718	1094	-8	271.67	8	-6	5	61	19	(-13,9)
3	2026-01-01 16:16:07.000	34022	-1718	1030	-8	315.01	7	-6	5	61	19	(-13,8)
3	2026-01-01 16:16:08.000	34057	-1821	1016	-8	313.54	7	-6	5	73	19	(-14,8)
3	2026-01-01 16:16:09.000	34092	-1777	1115	-8	353.99	5	-4	5	73	19	(-14,9)
3	2026-01-01 16:16:10.000	34127	-1745	1131	-8	331.9	3	-5	5	73	19	(-14,9)
3	2026-01-01 16:16:11.000	34162	-1835	1193	-8	359.1	1	-6	5	73	16	(-14,9)
3	2026-01-01 16:16:12.000	34197	-1855	1109	-8	354.47	0	-7	5	73	16	(-14,9)
3	2026-01-01 16:16:13.000	34232	-1849	1025	-8	336.82	2	-7	5	73	16	(-14,8)
3	2026-01-01 16:16:14.000	34267	-1891	1112	-8	292.22	3	-8	5	73	16	(-15,9)
3	2026-01-01 16:16:15.000	34302	-1976	1074	-8	332.88	2	-7	5	73	16	(-15,8)
3	2026-01-01 16:16:16.000	34337	-2038	1115	-8	321.42	0	-7	5	73	16	(-16,9)
3	2026-01-01 16:16:17.000	34372	-2106	1154	-8	280.97	0	-6	5	73	16	(-16,9)
3	2026-01-01 16:16:18.000	34407	-2156	1137	-8	259.46	-1	-5	5	73	16	(-17,9)
3	2026-01-01 16:16:19.000	34442	-2200	1180	-8	234.84	-2	-6	5	73	11	(-17,9)
3	2026-01-01 16:16:20.000	34477	-2156	1090	-8	264.48	-1	-4	5	73	10	(-17,9)
3	2026-01-01 16:16:21.000	34512	-2196	1183	-8	306.29	0	-6	5	73	10	(-17,9)
3	2026-01-01 16:16:22.000	34547	-2142	1094	-8	278.81	1	-5	5	73	10	(-17,9)
3	2026-01-01 16:16:23.000	34582	-2192	1066	-8	243.01	2	-3	5	73	10	(-17,8)
3	2026-01-01 16:16:24.000	34617	-2202	1008	-8	216.52	4	-4	5	73	10	(-17,8)
3	2026-01-01 16:16:25.000	34652	-2254	1117	8	242.52	3	-2	5	73	10	(-18,9)
3	2026-01-01 16:16:26.000	34687	-2342	1118	8	258.56	5	-1	5	73	5	(-18,9)
3	2026-01-01 16:16:27.000	34722	-2436	1051	8	289.33	7	-2	5	73	5	(-19,8)
3	2026-01-01 16:16:28.000	34757	-2460	1046	8	286.75	6	-1	5	73	5	(-19,8)
3	2026-01-01 16:16:29.000	34792	-2455	1102	16	321.68	5	-2	5	73	5	(-19,9)
3	2026-01-01 16:16:30.000	34827	-2394	1146	16	352.75	6	-3	5	73	5	(-19,9)
3	2026-01-01 16:16:31.000	34862	-2401	1239	16	339.93	8	-5	5	73	5	(-19,10)
3	2026-01-01 16:16:32.000	34897	-2423	1175	16	326.86	9	-7	5	73	16	(-19,9)
3	2026-01-01 16:16:33.000	34932	-2404	1224	16	294.58	10	-8	5	73	16	(-19,10)
3	2026-01-01 16:16:34.000	34967	-2474	1155	16	256.94	10	-8	5	73	16	(-19,9)
3	2026-01-01 16:16:35.000	35002	-2456	1163	16	237.86	10	-8	5	73	12	(-19,9)
3	2026-01-01 16:16:36.000	35037	-2529	1241	16	250.75	10	-10	5	73	12	(-20,10)
3	2026-01-01 16:16:37.000	35072	-2526	1206	16	243.21	10	-9	5	73	12	(-20,9)
3	2026-01-01 16:16:38.000	35107	-2589	1222	0	256.6	10	-9	5	73	12	(-20,10)
3	2026-01-01 16:16:39.000	35142	-2567	1228	0	262.26	10	-9	5	73	12	(-20,10)
3	2026-01-01 16:16:40.000	35177	-2614	1190	0	255.74	9	-10	5	73	11	(-20,9)
3	2026-01-01 16:16:41.000	35212	-2628	1169	0	284.79	9	-10	5	73	11	(-21,9)
3	2026-01-01 16:16:42.000	35247	-2542	1190	0	327.05	7	-10	5	73	11	(-20,9)
3	2026-01-01 16:16:43.000	35282	-2498	1085	0	346.69	9	-9	5	73	11	(-20,8)
3	2026-01-01 16:16:44.000	35317	-2391	1044	0	12.27	9	-7	5	73	11	(-19,8)
3	2026-01-01 16:16:45.000	35352	-2462	946	0	54.41	9	-6	5	73	11	(-19,7)
3	2026-01-01 16:16:46.000	35387	-2442	847	0	78.24	10	-4	5	73	11	(-19,7)
3	2026-01-01 16:16:47.000	35422	-2371	956	0	44.45	10	-3	5	73	11	(-19,7)
3	2026-01-01 16:16:48.000	35457	-2322	963	0	41.58	10	-2	5	73	11	(-18,8)
3	2026-01-01 16:16:49.000	35492	-2318	906	0	65.98	8	-3	5	73	9	(-18,7)
3	2026-01-01 16:16:50.000	35527	-2341	916	0	76.65	8	-1	5	73	9	(-18,7)
3	2026-01-01 16:16:51.000	35562	-2295	821	0	67.69	6	1	5	73	9	(-18,6)
3	2026-01-01 16:16:52.000	35597	-2332	919	0	76.14	7	2	5	73	7	(-18,7)
3	2026-01-01 16:16:53.000	35632	-2294	1002	0	90.65	6	3	5	73	7	(-18,8)
3	2026-01-01 16:16:54.000	35667	-2203	899	0	92.84	7	1	5	73	7	(-17,7)
3	2026-01-01 16:16:55.000	35702	-2263	939	0	60.47	6	3	5	73	7	(-18,7)
3	2026-01-01 16:16:56.000	35737	-2226	829	-16	72.88	8	4	5	73	7	(-17,6)
3	2026-01-01 16:16:57.000	35772	-2147	836	128	36.25	6	5	5	73	7	(-17,7)
3	2026-01-01 16:16:58.000	35807	-2041	815	128	22.55	7	4	5	73	7	(-16,6)
3	2026-01-01 16:16:59.000	35842	-1980	833	128	40.38	7	3	5	73	7	(-15,7)
3	2026-01-01 16:17:00.000	35877	-2002	916	128	30.19	7	1	5	73	7	(-16,7)
3	2026-01-01 16:17:01.000	35912	-1966	908	128	25.69	7	3	5	73	7	(-15,7)
3	2026-01-01 16:17:02.000	35947	-1954	819	128	345.7	5	4	5	73	7	(-15,6)
3	2026-01-01 16:17:03.000	35982	-1995	829	128	307.72	5	5	5	73	7	(-16,6)
3	2026-01-01 16:17:04.000	36017	-2064	788	128	297.85	4	7	5	73	7	(-16,6)
3	2026-01-01 16:17:05.000	36052	-2012	852	0	295.06	3	8	5	73	5	(-16,7)
3	2026-01-01 16:17:06.000	36087	-1971	954	0	337.54	1	7	5	73	5	(-15,7)
3	2026-01-01 16:17:07.000	36122	-1995	1022	0	339.14	0	9	5	80	5	(-16,8)
3	2026-01-01 16:17:08.000	36157	-1950	1082	0	340.1	-2	9	5	80	5	(-15,8)
3	2026-01-01 16:17:09.000	36192	-1840	1047	0	300.98	-1	10	5	80	5	(-14,8)
3	2026-01-01 16:17:10.000	36227	-1823	1093	0	291.13	1	10	5	80	5	(-14,9)
3	2026-01-01 16:17:11.000	36262	-1822	1172	0	288.14	1	9	5	80	5	(-14,9)
3	2026-01-01 16:17:12.000	36297	-1819	1110	0	261.41	3	10	5	80	2	(-14,9)
3	2026-01-01 16:17:13.000	36332	-1782	1095	0	292.25	4	8	5	80	2	(-14,9)
3	2026-01-01 16:17:14.000	36367	-1773	1012	0	281.26	2	10	5	80	2	(-14,8)
3	2026-01-01 16:17:15.000	36402	-1738	1047	0	308.41	4	9	5	80	0	(-14,8)
3	2026-01-01 16:17:16.000	36437	-1664	1081	0	307.55	6	8	5	80	0	(-13,8)
3	2026-01-01 16:17:17.000	36472	-1560	1185	0	270.85	4	6	5	80	0	(-12,9)
3	2026-01-01 16:17:18.000	36507	-1457	1140	0	256.41	5	6	5	80	0	(-11,9)
3	2026-01-01 16:17:19.000	36542	-1437	1075	0	229.62	5	5	5	80	0	(-11,8)
3	2026-01-01 16:17:20.000	36577	-1385	1017	0	247.01	3	4	5	80	0	(-11,8)
3	2026-01-01 16:17:21.000	36612	-1282	1077	0	234.07	4	4	5	80	0	(-10,8)
3	2026-01-01 16:17:22.000	36647	-1291	991	0	214.05	2	5	5	80	0	(-10,8)
3	2026-01-01 16:17:23.000	36682	-1291	1010	0	253.7	1	7	5	80	0	(-10,8)
3	2026-01-01 16:17:24.000	36717	-1305	960	0	221.37	1	7	5	80	0	(-10,8)
3	2026-01-01 16:17:25.000	36752	-1399	886	0	235.52	3	6	5	80	0	(-11,7)
3	2026-01-01 16:17:26.000	36787	-1372	895	0	211.66	1	8	5	80	0	(-11,7)
3	2026-01-01 16:17:27.000	36822	-1332	883	0	188.3	3	6	5	80	0	(-10,7)
3	2026-01-01 16:17:28.000	36857	-1442	793	0	228.93	3	7	5	80	0	(-11,6)
3	2026-01-01 16:17:29.000	36892	-1485	868	0	254.54	5	8	5	80	0	(-12,7)
3	2026-01-01 16:17:30.000	36927	-1566	901	0	289.6	5	6	5	80	0	(-12,7)
3	2026-01-01 16:17:31.000	36962	-1531	897	0	303.37	3	7	13	80	0	(-12,7)
3	2026-01-01 16:17:32.000	36997	-1454	922	0	330.33	2	6	13	80	0	(-11,7)
3	2026-01-01 16:17:33.000	37032	-1436	830	0	355.83	1	8	13	80	0	(-11,6)
3	2026-01-01 16:17:34.000	37067	-1338	827	0	353.83	2	10	13	80	0	(-10,6)
3	2026-01-01 16:17:35.000	37102	-1448	731	40	313.76	4	10	13	80	0	(-11,6)
3	2026-01-01 16:17:36.000	37137	-1442	728	40	301.08	4	8	13	80	0	(-11,6)
3	2026-01-01 16:17:37.000	37172	-1445	699	40	260.31	6	6	13	80	0	(-11,5)
3	2026-01-01 16:17:38.000	37207	-1547	613	40	274.32	5	7	13	80	0	(-12,5)
3	2026-01-01 16:17:39.000	37242	-1589	537	40	253.26	6	8	13	80	0	(-12,4)
3	2026-01-01 16:17:40.000	37277	-1503	465	40	223.17	7	10	13	80	0	(-12,4)
3	2026-01-01 16:17:41.000	37312	-1425	388	32	256.65	6	10	13	80	0	(-11,3)
3	2026-01-01 16:17:42.000	37347	-1320	396	32	296.65	5	9	13	80	0	(-10,3)
3	2026-01-01 16:17:43.000	37382	-1380	470	32	318.28	7	10	13	80	14	(-11,4)
3	2026-01-01 16:17:44.000	37417	-1443	542	32	358.3	9	10	13	80	14	(-11,4)
3	2026-01-01 16:17:45.000	37452	-1415	599	32	23.19	7	10	8	80	11	(-11,5)
3	2026-01-01 16:17:46.000	37487	-1451	561	32	16.05	6	9	8	80	11	(-11,4)
3	2026-01-01 16:17:47.000	37522	-1524	619	32	52.43	4	10	8	80	24	(-12,5)
3	2026-01-01 16:17:48.000	37557	-1473	620	32	21.17	2	10	8	80	24	(-12,5)
3	2026-01-01 16:17:49.000	37592	-1456	588	32	60.3	0	10	8	80	20	(-11,5)
3	2026-01-01 16:17:50.000	37627	-1451	537	32	68.15	-1	10	8	80	20	(-11,4)
3	2026-01-01 16:17:51.000	37662	-1530	459	32	58.13	0	10	8	80	20	(-12,4)
3	2026-01-01 16:17:52.000	37697	-1624	471	32	55.64	-1	9	8	80	20	(-13,4)
3	2026-01-01 16:17:53.000	37732	-1594	383	32	53.23	-1	10	8	80	20	(-12,3)
3	2026-01-01 16:17:54.000	37767	-1608	402	32	67.14	-3	10	8	80	20	(-13,3)
3	2026-01-01 16:17:55.000	37802	-1619	399	32	41.02	-2	10	8	80	20	(-13,3)
3	2026-01-01 16:17:56.000	37837	-1583	378	8	44.25	-4	10	8	80	20	(-12,3)
3	2026-01-01 16:17:57.000	37872	-1520	408	8	1.5	-5	9	8	80	20	(-12,3)
3	2026-01-01 16:17:58.000	37907	-1542	327	8	39.85	-6	10	8	80	20	(-12,3)
3	2026-01-01 16:17:59.000	37942	-1494	227	8	84.5	-5	8	8	80	20	(-12,2)
3	2026-01-01 16:18:00.000	37977	-1422	283	8	84.35	-7	9	8	80	20	(-11,2)
3	2026-01-01 16:18:01.000	38012	-1403	224	8	111.6	-9	9	8	80	19	(-11,2)
3	2026-01-01 16:18:02.000	38047	-1405	140	8	143.16	-9	7	8	80	19	(-11,1)
3	2026-01-01 16:18:03.000	38082	-1372	75	8	126.09	-10	9	8	80	19	(-11,1)
3	2026-01-01 16:18:04.000	38117	-1324	-14	8	121.26	-10	10	8	80	19	(-10,0)
3	2026-01-01 16:18:05.000	38152	-1282	58	8	147.27	-8	10	8	80	19	(-10,0)
3	2026-01-01 16:18:06.000	38187	-1384	39	8	135.79	-7	10	8	80	19	(-11,0)
3	2026-01-01 16:18:07.000	38222	-1458	7	8	171.46	-5	10	8	80	19	(-11,0)
3	2026-01-01 16:18:08.000	38257	-1477	9	8	149.09	-3	10	8	80	19	(-12,0)
3	2026-01-01 16:18:09.000	38292	-1553	-47	0	119.85	-3	10	8	80	19	(-12,0)
3	2026-01-01 16:18:10.000	38327	-1480	-69	0	139.75	-3	9	8	80	17	(-12,-1)
3	2026-01-01 16:18:11.000	38362	-1525	-88	0	175.13	-4	10	8	80	14	(-12,-1)
3	2026-01-01 16:18:12.000	38397	-1610	-10	0	170.82	-2	10	8	80	10	(-13,0)
3	2026-01-01 16:18:13.000	38432	-1622	-31	0	209.11	-2	10	8	80	10	(-13,0)
3	2026-01-01 16:18:14.000	38467	-1593	15	0	178.02	-3	9	8	80	10	(-12,0)
3	2026-01-01 16:18:15.000	38502	-1502	-56	0	180.48	-2	10	8	80	10	(-12,0)
3	2026-01-01 16:18:16.000	38537	-1467	-3	0	146.02	-3	10	21	80	10	(-11,0)
3	2026-01-01 16:18:17.000	38572	-1452	-4	0	157.61	-1	10	21	80	10	(-11,0)
3	2026-01-01 16:18:18.000	38607	-1516	-86	0	187.86	1	9	21	80	10	(-12,-1)
3	2026-01-01 16:18:19.000	38642	-1605	-128	0	161.18	0	10	21	80	10	(-13,-1)
3	2026-01-01 16:18:20.000	38677	-1702	-82	8	182.78	-1	10	21	80	10	(-13,-1)
3	2026-01-01 16:18:21.000	38712	-1750	-127	8	194.41	0	8	21	80	10	(-14,-1)
3	2026-01-01 16:18:22.000	38747	-1647	-83	8	234.59	0	10	21	80	7	(-13,-1)
3	2026-01-01 16:18:23.000	38782	-1666	-37	8	247.51	2	10	21	80	6	(-13,0)
3	2026-01-01 16:18:24.000	38817	-1657	-100	8	269.46	0	10	21	80	4	(-13,-1)
3	2026-01-01 16:18:25.000	38852	-1619	-10	8	251.88	2	8	21	80	4	(-13,0)
3	2026-01-01 16:18:26.000	38887	-1548	-86	8	290.78	3	6	21	80	4	(-12,-1)
3	2026-01-01 16:18:27.000	38922	-1571	-185	8	281.39	4	6	21	80	4	(-12,-1)
3	2026-01-01 16:18:28.000	38957	-1495	-149	8	270.48	5	7	21	80	4	(-12,-1)
3	2026-01-01 16:18:29.000	38992	-1429	-99	8	280.27	7	6	21	80	4	(-11,-1)
3	2026-01-01 16:18:30.000	39027	-1357	-140	8	304.43	6	4	21	80	4	(-11,-1)
3	2026-01-01 16:18:31.000	39062	-1318	-250	8	331.71	7	3	21	80	4	(-10,-2)
3	2026-01-01 16:18:32.000	39097	-1268	-346	8	13.36	9	1	21	80	4	(-10,-3)
3	2026-01-01 16:18:33.000	39132	-1350	-456	8	10.89	9	2	21	80	4	(-11,-4)
3	2026-01-01 16:18:34.000	39167	-1344	-524	8	355.48	7	0	13	80	4	(-10,-4)
3	2026-01-01 16:18:35.000	39202	-1426	-556	8	351.49	9	-1	13	80	4	(-11,-4)
3	2026-01-01 16:18:36.000	39237	-1511	-501	8	18.68	7	-2	13	80	1	(-12,-4)
3	2026-01-01 16:18:37.000	39272	-1541	-466	8	26.57	6	-1	13	80	1	(-12,-4)
3	2026-01-01 16:18:38.000	39307	-1512	-409	8	44.04	6	1	13	80	1	(-12,-3)
3	2026-01-01 16:18:39.000	39342	-1539	-312	8	1.28	4	3	13	80	1	(-12,-2)
3	2026-01-01 16:18:40.000	39377	-1556	-259	0	359.26	6	1	13	80	1	(-12,-2)
3	2026-01-01 16:18:41.000	39412	-1531	-270	0	329.73	4	-1	13	80	1	(-12,-2)
3	2026-01-01 16:18:42.000	39447	-1472	-280	0	314.9	3	1	13	80	1	(-12,-2)
3	2026-01-01 16:18:43.000	39482	-1557	-249	0	353.68	4	1	13	80	23	(-12,-2)
3	2026-01-01 16:18:44.000	39517	-1475	-177	0	321.1	5	0	13	80	19	(-12,-1)
3	2026-01-01 16:18:45.000	39552	-1518	-197	0	3.28	7	2	13	80	17	(-12,-2)
3	2026-01-01 16:18:46.000	39587	-1457	-208	0	45.12	9	4	4	80	17	(-11,-2)
3	2026-01-01 16:18:47.000	39622	-1369	-114	0	31.51	10	5	4	92	12	(-11,-1)
3	2026-01-01 16:18:48.000	39657	-1273	-202	0	50.62	9	7	4	92	12	(-10,-2)
3	2026-01-01 16:18:49.000	39692	-1301	-228	0	75.32	10	6	4	92	12	(-10,-2)
3	2026-01-01 16:18:50.000	39727	-1261	-309	0	52.09	8	7	4	92	10	(-10,-2)
3	2026-01-01 16:18:51.000	39762	-1312	-338	0	89.26	9	6	4	92	6	(-10,-3)
3	2026-01-01 16:18:52.000	39797	-1217	-348	0	73.59	9	6	4	92	6	(-10,-3)
3	2026-01-01 16:18:53.000	39832	-1149	-248	0	80.5	10	4	4	92	6	(-9,-2)
3	2026-01-01 16:18:54.000	39867	-1237	-344	0	44.34	8	6	4	92	6	(-10,-3)
3	2026-01-01 16:18:55.000	39902	-1304	-341	0	11.9	6	8	4	92	4	(-10,-3)
3	2026-01-01 16:18:56.000	39937	-1304	-325	0	348.32	5	9	4	92	4	(-10,-3)
3	2026-01-01 16:18:57.000	39972	-1240	-413	40	310.56	5	7	4	92	4	(-10,-3)
3	2026-01-01 16:18:58.000	40007	-1237	-308	40	312.61	3	6	4	92	4	(-10,-2)
3	2026-01-01 16:18:59.000	40042	-1220	-373	40	306.03	2	4	4	92	4	(-10,-3)
3	2026-01-01 16:19:00.000	40077	-1296	-481	40	267.85	0	6	4	92	4	(-10,-4)
3	2026-01-01 16:19:01.000	40112	-1310	-575	0	270.98	-1	8	4	92	4	(-10,-4)
3	2026-01-01 16:19:02.000	40147	-1315	-535	0	280.03	0	7	4	92	4	(-10,-4)
3	2026-01-01 16:19:03.000	40182	-1223	-510	0	267.79	1	7	4	92	4	(-10,-4)
3	2026-01-01 16:19:04.000	40217	-1189	-619	0	297.95	3	6	3	92	0	(-9,-5)
3	2026-01-01 16:19:05.000	40252	-1269	-718	0	282.62	5	5	3	92	0	(-10,-6)
3	2026-01-01 16:19:06.000	40287	-1288	-723	32	304.18	5	4	3	92	0	(-10,-6)
3	2026-01-01 16:19:07.000	40322	-1378	-752	32	280.99	6	5	3	92	0	(-11,-6)
3	2026-01-01 16:19:08.000	40357	-1467	-845	32	240.01	5	6	3	92	0	(-11,-7)
3	2026-01-01 16:19:09.000	40392	-1510	-939	32	254.64	7	4	3	92	0	(-12,-7)
3	2026-01-01 16:19:10.000	40427	-1606	-863	32	211.83	9	6	3	92	0	(-13,-7)
3	2026-01-01 16:19:11.000	40462	-1625	-791	32	235.0	8	4	12	92	0	(-13,-6)
3	2026-01-01 16:19:12.000	40497	-1714	-750	32	274.74	6	5	12	92	0	(-13,-6)
3	2026-01-01 16:19:13.000	40532	-1672	-755	32	230.74	5	7	12	92	0	(-13,-6)
3	2026-01-01 16:19:14.000	40567	-1572	-733	32	245.96	7	7	12	92	0	(-12,-6)
3	2026-01-01 16:19:15.000	40602	-1636	-637	0	229.9	6	6	12	92	0	(-13,-5)
3	2026-01-01 16:19:16.000	40637	-1714	-539	0	220.68	5	5	12	92	0	(-13,-4)
3	2026-01-01 16:19:17.000	40672	-1705	-518	0	203.3	6	6	12	92	0	(-13,-4)
3	2026-01-01 16:19:18.000	40707	-1600	-603	0	218.86	4	7	12	92	0	(-12,-5)
3	2026-01-01 16:19:19.000	40742	-1494	-517	0	242.87	5	6	12	92	0	(-12,-4)
3	2026-01-01 16:19:20.000	40777	-1604	-581	0	220.18	7	8	12	92	0	(-13,-5)
3	2026-01-01 16:19:21.000	40812	-1529	-579	0	224.78	9	6	4	92	0	(-12,-5)
3	2026-01-01 16:19:22.000	40847	-1518	-470	0	207.59	7	8	4	92	0	(-12,-4)
3	2026-01-01 16:19:23.000	40882	-1609	-440	-16	169.03	9	6	4	92	0	(-13,-3)
3	2026-01-01 16:19:24.000	40917	-1677	-376	-16	186.57	10	4	4	92	0	(-13,-3)
3	2026-01-01 16:19:25.000	40952	-1724	-309	-16	177.34	10	6	4	92	0	(-13,-2)
3	2026-01-01 16:19:26.000	40987	-1652	-339	-16	212.29	8	8	4	92	0	(-13,-3)
3	2026-01-01 16:19:27.000	41022	-1662	-281	-16	169.6	8	6	4	92	0	(-13,-2)
3	2026-01-01 16:19:28.000	41057	-1553	-213	-16	167.56	8	5	4	92	0	(-12,-2)
3	2026-01-01 16:19:29.000	41092	-1631	-255	-16	142.19	10	5	0	91	0	(-13,-2)
3	2026-01-01 16:19:30.000	41127	-1652	-306	-16	151.15	10	7	0	91	0	(-13,-2)
3	2026-01-01 16:19:31.000	41162	-1705	-292	-16	117.96	10	8	0	91	0	(-13,-2)
3	2026-01-01 16:19:32.000	41197	-1595	-392	-16	121.55	8	10	0	91	0	(-12,-3)
3	2026-01-01 16:19:33.000	41232	-1618	-338	-16	145.46	9	9	0	91	0	(-13,-3)
3	2026-01-01 16:19:34.000	41267	-1693	-372	-16	129.54	7	10	0	91	0	(-13,-3)
3	2026-01-01 16:19:35.000	41302	-1761	-307	-16	148.67	5	10	0	91	0	(-14,-2)
3	2026-01-01 16:19:36.000	41337	-1738	-283	-16	111.95	6	8	0	91	0	(-14,-2)
3	2026-01-01 16:19:37.000	41372	-1763	-302	-16	120.09	7	7	0	91	0	(-14,-2)
3	2026-01-01 16:19:38.000	41407	-1744	-257	-16	93.58	8	6	0	91	0	(-14,-2)
3	2026-01-01 16:19:39.000	41442	-1653	-359	-16	121.66	6	8	0	91	0	(-13,-3)
3	2026-01-01 16:19:40.000	41477	-1595	-400	-16	98.94	7	7	0	91	0	(-12,-3)
3	2026-01-01 16:19:41.000	41512	-1690	-393	-16	79.35	8	6	0	91	0	(-13,-3)
3	2026-01-01 16:19:42.000	41547	-1680	-457	-16	49.31	6	4	0	91	0	(-13,-4)
3	2026-01-01 16:19:43.000	41582	-1788	-370	-16	84.31	8	5	0	91	0	(-14,-3)
3	2026-01-01 16:19:44.000	41617	-1743	-263	-16	110.32	9	3	0	91	0	(-14,-2)
3	2026-01-01 16:19:45.000	41652	-1653	-159	-16	148.43	9	3	0	91	0	(-13,-1)
3	2026-01-01 16:19:46.000	41687	-1649	-79	-16	158.37	9	5	19	91	0	(-13,-1)
3	2026-01-01 16:19:47.000	41722	-1608	17	-16	117.9	8	3	19	91	0	(-13,0)
3	2026-01-01 16:19:48.000	41757	-1693	-42	-16	95.96	6	5	19	91	0	(-13,0)
3	2026-01-01 16:19:49.000	41792	-1597	-76	-16	64.09	7	5	19	91	0	(-12,-1)
3	2026-01-01 16:19:50.000	41827	-1678	-55	-16	107.45	8	4	19	91	0	(-13,0)
3	2026-01-01 16:19:51.000	41862	-1667	-92	-16	135.6	6	5	19	91	0	(-13,-1)
3	2026-01-01 16:19:52.000	41897	-1667	-69	-16	121.3	6	3	19	91	0	(-13,-1)
3	2026-01-01 16:19:53.000	41932	-1675	-132	-16	138.42	5	3	19	91	0	(-13,-1)
3	2026-01-01 16:19:54.000	41967	-1584	-63	-16	114.96	4	5	19	91	0	(-12,0)
3	2026-01-01 16:19:55.000	42002	-1540	-127	-16	129.51	2	7	19	91	0	(-12,-1)
3	2026-01-01 16:19:56.000	42037	-1634	-117	-16	147.86	1	7	19	91	0	(-13,-1)
3	2026-01-01 16:19:57.000	42072	-1659	-89	-16	168.12	2	5	19	91	0	(-13,-1)
3	2026-01-01 16:19:58.000	42107	-1708	-123	-16	139.59	3	5	19	91	0	(-13,-1)
3	2026-01-01 16:19:59.000	42142	-1710	-58	-16	118.69	3	7	19	91	0	(-13,0)
