1	2026-01-01 12:00:00.000	177	-386	-1032	0	271.95	-4	2	99	92	27	(-3,-8)
1	2026-01-01 12:00:01.000	212	-463	-1113	0	302.08	-3	1	99	92	25	(-4,-9)
1	2026-01-01 12:00:02.000	247	-507	-1021	0	318.38	-2	2	99	92	25	(-4,-8)
1	2026-01-01 12:00:03.000	282	-612	-985	0	286.45	0	4	99	92	25	(-5,-8)
1	2026-01-01 12:00:04.000	317	-533	-1005	0	304.48	1	6	99	92	25	(-4,-8)
1	2026-01-01 12:00:05.000	352	-585	-947	0	332.84	-1	4	99	92	25	(-5,-7)
1	2026-01-01 12:00:06.000	387	-563	-951	0	297.89	-1	5	99	92	25	(-4,-7)
1	2026-01-01 12:00:07.000	422	-621	-869	0	323.7	0	7	99	92	20	(-5,-7)
1	2026-01-01 12:00:08.000	457	-658	-921	0	5.3	-1	8	99	92	20	(-5,-7)
1	2026-01-01 12:00:09.000	492	-616	-922	0	327.08	0	10	99	92	20	(-5,-7)
1	2026-01-01 12:00:10.000	527	-498	-861	0	339.0	2	10	99	92	20	(-4,-7)
1	2026-01-01 12:00:11.000	562	-621	-969	0	348.29	3	10	99	92	20	(-5,-8)
1	2026-01-01 12:00:12.000	597	-709	-1084	0	26.82	2	8	99	92	19	(-6,-8)
1	2026-01-01 12:00:13.000	632	-660	-1200	0	68.19	3	7	99	92	19	(-5,-9)
1	2026-01-01 12:00:14.000	667	-637	-1313	0	67.23	3	8	99	92	27	(-5,-10)
1	2026-01-01 12:00:15.000	702	-672	-1206	0	110.02	1	10	99	92	27	(-5,-9)
1	2026-01-01 12:00:16.000	737	-572	-1095	0	90.23	2	10	99	92	27	(-4,-9)
1	2026-01-01 12:00:17.000	772	-516	-1183	0	130.88	2	10	99	92	27	(-4,-9)
1	2026-01-01 12:00:18.000	807	-601	-1166	0	158.16	4	9	99	92	27	(-5,-9)
1	2026-01-01 12:00:19.000	842	-497	-1202	16	160.32	2	7	99	92	22	(-4,-9)
1	2026-01-01 12:00:20.000	877	-442	-1252	16	175.88	4	6	99	92	36	(-3,-10)
1	2026-01-01 12:00:21.000	912	-539	-1220	16	166.78	4	7	99	92	36	(-4,-10)
1	2026-01-01 12:00:22.000	947	-427	-1339	16	154.78	3	9	99	92	35	(-3,-10)
1	2026-01-01 12:00:23.000	982	-486	-1403	0	131.81	3	7	99	92	35	(-4,-11)
1	2026-01-01 12:00:24.000	1017	-570	-1424	0	100.27	2	6	99	92	35	(-4,-11)
1	2026-01-01 12:00:25.000	1052	-541	-1351	0	124.24	1	4	96	92	35	(-4,-11)
1	2026-01-01 12:00:26.000	1087	-564	-1243	0	93.25	-1	5	96	92	34	(-4,-10)
1	2026-01-01 12:00:27.000	1122	-658	-1223	0	61.83	-3	6	96	92	34	(-5,-10)
1	2026-01-01 12:00:28.000	1157	-621	-1107	0	16.87	-5	7	96	92	50	(-5,-9)
1	2026-01-01 12:00:29.000	1192	-524	-1037	-8	340.91	-7	9	96	92	50	(-4,-8)
1	2026-01-01 12:00:30.000	1227	-602	-908	-8	19.65	-7	10	96	92	50	(-5,-7)
1	2026-01-01 12:00:31.000	1262	-716	-835	-8	358.46	-7	9	96	98	50	(-6,-7)
1	2026-01-01 12:00:32.000	1297	-683	-900	0	18.77	-5	7	96	98	50	(-5,-7)
1	2026-01-01 12:00:33.000	1332	-560	-786	0	11.91	-7	6	96	98	50	(-4,-6)
1	2026-01-01 12:00:34.000	1367	-657	-896	0	43.16	-6	6	96	98	50	(-5,-7)
1	2026-01-01 12:00:35.000	1402	-734	-838	24	67.59	-5	8	96	98	50	(-6,-7)
1	2026-01-01 12:00:36.000	1437	-707	-754	24	84.53	-6	8	96	98	47	(-6,-6)
1	2026-01-01 12:00:37.000	1472	-611	-794	24	100.02	-5	7	96	98	47	(-5,-6)
1	2026-01-01 12:00:38.000	1507	-597	-913	24	59.16	-6	5	96	98	44	(-5,-7)
1	2026-01-01 12:00:39.000	1542	-470	-800	24	33.84	-6	6	96	98	44	(-4,-6)
1	2026-01-01 12:00:40.000	1577	-503	-889	24	56.3	-7	8	96	98	44	(-4,-7)
1	2026-01-01 12:00:41.000	1612	-586	-814	24	27.26	-9	10	96	98	44	(-5,-6)
1	2026-01-01 12:00:42.000	1647	-649	-714	24	347.86	-10	9	96	98	44	(-5,-6)
1	2026-01-01 12:00:43.000	1682	-601	-770	0	343.44	-10	9	96	98	42	(-5,-6)
1	2026-01-01 12:00:44.000	1717	-475	-714	0	325.51	-9	8	96	98	40	(-4,-6)
1	2026-01-01 12:00:45.000	1752	-391	-698	0	290.4	-8	8	96	98	40	(-3,-5)
1	2026-01-01 12:00:46.000	1787	-352	-611	0	291.38	-8	10	96	98	38	(-3,-5)
1	2026-01-01 12:00:47.000	1822	-455	-636	0	333.03	-7	9	96	98	50	(-4,-5)
1	2026-01-01 12:00:48.000	1857	-441	-673	0	304.27	-7	10	96	98	50	(-3,-5)
1	2026-01-01 12:00:49.000	1892	-468	-599	0	331.31	-7	10	96	98	50	(-4,-5)
1	2026-01-01 12:00:50.000	1927	-507	-554	0	317.62	-7	10	96	98	50	(-4,-4)
1	2026-01-01 12:00:51.000	1962	-466	-543	0	292.1	-7	10	96	98	50	(-4,-4)
1	2026-01-01 12:00:52.000	1997	-563	-466	0	267.3	-8	10	96	98	50	(-4,-4)
1	2026-01-01 12:00:53.000	2032	-563	-593	0	236.97	-7	10	96	98	50	(-4,-5)
1	2026-01-01 12:00:54.000	2067	-549	-571	0	231.72	-5	10	96	98	50	(-4,-4)
1	2026-01-01 12:00:55.000	2102	-536	-670	0	271.02	-3	10	96	98	50	(-4,-5)
1	2026-01-01 12:00:56.000	2137	-613	-748	0	236.13	-2	10	96	98	50	(-5,-6)
1	2026-01-01 12:00:57.000	2172	-613	-643	0	255.62	-3	10	96	98	50	(-5,-5)
1	2026-01-01 12:00:58.000	2207	-488	-584	24	240.09	-3	9	96	98	50	(-4,-5)
1	2026-01-01 12:00:59.000	2242	-400	-593	24	227.83	-5	8	96	98	50	(-3,-5)
1	2026-01-01 12:01:00.000	2277	-499	-469	24	207.63	-6	6	96	98	50	(-4,-4)
1	2026-01-01 12:01:01.000	2312	-597	-593	24	188.58	-6	8	96	98	50	(-5,-5)
1	2026-01-01 12:01:02.000	2347	-696	-550	24	157.49	-4	6	96	98	50	(-5,-4)
1	2026-01-01 12:01:03.000	2382	-576	-575	24	122.73	-5	8	96	98	48	(-4,-4)
1	2026-01-01 12:01:04.000	2417	-671	-586	-16	159.18	-3	7	96	98	48	(-5,-5)
1	2026-01-01 12:01:05.000	2452	-650	-497	-16	190.36	-4	8	96	98	44	(-5,-4)
1	2026-01-01 12:01:06.000	2487	-759	-576	-16	208.23	-2	6	96	98	44	(-6,-4)
1	2026-01-01 12:01:07.000	2522	-826	-648	-16	176.77	-4	4	96	98	42	(-6,-5)
1	2026-01-01 12:01:08.000	2557	-740	-670	-16	159.23	-6	3	96	98	38	(-6,-5)
1	2026-01-01 12:01:09.000	2592	-747	-711	-16	172.26	-5	1	96	98	35	(-6,-6)
1	2026-01-01 12:01:10.000	2627	-795	-723	-16	195.52	-6	1	96	98	35	(-6,-6)
1	2026-01-01 12:01:11.000	2662	-780	-853	-16	198.19	-4	-1	96	98	35	(-6,-7)
1	2026-01-01 12:01:12.000	2697	-790	-900	-16	236.95	-2	-1	96	98	31	(-6,-7)
1	2026-01-01 12:01:13.000	2732	-875	-947	-16	271.28	-2	1	96	98	31	(-7,-7)
1	2026-01-01 12:01:14.000	2767	-970	-902	-16	233.57	-2	2	96	98	31	(-8,-7)
1	2026-01-01 12:01:15.000	2802	-1088	-1004	-16	272.21	0	4	96	98	31	(-8,-8)
1	2026-01-01 12:01:16.000	2837	-959	-945	-16	269.72	1	5	96	98	31	(-7,-7)
1	2026-01-01 12:01:17.000	2872	-894	-829	-16	268.89	2	6	96	98	31	(-7,-6)
1	2026-01-01 12:01:18.000	2907	-831	-765	-16	257.62	3	8	96	98	31	(-6,-6)
1	2026-01-01 12:01:19.000	2942	-886	-744	-16	293.5	1	6	96	98	31	(-7,-6)
1	2026-01-01 12:01:20.000	2977	-880	-765	-16	322.41	-1	5	96	98	31	(-7,-6)
1	2026-01-01 12:01:21.000	3012	-956	-780	-16	290.67	-1	5	96	98	31	(-7,-6)
1	2026-01-01 12:01:22.000	3047	-1013	-862	-16	314.32	1	6	96	98	31	(-8,-7)
1	2026-01-01 12:01:23.000	3082	-957	-789	-16	312.68	2	7	95	98	31	(-7,-6)
1	2026-01-01 12:01:24.000	3117	-893	-833	-16	336.29	3	6	95	98	31	(-7,-7)
1	2026-01-01 12:01:25.000	3152	-1002	-944	-16	331.28	5	8	95	98	31	(-8,-7)
1	2026-01-01 12:01:26.000	3187	-1036	-1010	-16	321.19	3	9	95	98	31	(-8,-8)
1	2026-01-01 12:01:27.000	3222	-1026	-1124	-16	293.65	5	7	95	98	30	(-8,-9)
1	2026-01-01 12:01:28.000	3257	-961	-1126	-16	328.96	3	8	95	98	30	(-8,-9)
1	2026-01-01 12:01:29.000	3292	-920	-1137	-16	296.87	3	10	95	98	30	(-7,-9)
1	2026-01-01 12:01:30.000	3327	-851	-1266	-16	315.73	5	9	95	98	47	(-7,-10)
1	2026-01-01 12:01:31.000	3362	-978	-1324	-16	348.54	4	7	95	98	47	(-8,-10)
1	2026-01-01 12:01:32.000	3397	-1087	-1194	-16	24.57	4	5	95	98	47	(-8,-9)
1	2026-01-01 12:01:33.000	3432	-987	-1295	-16	2.42	3	5	95	98	47	(-8,-10)
1	2026-01-01 12:01:34.000	3467	-871	-1267	-16	359.14	3	5	95	98	43	(-7,-10)
1	2026-01-01 12:01:35.000	3502	-861	-1376	-8	344.06	1	6	95	98	43	(-7,-11)
1	2026-01-01 12:01:36.000	3537	-819	-1310	-8	309.81	1	7	95	98	39	(-6,-10)
1	2026-01-01 12:01:37.000	3572	-863	-1423	-8	296.39	-1	9	95	98	39	(-7,-11)
1	2026-01-01 12:01:38.000	3607	-778	-1443	-8	275.42	-1	9	95	98	38	(-6,-11)
1	2026-01-01 12:01:39.000	3642	-749	-1453	-8	235.6	1	10	95	98	38	(-6,-11)
1	2026-01-01 12:01:40.000	3677	-631	-1460	-8	225.22	-1	10	95	98	38	(-5,-11)
1	2026-01-01 12:01:41.000	3712	-746	-1563	-8	204.15	-3	9	95	98	38	(-6,-12)
1	2026-01-01 12:01:42.000	3747	-728	-1682	-8	183.26	-5	7	95	98	36	(-6,-13)
1	2026-01-01 12:01:43.000	3782	-616	-1716	-8	215.36	-5	7	95	98	36	(-5,-13)
1	2026-01-01 12:01:44.000	3817	-602	-1715	-8	258.73	-6	7	95	98	36	(-5,-13)
1	2026-01-01 12:01:45.000	3852	-705	-1702	-8	254.17	-5	9	95	98	36	(-6,-13)
1	2026-01-01 12:01:46.000	3887	-682	-1777	-8	225.26	-6	10	95	98	36	(-5,-14)
1	2026-01-01 12:01:47.000	3922	-705	-1782	-8	252.86	-8	10	95	98	36	(-6,-14)
1	2026-01-01 12:01:48.000	3957	-829	-1780	-8	251.01	-10	8	95	98	36	(-6,-14)
1	2026-01-01 12:01:49.000	3992	-794	-1668	16	256.52	-8	6	95	98	36	(-6,-13)
1	2026-01-01 12:01:50.000	4027	-665	-1752	16	251.06	-8	6	95	98	36	(-5,-14)
1	2026-01-01 12:01:51.000	4062	-736	-1806	40	240.71	-10	4	95	98	36	(-6,-14)
1	2026-01-01 12:01:52.000	4097	-732	-1912	40	269.68	-10	3	95	98	36	(-6,-15)
1	2026-01-01 12:01:53.000	4132	-762	-2024	16	305.97	-10	3	95	98	36	(-6,-16)
1	2026-01-01 12:01:54.000	4167	-804	-1985	56	315.85	-10	4	95	98	36	(-6,-16)
1	2026-01-01 12:01:55.000	4202	-797	-2047	56	350.74	-10	3	95	98	36	(-6,-16)
1	2026-01-01 12:01:56.000	4237	-882	-2026	56	8.07	-10	2	95	98	33	(-7,-16)
1	2026-01-01 12:01:57.000	4272	-844	-2058	56	51.57	-9	1	95	98	33	(-7,-16)
1	2026-01-01 12:01:58.000	4307	-723	-2153	56	34.74	-10	2	91	98	33	(-6,-17)
1	2026-01-01 12:01:59.000	4342	-834	-2201	56	354.93	-8	4	91	98	33	(-7,-17)
1	2026-01-01 12:02:00.000	4377	-742	-2235	56	357.33	-10	5	91	98	33	(-6,-17)
1	2026-01-01 12:02:01.000	4412	-857	-2151	56	317.14	-10	7	91	98	33	(-7,-17)
1	2026-01-01 12:02:02.000	4447	-805	-2080	0	295.18	-10	7	91	98	29	(-6,-16)
1	2026-01-01 12:02:03.000	4482	-727	-2095	0	271.11	-10	5	91	98	29	(-6,-16)
1	2026-01-01 12:02:04.000	4517	-695	-1987	0	239.92	-10	3	91	98	25	(-5,-16)
1	2026-01-01 12:02:05.000	4552	-640	-2077	24	225.0	-9	5	91	98	25	(-5,-16)
1	2026-01-01 12:02:06.000	4587	-618	-2094	24	214.62	-9	5	89	98	25	(-5,-16)
1	2026-01-01 12:02:07.000	4622	-620	-2040	24	179.16	-7	4	89	98	25	(-5,-16)
1	2026-01-01 12:02:08.000	4657	-516	-1986	24	194.18	-8	3	89	98	25	(-4,-16)
1	2026-01-01 12:02:09.000	4692	-625	-1978	24	232.3	-10	2	89	98	25	(-5,-15)
1	2026-01-01 12:02:10.000	4727	-679	-2037	24	252.23	-10	2	89	98	25	(-5,-16)
1	2026-01-01 12:02:11.000	4762	-611	-2010	24	211.92	-10	2	89	98	25	(-5,-16)
1	2026-01-01 12:02:12.000	4797	-520	-2135	24	205.92	-10	0	85	98	20	(-4,-17)
1	2026-01-01 12:02:13.000	4832	-444	-2041	24	190.24	-10	-2	85	98	20	(-3,-16)
1	2026-01-01 12:02:14.000	4867	-424	-1979	24	177.4	-10	-1	85	98	20	(-3,-15)
1	2026-01-01 12:02:15.000	4902	-469	-2091	24	200.91	-10	1	85	98	20	(-4,-16)
1	2026-01-01 12:02:16.000	4937	-478	-2129	-16	166.41	-10	0	85	98	15	(-4,-17)
1	2026-01-01 12:02:17.000	4972	-544	-2127	8	191.81	-10	0	85	98	10	(-4,-17)
1	2026-01-01 12:02:18.000	5007	-536	-2079	8	168.96	-10	2	85	98	5	(-4,-16)
1	2026-01-01 12:02:19.000	5042	-439	-2007	8	179.47	-10	0	85	98	5	(-3,-16)
1	2026-01-01 12:02:20.000	5077	-423	-2099	8	158.15	-10	2	85	98	4	(-3,-16)
1	2026-01-01 12:02:21.000	5112	-313	-2195	8	177.2	-10	4	85	98	0	(-2,-17)
1	2026-01-01 12:02:22.000	5147	-358	-2177	8	192.14	-10	6	75	98	0	(-3,-17)
1	2026-01-01 12:02:23.000	5182	-480	-2295	8	212.68	-10	4	75	98	0	(-4,-18)
1	2026-01-01 12:02:24.000	5217	-377	-2387	8	199.78	-10	4	75	98	0	(-3,-19)
1	2026-01-01 12:02:25.000	5252	-256	-2439	8	160.07	-9	6	75	98	0	(-2,-19)
1	2026-01-01 12:02:26.000	5287	-146	-2490	8	178.75	-10	6	75	98	0	(-1,-19)
1	2026-01-01 12:02:27.000	5322	-80	-2362	8	205.75	-10	4	75	98	0	(-1,-18)
1	2026-01-01 12:02:28.000	5357	-43	-2340	8	200.45	-8	5	75	98	0	(0,-18)
1	2026-01-01 12:02:29.000	5392	-114	-2439	8	227.62	-8	6	75	98	0	(-1,-19)
1	2026-01-01 12:02:30.000	5427	-226	-2408	8	188.4	-7	4	75	98	0	(-2,-19)
1	2026-01-01 12:02:31.000	5462	-311	-2305	8	233.02	-5	5	75	98	0	(-2,-18)
1	2026-01-01 12:02:32.000	5497	-293	-2288	8	267.82	-7	5	68	98	0	(-2,-18)
1	2026-01-01 12:02:33.000	5532	-236	-2404	0	249.99	-8	6	68	98	0	(-2,-19)
1	2026-01-01 12:02:34.000	5567	-172	-2377	0	217.42	-7	4	68	98	0	(-1,-19)
1	2026-01-01 12:02:35.000	5602	-127	-2277	0	174.67	-5	4	68	98	0	(-1,-18)
1	2026-01-01 12:02:36.000	5637	-233	-2200	0	197.35	-7	6	68	98	0	(-2,-17)
1	2026-01-01 12:02:37.000	5672	-224	-2312	0	182.92	-9	6	68	98	0	(-2,-18)
1	2026-01-01 12:02:38.000	5707	-143	-2424	0	209.82	-7	8	68	98	0	(-1,-19)
1	2026-01-01 12:02:39.000	5742	-105	-2399	0	239.23	-9	6	68	98	0	(-1,-19)
1	2026-01-01 12:02:40.000	5777	-19	-2274	0	217.85	-10	8	68	98	0	(0,-18)
1	2026-01-01 12:02:41.000	5812	89	-2277	0	176.78	-8	7	68	98	0	(1,-18)
1	2026-01-01 12:02:42.000	5847	-36	-2289	0	184.27	-10	6	68	98	0	(0,-18)
1	2026-01-01 12:02:43.000	5882	32	-2346	0	141.1	-10	6	68	98	0	(0,-18)
1	2026-01-01 12:02:44.000	5917	-20	-2396	0	145.01	-10	7	68	98	0	(0,-19)
1	2026-01-01 12:02:45.000	5952	-36	-2272	0	176.18	-10	9	68	98	0	(0,-18)
1	2026-01-01 12:02:46.000	5987	68	-2156	0	146.42	-10	9	87	98	0	(1,-17)
1	2026-01-01 12:02:47.000	6022	198	-2217	0	158.95	-10	8	87	98	0	(2,-17)
1	2026-01-01 12:02:48.000	6057	284	-2342	0	151.01	-10	9	87	98	0	(2,-18)
1	2026-01-01 12:02:49.000	6092	371	-2398	0	130.82	-8	7	87	98	0	(3,-19)
1	2026-01-01 12:02:50.000	6127	489	-2461	0	161.05	-10	5	87	98	0	(4,-19)
1	2026-01-01 12:02:51.000	6162	573	-2567	0	202.68	-10	5	87	98	0	(4,-20)
1	2026-01-01 12:02:52.000	6197	678	-2632	0	189.42	-10	5	86	98	0	(5,-21)
1	2026-01-01 12:02:53.000	6232	565	-2700	0	222.71	-8	3	86	98	0	(4,-21)
1	2026-01-01 12:02:54.000	6267	690	-2810	0	246.52	-10	5	86	98	0	(5,-22)
1	2026-01-01 12:02:55.000	6302	660	-2831	16	275.06	-10	5	86	98	0	(5,-22)
1	2026-01-01 12:02:56.000	6337	672	-2747	16	245.21	-10	4	86	98	0	(5,-21)
1	2026-01-01 12:02:57.000	6372	543	-2712	16	218.16	-10	6	86	98	0	(4,-21)
1	2026-01-01 12:02:58.000	6407	643	-2695	16	243.64	-10	4	86	98	0	(5,-21)
1	2026-01-01 12:02:59.000	6442	524	-2608	16	260.1	-10	2	86	98	9	(4,-20)
1	2026-01-01 12:03:00.000	6477	483	-2687	16	254.44	-8	0	86	98	9	(4,-21)
1	2026-01-01 12:03:01.000	6512	379	-2766	16	251.59	-10	0	86	98	7	(3,-22)
1	2026-01-01 12:03:02.000	6547	330	-2800	16	263.36	-9	1	86	98	7	(3,-22)
1	2026-01-01 12:03:03.000	6582	234	-2848	16	268.39	-10	1	86	98	7	(2,-22)
1	2026-01-01 12:03:04.000	6617	250	-2899	16	282.64	-10	0	86	98	7	(2,-23)
1	2026-01-01 12:03:05.000	6652	239	-2934	16	269.34	-8	-2	86	98	7	(2,-23)
1	2026-01-01 12:03:06.000	6687	124	-3004	16	313.86	-8	0	86	98	7	(1,-23)
1	2026-01-01 12:03:07.000	6722	171	-2904	16	292.59	-7	-1	86	98	7	(1,-23)
1	2026-01-01 12:03:08.000	6757	144	-2932	16	332.8	-7	-1	86	98	7	(1,-23)
1	2026-01-01 12:03:09.000	6792	187	-3028	16	333.51	-9	-2	86	98	6	(1,-24)
1	2026-01-01 12:03:10.000	6827	186	-2961	16	348.62	-8	-3	86	98	6	(1,-23)
1	2026-01-01 12:03:11.000	6862	132	-3015	16	353.83	-10	-5	86	98	6	(1,-24)
1	2026-01-01 12:03:12.000	6897	11	-2989	16	311.17	-10	-5	81	98	6	(0,-23)
1	2026-01-01 12:03:13.000	6932	-46	-2948	16	274.91	-10	-7	74	98	6	(0,-23)
1	2026-01-01 12:03:14.000	6967	79	-2876	16	277.29	-8	-8	74	98	6	(1,-22)
1	2026-01-01 12:03:15.000	7002	53	-2991	16	261.65	-8	-9	74	98	3	(0,-23)
1	2026-01-01 12:03:16.000	7037	61	-3039	16	279.02	-10	-10	74	98	3	(0,-24)
1	2026-01-01 12:03:17.000	7072	-66	-2965	16	275.2	-9	-10	74	98	0	(-1,-23)
1	2026-01-01 12:03:18.000	7107	47	-2907	0	284.09	-10	-10	74	98	0	(0,-23)
1	2026-01-01 12:03:19.000	7142	9	-3000	0	313.14	-10	-10	74	98	0	(0,-23)
1	2026-01-01 12:03:20.000	7177	-46	-2984	0	288.89	-10	-9	74	98	0	(0,-23)
1	2026-01-01 12:03:21.000	7212	75	-2978	0	318.25	-10	-8	70	98	0	(1,-23)
1	2026-01-01 12:03:22.000	7247	168	-2958	0	351.49	-9	-7	70	98	0	(1,-23)
1	2026-01-01 12:03:23.000	7282	154	-3041	0	345.32	-8	-6	69	103	0	(1,-24)
1	2026-01-01 12:03:24.000	7317	142	-2935	0	325.36	-8	-7	69	103	0	(1,-23)
1	2026-01-01 12:03:25.000	7352	242	-2809	0	344.73	-6	-9	69	103	0	(2,-22)
1	2026-01-01 12:03:26.000	7387	285	-2686	0	311.01	-5	-9	69	103	0	(2,-21)
1	2026-01-01 12:03:27.000	7422	298	-2579	0	277.36	-3	-10	69	103	0	(2,-20)
1	2026-01-01 12:03:28.000	7457	193	-2613	0	254.43	-3	-10	69	103	0	(2,-20)
1	2026-01-01 12:03:29.000	7492	85	-2639	0	228.32	-1	-8	69	103	0	(1,-21)
1	2026-01-01 12:03:30.000	7527	0	-2664	40	186.12	-3	-10	69	103	0	(0,-21)
1	2026-01-01 12:03:31.000	7562	124	-2662	40	230.71	-2	-10	69	103	0	(1,-21)
1	2026-01-01 12:03:32.000	7597	113	-2644	40	208.87	-4	-8	69	103	15	(1,-21)
1	2026-01-01 12:03:33.000	7632	81	-2774	40	246.95	-4	-6	69	103	15	(1,-22)
1	2026-01-01 12:03:34.000	7667	44	-2709	40	231.48	-6	-5	69	103	15	(0,-21)
1	2026-01-01 12:03:35.000	7702	96	-2710	40	245.62	-6	-5	69	103	15	(1,-21)
1	2026-01-01 12:03:36.000	7737	4	-2657	40	267.51	-8	-4	69	103	15	(0,-21)
1	2026-01-01 12:03:37.000	7772	45	-2580	40	298.97	-8	-5	69	103	29	(0,-20)
1	2026-01-01 12:03:38.000	7807	61	-2473	40	333.98	-8	-7	69	103	29	(0,-19)
1	2026-01-01 12:03:39.000	7842	121	-2591	40	311.15	-6	-6	69	103	37	(1,-20)
1	2026-01-01 12:03:40.000	7877	49	-2494	40	313.33	-5	-7	69	103	37	(0,-19)
1	2026-01-01 12:03:41.000	7912	61	-2387	40	312.25	-6	-6	69	103	37	(0,-19)
1	2026-01-01 12:03:42.000	7947	150	-2356	40	282.57	-4	-8	69	103	37	(1,-18)
1	2026-01-01 12:03:43.000	7982	221	-2304	40	319.71	-3	-6	69	103	37	(2,-18)
1	2026-01-01 12:03:44.000	8017	97	-2307	40	276.86	-4	-6	69	103	37	(1,-18)
1	2026-01-01 12:03:45.000	8052	150	-2337	40	279.14	-5	-7	69	103	37	(1,-18)
1	2026-01-01 12:03:46.000	8087	98	-2340	40	286.0	-6	-5	69	103	37	(1,-18)
1	2026-01-01 12:03:47.000	8122	81	-2265	40	261.51	-7	-5	69	103	37	(1,-18)
1	2026-01-01 12:03:48.000	8157	-39	-2362	40	256.45	-6	-3	69	103	37	(0,-18)
1	2026-01-01 12:03:49.000	8192	26	-2436	40	237.15	-6	-3	69	103	34	(0,-19)
1	2026-01-01 12:03:50.000	8227	73	-2352	40	196.54	-5	-3	69	103	34	(1,-18)
1	2026-01-01 12:03:51.000	8262	-49	-2270	40	181.62	-5	-3	69	103	34	(0,-18)
1	2026-01-01 12:03:52.000	8297	-73	-2267	40	178.66	-6	-4	62	103	34	(-1,-18)
1	2026-01-01 12:03:53.000	8332	-118	-2282	40	140.32	-6	-4	62	103	34	(-1,-18)
1	2026-01-01 12:03:54.000	8367	-42	-2207	40	124.91	-8	-4	62	103	50	(0,-17)
1	2026-01-01 12:03:55.000	8402	65	-2332	40	139.55	-10	-2	62	103	50	(1,-18)
1	2026-01-01 12:03:56.000	8437	-47	-2281	40	96.05	-9	-1	62	103	50	(0,-18)
1	2026-01-01 12:03:57.000	8472	-111	-2221	40	95.49	-10	1	62	103	50	(-1,-17)
1	2026-01-01 12:03:58.000	8507	-212	-2126	40	56.35	-10	0	62	103	50	(-2,-17)
1	2026-01-01 12:03:59.000	8542	-138	-2174	128	47.77	-10	2	62	103	50	(-1,-17)
1	2026-01-01 12:04:00.000	8577	-8	-2275	128	72.81	-9	0	62	103	48	(0,-18)
1	2026-01-01 12:04:01.000	8612	17	-2205	16	95.38	-7	-2	62	103	48	(0,-17)
1	2026-01-01 12:04:02.000	8647	-13	-2330	16	101.14	-7	0	62	103	48	(0,-18)
1	2026-01-01 12:04:03.000	8682	104	-2443	16	111.63	-9	0	57	103	46	(1,-19)
1	2026-01-01 12:04:04.000	8717	229	-2565	16	110.13	-7	-1	57	103	46	(2,-20)
1	2026-01-01 12:04:05.000	8752	117	-2565	16	104.03	-7	-1	57	103	46	(1,-20)
1	2026-01-01 12:04:06.000	8787	-8	-2621	16	114.17	-5	-2	57	103	46	(0,-20)
1	2026-01-01 12:04:07.000	8822	69	-2706	16	143.39	-6	-4	57	103	46	(1,-21)
1	2026-01-01 12:04:08.000	8857	159	-2577	16	185.62	-4	-3	57	103	42	(1,-20)
1	2026-01-01 12:04:09.000	8892	135	-2465	16	145.5	-5	-3	57	103	40	(1,-19)
1	2026-01-01 12:04:10.000	8927	165	-2512	16	159.7	-7	-2	57	103	40	(1,-20)
1	2026-01-01 12:04:11.000	8962	143	-2458	16	201.14	-6	-2	57	103	40	(1,-19)
1	2026-01-01 12:04:12.000	8997	78	-2426	16	185.13	-8	0	57	103	40	(1,-19)
1	2026-01-01 12:04:13.000	9032	82	-2406	16	145.24	-7	-2	57	103	40	(1,-19)
1	2026-01-01 12:04:14.000	9067	135	-2286	16	143.64	-5	-1	57	103	40	(1,-18)
1	2026-01-01 12:04:15.000	9102	31	-2211	16	169.69	-6	-2	57	103	40	(0,-17)
1	2026-01-01 12:04:16.000	9137	-57	-2144	16	138.55	-7	-4	57	103	40	(0,-17)
1	2026-01-01 12:04:17.000	9172	30	-2227	16	121.87	-9	-4	57	103	40	(0,-17)
1	2026-01-01 12:04:18.000	9207	113	-2336	16	157.18	-7	-4	57	103	50	(1,-18)
1	2026-01-01 12:04:19.000	9242	104	-2375	16	198.33	-6	-5	57	103	50	(1,-19)
1	2026-01-01 12:04:20.000	9277	-16	-2276	16	195.95	-8	-6	57	103	50	(0,-18)
1	2026-01-01 12:04:21.000	9312	-22	-2246	16	216.3	-6	-7	57	103	50	(0,-18)
1	2026-01-01 12:04:22.000	9347	-14	-2218	16	214.54	-8	-6	57	103	50	(0,-17)
1	2026-01-01 12:04:23.000	9382	-20	-2134	16	220.93	-6	-7	52	103	50	(0,-17)
1	2026-01-01 12:04:24.000	9417	4	-2175	16	244.03	-5	-5	52	103	50	(0,-17)
1	2026-01-01 12:04:25.000	9452	-61	-2048	16	270.14	-5	-4	52	103	50	(0,-16)
1	2026-01-01 12:04:26.000	9487	-102	-2158	0	262.21	-4	-4	52	103	50	(-1,-17)
1	2026-01-01 12:04:27.000	9522	-166	-2225	0	297.68	-5	-3	52	103	50	(-1,-17)
1	2026-01-01 12:04:28.000	9557	-165	-2344	0	271.52	-3	-5	57	103	50	(-1,-18)
1	2026-01-01 12:04:29.000	9592	-124	-2332	0	250.03	-1	-6	57	103	50	(-1,-18)
1	2026-01-01 12:04:30.000	9627	-216	-2298	0	279.31	0	-8	57	103	50	(-2,-18)
1	2026-01-01 12:04:31.000	9662	-118	-2326	0	269.64	1	-8	57	103	50	(-1,-18)
1	2026-01-01 12:04:32.000	9697	-238	-2329	0	303.29	3	-10	57	103	50	(-2,-18)
1	2026-01-01 12:04:33.000	9732	-192	-2288	0	313.31	1	-8	57	103	50	(-2,-18)
1	2026-01-01 12:04:34.000	9767	-166	-2345	0	352.47	-1	-8	57	103	50	(-1,-18)
1	2026-01-01 12:04:35.000	9802	-166	-2268	0	348.7	-3	-9	57	103	50	(-1,-18)
1	2026-01-01 12:04:36.000	9837	-152	-2350	0	11.39	-5	-10	57	103	45	(-1,-18)
1	2026-01-01 12:04:37.000	9872	-138	-2477	0	353.58	-3	-10	57	103	45	(-1,-19)
1	2026-01-01 12:04:38.000	9907	-112	-2491	0	38.56	-4	-10	57	103	45	(-1,-19)
1	2026-01-01 12:04:39.000	9942	-28	-2512	0	3.26	-4	-10	57	103	45	(0,-20)
1	2026-01-01 12:04:40.000	9977	-3	-2446	0	45.82	-4	-9	57	103	45	(0,-19)
1	2026-01-01 12:04:41.000	10012	-70	-2367	0	42.3	-4	-10	57	103	50	(-1,-18)
1	2026-01-01 12:04:42.000	10047	-17	-2480	0	56.04	-4	-10	57	103	46	(0,-19)
1	2026-01-01 12:04:43.000	10082	-104	-2422	0	48.96	-4	-10	57	103	46	(-1,-19)
1	2026-01-01 12:04:44.000	10117	4	-2436	0	34.06	-4	-8	57	103	46	(0,-19)
1	2026-01-01 12:04:45.000	10152	-116	-2341	0	76.71	-5	-6	57	103	46	(-1,-18)
1	2026-01-01 12:04:46.000	10187	-108	-2281	0	92.96	-4	-8	57	103	50	(-1,-18)
1	2026-01-01 12:04:47.000	10222	-204	-2320	0	53.44	-6	-10	57	103	50	(-2,-18)
1	2026-01-01 12:04:48.000	10257	-160	-2257	0	52.85	-5	-8	57	103	50	(-1,-18)
1	2026-01-01 12:04:49.000	10292	-206	-2373	0	44.3	-7	-9	57	103	50	(-2,-19)
1	2026-01-01 12:04:50.000	10327	-124	-2486	0	52.09	-8	-10	57	103	50	(-1,-19)
1	2026-01-01 12:04:51.000	10362	-110	-2524	0	28.06	-10	-10	57	103	50	(-1,-20)
1	2026-01-01 12:04:52.000	10397	-230	-2467	0	54.43	-10	-10	57	103	50	(-2,-19)
1	2026-01-01 12:04:53.000	10432	-191	-2569	-8	53.7	-10	-10	50	103	48	(-1,-20)
1	2026-01-01 12:04:54.000	10467	-180	-2558	-8	77.6	-8	-10	50	103	48	(-1,-20)
1	2026-01-01 12:04:55.000	10502	-304	-2605	-8	50.5	-8	-10	50	103	50	(-2,-20)
1	2026-01-01 12:04:56.000	10537	-236	-2547	-8	66.94	-7	-9	50	103	50	(-2,-20)
1	2026-01-01 12:04:57.000	10572	-130	-2492	-8	66.68	-8	-8	50	103	46	(-1,-19)
1	2026-01-01 12:04:58.000	10607	-176	-2430	-8	62.11	-7	-7	50	103	46	(-1,-19)
1	2026-01-01 12:04:59.000	10642	-235	-2433	32	39.91	-9	-8	50	103	46	(-2,-19)
1	2026-01-01 12:05:00.000	10677	-107	-2310	32	78.49	-9	-10	50	103	46	(-1,-18)
1	2026-01-01 12:05:01.000	10712	-92	-2221	32	83.52	-9	-8	50	103	46	(-1,-17)
1	2026-01-01 12:05:02.000	10747	-11	-2313	32	98.11	-10	-9	50	103	46	(0,-18)
1	2026-01-01 12:05:03.000	10782	19	-2349	32	72.91	-8	-9	50	103	46	(0,-18)
1	2026-01-01 12:05:04.000	10817	-47	-2340	32	115.28	-10	-8	50	103	46	(0,-18)
1	2026-01-01 12:05:05.000	10852	-86	-2262	-8	98.84	-8	-6	50	103	46	(-1,-18)
1	2026-01-01 12:05:06.000	10887	41	-2262	0	137.55	-7	-8	50	103	46	(0,-18)
1	2026-01-01 12:05:07.000	10922	63	-2216	0	134.16	-9	-8	44	103	46	(0,-17)
1	2026-01-01 12:05:08.000	10957	-60	-2344	0	144.51	-9	-7	44	103	46	(0,-18)
1	2026-01-01 12:05:09.000	10992	-153	-2374	56	155.84	-9	-5	44	103	46	(-1,-19)
1	2026-01-01 12:05:10.000	11027	-262	-2465	56	128.46	-8	-3	44	103	46	(-2,-19)
1	2026-01-01 12:05:11.000	11062	-211	-2348	56	134.51	-10	-1	44	103	46	(-2,-18)
1	2026-01-01 12:05:12.000	11097	-137	-2385	56	144.63	-8	1	44	103	46	(-1,-19)
1	2026-01-01 12:05:13.000	11132	-180	-2288	56	173.76	-7	2	44	103	46	(-1,-18)
1	2026-01-01 12:05:14.000	11167	-191	-2267	56	196.79	-7	3	44	103	46	(-1,-18)
1	2026-01-01 12:05:15.000	11202	-167	-2349	56	180.87	-8	5	44	103	46	(-1,-18)
1	2026-01-01 12:05:16.000	11237	-66	-2333	56	217.22	-6	4	44	103	44	(-1,-18)
1	2026-01-01 12:05:17.000	11272	-147	-2375	56	203.58	-4	5	44	103	42	(-1,-19)
1	2026-01-01 12:05:18.000	11307	-166	-2486	56	200.64	-2	7	44	103	42	(-1,-19)
1	2026-01-01 12:05:19.000	11342	-115	-2550	56	235.83	-4	8	53	103	42	(-1,-20)
1	2026-01-01 12:05:20.000	11377	5	-2606	56	217.33	-4	10	53	103	38	(0,-20)
1	2026-01-01 12:05:21.000	11412	84	-2511	56	217.28	-2	8	53	103	38	(1,-20)
1	2026-01-01 12:05:22.000	11447	39	-2431	56	190.67	-2	9	53	103	38	(0,-19)
1	2026-01-01 12:05:23.000	11482	145	-2314	56	161.66	-4	10	53	103	38	(1,-18)
1	2026-01-01 12:05:24.000	11517	81	-2193	56	196.88	-5	10	53	103	50	(1,-17)
1	2026-01-01 12:05:25.000	11552	-40	-2171	56	203.79	-4	8	53	103	47	(0,-17)
1	2026-01-01 12:05:26.000	11587	-153	-2119	56	237.76	-3	7	49	103	47	(-1,-17)
1	2026-01-01 12:05:27.000	11622	-185	-2132	32	220.11	-3	8	49	103	47	(-1,-17)
1	2026-01-01 12:05:28.000	11657	-266	-2023	32	225.02	-3	7	49	103	47	(-2,-16)
1	2026-01-01 12:05:29.000	11692	-256	-1938	32	204.17	-4	6	49	103	47	(-2,-15)
1	2026-01-01 12:05:30.000	11727	-287	-1936	32	232.04	-3	7	49	103	47	(-2,-15)
1	2026-01-01 12:05:31.000	11762	-348	-1816	32	238.25	-3	8	49	103	44	(-3,-14)
1	2026-01-01 12:05:32.000	11797	-261	-1904	32	281.66	-3	6	49	103	44	(-2,-15)
1	2026-01-01 12:05:33.000	11832	-325	-1883	32	296.68	-1	4	49	103	44	(-3,-15)
1	2026-01-01 12:05:34.000	11867	-265	-1826	32	283.12	1	2	49	103	42	(-2,-14)
1	2026-01-01 12:05:35.000	11902	-348	-1718	32	279.41	1	4	49	103	42	(-3,-13)
1	2026-01-01 12:05:36.000	11937	-450	-1610	32	265.49	1	4	49	103	42	(-4,-13)
1	2026-01-01 12:05:37.000	11972	-544	-1548	32	307.98	1	4	49	103	42	(-4,-12)
1	2026-01-01 12:05:38.000	12007	-613	-1434	32	347.86	-1	6	49	103	42	(-5,-11)
1	2026-01-01 12:05:39.000	12042	-583	-1397	32	357.33	-2	5	49	103	42	(-5,-11)
1	2026-01-01 12:05:40.000	12077	-687	-1325	-16	313.91	0	5	49	103	42	(-5,-10)
1	2026-01-01 12:05:41.000	12112	-589	-1276	-16	270.31	-1	5	49	103	38	(-5,-10)
1	2026-01-01 12:05:42.000	12147	-548	-1168	-16	241.69	-2	3	49	103	37	(-4,-9)
1	2026-01-01 12:05:43.000	12182	-562	-1143	-16	208.24	-2	3	49	103	37	(-4,-9)
1	2026-01-01 12:05:44.000	12217	-515	-1247	-16	184.73	0	3	49	103	37	(-4,-10)
1	2026-01-01 12:05:45.000	12252	-507	-1294	-16	192.53	2	2	49	103	37	(-4,-10)
1	2026-01-01 12:05:46.000	12287	-628	-1221	16	151.55	0	0	49	103	37	(-5,-10)
1	2026-01-01 12:05:47.000	12322	-556	-1193	16	108.18	2	-1	49	103	37	(-4,-9)
1	2026-01-01 12:05:48.000	12357	-649	-1190	16	104.08	0	0	49	103	37	(-5,-9)
1	2026-01-01 12:05:49.000	12392	-745	-1135	16	127.84	-2	2	49	103	32	(-6,-9)
1	2026-01-01 12:05:50.000	12427	-815	-1064	16	106.48	0	4	49	103	32	(-6,-8)
1	2026-01-01 12:05:51.000	12462	-942	-1172	16	73.75	-2	5	49	103	32	(-7,-9)
1	2026-01-01 12:05:52.000	12497	-887	-1236	16	34.85	-1	3	49	103	30	(-7,-10)
1	2026-01-01 12:05:53.000	12532	-966	-1109	16	44.18	-2	4	49	103	30	(-8,-9)
1	2026-01-01 12:05:54.000	12567	-1082	-990	16	42.65	-2	2	49	103	30	(-8,-8)
1	2026-01-01 12:05:55.000	12602	-1085	-865	16	27.85	0	1	47	103	30	(-8,-7)
1	2026-01-01 12:05:56.000	12637	-960	-959	16	9.84	-1	0	47	103	26	(-8,-7)
1	2026-01-01 12:05:57.000	12672	-834	-908	-16	49.15	-2	2	47	103	26	(-7,-7)
1	2026-01-01 12:05:58.000	12707	-728	-833	-16	65.25	0	2	47	103	25	(-6,-7)
1	2026-01-01 12:05:59.000	12742	-774	-794	0	70.16	1	2	47	103	25	(-6,-6)
1	2026-01-01 12:06:00.000	12777	-784	-856	0	91.97	0	4	47	103	25	(-6,-7)
1	2026-01-01 12:06:01.000	12812	-896	-773	0	113.43	-1	3	47	103	25	(-7,-6)
1	2026-01-01 12:06:02.000	12847	-821	-871	0	143.87	1	1	47	103	25	(-6,-7)
1	2026-01-01 12:06:03.000	12882	-865	-748	0	178.08	0	2	47	103	25	(-7,-6)
1	2026-01-01 12:06:04.000	12917	-773	-694	0	147.68	0	0	47	103	20	(-6,-5)
1	2026-01-01 12:06:05.000	12952	-800	-672	0	128.85	0	1	47	103	20	(-6,-5)
1	2026-01-01 12:06:06.000	12987	-692	-620	0	124.05	2	0	47	103	18	(-5,-5)
1	2026-01-01 12:06:07.000	13022	-676	-614	0	137.59	1	0	47	103	18	(-5,-5)
1	2026-01-01 12:06:08.000	13057	-755	-652	32	129.27	-1	2	47	103	18	(-6,-5)
1	2026-01-01 12:06:09.000	13092	-714	-605	32	88.22	0	4	47	103	16	(-6,-5)
1	2026-01-01 12:06:10.000	13127	-646	-483	32	120.5	-2	6	47	103	16	(-5,-4)
1	2026-01-01 12:06:11.000	13162	-525	-528	32	90.26	-2	4	47	103	16	(-4,-4)
1	2026-01-01 12:06:12.000	13197	-431	-582	32	110.94	-3	6	47	103	16	(-3,-5)
1	2026-01-01 12:06:13.000	13232	-402	-679	32	136.15	-5	7	47	103	16	(-3,-5)
1	2026-01-01 12:06:14.000	13267	-292	-683	32	107.0	-7	8	47	103	16	(-2,-5)
1	2026-01-01 12:06:15.000	13302	-286	-768	32	89.7	-9	10	44	103	16	(-2,-6)
1	2026-01-01 12:06:16.000	13337	-195	-890	32	129.24	-9	10	44	103	12	(-2,-7)
1	2026-01-01 12:06:17.000	13372	-144	-880	32	102.24	-8	8	44	103	9	(-1,-7)
1	2026-01-01 12:06:18.000	13407	-106	-805	32	75.48	-6	10	44	103	9	(-1,-6)
1	2026-01-01 12:06:19.000	13442	18	-783	32	70.32	-5	10	44	103	9	(0,-6)
1	2026-01-01 12:06:20.000	13477	4	-740	32	28.5	-6	10	34	103	9	(0,-6)
1	2026-01-01 12:06:21.000	13512	-78	-792	32	346.52	-7	10	34	103	9	(-1,-6)
1	2026-01-01 12:06:22.000	13547	-17	-712	32	353.98	-8	10	34	103	9	(0,-6)
1	2026-01-01 12:06:23.000	13582	61	-804	32	31.13	-6	10	34	103	9	(0,-6)
1	2026-01-01 12:06:24.000	13617	101	-744	32	50.45	-4	10	34	103	9	(1,-6)
1	2026-01-01 12:06:25.000	13652	129	-668	32	88.67	-4	10	34	103	9	(1,-5)
1	2026-01-01 12:06:26.000	13687	110	-557	32	132.76	-6	10	34	103	9	(1,-4)
1	2026-01-01 12:06:27.000	13722	26	-523	32	142.18	-4	8	34	103	9	(0,-4)
1	2026-01-01 12:06:28.000	13757	121	-526	32	119.62	-4	6	31	103	21	(1,-4)
1	2026-01-01 12:06:29.000	13792	94	-582	32	94.19	-3	8	31	103	21	(1,-5)
1	2026-01-01 12:06:30.000	13827	148	-587	32	51.98	-1	7	31	103	20	(1,-5)
1	2026-01-01 12:06:31.000	13862	96	-586	32	55.92	-3	7	31	103	20	(1,-5)
1	2026-01-01 12:06:32.000	13897	100	-471	32	21.97	-5	5	31	103	20	(1,-4)
1	2026-01-01 12:06:33.000	13932	143	-544	32	9.72	-6	5	31	103	20	(1,-4)
1	2026-01-01 12:06:34.000	13967	248	-454	32	45.65	-7	6	31	103	20	(2,-4)
1	2026-01-01 12:06:35.000	14002	165	-361	32	36.39	-9	5	31	103	20	(1,-3)
1	2026-01-01 12:06:36.000	14037	112	-491	32	30.08	-7	5	31	103	17	(1,-4)
1	2026-01-01 12:06:37.000	14072	214	-559	32	45.6	-8	5	31	103	17	(2,-4)
1	2026-01-01 12:06:38.000	14107	244	-510	32	12.97	-7	6	31	103	12	(2,-4)
1	2026-01-01 12:06:39.000	14142	201	-425	32	34.53	-8	4	31	103	9	(2,-3)
1	2026-01-01 12:06:40.000	14177	100	-309	32	23.02	-10	4	31	103	9	(1,-2)
1	2026-01-01 12:06:41.000	14212	-6	-393	32	20.89	-10	3	31	103	9	(0,-3)
1	2026-01-01 12:06:42.000	14247	79	-301	32	43.58	-10	4	31	103	9	(1,-2)
1	2026-01-01 12:06:43.000	14282	186	-374	32	63.45	-10	2	31	103	9	(1,-3)
1	2026-01-01 12:06:44.000	14317	301	-409	32	82.75	-8	0	29	103	9	(2,-3)
1	2026-01-01 12:06:45.000	14352	285	-469	32	65.49	-9	-2	29	103	8	(2,-4)
1	2026-01-01 12:06:46.000	14387	200	-477	32	53.8	-10	-4	29	103	8	(2,-4)
1	2026-01-01 12:06:47.000	14422	148	-464	32	23.24	-10	-2	29	103	8	(1,-4)
1	2026-01-01 12:06:48.000	14457	227	-458	32	15.78	-10	-4	29	103	8	(2,-4)
1	2026-01-01 12:06:49.000	14492	192	-555	32	46.15	-9	-6	29	103	8	(2,-4)
1	2026-01-01 12:06:50.000	14527	98	-482	32	29.04	-10	-7	29	103	8	(1,-4)
1	2026-01-01 12:06:51.000	14562	212	-358	32	2.0	-10	-5	29	103	8	(2,-3)
1	2026-01-01 12:06:52.000	14597	329	-233	32	318.47	-10	-5	29	103	8	(3,-2)
1	2026-01-01 12:06:53.000	14632	420	-361	32	322.58	-10	-4	29	103	8	(3,-3)
1	2026-01-01 12:06:54.000	14667	312	-334	32	328.65	-10	-4	29	103	8	(2,-3)
1	2026-01-01 12:06:55.000	14702	309	-285	32	348.21	-10	-2	29	103	7	(2,-2)
1	2026-01-01 12:06:56.000	14737	436	-407	32	319.41	-10	-2	29	103	7	(3,-3)
1	2026-01-01 12:06:57.000	14772	492	-361	32	325.5	-10	-2	29	103	7	(4,-3)
1	2026-01-01 12:06:58.000	14807	420	-389	8	294.99	-10	-2	29	103	7	(3,-3)
1	2026-01-01 12:06:59.000	14842	516	-390	8	328.07	-10	-1	29	103	7	(4,-3)
1	2026-01-01 12:07:00.000	14877	418	-514	8	306.26	-10	-3	29	103	7	(3,-4)
1	2026-01-01 12:07:01.000	14912	335	-467	8	264.84	-8	-4	29	103	6	(3,-4)
1	2026-01-01 12:07:02.000	14947	407	-510	8	242.21	-6	-5	29	103	6	(3,-4)
1	2026-01-01 12:07:03.000	14982	384	-394	8	242.3	-6	-3	29	103	3	(3,-3)
1	2026-01-01 12:07:04.000	15017	372	-334	8	273.5	-8	-4	29	103	3	(3,-3)
1	2026-01-01 12:07:05.000	15052	472	-289	0	314.32	-8	-3	29	103	23	(4,-2)
1	2026-01-01 12:07:06.000	15087	549	-265	0	283.47	-7	-5	29	103	23	(4,-2)
1	2026-01-01 12:07:07.000	15122	577	-315	0	284.38	-9	-7	29	103	23	(5,-2)
1	2026-01-01 12:07:08.000	15157	497	-418	24	240.25	-8	-8	29	103	23	(4,-3)
1	2026-01-01 12:07:09.000	15192	447	-490	24	250.19	-7	-9	29	103	23	(3,-4)
1	2026-01-01 12:07:10.000	15227	523	-501	56	264.75	-6	-10	29	103	23	(4,-4)
1	2026-01-01 12:07:11.000	15262	640	-610	32	261.42	-7	-9	29	103	23	(5,-5)
1	2026-01-01 12:07:12.000	15297	702	-671	32	265.5	-6	-10	22	103	23	(5,-5)
1	2026-01-01 12:07:13.000	15332	784	-661	32	266.1	-8	-10	22	103	23	(6,-5)
1	2026-01-01 12:07:14.000	15367	723	-626	32	227.64	-10	-10	22	103	23	(6,-5)
1	2026-01-01 12:07:15.000	15402	646	-592	0	190.54	-10	-10	22	103	23	(5,-5)
1	2026-01-01 12:07:16.000	15437	675	-470	0	226.07	-8	-10	22	103	23	(5,-4)
1	2026-01-01 12:07:17.000	15472	688	-450	0	199.95	-8	-10	14	103	23	(5,-4)
1	2026-01-01 12:07:18.000	15507	573	-502	0	233.29	-10	-10	14	103	23	(4,-4)
1	2026-01-01 12:07:19.000	15542	631	-612	0	272.19	-10	-10	14	103	20	(5,-5)
1	2026-01-01 12:07:20.000	15577	613	-504	128	242.41	-10	-10	14	103	20	(5,-4)
1	2026-01-01 12:07:21.000	15612	572	-388	128	262.07	-8	-10	14	103	16	(4,-3)
1	2026-01-01 12:07:22.000	15647	459	-363	128	268.81	-8	-10	14	103	27	(4,-3)
1	2026-01-01 12:07:23.000	15682	397	-473	-16	261.14	-8	-8	14	103	27	(3,-4)
1	2026-01-01 12:07:24.000	15717	508	-446	-16	261.53	-8	-9	19	103	27	(4,-3)
1	2026-01-01 12:07:25.000	15752	518	-488	-16	253.55	-8	-10	19	103	27	(4,-4)
1	2026-01-01 12:07:26.000	15787	408	-477	-16	211.07	-8	-10	19	103	27	(3,-4)
1	2026-01-01 12:07:27.000	15822	434	-388	-16	233.18	-8	-8	19	103	27	(3,-3)
1	2026-01-01 12:07:28.000	15857	367	-268	-16	271.73	-6	-8	19	103	27	(3,-2)
1	2026-01-01 12:07:29.000	15892	475	-205	-16	269.67	-6	-6	19	103	25	(4,-2)
1	2026-01-01 12:07:30.000	15927	450	-312	-16	285.32	-8	-5	19	103	25	(4,-2)
1	2026-01-01 12:07:31.000	15962	558	-221	-16	254.87	-10	-7	19	103	25	(4,-2)
1	2026-01-01 12:07:32.000	15997	542	-146	16	272.9	-9	-8	19	103	25	(4,-1)
1	2026-01-01 12:07:33.000	16032	450	-24	16	306.04	-10	-10	19	103	20	(4,0)
1	2026-01-01 12:07:34.000	16067	524	80	16	343.15	-8	-10	11	103	15	(4,1)
1	2026-01-01 12:07:35.000	16102	427	184	16	26.66	-9	-10	11	103	15	(3,1)
1	2026-01-01 12:07:36.000	16137	489	64	128	29.78	-10	-8	11	103	10	(4,0)
1	2026-01-01 12:07:37.000	16172	364	46	128	355.9	-8	-8	11	103	26	(3,0)
1	2026-01-01 12:07:38.000	16207	435	141	128	323.16	-9	-8	8	103	26	(3,1)
1	2026-01-01 12:07:39.000	16242	545	153	128	331.33	-8	-9	8	103	26	(4,1)
1	2026-01-01 12:07:40.000	16277	632	272	128	353.07	-7	-10	8	103	26	(5,2)
1	2026-01-01 12:07:41.000	16312	714	247	128	318.71	-5	-8	8	103	26	(6,2)
1	2026-01-01 12:07:42.000	16347	800	188	128	337.46	-3	-9	4	103	46	(6,1)
1	2026-01-01 12:07:43.000	16382	785	98	128	10.16	-3	-8	4	103	46	(6,1)
1	2026-01-01 12:07:44.000	16417	720	43	128	37.96	-1	-9	4	103	46	(6,0)
1	2026-01-01 12:07:45.000	16452	674	138	128	30.44	-3	-9	4	103	46	(5,1)
1	2026-01-01 12:07:46.000	16487	613	13	128	354.75	-4	-7	4	103	46	(5,0)
1	2026-01-01 12:07:47.000	16522	695	-55	128	328.15	-3	-9	4	103	46	(5,0)
1	2026-01-01 12:07:48.000	16557	708	-12	128	294.44	-5	-8	4	103	46	(6,0)
1	2026-01-01 12:07:49.000	16592	815	86	128	265.77	-4	-8	4	103	46	(6,1)
1	2026-01-01 12:07:50.000	16627	805	209	128	279.36	-2	-9	4	103	46	(6,2)
1	2026-01-01 12:07:51.000	16662	776	225	0	290.32	-3	-9	4	103	46	(6,2)
1	2026-01-01 12:07:52.000	16697	713	260	0	320.65	-2	-7	4	103	46	(6,2)
1	2026-01-01 12:07:53.000	16732	756	268	0	306.16	-2	-9	4	103	46	(6,2)
1	2026-01-01 12:07:54.000	16767	792	248	0	267.15	-3	-10	4	103	46	(6,2)
1	2026-01-01 12:07:55.000	16802	666	291	0	266.94	-5	-10	4	103	46	(5,2)
1	2026-01-01 12:07:56.000	16837	692	193	0	269.14	-5	-8	4	103	46	(5,2)
1	2026-01-01 12:07:57.000	16872	667	168	0	240.89	-3	-7	4	103	46	(5,1)
1	2026-01-01 12:07:58.000	16907	776	233	40	205.02	-2	-5	4	103	46	(6,2)
1	2026-01-01 12:07:59.000	16942	659	151	128	208.52	-3	-4	4	103	46	(5,1)
1	2026-01-01 12:08:00.000	16977	618	232	128	214.67	-5	-2	4	103	46	(5,2)
1	2026-01-01 12:08:01.000	17012	583	340	128	196.79	-3	-1	4	103	46	(5,3)
1	2026-01-01 12:08:02.000	17047	588	398	0	164.47	-2	-3	4	103	46	(5,3)
1	2026-01-01 12:08:03.000	17082	530	342	0	185.94	-1	-1	4	103	46	(4,3)
1	2026-01-01 12:08:04.000	17117	428	224	0	207.03	-3	-3	4	103	46	(3,2)
1	2026-01-01 12:08:05.000	17152	451	312	0	164.6	-5	-4	4	103	45	(4,2)
1	2026-01-01 12:08:06.000	17187	460	390	0	172.03	-4	-3	4	103	45	(4,3)
1	2026-01-01 12:08:07.000	17222	383	513	0	173.1	-5	-5	4	103	50	(3,4)
1	2026-01-01 12:08:08.000	17257	426	424	0	200.22	-4	-7	4	103	50	(3,3)
1	2026-01-01 12:08:09.000	17292	407	395	0	157.36	-3	-8	4	103	50	(3,3)
1	2026-01-01 12:08:10.000	17327	436	487	8	140.45	-5	-8	3	103	50	(3,4)
1	2026-01-01 12:08:11.000	17362	424	522	8	162.58	-7	-6	3	103	50	(3,4)
1	2026-01-01 12:08:12.000	17397	392	526	8	188.45	-9	-7	3	103	50	(3,4)
1	2026-01-01 12:08:13.000	17432	459	490	8	152.42	-7	-9	3	103	50	(4,4)
1	2026-01-01 12:08:14.000	17467	378	534	8	196.39	-8	-10	3	103	50	(3,4)
1	2026-01-01 12:08:15.000	17502	321	619	8	195.53	-7	-8	0	102	50	(3,5)
1	2026-01-01 12:08:16.000	17537	393	547	8	216.91	-5	-7	0	102	50	(3,4)
1	2026-01-01 12:08:17.000	17572	271	542	8	182.56	-4	-9	0	102	50	(2,4)
1	2026-01-01 12:08:18.000	17607	208	558	8	158.82	-3	-10	0	102	50	(2,4)
1	2026-01-01 12:08:19.000	17642	152	598	8	200.96	-5	-8	0	102	50	(1,5)
1	2026-01-01 12:08:20.000	17677	221	628	8	238.19	-3	-7	0	102	45	(2,5)
1	2026-01-01 12:08:21.000	17712	265	702	8	220.35	-3	-9	0	102	45	(2,5)
1	2026-01-01 12:08:22.000	17747	183	782	8	241.33	-3	-7	0	102	45	(1,6)
1	2026-01-01 12:08:23.000	17782	111	739	8	197.07	-4	-5	0	102	45	(1,6)
1	2026-01-01 12:08:24.000	17817	124	729	8	174.4	-3	-5	0	102	43	(1,6)
1	2026-01-01 12:08:25.000	17852	94	672	8	154.64	-5	-5	0	102	43	(1,5)
1	2026-01-01 12:08:26.000	17887	-6	570	8	184.24	-6	-6	0	102	43	(0,4)
1	2026-01-01 12:08:27.000	17922	-57	578	8	185.95	-7	-7	0	102	43	(0,5)
1	2026-01-01 12:08:28.000	17957	-15	668	8	179.16	-6	-5	0	102	43	(0,5)
1	2026-01-01 12:08:29.000	17992	-16	660	8	223.47	-6	-4	0	102	43	(0,5)
1	2026-01-01 12:08:30.000	18027	-64	567	40	258.07	-7	-5	0	102	41	(0,4)
1	2026-01-01 12:08:31.000	18062	-117	667	0	272.65	-9	-5	0	102	41	(-1,5)
1	2026-01-01 12:08:32.000	18097	-203	623	0	230.58	-8	-4	0	102	41	(-2,5)
1	2026-01-01 12:08:33.000	18132	-141	515	0	196.64	-9	-2	0	102	41	(-1,4)
1	2026-01-01 12:08:34.000	18167	-30	443	0	236.17	-8	-4	0	99	36	(0,3)
1	2026-01-01 12:08:35.000	18202	98	488	0	219.79	-10	-2	0	99	36	(1,4)
1	2026-01-01 12:08:36.000	18237	5	542	0	184.76	-9	-4	0	99	34	(0,4)
1	2026-01-01 12:08:37.000	18272	-71	481	0	166.66	-9	-2	0	99	29	(-1,4)
1	2026-01-01 12:08:38.000	18307	-33	384	0	137.1	-8	-2	0	99	29	(0,3)
1	2026-01-01 12:08:39.000	18342	-54	458	0	155.22	-7	-3	0	99	29	(0,4)
1	2026-01-01 12:08:40.000	18377	36	569	0	185.41	-9	-2	0	99	29	(0,4)
1	2026-01-01 12:08:41.000	18412	50	659	0	211.38	-10	0	0	99	29	(0,5)
1	2026-01-01 12:08:42.000	18447	-2	614	0	200.49	-10	-1	0	99	24	(0,5)
1	2026-01-01 12:08:43.000	18482	118	710	0	241.79	-9	-1	0	99	19	(1,6)
1	2026-01-01 12:08:44.000	18517	184	750	0	226.16	-8	-3	0	99	19	(1,6)
1	2026-01-01 12:08:45.000	18552	79	636	0	226.04	-7	-4	0	99	18	(1,5)
1	2026-01-01 12:08:46.000	18587	207	658	56	263.35	-6	-5	0	99	13	(2,5)
1	2026-01-01 12:08:47.000	18622	150	683	56	219.28	-7	-5	0	99	13	(1,5)
1	2026-01-01 12:08:48.000	18657	59	685	56	180.41	-8	-5	0	94	13	(0,5)
1	2026-01-01 12:08:49.000	18692	74	646	56	151.63	-8	-3	0	94	13	(1,5)
1	2026-01-01 12:08:50.000	18727	194	735	56	173.8	-7	-2	0	94	13	(2,6)
1	2026-01-01 12:08:51.000	18762	141	658	56	169.2	-8	-3	0	94	13	(1,5)
1	2026-01-01 12:08:52.000	18797	16	745	56	168.72	-6	-4	0	94	13	(0,6)
1	2026-01-01 12:08:53.000	18832	140	627	56	209.11	-7	-5	0	93	13	(1,5)
1	2026-01-01 12:08:54.000	18867	97	667	56	186.59	-7	-7	0	93	13	(1,5)
1	2026-01-01 12:08:55.000	18902	41	686	56	177.51	-9	-7	0	93	8	(0,5)
1	2026-01-01 12:08:56.000	18937	43	676	56	173.72	-10	-7	0	93	8	(0,5)
1	2026-01-01 12:08:57.000	18972	-54	689	56	132.7	-8	-6	0	93	3	(0,5)
1	2026-01-01 12:08:58.000	19007	-8	719	56	128.56	-10	-8	0	93	3	(0,6)
1	2026-01-01 12:08:59.000	19042	-137	654	56	156.29	-9	-8	0	93	3	(-1,5)
1	2026-01-01 12:09:00.000	19077	-44	700	56	129.61	-9	-6	0	93	3	(0,5)
1	2026-01-01 12:09:01.000	19112	-109	787	56	138.4	-8	-4	0	93	3	(-1,6)
1	2026-01-01 12:09:02.000	19147	-96	874	24	161.28	-10	-3	0	93	0	(-1,7)
1	2026-01-01 12:09:03.000	19182	-25	786	24	133.63	-10	-2	0	93	0	(0,6)
1	2026-01-01 12:09:04.000	19217	12	836	24	103.46	-10	-2	0	93	0	(0,7)
1	2026-01-01 12:09:05.000	19252	-13	721	24	80.68	-10	-3	0	93	0	(0,6)
1	2026-01-01 12:09:06.000	19287	45	640	24	40.02	-10	-4	0	93	0	(0,5)
1	2026-01-01 12:09:07.000	19322	-48	672	24	28.14	-10	-3	0	93	0	(0,5)
1	2026-01-01 12:09:08.000	19357	-26	693	8	65.39	-9	-1	0	93	0	(0,5)
1	2026-01-01 12:09:09.000	19392	-146	697	8	86.29	-7	0	0	93	0	(-1,5)
1	2026-01-01 12:09:10.000	19427	-179	635	8	69.62	-8	1	0	93	0	(-1,5)
1	2026-01-01 12:09:11.000	19462	-193	671	8	61.97	-8	2	0	93	0	(-2,5)
1	2026-01-01 12:09:12.000	19497	-304	570	8	26.16	-8	3	0	93	0	(-2,4)
1	2026-01-01 12:09:13.000	19532	-338	602	8	347.29	-8	3	0	93	0	(-3,5)
1	2026-01-01 12:09:14.000	19567	-220	500	8	15.01	-7	5	0	93	0	(-2,4)
1	2026-01-01 12:09:15.000	19602	-106	547	8	336.34	-5	7	0	93	0	(-1,4)
1	2026-01-01 12:09:16.000	19637	-212	473	8	21.33	-5	8	0	93	0	(-2,4)
1	2026-01-01 12:09:17.000	19672	-342	538	8	16.6	-4	8	0	93	0	(-3,4)
1	2026-01-01 12:09:18.000	19707	-279	410	8	56.83	-5	6	0	93	0	(-2,3)
1	2026-01-01 12:09:19.000	19742	-231	384	8	21.24	-3	5	0	93	0	(-2,3)
1	2026-01-01 12:09:20.000	19777	-179	377	0	4.38	-1	5	0	93	0	(-1,3)
1	2026-01-01 12:09:21.000	19812	-52	443	24	37.66	-2	3	0	93	0	(0,3)
1	2026-01-01 12:09:22.000	19847	17	520	24	357.3	-3	5	0	93	0	(0,4)
1	2026-01-01 12:09:23.000	19882	-54	574	24	324.06	-2	3	0	93	0	(0,4)
1	2026-01-01 12:09:24.000	19917	41	690	24	325.69	0	3	0	93	0	(0,5)
1	2026-01-01 12:09:25.000	19952	-80	782	24	323.48	0	1	0	93	0	(-1,6)
1	2026-01-01 12:09:26.000	19987	12	741	8	2.9	-2	0	0	93	0	(0,6)
1	2026-01-01 12:09:27.000	20022	-98	669	8	10.55	-2	1	0	93	0	(-1,5)
1	2026-01-01 12:09:28.000	20057	-26	552	8	334.34	-4	0	0	93	0	(0,4)
1	2026-01-01 12:09:29.000	20092	91	637	8	351.58	-6	1	0	93	0	(1,5)
1	2026-01-01 12:09:30.000	20127	105	614	8	342.08	-7	1	0	93	0	(1,5)
1	2026-01-01 12:09:31.000	20162	183	727	8	5.1	-9	0	0	93	0	(1,6)
1	2026-01-01 12:09:32.000	20197	208	757	8	9.68	-7	2	0	93	0	(2,6)
1	2026-01-01 12:09:33.000	20232	237	638	8	51.34	-5	3	0	93	0	(2,5)
1	2026-01-01 12:09:34.000	20267	174	521	8	64.98	-4	2	0	93	0	(1,4)
1	2026-01-01 12:09:35.000	20302	266	534	8	44.12	-5	3	0	93	0	(2,4)
1	2026-01-01 12:09:36.000	20337	208	424	8	55.21	-5	4	0	93	0	(2,3)
1	2026-01-01 12:09:37.000	20372	172	446	8	76.57	-5	2	0	93	0	(1,3)
1	2026-01-01 12:09:38.000	20407	204	540	8	116.88	-3	0	0	93	0	(2,4)
1	2026-01-01 12:09:39.000	20442	239	623	8	99.54	-2	0	0	93	0	(2,5)
1	2026-01-01 12:09:40.000	20477	234	608	8	113.19	-3	-1	0	93	0	(2,5)
1	2026-01-01 12:09:41.000	20512	227	636	8	141.1	-5	1	0	93	0	(2,5)
1	2026-01-01 12:09:42.000	20547	326	586	8	132.64	-6	1	0	93	0	(3,5)
1	2026-01-01 12:09:43.000	20582	441	569	128	111.86	-7	-1	0	93	0	(3,4)
1	2026-01-01 12:09:44.000	20617	329	570	128	145.49	-8	0	0	93	0	(3,4)
1	2026-01-01 12:09:45.000	20652	317	526	128	130.4	-8	-1	0	93	0	(2,4)
1	2026-01-01 12:09:46.000	20687	416	544	128	112.27	-10	-3	0	93	0	(3,4)
1	2026-01-01 12:09:47.000	20722	514	537	128	105.99	-8	-2	0	93	0	(4,4)
1	2026-01-01 12:09:48.000	20757	617	542	128	138.02	-7	-2	0	93	0	(5,4)
1	2026-01-01 12:09:49.000	20792	493	413	128	171.56	-5	-4	0	93	13	(4,3)
1	2026-01-01 12:09:50.000	20827	403	330	128	179.05	-4	-5	0	93	13	(3,3)
1	2026-01-01 12:09:51.000	20862	486	406	128	165.42	-2	-4	0	93	13	(4,3)
1	2026-01-01 12:09:52.000	20897	609	358	128	164.39	-4	-5	0	93	13	(5,3)
1	2026-01-01 12:09:53.000	20932	627	323	128	156.87	-6	-6	0	93	13	(5,3)
1	2026-01-01 12:09:54.000	20967	674	272	128	168.03	-5	-7	0	93	13	(5,2)
1	2026-01-01 12:09:55.000	21002	544	296	128	188.93	-4	-6	0	93	13	(4,2)
1	2026-01-01 12:09:56.000	21037	420	398	128	200.61	-3	-7	0	93	13	(3,3)
1	2026-01-01 12:09:57.000	21072	545	346	128	183.32	-3	-7	0	93	13	(4,3)
1	2026-01-01 12:09:58.000	21107	667	343	128	175.32	-1	-5	0	93	13	(5,3)
1	2026-01-01 12:09:59.000	21142	685	436	128	132.93	1	-7	0	93	13	(5,3)
1	2026-01-01 12:10:00.000	21177	742	427	128	112.31	0	-9	0	93	13	(6,3)
1	2026-01-01 12:10:01.000	21212	613	355	128	114.36	-1	-10	0	93	12	(5,3)
1	2026-01-01 12:10:02.000	21247	676	453	128	146.24	-2	-10	0	93	12	(5,4)
1	2026-01-01 12:10:03.000	21282	609	343	128	149.4	-2	-8	0	93	11	(5,3)
1	2026-01-01 12:10:04.000	21317	660	310	128	107.62	-1	-8	0	93	11	(5,2)
1	2026-01-01 12:10:05.000	21352	779	331	128	65.65	-2	-8	0	93	11	(6,3)
1	2026-01-01 12:10:06.000	21387	891	422	16	63.87	0	-9	0	93	11	(7,3)
1	2026-01-01 12:10:07.000	21422	824	346	16	86.5	1	-10	0	93	11	(6,3)
1	2026-01-01 12:10:08.000	21457	702	433	16	61.57	2	-10	0	93	11	(5,3)
1	2026-01-01 12:10:09.000	21492	650	496	16	67.51	4	-10	0	93	11	(5,4)
1	2026-01-01 12:10:10.000	21527	586	371	56	34.64	4	-9	0	93	11	(5,3)
1	2026-01-01 12:10:11.000	21562	581	333	56	76.0	5	-10	0	93	7	(5,3)
1	2026-01-01 12:10:12.000	21597	601	436	56	91.82	7	-10	0	93	7	(5,3)
1	2026-01-01 12:10:13.000	21632	588	457	56	89.38	6	-10	0	93	7	(5,4)
1	2026-01-01 12:10:14.000	21667	633	363	56	84.74	6	-10	0	93	7	(5,3)
1	2026-01-01 12:10:15.000	21702	649	341	56	124.36	4	-9	0	93	30	(5,3)
1	2026-01-01 12:10:16.000	21737	627	457	56	140.03	2	-10	0	93	30	(5,4)
1	2026-01-01 12:10:17.000	21772	666	534	56	141.34	2	-8	0	93	28	(5,4)
1	2026-01-01 12:10:18.000	21807	770	607	56	156.0	4	-10	0	93	28	(6,5)
1	2026-01-01 12:10:19.000	21842	852	562	56	166.65	5	-8	0	92	28	(7,4)
1	2026-01-01 12:10:20.000	21877	757	648	56	188.96	7	-7	0	92	28	(6,5)
1	2026-01-01 12:10:21.000	21912	836	570	56	188.16	9	-6	0	92	28	(7,4)
1	2026-01-01 12:10:22.000	21947	961	677	56	174.75	9	-4	0	92	28	(8,5)
1	2026-01-01 12:10:23.000	21982	1052	799	56	146.67	8	-6	0	92	28	(8,6)
1	2026-01-01 12:10:24.000	22017	1055	912	56	141.92	7	-5	0	92	28	(8,7)
1	2026-01-01 12:10:25.000	22052	976	943	56	182.13	6	-5	0	92	28	(8,7)
1	2026-01-01 12:10:26.000	22087	1095	887	56	179.17	7	-3	0	92	28	(9,7)
1	2026-01-01 12:10:27.000	22122	1143	897	56	218.57	6	-5	0	92	28	(9,7)
1	2026-01-01 12:10:28.000	22157	1101	976	56	252.82	4	-3	0	92	23	(9,8)
1	2026-01-01 12:10:29.000	22192	1011	887	56	279.56	3	-4	0	92	23	(8,7)
1	2026-01-01 12:10:30.000	22227	1038	897	56	249.17	1	-3	0	92	23	(8,7)
1	2026-01-01 12:10:31.000	22262	929	979	56	271.83	3	-4	0	92	22	(7,8)
1	2026-01-01 12:10:32.000	22297	1006	1040	56	306.51	2	-2	0	92	22	(8,8)
1	2026-01-01 12:10:33.000	22332	1043	918	56	271.03	0	-3	0	92	22	(8,7)
1	2026-01-01 12:10:34.000	22367	1058	872	56	308.8	2	-1	0	92	22	(8,7)
1	2026-01-01 12:10:35.000	22402	1030	899	56	274.75	4	-1	6	92	42	(8,7)
1	2026-01-01 12:10:36.000	22437	1137	823	56	309.28	4	-2	6	92	42	(9,6)
1	2026-01-01 12:10:37.000	22472	1058	788	56	304.67	3	-2	6	99	42	(8,6)
1	2026-01-01 12:10:38.000	22507	1174	840	56	339.95	1	-4	6	99	37	(9,7)
1	2026-01-01 12:10:39.000	22542	1054	780	56	354.14	1	-4	6	99	37	(8,6)
1	2026-01-01 12:10:40.000	22577	936	833	56	10.93	1	-6	6	99	37	(7,7)
1	2026-01-01 12:10:41.000	22612	932	893	56	331.79	1	-5	6	99	37	(7,7)
1	2026-01-01 12:10:42.000	22647	983	766	56	9.58	3	-7	6	99	37	(8,6)
1	2026-01-01 12:10:43.000	22682	937	878	56	5.65	1	-9	6	99	37	(7,7)
1	2026-01-01 12:10:44.000	22717	863	903	56	1.04	2	-8	6	99	35	(7,7)
1	2026-01-01 12:10:45.000	22752	743	834	56	352.12	2	-9	6	99	35	(6,7)
1	2026-01-01 12:10:46.000	22787	643	901	56	318.89	3	-10	6	99	35	(5,7)
1	2026-01-01 12:10:47.000	22822	758	927	56	3.59	2	-8	6	99	35	(6,7)
1	2026-01-01 12:10:48.000	22857	819	908	56	336.82	0	-10	6	99	35	(6,7)
1	2026-01-01 12:10:49.000	22892	864	998	56	294.24	-2	-10	6	99	35	(7,8)
1	2026-01-01 12:10:50.000	22927	770	916	0	322.86	0	-10	6	99	35	(6,7)
1	2026-01-01 12:10:51.000	22962	810	797	0	355.7	2	-10	6	99	35	(6,6)
1	2026-01-01 12:10:52.000	22997	735	849	0	331.11	3	-8	6	99	31	(6,7)
1	2026-01-01 12:10:53.000	23032	842	892	0	325.17	3	-7	6	99	31	(7,7)
1	2026-01-01 12:10:54.000	23067	901	808	0	3.57	5	-5	6	99	27	(7,6)
1	2026-01-01 12:10:55.000	23102	864	815	0	327.62	7	-7	6	99	27	(7,6)
1	2026-01-01 12:10:56.000	23137	794	715	0	348.78	5	-8	6	99	27	(6,6)
1	2026-01-01 12:10:57.000	23172	762	617	0	309.11	3	-6	6	99	24	(6,5)
1	2026-01-01 12:10:58.000	23207	750	506	0	291.15	4	-6	6	99	20	(6,4)
1	2026-01-01 12:10:59.000	23242	742	598	0	284.59	2	-6	6	99	20	(6,5)
1	2026-01-01 12:11:00.000	23277	860	501	0	288.51	4	-8	6	99	20	(7,4)
1	2026-01-01 12:11:01.000	23312	743	494	0	296.9	6	-10	6	99	20	(6,4)
1	2026-01-01 12:11:02.000	23347	642	582	0	303.93	4	-10	6	99	20	(5,5)
1	2026-01-01 12:11:03.000	23382	597	563	0	339.69	4	-10	6	99	20	(5,4)
1	2026-01-01 12:11:04.000	23417	693	464	0	4.64	5	-10	6	99	20	(5,4)
1	2026-01-01 12:11:05.000	23452	567	462	0	32.87	3	-10	6	99	20	(4,4)
1	2026-01-01 12:11:06.000	23487	541	471	0	7.06	3	-8	6	99	20	(4,4)
1	2026-01-01 12:11:07.000	23522	607	485	0	18.16	2	-7	6	99	20	(5,4)
1	2026-01-01 12:11:08.000	23557	716	601	0	10.46	3	-6	11	99	20	(6,5)
1	2026-01-01 12:11:09.000	23592	696	527	0	33.49	2	-6	11	99	20	(5,4)
1	2026-01-01 12:11:10.000	23627	609	633	0	57.2	0	-6	11	99	17	(5,5)
1	2026-01-01 12:11:11.000	23662	577	750	0	98.89	0	-8	11	99	17	(5,6)
1	2026-01-01 12:11:12.000	23697	465	675	0	92.67	-2	-9	11	99	13	(4,5)
1	2026-01-01 12:11:13.000	23732	566	580	0	126.28	-2	-10	11	99	13	(4,5)
1	2026-01-01 12:11:14.000	23767	539	543	0	155.74	-1	-10	11	99	9	(4,4)
1	2026-01-01 12:11:15.000	23802	658	519	0	165.0	1	-10	6	99	7	(5,4)
1	2026-01-01 12:11:16.000	23837	725	438	0	192.73	3	-10	6	99	7	(6,3)
1	2026-01-01 12:11:17.000	23872	806	466	0	199.7	3	-9	6	99	7	(6,4)
1	2026-01-01 12:11:18.000	23907	748	444	0	194.73	4	-10	6	99	7	(6,3)
1	2026-01-01 12:11:19.000	23942	748	503	0	179.75	4	-10	6	99	7	(6,4)
1	2026-01-01 12:11:20.000	23977	702	546	0	211.77	2	-10	6	99	7	(5,4)
1	2026-01-01 12:11:21.000	24012	767	447	0	196.07	1	-10	6	99	7	(6,3)
1	2026-01-01 12:11:22.000	24047	678	550	0	223.99	3	-10	6	99	7	(5,4)
1	2026-01-01 12:11:23.000	24082	597	641	0	214.2	3	-10	6	99	7	(5,5)
1	2026-01-01 12:11:24.000	24117	725	722	8	243.72	3	-10	6	99	7	(6,6)
1	2026-01-01 12:11:25.000	24152	659	786	8	237.09	4	-10	6	99	7	(5,6)
1	2026-01-01 12:11:26.000	24187	786	746	0	239.47	3	-9	6	99	7	(6,6)
1	2026-01-01 12:11:27.000	24222	768	797	0	206.04	4	-10	6	99	7	(6,6)
1	2026-01-01 12:11:28.000	24257	830	772	0	242.02	3	-9	6	99	2	(6,6)
1	2026-01-01 12:11:29.000	24292	754	648	0	233.96	1	-10	22	99	0	(6,5)
1	2026-01-01 12:11:30.000	24327	645	567	0	224.3	2	-8	22	99	0	(5,4)
1	2026-01-01 12:11:31.000	24362	630	553	0	266.54	1	-9	22	99	0	(5,4)
1	2026-01-01 12:11:32.000	24397	556	605	0	308.14	0	-9	22	99	0	(4,5)
1	2026-01-01 12:11:33.000	24432	568	548	40	343.99	1	-7	22	99	0	(4,4)
1	2026-01-01 12:11:34.000	24467	650	469	40	13.31	1	-9	22	99	0	(5,4)
1	2026-01-01 12:11:35.000	24502	521	479	40	39.71	3	-8	22	99	0	(4,4)
1	2026-01-01 12:11:36.000	24537	596	570	40	20.02	2	-7	22	99	0	(5,4)
1	2026-01-01 12:11:37.000	24572	706	585	40	335.35	1	-6	22	99	0	(6,5)
1	2026-01-01 12:11:38.000	24607	744	653	40	306.74	1	-5	22	99	0	(6,5)
1	2026-01-01 12:11:39.000	24642	694	743	40	288.42	1	-4	22	99	0	(5,6)
1	2026-01-01 12:11:40.000	24677	766	678	40	331.14	1	-4	20	99	0	(6,5)
1	2026-01-01 12:11:41.000	24712	795	605	40	293.94	1	-4	20	99	0	(6,5)
1	2026-01-01 12:11:42.000	24747	694	616	40	302.11	0	-5	20	99	0	(5,5)
1	2026-01-01 12:11:43.000	24782	822	583	40	336.51	2	-7	20	99	0	(6,5)
1	2026-01-01 12:11:44.000	24817	716	525	40	317.3	4	-8	20	99	0	(6,4)
1	2026-01-01 12:11:45.000	24852	722	414	40	359.06	6	-7	20	99	0	(6,3)
1	2026-01-01 12:11:46.000	24887	830	413	40	6.88	8	-5	20	99	0	(6,3)
1	2026-01-01 12:11:47.000	24922	907	363	40	329.27	9	-5	20	99	0	(7,3)
1	2026-01-01 12:11:48.000	24957	1030	409	40	11.86	7	-7	20	99	0	(8,3)
1	2026-01-01 12:11:49.000	24992	988	334	40	338.5	8	-7	20	99	0	(8,3)
1	2026-01-01 12:11:50.000	25027	914	239	40	316.95	10	-8	20	99	0	(7,2)
1	2026-01-01 12:11:51.000	25062	962	200	40	323.53	8	-8	20	99	0	(8,2)
1	2026-01-01 12:11:52.000	25097	986	110	40	8.46	10	-10	20	99	0	(8,1)
1	2026-01-01 12:11:53.000	25132	967	163	40	17.17	10	-9	20	99	22	(8,1)
1	2026-01-01 12:11:54.000	25167	973	99	40	61.94	10	-10	20	99	22	(8,1)
1	2026-01-01 12:11:55.000	25202	1048	124	40	42.26	10	-9	20	99	22	(8,1)
1	2026-01-01 12:11:56.000	25237	957	122	40	66.94	10	-10	20	99	22	(7,1)
1	2026-01-01 12:11:57.000	25272	1075	147	0	95.16	10	-10	17	99	22	(8,1)
1	2026-01-01 12:11:58.000	25307	955	276	0	102.33	10	-10	17	99	17	(7,2)
1	2026-01-01 12:11:59.000	25342	920	320	0	66.83	8	-10	17	99	17	(7,2)
1	2026-01-01 12:12:00.000	25377	829	214	0	32.38	8	-10	17	99	17	(6,2)
1	2026-01-01 12:12:01.000	25412	915	102	32	76.94	8	-10	17	99	17	(7,1)
1	2026-01-01 12:12:02.000	25447	927	219	32	32.9	10	-9	17	99	15	(7,2)
1	2026-01-01 12:12:03.000	25482	876	175	32	14.46	10	-10	17	99	11	(7,1)
1	2026-01-01 12:12:04.000	25517	839	66	32	17.31	8	-10	17	99	11	(7,1)
1	2026-01-01 12:12:05.000	25552	831	-43	0	46.67	10	-10	17	99	11	(6,0)
1	2026-01-01 12:12:06.000	25587	742	-12	0	4.75	8	-8	17	99	11	(6,0)
1	2026-01-01 12:12:07.000	25622	619	39	0	355.2	6	-7	17	99	11	(5,0)
1	2026-01-01 12:12:08.000	25657	492	8	0	37.32	7	-8	17	99	11	(4,0)
1	2026-01-01 12:12:09.000	25692	372	14	0	63.4	8	-9	17	99	11	(3,0)
1	2026-01-01 12:12:10.000	25727	375	-113	0	77.89	10	-9	17	99	7	(3,-1)
1	2026-01-01 12:12:11.000	25762	469	-215	0	57.05	8	-9	17	99	6	(4,-2)
1	2026-01-01 12:12:12.000	25797	472	-127	0	27.92	8	-9	17	99	6	(4,-1)
1	2026-01-01 12:12:13.000	25832	472	1	0	72.42	8	-7	14	99	4	(4,0)
1	2026-01-01 12:12:14.000	25867	410	-107	0	42.68	7	-6	14	99	4	(3,-1)
1	2026-01-01 12:12:15.000	25902	444	-68	0	42.55	8	-8	14	99	1	(3,-1)
1	2026-01-01 12:12:16.000	25937	330	-105	0	24.42	10	-7	14	99	0	(3,-1)
1	2026-01-01 12:12:17.000	25972	325	-41	16	67.74	10	-8	14	99	0	(3,0)
1	2026-01-01 12:12:18.000	26007	345	-135	16	35.04	9	-8	14	99	0	(3,-1)
1	2026-01-01 12:12:19.000	26042	392	-114	16	5.0	10	-8	14	99	0	(3,-1)
1	2026-01-01 12:12:20.000	26077	463	-109	16	7.27	10	-8	14	99	0	(4,-1)
1	2026-01-01 12:12:21.000	26112	525	-84	16	334.23	8	-10	14	99	0	(4,-1)
1	2026-01-01 12:12:22.000	26147	518	11	16	337.63	8	-9	6	99	0	(4,0)
1	2026-01-01 12:12:23.000	26182	577	-37	16	323.92	9	-10	6	99	0	(5,0)
1	2026-01-01 12:12:24.000	26217	706	-82	16	332.26	10	-10	6	99	0	(6,-1)
1	2026-01-01 12:12:25.000	26252	582	-156	16	348.52	9	-8	6	99	0	(5,-1)
1	2026-01-01 12:12:26.000	26287	522	-105	16	340.95	10	-9	6	99	0	(4,-1)
1	2026-01-01 12:12:27.000	26322	622	-138	16	17.58	9	-10	6	99	0	(5,-1)
1	2026-01-01 12:12:28.000	26357	672	-113	16	1.18	8	-8	6	99	0	(5,-1)
1	2026-01-01 12:12:29.000	26392	570	14	16	331.7	10	-6	0	99	0	(4,0)
1	2026-01-01 12:12:30.000	26427	647	-29	16	350.66	10	-6	0	99	0	(5,0)
1	2026-01-01 12:12:31.000	26462	733	-119	16	341.87	10	-6	0	99	0	(6,-1)
1	2026-01-01 12:12:32.000	26497	725	-222	40	352.14	10	-4	0	99	0	(6,-2)
1	2026-01-01 12:12:33.000	26532	745	-148	40	311.35	10	-6	0	99	0	(6,-1)
1	2026-01-01 12:12:34.000	26567	863	-97	40	332.41	10	-8	0	99	0	(7,-1)
1	2026-01-01 12:12:35.000	26602	890	21	40	299.97	10	-6	0	99	0	(7,0)
1	2026-01-01 12:12:36.000	26637	814	92	40	310.0	8	-5	0	99	0	(6,1)
1	2026-01-01 12:12:37.000	26672	816	164	40	349.28	9	-5	0	99	0	(6,1)
1	2026-01-01 12:12:38.000	26707	698	160	40	347.3	10	-4	0	99	0	(5,1)
1	2026-01-01 12:12:39.000	26742	637	219	40	351.76	10	-2	0	99	13	(5,2)
1	2026-01-01 12:12:40.000	26777	507	217	40	317.75	10	0	0	99	13	(4,2)
1	2026-01-01 12:12:41.000	26812	577	299	40	309.66	10	-1	0	99	13	(5,2)
1	2026-01-01 12:12:42.000	26847	473	377	40	302.45	10	-3	0	99	13	(4,3)
1	2026-01-01 12:12:43.000	26882	578	422	40	292.1	10	-1	0	99	13	(5,3)
1	2026-01-01 12:12:44.000	26917	558	440	40	322.47	8	-1	0	99	13	(4,3)
1	2026-01-01 12:12:45.000	26952	487	566	40	304.58	6	-2	0	99	11	(4,4)
1	2026-01-01 12:12:46.000	26987	465	668	40	267.04	7	-4	0	99	8	(4,5)
1	2026-01-01 12:12:47.000	27022	358	760	40	228.71	7	-3	0	99	4	(3,6)
1	2026-01-01 12:12:48.000	27057	459	674	40	211.4	9	-2	0	99	0	(4,5)
1	2026-01-01 12:12:49.000	27092	467	790	40	241.95	8	-3	0	99	0	(4,6)
1	2026-01-01 12:12:50.000	27127	380	842	40	285.76	8	-2	0	92	0	(3,7)
1	2026-01-01 12:12:51.000	27162	364	840	40	276.96	8	-2	0	92	0	(3,7)
1	2026-01-01 12:12:52.000	27197	292	763	40	264.38	6	-3	0	92	0	(2,6)
1	2026-01-01 12:12:53.000	27232	359	860	24	230.53	4	-1	0	92	0	(3,7)
1	2026-01-01 12:12:54.000	27267	387	859	24	255.56	2	0	0	92	0	(3,7)
1	2026-01-01 12:12:55.000	27302	512	867	24	245.3	1	1	0	92	0	(4,7)
1	2026-01-01 12:12:56.000	27337	445	967	24	258.98	3	2	0	92	0	(3,8)
1	2026-01-01 12:12:57.000	27372	501	876	24	243.3	5	3	0	92	0	(4,7)
1	2026-01-01 12:12:58.000	27407	482	883	24	225.03	5	4	0	92	0	(4,7)
1	2026-01-01 12:12:59.000	27442	580	829	24	262.47	6	2	0	84	0	(5,6)
1	2026-01-01 12:13:00.000	27477	660	904	24	245.17	7	4	0	84	0	(5,7)
1	2026-01-01 12:13:01.000	27512	583	782	24	240.15	7	6	0	84	0	(5,6)
1	2026-01-01 12:13:02.000	27547	520	881	24	262.66	6	6	0	84	0	(4,7)
1	2026-01-01 12:13:03.000	27582	643	778	24	229.99	6	7	0	84	0	(5,6)
1	2026-01-01 12:13:04.000	27617	559	708	24	226.49	8	8	0	84	13	(4,6)
1	2026-01-01 12:13:05.000	27652	637	802	24	185.16	6	9	0	84	13	(5,6)
1	2026-01-01 12:13:06.000	27687	620	736	24	167.19	7	8	0	84	13	(5,6)
1	2026-01-01 12:13:07.000	27722	676	778	24	156.88	5	6	0	84	13	(5,6)
1	2026-01-01 12:13:08.000	27757	592	654	24	182.7	5	6	0	84	13	(5,5)
1	2026-01-01 12:13:09.000	27792	617	750	24	161.6	4	4	0	84	13	(5,6)
1	2026-01-01 12:13:10.000	27827	705	625	24	201.43	4	5	0	84	13	(6,5)
1	2026-01-01 12:13:11.000	27862	655	592	24	171.47	5	6	0	84	13	(5,5)
1	2026-01-01 12:13:12.000	27897	598	578	24	131.66	6	4	0	84	13	(5,5)
1	2026-01-01 12:13:13.000	27932	512	675	24	132.0	7	5	0	84	13	(4,5)
1	2026-01-01 12:13:14.000	27967	597	564	24	112.13	8	6	0	84	11	(5,4)
1	2026-01-01 12:13:15.000	28002	704	476	24	132.09	10	5	0	84	6	(6,4)
1	2026-01-01 12:13:16.000	28037	658	505	24	91.63	10	5	0	84	6	(5,4)
1	2026-01-01 12:13:17.000	28072	754	487	24	133.65	9	4	0	84	19	(6,4)
1	2026-01-01 12:13:18.000	28107	826	420	24	174.4	7	2	0	80	19	(6,3)
1	2026-01-01 12:13:19.000	28142	709	458	24	153.82	9	4	0	80	19	(6,4)
1	2026-01-01 12:13:20.000	28177	787	351	24	187.53	8	2	0	80	15	(6,3)
1	2026-01-01 12:13:21.000	28212	671	227	24	209.61	10	2	0	80	15	(5,2)
1	2026-01-01 12:13:22.000	28247	715	252	16	252.4	9	2	0	80	15	(6,2)
1	2026-01-01 12:13:23.000	28282	621	348	16	276.25	7	1	0	80	15	(5,3)
1	2026-01-01 12:13:24.000	28317	610	409	16	236.02	5	3	0	80	15	(5,3)
1	2026-01-01 12:13:25.000	28352	629	393	16	249.4	6	2	0	80	15	(5,3)
1	2026-01-01 12:13:26.000	28387	735	351	16	260.22	8	3	0	80	11	(6,3)
1	2026-01-01 12:13:27.000	28422	689	330	16	271.01	9	5	0	80	11	(5,3)
1	2026-01-01 12:13:28.000	28457	575	281	0	301.97	7	3	0	80	11	(4,2)
1	2026-01-01 12:13:29.000	28492	690	227	0	344.01	5	1	0	99	6	(5,2)
1	2026-01-01 12:13:30.000	28527	703	222	0	356.68	6	-1	0	99	6	(5,2)
1	2026-01-01 12:13:31.000	28562	798	135	0	31.79	8	1	0	99	6	(6,1)
1	2026-01-01 12:13:32.000	28597	780	17	0	39.24	6	3	0	99	6	(6,0)
1	2026-01-01 12:13:33.000	28632	692	73	0	52.18	5	1	0	99	6	(5,1)
1	2026-01-01 12:13:34.000	28667	595	154	0	91.19	7	0	0	99	6	(5,1)
1	2026-01-01 12:13:35.000	28702	586	59	0	53.89	6	1	0	99	6	(5,0)
1	2026-01-01 12:13:36.000	28737	712	34	0	14.39	4	2	0	99	3	(6,0)
1	2026-01-01 12:13:37.000	28772	770	70	0	5.61	3	3	0	99	3	(6,1)
1	2026-01-01 12:13:38.000	28807	759	18	0	35.72	5	2	0	99	3	(6,0)
1	2026-01-01 12:13:39.000	28842	640	137	0	48.39	4	1	0	99	3	(5,1)
1	2026-01-01 12:13:40.000	28877	548	86	0	16.05	2	3	0	99	3	(4,1)
1	2026-01-01 12:13:41.000	28912	444	50	0	345.11	0	4	0	99	3	(3,0)
1	2026-01-01 12:13:42.000	28947	325	-45	0	12.36	0	6	0	99	3	(3,0)
1	2026-01-01 12:13:43.000	28982	325	-56	0	14.41	-1	8	0	99	3	(3,0)
1	2026-01-01 12:13:44.000	29017	322	-120	0	333.62	-3	9	0	99	3	(3,-1)
1	2026-01-01 12:13:45.000	29052	393	-200	0	6.68	-5	8	0	99	3	(3,-2)
1	2026-01-01 12:13:46.000	29087	365	-240	0	34.86	-6	8	0	99	1	(3,-2)
1	2026-01-01 12:13:47.000	29122	250	-229	0	65.34	-6	10	0	99	1	(2,-2)
1	2026-01-01 12:13:48.000	29157	304	-326	0	98.64	-6	9	0	99	0	(2,-3)
1	2026-01-01 12:13:49.000	29192	430	-357	0	117.19	-7	10	0	99	0	(3,-3)
1	2026-01-01 12:13:50.000	29227	435	-229	0	118.88	-5	8	0	99	0	(3,-2)
1	2026-01-01 12:13:51.000	29262	329	-106	8	152.83	-6	7	0	99	0	(3,-1)
1	2026-01-01 12:13:52.000	29297	241	22	8	146.6	-8	8	0	99	0	(2,0)
1	2026-01-01 12:13:53.000	29332	185	77	0	156.38	-8	6	0	99	0	(1,1)
1	2026-01-01 12:13:54.000	29367	162	149	0	146.85	-7	4	0	99	0	(1,1)
1	2026-01-01 12:13:55.000	29402	291	269	0	128.04	-6	3	0	99	0	(2,2)
1	2026-01-01 12:13:56.000	29437	420	235	0	103.76	-4	1	0	99	0	(3,2)
1	2026-01-01 12:13:57.000	29472	447	127	16	72.93	-4	1	0	99	0	(3,1)
1	2026-01-01 12:13:58.000	29507	543	241	16	99.5	-3	2	0	99	0	(4,2)
1	2026-01-01 12:13:59.000	29542	475	300	16	66.34	-5	3	0	99	0	(4,2)
1	2026-01-01 12:14:00.000	29577	584	359	16	30.37	-6	1	0	99	0	(5,3)
1	2026-01-01 12:14:01.000	29612	573	458	16	23.87	-8	-1	0	99	0	(4,4)
1	2026-01-01 12:14:02.000	29647	501	538	16	350.92	-8	-3	0	99	0	(4,4)
1	2026-01-01 12:14:03.000	29682	437	573	16	326.11	-6	-5	0	99	0	(3,4)
1	2026-01-01 12:14:04.000	29717	532	489	16	326.73	-5	-3	0	99	0	(4,4)
1	2026-01-01 12:14:05.000	29752	516	529	16	320.64	-3	-5	0	97	0	(4,4)
1	2026-01-01 12:14:06.000	29787	428	458	16	297.73	-1	-4	0	97	0	(3,4)
1	2026-01-01 12:14:07.000	29822	466	503	16	319.96	0	-2	0	97	0	(4,4)
1	2026-01-01 12:14:08.000	29857	562	583	16	349.47	2	-4	0	97	0	(4,5)
1	2026-01-01 12:14:09.000	29892	459	500	16	25.06	0	-2	0	93	0	(4,4)
1	2026-01-01 12:14:10.000	29927	381	545	16	352.46	2	-1	0	93	0	(3,4)
1	2026-01-01 12:14:11.000	29962	252	527	16	9.96	1	-3	0	93	0	(2,4)
1	2026-01-01 12:14:12.000	29997	224	470	16	351.89	0	-3	0	93	0	(2,4)
1	2026-01-01 12:14:13.000	30032	323	380	16	318.17	1	-1	0	93	0	(3,3)
1	2026-01-01 12:14:14.000	30067	415	428	16	275.73	0	-1	0	93	0	(3,3)
1	2026-01-01 12:14:15.000	30102	379	503	16	262.24	1	-3	0	93	0	(3,4)
1	2026-01-01 12:14:16.000	30137	444	418	16	273.01	1	-5	0	93	0	(3,3)
1	2026-01-01 12:14:17.000	30172	425	455	16	260.17	3	-5	0	93	0	(3,4)
1	2026-01-01 12:14:18.000	30207	359	448	16	222.26	5	-3	0	93	0	(3,4)
1	2026-01-01 12:14:19.000	30242	259	372	16	177.78	7	-2	0	93	0	(2,3)
1	2026-01-01 12:14:20.000	30277	347	395	16	173.03	5	-2	0	93	0	(3,3)
1	2026-01-01 12:14:21.000	30312	425	331	16	180.56	6	-4	0	93	0	(3,3)
1	2026-01-01 12:14:22.000	30347	440	418	16	182.47	5	-6	0	93	0	(3,3)
1	2026-01-01 12:14:23.000	30382	407	436	16	158.44	4	-7	0	93	0	(3,3)
1	2026-01-01 12:14:24.000	30417	377	379	16	192.88	6	-9	0	93	0	(3,3)
1	2026-01-01 12:14:25.000	30452	294	458	16	229.16	7	-8	0	93	0	(2,4)
1	2026-01-01 12:14:26.000	30487	200	468	16	216.54	5	-9	0	93	0	(2,4)
1	2026-01-01 12:14:27.000	30522	279	459	16	183.99	5	-9	0	93	0	(2,4)
1	2026-01-01 12:14:28.000	30557	178	449	16	225.13	7	-10	0	93	0	(1,4)
1	2026-01-01 12:14:29.000	30592	226	367	16	225.62	5	-8	0	93	0	(2,3)
1	2026-01-01 12:14:30.000	30627	113	311	128	259.4	6	-8	0	93	0	(1,2)
1	2026-01-01 12:14:31.000	30662	92	235	128	263.69	4	-9	0	93	0	(1,2)
1	2026-01-01 12:14:32.000	30697	198	125	128	271.98	2	-10	0	106	0	(2,1)
1	2026-01-01 12:14:33.000	30732	75	118	128	287.49	0	-10	0	106	0	(1,1)
1	2026-01-01 12:14:34.000	30767	138	212	8	253.85	-1	-9	0	106	0	(1,2)
1	2026-01-01 12:14:35.000	30802	268	252	8	256.22	1	-10	0	106	0	(2,2)
1	2026-01-01 12:14:36.000	30837	211	139	8	259.95	1	-8	0	106	0	(2,1)
1	2026-01-01 12:14:37.000	30872	177	150	8	220.81	-1	-8	0	106	0	(1,1)
1	2026-01-01 12:14:38.000	30907	218	146	8	252.75	-1	-7	0	106	0	(2,1)
1	2026-01-01 12:14:39.000	30942	203	160	8	223.18	-1	-9	0	106	0	(2,1)
1	2026-01-01 12:14:40.000	30977	213	93	8	246.42	1	-8	0	106	0	(2,1)
1	2026-01-01 12:14:41.000	31012	104	184	8	258.18	0	-7	0	106	0	(1,1)
1	2026-01-01 12:14:42.000	31047	169	268	8	220.65	1	-6	0	106	0	(1,2)
1	2026-01-01 12:14:43.000	31082	96	346	8	189.46	2	-7	0	106	0	(1,3)
1	2026-01-01 12:14:44.000	31117	-26	251	32	210.53	4	-7	0	106	0	(0,2)
1	2026-01-01 12:14:45.000	31152	-38	289	32	177.63	2	-9	0	106	0	(0,2)
1	2026-01-01 12:14:46.000	31187	-139	172	32	153.68	2	-8	0	106	0	(-1,1)
1	2026-01-01 12:14:47.000	31222	-12	195	32	194.32	4	-9	0	106	0	(0,2)
1	2026-01-01 12:14:48.000	31257	-88	318	32	202.78	3	-8	0	106	0	(-1,2)
1	2026-01-01 12:14:49.000	31292	-166	277	32	208.31	5	-10	0	106	0	(-1,2)
1	2026-01-01 12:14:50.000	31327	-173	196	32	188.6	6	-10	0	106	0	(-1,2)
1	2026-01-01 12:14:51.000	31362	-223	100	32	167.86	8	-10	0	106	0	(-2,1)
1	2026-01-01 12:14:52.000	31397	-152	9	32	204.34	8	-10	0	106	0	(-1,0)
1	2026-01-01 12:14:53.000	31432	-97	-39	32	234.67	6	-10	0	106	0	(-1,0)
1	2026-01-01 12:14:54.000	31467	-66	-116	32	270.71	4	-9	0	106	0	(-1,-1)
1	2026-01-01 12:14:55.000	31502	-141	-45	8	315.27	4	-9	0	106	0	(-1,0)
1	2026-01-01 12:14:56.000	31537	-38	9	8	296.25	5	-8	0	106	23	(0,0)
1	2026-01-01 12:14:57.000	31572	-31	104	8	290.81	7	-8	0	106	23	(0,1)
1	2026-01-01 12:14:58.000	31607	-11	74	8	320.95	9	-7	0	106	23	(0,1)
1	2026-01-01 12:14:59.000	31642	-37	-21	8	337.43	9	-9	0	106	23	(0,0)
1	2026-01-01 12:15:00.000	31677	-22	-61	8	315.32	10	-10	0	106	23	(0,0)
1	2026-01-01 12:15:01.000	31712	-146	-37	0	357.1	8	-10	0	106	23	(-1,0)
1	2026-01-01 12:15:02.000	31747	-71	-21	0	39.4	10	-8	0	106	23	(-1,0)
1	2026-01-01 12:15:03.000	31782	-51	45	24	15.99	10	-10	0	106	23	(0,0)
1	2026-01-01 12:15:04.000	31817	-40	21	24	53.43	8	-10	0	106	21	(0,0)
1	2026-01-01 12:15:05.000	31852	-170	123	24	51.5	6	-9	0	106	21	(-1,1)
1	2026-01-01 12:15:06.000	31887	-185	123	24	38.3	8	-10	0	102	21	(-1,1)
1	2026-01-01 12:15:07.000	31922	-284	103	24	358.61	7	-8	0	102	21	(-2,1)
1	2026-01-01 12:15:08.000	31957	-366	155	24	19.39	5	-10	0	102	21	(-3,1)
1	2026-01-01 12:15:09.000	31992	-344	63	24	58.14	5	-9	0	102	21	(-3,0)
1	2026-01-01 12:15:10.000	32027	-300	125	24	58.38	5	-10	0	102	21	(-2,1)
1	2026-01-01 12:15:11.000	32062	-273	203	24	28.06	6	-10	0	102	21	(-2,2)
1	2026-01-01 12:15:12.000	32097	-153	260	24	356.72	5	-10	0	102	21	(-1,2)
1	2026-01-01 12:15:13.000	32132	-29	289	24	3.44	3	-10	0	102	21	(0,2)
1	2026-01-01 12:15:14.000	32167	74	355	24	332.71	2	-9	0	102	21	(1,3)
1	2026-01-01 12:15:15.000	32202	70	451	24	351.84	4	-8	0	102	21	(1,4)
1	2026-01-01 12:15:16.000	32237	123	490	24	326.38	2	-9	0	102	21	(1,4)
1	2026-01-01 12:15:17.000	32272	114	396	24	11.32	1	-8	0	102	21	(1,3)
1	2026-01-01 12:15:18.000	32307	195	477	24	351.23	-1	-10	0	102	20	(2,4)
1	2026-01-01 12:15:19.000	32342	202	400	24	330.36	-1	-9	0	102	20	(2,3)
1	2026-01-01 12:15:20.000	32377	226	516	24	334.97	1	-8	0	106	20	(2,4)
1	2026-01-01 12:15:21.000	32412	182	467	24	310.16	-1	-9	0	106	20	(1,4)
1	2026-01-01 12:15:22.000	32447	131	405	24	316.5	-2	-10	0	106	20	(1,3)
1	2026-01-01 12:15:23.000	32482	7	362	24	326.32	-2	-10	0	106	16	(0,3)
1	2026-01-01 12:15:24.000	32517	-85	412	24	295.23	0	-10	0	106	16	(-1,3)
1	2026-01-01 12:15:25.000	32552	-26	336	24	257.16	1	-10	0	106	15	(0,3)
1	2026-01-01 12:15:26.000	32587	-122	318	24	219.17	0	-8	0	106	15	(-1,2)
1	2026-01-01 12:15:27.000	32622	-241	359	24	231.48	-1	-6	0	106	14	(-2,3)
1	2026-01-01 12:15:28.000	32657	-177	460	24	195.83	-1	-8	0	106	11	(-1,4)
1	2026-01-01 12:15:29.000	32692	-199	586	24	221.68	-2	-10	0	106	7	(-2,5)
1	2026-01-01 12:15:30.000	32727	-207	636	24	181.81	-3	-9	0	106	4	(-2,5)
1	2026-01-01 12:15:31.000	32762	-192	743	24	226.39	-5	-10	0	106	4	(-2,6)
1	2026-01-01 12:15:32.000	32797	-70	746	24	189.52	-6	-9	0	106	4	(-1,6)
1	2026-01-01 12:15:33.000	32832	-120	853	24	169.22	-5	-10	0	106	4	(-1,7)
1	2026-01-01 12:15:34.000	32867	-162	738	24	147.29	-3	-8	0	106	3	(-1,6)
1	2026-01-01 12:15:35.000	32902	-121	757	24	158.38	-5	-10	16	106	3	(-1,6)
1	2026-01-01 12:15:36.000	32937	-102	773	24	184.49	-4	-10	9	106	3	(-1,6)
1	2026-01-01 12:15:37.000	32972	-80	773	24	158.15	-6	-10	9	106	3	(-1,6)
1	2026-01-01 12:15:38.000	33007	-146	787	24	150.17	-8	-10	9	106	3	(-1,6)
1	2026-01-01 12:15:39.000	33042	-236	888	8	152.57	-6	-10	9	106	3	(-2,7)
1	2026-01-01 12:15:40.000	33077	-167	808	8	141.9	-7	-9	9	106	0	(-1,6)
1	2026-01-01 12:15:41.000	33112	-268	804	8	143.42	-7	-7	9	106	0	(-2,6)
1	2026-01-01 12:15:42.000	33147	-231	728	8	186.9	-8	-7	9	106	0	(-2,6)
1	2026-01-01 12:15:43.000	33182	-167	628	0	213.93	-10	-6	9	106	0	(-1,5)
1	2026-01-01 12:15:44.000	33217	-220	505	0	254.62	-10	-7	9	106	0	(-2,4)
1	2026-01-01 12:15:45.000	33252	-149	569	0	285.03	-9	-8	9	106	0	(-1,4)
1	2026-01-01 12:15:46.000	33287	-161	651	0	291.56	-10	-10	9	106	0	(-1,5)
1	2026-01-01 12:15:47.000	33322	-58	595	0	256.83	-10	-10	9	106	0	(0,5)
1	2026-01-01 12:15:48.000	33357	54	606	0	239.85	-10	-10	9	106	0	(0,5)
1	2026-01-01 12:15:49.000	33392	57	612	0	274.29	-10	-9	9	106	0	(0,5)
1	2026-01-01 12:15:50.000	33427	-52	642	0	316.05	-10	-9	9	106	0	(0,5)
1	2026-01-01 12:15:51.000	33462	-63	569	0	320.75	-10	-10	9	106	0	(0,4)
1	2026-01-01 12:15:52.000	33497	-55	658	0	337.59	-10	-10	9	106	0	(0,5)
1	2026-01-01 12:15:53.000	33532	26	575	0	353.44	-10	-10	9	106	0	(0,4)
1	2026-01-01 12:15:54.000	33567	65	602	0	352.93	-9	-10	9	106	0	(1,5)
1	2026-01-01 12:15:55.000	33602	11	697	0	36.27	-7	-8	9	106	0	(0,5)
1	2026-01-01 12:15:56.000	33637	-45	652	0	40.47	-8	-8	9	106	0	(0,5)
1	2026-01-01 12:15:57.000	33672	47	657	0	33.94	-8	-6	9	106	0	(0,5)
1	2026-01-01 12:15:58.000	33707	4	546	0	2.25	-6	-4	1	106	0	(0,4)
1	2026-01-01 12:15:59.000	33742	-41	634	0	37.32	-5	-3	1	106	0	(0,5)
1	2026-01-01 12:16:00.000	33777	24	590	0	71.47	-6	-2	1	106	0	(0,5)
1	2026-01-01 12:16:01.000	33812	122	607	0	29.41	-6	-2	1	106	0	(1,5)
1	2026-01-01 12:16:02.000	33847	69	631	0	353.81	-8	-1	1	106	0	(1,5)
1	2026-01-01 12:16:03.000	33882	195	732	128	326.97	-9	-1	1	106	0	(2,6)
1	2026-01-01 12:16:04.000	33917	257	832	128	7.99	-10	1	1	106	0	(2,6)
1	2026-01-01 12:16:05.000	33952	192	826	128	23.54	-9	3	1	106	16	(2,6)
1	2026-01-01 12:16:06.000	33987	63	916	16	65.73	-7	4	0	106	16	(0,7)
1	2026-01-01 12:16:07.000	34022	148	909	16	44.6	-5	3	0	106	16	(1,7)
1	2026-01-01 12:16:08.000	34057	162	945	16	13.25	-5	4	0	106	16	(1,7)
1	2026-01-01 12:16:09.000	34092	273	946	16	352.62	-4	5	0	106	16	(2,7)
1	2026-01-01 12:16:10.000	34127	368	852	16	17.21	-4	4	0	106	11	(3,7)
1	2026-01-01 12:16:11.000	34162	276	872	16	335.46	-4	2	0	106	11	(2,7)
1	2026-01-01 12:16:12.000	34197	183	926	16	341.34	-5	3	0	106	8	(1,7)
1	2026-01-01 12:16:13.000	34232	166	862	16	314.89	-6	2	0	106	4	(1,7)
1	2026-01-01 12:16:14.000	34267	214	960	16	346.21	-6	2	0	106	0	(2,8)
1	2026-01-01 12:16:15.000	34302	343	921	16	16.92	-7	0	0	106	0	(3,7)
1	2026-01-01 12:16:16.000	34337	417	1019	16	38.6	-8	1	0	106	0	(3,8)
1	2026-01-01 12:16:17.000	34372	351	1103	16	31.25	-8	1	0	106	0	(3,9)
1	2026-01-01 12:16:18.000	34407	429	987	16	358.67	-9	3	0	106	0	(3,8)
1	2026-01-01 12:16:19.000	34442	376	985	16	13.07	-8	1	0	106	0	(3,8)
1	2026-01-01 12:16:20.000	34477	430	926	16	8.25	-7	-1	0	106	0	(3,7)
1	2026-01-01 12:16:21.000	34512	404	935	16	341.94	-8	0	0	106	0	(3,7)
1	2026-01-01 12:16:22.000	34547	297	840	16	334.19	-10	1	0	106	0	(2,7)
1	2026-01-01 12:16:23.000	34582	186	935	16	335.72	-10	3	0	106	0	(1,7)
1	2026-01-01 12:16:24.000	34617	63	868	16	4.99	-10	2	0	106	0	(0,7)
1	2026-01-01 12:16:25.000	34652	67	890	0	2.74	-10	4	0	106	0	(1,7)
1	2026-01-01 12:16:26.000	34687	197	848	0	2.84	-10	3	17	106	0	(2,7)
1	2026-01-01 12:16:27.000	34722	131	803	0	34.47	-8	2	17	106	0	(1,6)
1	2026-01-01 12:16:28.000	34757	235	920	0	35.57	-7	2	17	106	0	(2,7)
1	2026-01-01 12:16:29.000	34792	181	994	0	33.05	-8	0	17	106	0	(1,8)
1	2026-01-01 12:16:30.000	34827	85	1114	0	3.47	-10	-1	17	106	0	(1,9)
1	2026-01-01 12:16:31.000	34862	161	1009	0	48.19	-10	-1	17	106	0	(1,8)
1	2026-01-01 12:16:32.000	34897	49	1113	0	50.73	-9	-2	17	106	0	(0,9)
1	2026-01-01 12:16:33.000	34932	11	1098	0	79.81	-10	-2	17	106	0	(0,9)
1	2026-01-01 12:16:34.000	34967	-39	986	0	78.21	-10	-4	17	106	18	(0,8)
1	2026-01-01 12:16:35.000	35002	-48	1101	0	118.04	-10	-2	17	106	18	(0,9)
1	2026-01-01 12:16:36.000	35037	-39	1097	0	126.44	-10	-2	17	106	18	(0,9)
1	2026-01-01 12:16:37.000	35072	77	985	0	135.58	-9	0	17	106	18	(1,8)
1	2026-01-01 12:16:38.000	35107	62	900	0	127.79	-9	2	17	106	18	(0,7)
1	2026-01-01 12:16:39.000	35142	32	810	0	172.68	-10	3	17	106	18	(0,6)
1	2026-01-01 12:16:40.000	35177	82	865	0	132.85	-8	3	17	106	18	(1,7)
1	2026-01-01 12:16:41.000	35212	101	786	-8	144.63	-6	1	17	106	18	(1,6)
1	2026-01-01 12:16:42.000	35247	111	912	-8	175.68	-4	-1	17	106	18	(1,7)
1	2026-01-01 12:16:43.000	35282	169	788	-8	149.95	-5	1	17	106	18	(1,6)
1	2026-01-01 12:16:44.000	35317	213	746	-8	136.78	-3	-1	17	106	18	(2,6)
1	2026-01-01 12:16:45.000	35352	99	773	-8	169.76	-1	-1	17	106	18	(1,6)
1	2026-01-01 12:16:46.000	35387	199	655	-8	173.07	-2	0	17	106	18	(2,5)
1	2026-01-01 12:16:47.000	35422	304	769	-8	140.72	-2	0	17	106	18	(2,6)
1	2026-01-01 12:16:48.000	35457	350	707	-8	132.64	-3	-2	17	106	18	(3,6)
1	2026-01-01 12:16:49.000	35492	350	632	-8	163.73	-3	-2	17	106	14	(3,5)
1	2026-01-01 12:16:50.000	35527	475	675	-8	135.31	-5	-4	17	106	14	(4,5)
1	2026-01-01 12:16:51.000	35562	425	702	-8	100.51	-6	-5	17	106	14	(3,5)
1	2026-01-01 12:16:52.000	35597	482	818	-8	58.86	-5	-5	17	106	10	(4,6)
1	2026-01-01 12:16:53.000	35632	537	850	-8	41.53	-3	-3	17	106	10	(4,7)
1	2026-01-01 12:16:54.000	35667	414	891	-8	10.96	-5	-4	17	106	10	(3,7)
1	2026-01-01 12:16:55.000	35702	293	957	-8	327.73	-7	-4	17	106	10	(2,7)
1	2026-01-01 12:16:56.000	35737	385	853	-8	12.21	-5	-5	17	106	33	(3,7)
1	2026-01-01 12:16:57.000	35772	308	833	-8	339.29	-3	-7	17	106	33	(2,7)
1	2026-01-01 12:16:58.000	35807	352	962	-8	342.05	-3	-7	17	106	28	(3,8)
1	2026-01-01 12:16:59.000	35842	262	838	-8	315.8	-5	-5	17	106	28	(2,7)
1	2026-01-01 12:17:00.000	35877	391	781	-8	345.46	-5	-4	31	106	28	(3,6)
1	2026-01-01 12:17:01.000	35912	434	823	-8	10.28	-3	-4	31	106	28	(3,6)
1	2026-01-01 12:17:02.000	35947	309	889	-8	48.73	-1	-5	31	106	28	(2,7)
1	2026-01-01 12:17:03.000	35982	222	816	-8	75.86	-1	-6	31	106	25	(2,6)
1	2026-01-01 12:17:04.000	36017	333	937	-8	62.05	-3	-7	31	106	24	(3,7)
1	2026-01-01 12:17:05.000	36052	439	970	-8	67.56	-5	-7	31	106	24	(3,8)
1	2026-01-01 12:17:06.000	36087	382	855	-8	109.32	-6	-7	31	106	19	(3,7)
1	2026-01-01 12:17:07.000	36122	321	886	16	101.91	-7	-6	23	106	19	(3,7)
1	2026-01-01 12:17:08.000	36157	312	782	16	79.04	-7	-4	23	106	19	(2,6)
1	2026-01-01 12:17:09.000	36192	380	744	16	73.43	-7	-5	23	106	19	(3,6)
1	2026-01-01 12:17:10.000	36227	351	662	16	56.24	-5	-5	23	106	19	(3,5)
1	2026-01-01 12:17:11.000	36262	277	713	16	90.75	-3	-5	23	106	35	(2,6)
1	2026-01-01 12:17:12.000	36297	364	800	16	106.3	-2	-5	23	106	34	(3,6)
1	2026-01-01 12:17:13.000	36332	285	719	16	75.99	-2	-3	15	106	34	(2,6)
1	2026-01-01 12:17:14.000	36367	235	712	16	79.83	-2	-1	15	106	34	(2,6)
1	2026-01-01 12:17:15.000	36402	185	821	16	69.26	-3	-2	15	106	30	(1,6)
1	2026-01-01 12:17:16.000	36437	267	939	16	83.93	-2	0	15	106	30	(2,7)
1	2026-01-01 12:17:17.000	36472	230	1064	16	109.68	-2	-1	15	106	30	(2,8)
1	2026-01-01 12:17:18.000	36507	331	984	16	137.9	-1	-2	15	106	28	(3,8)
1	2026-01-01 12:17:19.000	36542	253	1108	16	122.91	1	-3	15	106	28	(2,9)
1	2026-01-01 12:17:20.000	36577	165	1187	16	111.67	0	-4	15	106	28	(1,9)
1	2026-01-01 12:17:21.000	36612	142	1293	16	67.96	2	-2	15	106	28	(1,10)
1	2026-01-01 12:17:22.000	36647	252	1299	16	70.46	3	-3	15	106	23	(2,10)
1	2026-01-01 12:17:23.000	36682	200	1305	16	73.68	2	-2	15	106	23	(2,10)
1	2026-01-01 12:17:24.000	36717	295	1309	16	112.74	4	-1	15	106	18	(2,10)
1	2026-01-01 12:17:25.000	36752	347	1297	16	92.09	4	-1	15	106	18	(3,10)
1	2026-01-01 12:17:26.000	36787	271	1337	16	121.92	5	1	15	106	18	(2,10)
1	2026-01-01 12:17:27.000	36822	253	1244	16	128.82	6	0	15	106	18	(2,10)
1	2026-01-01 12:17:28.000	36857	288	1366	16	137.94	8	1	15	106	18	(2,11)
1	2026-01-01 12:17:29.000	36892	170	1426	16	179.16	8	3	15	106	18	(1,11)
1	2026-01-01 12:17:30.000	36927	226	1360	16	159.18	6	5	15	106	18	(2,11)
1	2026-01-01 12:17:31.000	36962	128	1463	16	169.54	8	5	15	106	18	(1,11)
1	2026-01-01 12:17:32.000	36997	189	1377	16	127.06	8	6	15	106	18	(1,11)
1	2026-01-01 12:17:33.000	37032	305	1330	16	110.87	6	7	15	106	18	(2,10)
1	2026-01-01 12:17:34.000	37067	263	1422	16	148.11	5	9	15	106	17	(2,11)
1	2026-01-01 12:17:35.000	37102	211	1296	16	170.53	4	9	11	106	17	(2,10)
1	2026-01-01 12:17:36.000	37137	289	1208	16	156.28	2	10	11	106	17	(2,9)
1	2026-01-01 12:17:37.000	37172	293	1098	16	169.33	0	10	11	106	17	(2,9)
1	2026-01-01 12:17:38.000	37207	391	1190	16	165.19	2	10	11	106	17	(3,9)
1	2026-01-01 12:17:39.000	37242	457	1302	16	125.57	0	10	11	106	17	(4,10)
1	2026-01-01 12:17:40.000	37277	380	1400	16	147.21	-1	8	11	106	17	(3,11)
1	2026-01-01 12:17:41.000	37312	280	1395	16	151.26	-3	8	11	106	17	(2,11)
1	2026-01-01 12:17:42.000	37347	334	1290	16	115.75	-2	8	11	106	17	(3,10)
1	2026-01-01 12:17:43.000	37382	253	1321	16	103.62	-3	10	11	106	17	(2,10)
1	2026-01-01 12:17:44.000	37417	378	1416	16	148.56	-4	10	6	106	17	(3,11)
1	2026-01-01 12:17:45.000	37452	320	1419	16	148.79	-5	9	6	106	17	(2,11)
1	2026-01-01 12:17:46.000	37487	352	1442	40	164.29	-5	8	6	106	17	(3,11)
1	2026-01-01 12:17:47.000	37522	313	1559	40	178.65	-3	6	6	106	17	(2,12)
1	2026-01-01 12:17:48.000	37557	432	1483	40	197.56	-1	6	6	106	15	(3,12)
1	2026-01-01 12:17:49.000	37592	470	1418	40	208.43	-1	4	6	106	15	(4,11)
1	2026-01-01 12:17:50.000	37627	425	1349	40	231.2	-2	5	6	106	15	(3,11)
1	2026-01-01 12:17:51.000	37662	367	1469	40	263.54	0	3	6	106	13	(3,11)
1	2026-01-01 12:17:52.000	37697	346	1581	40	231.67	2	1	6	106	13	(3,12)
1	2026-01-01 12:17:53.000	37732	300	1519	40	258.01	3	2	6	106	12	(2,12)
1	2026-01-01 12:17:54.000	37767	313	1538	40	275.52	1	2	6	106	8	(2,12)
1	2026-01-01 12:17:55.000	37802	318	1533	40	258.39	-1	3	6	106	8	(2,12)
1	2026-01-01 12:17:56.000	37837	429	1536	40	258.55	-2	4	6	106	8	(3,12)
1	2026-01-01 12:17:57.000	37872	354	1656	40	239.57	0	4	6	106	3	(3,13)
1	2026-01-01 12:17:58.000	37907	478	1721	0	282.93	1	2	6	106	3	(4,13)
1	2026-01-01 12:17:59.000	37942	358	1607	0	239.17	1	0	6	106	3	(3,13)
1	2026-01-01 12:18:00.000	37977	426	1528	0	220.08	0	-2	6	106	3	(3,12)
1	2026-01-01 12:18:01.000	38012	538	1645	0	223.65	2	-4	6	106	3	(4,13)
1	2026-01-01 12:18:02.000	38047	517	1693	0	253.11	3	-2	6	106	3	(4,13)
1	2026-01-01 12:18:03.000	38082	400	1773	0	218.67	1	0	6	106	3	(3,14)
1	2026-01-01 12:18:04.000	38117	500	1895	40	182.88	0	2	18	106	3	(4,15)
1	2026-01-01 12:18:05.000	38152	535	1921	40	208.46	2	2	27	106	3	(4,15)
1	2026-01-01 12:18:06.000	38187	518	1800	40	198.64	1	1	27	106	15	(4,14)
1	2026-01-01 12:18:07.000	38222	399	1788	40	218.42	1	-1	27	106	15	(3,14)
1	2026-01-01 12:18:08.000	38257	381	1696	40	243.77	-1	-1	27	106	14	(3,13)
1	2026-01-01 12:18:09.000	38292	428	1662	40	287.71	-1	-2	18	106	14	(3,13)
1	2026-01-01 12:18:10.000	38327	385	1717	40	321.11	-2	-4	18	106	14	(3,13)
1	2026-01-01 12:18:11.000	38362	457	1759	40	353.83	-2	-5	18	106	36	(4,14)
1	2026-01-01 12:18:12.000	38397	328	1631	40	338.63	-4	-3	18	106	31	(3,13)
1	2026-01-01 12:18:13.000	38432	331	1711	40	14.11	-3	-4	16	106	31	(3,13)
1	2026-01-01 12:18:14.000	38467	295	1748	40	30.5	-4	-5	16	106	29	(2,14)
1	2026-01-01 12:18:15.000	38502	240	1807	40	60.58	-4	-7	16	106	29	(2,14)
1	2026-01-01 12:18:16.000	38537	320	1887	40	54.67	-6	-5	16	106	29	(2,15)
1	2026-01-01 12:18:17.000	38572	437	1975	40	41.19	-5	-6	16	106	29	(3,15)
1	2026-01-01 12:18:18.000	38607	427	2028	40	58.8	-5	-5	16	106	29	(3,16)
1	2026-01-01 12:18:19.000	38642	555	2052	40	90.2	-3	-7	16	106	41	(4,16)
1	2026-01-01 12:18:20.000	38677	627	2027	40	60.46	-4	-7	16	106	41	(5,16)
1	2026-01-01 12:18:21.000	38712	539	2143	40	99.93	-2	-5	16	106	41	(4,17)
1	2026-01-01 12:18:22.000	38747	473	2215	40	101.03	-2	-7	16	106	39	(4,17)
1	2026-01-01 12:18:23.000	38782	438	2338	40	136.87	0	-8	16	106	38	(3,18)
1	2026-01-01 12:18:24.000	38817	412	2413	40	124.45	0	-7	16	106	38	(3,19)
1	2026-01-01 12:18:25.000	38852	536	2406	40	144.7	2	-5	16	106	38	(4,19)
1	2026-01-01 12:18:26.000	38887	642	2482	40	181.6	0	-4	16	106	38	(5,19)
1	2026-01-01 12:18:27.000	38922	750	2593	8	187.88	2	-2	16	106	50	(6,20)
1	2026-01-01 12:18:28.000	38957	663	2699	8	160.65	2	0	16	106	50	(5,21)
1	2026-01-01 12:18:29.000	38992	592	2654	8	160.86	1	2	16	106	50	(5,21)
1	2026-01-01 12:18:30.000	39027	514	2731	8	172.91	1	3	16	106	50	(4,21)
1	2026-01-01 12:18:31.000	39062	628	2767	8	178.24	-1	2	16	106	50	(5,22)
1	2026-01-01 12:18:32.000	39097	513	2732	8	200.8	0	1	16	106	50	(4,21)
1	2026-01-01 12:18:33.000	39132	549	2853	8	223.84	1	2	16	106	50	(4,22)
1	2026-01-01 12:18:34.000	39167	630	2971	8	184.54	1	4	16	106	50	(5,23)
1	2026-01-01 12:18:35.000	39202	702	2911	8	167.06	1	6	16	106	50	(5,23)
1	2026-01-01 12:18:36.000	39237	705	2894	8	146.74	2	5	16	106	50	(6,23)
1	2026-01-01 12:18:37.000	39272	705	2945	8	149.9	4	3	16	106	50	(6,23)
1	2026-01-01 12:18:38.000	39307	671	3073	8	164.22	5	2	16	106	50	(5,24)
1	2026-01-01 12:18:39.000	39342	619	3180	-8	204.62	3	4	16	106	45	(5,25)
1	2026-01-01 12:18:40.000	39377	588	3107	-8	199.76	1	4	16	106	45	(5,24)
1	2026-01-01 12:18:41.000	39412	676	3191	-8	239.62	-1	5	16	106	44	(5,25)
1	2026-01-01 12:18:42.000	39447	694	3314	-8	267.59	1	6	16	106	44	(5,26)
1	2026-01-01 12:18:43.000	39482	794	3370	56	233.27	2	7	16	106	44	(6,26)
1	2026-01-01 12:18:44.000	39517	665	3332	56	199.63	2	8	16	106	44	(5,26)
1	2026-01-01 12:18:45.000	39552	751	3334	56	195.92	3	9	16	106	44	(6,26)
1	2026-01-01 12:18:46.000	39587	873	3220	56	210.35	1	10	16	106	44	(7,25)
1	2026-01-01 12:18:47.000	39622	813	3256	56	197.88	1	8	16	106	44	(6,25)
1	2026-01-01 12:18:48.000	39657	826	3323	128	192.34	0	9	16	106	41	(6,26)
1	2026-01-01 12:18:49.000	39692	702	3226	24	162.26	-2	7	16	106	40	(5,25)
1	2026-01-01 12:18:50.000	39727	801	3208	24	193.88	-1	7	16	106	40	(6,25)
1	2026-01-01 12:18:51.000	39762	925	3204	24	189.37	-2	7	16	106	40	(7,25)
1	2026-01-01 12:18:52.000	39797	849	3113	24	195.39	0	9	16	106	40	(7,24)
1	2026-01-01 12:18:53.000	39832	802	3015	24	169.63	0	10	16	106	40	(6,24)
1	2026-01-01 12:18:54.000	39867	678	2942	24	200.08	-1	10	16	106	40	(5,23)
1	2026-01-01 12:18:55.000	39902	750	3016	24	192.35	-3	10	16	106	40	(6,24)
1	2026-01-01 12:18:56.000	39937	880	2909	24	209.49	-3	8	16	106	40	(7,23)
1	2026-01-01 12:18:57.000	39972	883	2993	24	208.92	-4	6	16	106	39	(7,23)
1	2026-01-01 12:18:58.000	40007	847	2972	24	249.6	-6	8	16	106	36	(7,23)
1	2026-01-01 12:18:59.000	40042	910	2994	24	233.71	-5	6	16	106	36	(7,23)
1	2026-01-01 12:19:00.000	40077	871	2936	24	246.7	-7	5	16	106	36	(7,23)
1	2026-01-01 12:19:01.000	40112	842	2850	24	215.05	-6	3	16	106	36	(7,22)
1	2026-01-01 12:19:02.000	40147	849	2779	24	244.74	-4	5	16	106	36	(7,22)
1	2026-01-01 12:19:03.000	40182	899	2821	24	273.14	-5	5	16	106	31	(7,22)
1	2026-01-01 12:19:04.000	40217	809	2883	24	308.9	-5	7	16	106	31	(6,23)
1	2026-01-01 12:19:05.000	40252	877	2862	24	315.77	-5	6	16	106	31	(7,22)
1	2026-01-01 12:19:06.000	40287	909	2914	24	284.28	-4	7	16	106	31	(7,23)
1	2026-01-01 12:19:07.000	40322	814	2886	0	305.67	-3	8	16	106	31	(6,23)
1	2026-01-01 12:19:08.000	40357	885	3001	0	314.94	-5	8	16	106	31	(7,23)
1	2026-01-01 12:19:09.000	40392	975	3029	0	291.77	-5	6	16	106	31	(8,24)
1	2026-01-01 12:19:10.000	40427	1044	3089	0	268.6	-3	8	16	106	31	(8,24)
1	2026-01-01 12:19:11.000	40462	1007	3145	0	249.8	-5	10	16	106	31	(8,25)
1	2026-01-01 12:19:12.000	40497	904	3139	0	244.8	-4	9	16	106	30	(7,25)
1	2026-01-01 12:19:13.000	40532	901	3170	0	218.02	-5	10	16	106	30	(7,25)
1	2026-01-01 12:19:14.000	40567	974	3193	0	225.65	-3	8	16	106	30	(8,25)
1	2026-01-01 12:19:15.000	40602	890	3064	0	257.55	-1	9	16	106	30	(7,24)
1	2026-01-01 12:19:16.000	40637	993	3030	0	215.49	-1	9	16	106	30	(8,24)
1	2026-01-01 12:19:17.000	40672	989	3018	0	226.79	0	10	16	106	30	(8,24)
1	2026-01-01 12:19:18.000	40707	1073	2940	0	252.59	1	9	16	106	30	(8,23)
1	2026-01-01 12:19:19.000	40742	1193	2846	0	251.4	2	10	9	106	30	(9,22)
1	2026-01-01 12:19:20.000	40777	1136	2810	0	222.34	4	9	9	106	30	(9,22)
1	2026-01-01 12:19:21.000	40812	1009	2940	0	180.65	2	8	9	106	30	(8,23)
1	2026-01-01 12:19:22.000	40847	902	2947	0	200.81	0	7	9	106	30	(7,23)
1	2026-01-01 12:19:23.000	40882	829	2913	0	190.3	2	9	9	106	30	(6,23)
1	2026-01-01 12:19:24.000	40917	836	2858	0	147.72	2	10	9	106	30	(7,22)
1	2026-01-01 12:19:25.000	40952	720	2877	0	108.26	3	8	9	106	30	(6,22)
1	2026-01-01 12:19:26.000	40987	690	2846	0	135.63	1	10	9	106	27	(5,22)
1	2026-01-01 12:19:27.000	41022	670	2923	0	176.1	3	10	9	106	27	(5,23)
1	2026-01-01 12:19:28.000	41057	551	2955	0	184.95	2	10	9	106	27	(4,23)
1	2026-01-01 12:19:29.000	41092	504	2872	0	222.22	0	10	9	106	27	(4,22)
1	2026-01-01 12:19:30.000	41127	604	3001	0	213.2	-1	8	9	106	27	(5,23)
1	2026-01-01 12:19:31.000	41162	725	2984	0	192.7	-1	7	9	106	27	(6,23)
1	2026-01-01 12:19:32.000	41197	798	3010	0	177.43	-2	5	23	106	27	(6,24)
1	2026-01-01 12:19:33.000	41232	700	2975	0	204.94	0	6	23	106	27	(5,23)
1	2026-01-01 12:19:34.000	41267	637	2848	0	220.7	-1	7	23	106	23	(5,22)
1	2026-01-01 12:19:35.000	41302	544	2787	0	194.51	1	5	23	106	23	(4,22)
1	2026-01-01 12:19:36.000	41337	632	2807	0	157.33	2	7	19	106	43	(5,22)
1	2026-01-01 12:19:37.000	41372	565	2679	0	177.04	0	6	19	106	43	(4,21)
1	2026-01-01 12:19:38.000	41407	453	2770	0	207.28	2	5	19	106	43	(4,22)
1	2026-01-01 12:19:39.000	41442	444	2683	0	230.09	2	6	24	106	39	(3,21)
1	2026-01-01 12:19:40.000	41477	498	2657	56	260.62	4	6	24	106	34	(4,21)
1	2026-01-01 12:19:41.000	41512	400	2688	56	224.0	6	7	34	106	30	(3,21)
1	2026-01-01 12:19:42.000	41547	463	2777	56	235.05	6	5	34	106	25	(4,22)
1	2026-01-01 12:19:43.000	41582	586	2895	56	255.19	7	4	34	106	25	(5,23)
1	2026-01-01 12:19:44.000	41617	625	2879	56	236.25	5	6	34	106	25	(5,22)
1	2026-01-01 12:19:45.000	41652	723	2797	56	253.85	3	8	34	106	25	(6,22)
1	2026-01-01 12:19:46.000	41687	690	2926	56	285.76	1	6	34	106	25	(5,23)
1	2026-01-01 12:19:47.000	41722	635	2982	56	322.46	-1	8	34	106	21	(5,23)
1	2026-01-01 12:19:48.000	41757	749	2915	56	342.24	1	10	34	106	21	(6,23)
1	2026-01-01 12:19:49.000	41792	745	2882	56	15.54	3	8	34	106	21	(6,23)
1	2026-01-01 12:19:50.000	41827	726	2952	56	9.05	5	10	34	106	21	(6,23)
1	2026-01-01 12:19:51.000	41862	634	3010	56	349.14	3	9	34	106	21	(5,24)
1	2026-01-01 12:19:52.000	41897	579	3051	32	357.47	5	8	34	106	21	(5,24)
1	2026-01-01 12:19:53.000	41932	496	3002	32	355.2	3	7	34	106	21	(4,23)
1	2026-01-01 12:19:54.000	41967	486	2884	32	32.85	1	9	34	106	17	(4,23)
1	2026-01-01 12:19:55.000	42002	452	2831	32	56.6	1	7	34	106	17	(4,22)
1	2026-01-01 12:19:56.000	42037	546	2935	32	96.45	3	7	34	106	17	(4,23)
1	2026-01-01 12:19:57.000	42072	515	2915	32	71.89	5	9	34	106	17	(4,23)
1	2026-01-01 12:19:58.000	42107	476	2991	8	100.92	4	10	34	106	17	(4,23)
1	2026-01-01 12:19:59.000	42142	596	2909	8	89.89	5	10	34	106	17	(5,23)
2	2026-01-01 14:00:00.000	177	-1462	1359	0	160.95	7	5	87	97	33	(-11,11)
2	2026-01-01 14:00:01.000	212	-1411	1243	0	177.35	5	5	87	97	33	(-11,10)
2	2026-01-01 14:00:02.000	247	-1336	1324	0	158.19	6	5	87	97	33	(-10,10)
2	2026-01-01 14:00:03.000	282	-1270	1355	0	134.57	8	7	87	97	33	(-10,11)
2	2026-01-01 14:00:04.000	317	-1340	1275	64	160.54	10	7	87	97	30	(-10,10)
2	2026-01-01 14:00:05.000	352	-1461	1219	64	153.81	9	6	87	97	30	(-11,10)
2	2026-01-01 14:00:06.000	387	-1395	1314	64	196.31	9	4	87	97	30	(-11,10)
2	2026-01-01 14:00:07.000	422	-1348	1241	16	194.47	10	6	87	97	29	(-11,10)
2	2026-01-01 14:00:08.000	457	-1414	1246	16	150.95	8	6	87	97	29	(-11,10)
2	2026-01-01 14:00:09.000	492	-1382	1253	16	180.44	6	8	87	97	29	(-11,10)
2	2026-01-01 14:00:10.000	527	-1498	1198	16	165.29	4	10	87	97	29	(-12,9)
2	2026-01-01 14:00:11.000	562	-1382	1187	16	144.62	4	10	87	97	29	(-11,9)
2	2026-01-01 14:00:12.000	597	-1404	1195	16	185.04	4	10	87	97	29	(-11,9)
2	2026-01-01 14:00:13.000	632	-1294	1237	16	154.36	2	8	87	97	29	(-10,10)
2	2026-01-01 14:00:14.000	667	-1393	1266	16	151.37	4	8	87	97	24	(-11,10)
2	2026-01-01 14:00:15.000	702	-1458	1283	16	185.73	3	10	87	97	24	(-11,10)
2	2026-01-01 14:00:16.000	737	-1582	1193	16	140.8	3	10	87	97	24	(-12,9)
2	2026-01-01 14:00:17.000	772	-1563	1079	16	147.19	2	10	87	97	24	(-12,8)
2	2026-01-01 14:00:18.000	807	-1564	1130	16	118.77	3	9	87	97	24	(-12,9)
2	2026-01-01 14:00:19.000	842	-1639	1248	16	162.06	5	8	87	97	24	(-13,10)
2	2026-01-01 14:00:20.000	877	-1718	1291	16	147.59	4	6	87	97	24	(-13,10)
2	2026-01-01 14:00:21.000	912	-1701	1320	16	154.7	6	4	87	97	24	(-13,10)
2	2026-01-01 14:00:22.000	947	-1647	1282	16	159.31	7	3	87	97	23	(-13,10)
2	2026-01-01 14:00:23.000	982	-1518	1357	16	121.08	9	4	87	97	23	(-12,11)
2	2026-01-01 14:00:24.000	1017	-1516	1477	16	92.98	10	5	87	97	23	(-12,12)
2	2026-01-01 14:00:25.000	1052	-1576	1462	16	78.71	9	5	87	97	20	(-12,11)
2	2026-01-01 14:00:26.000	1087	-1617	1374	16	81.63	8	4	87	97	20	(-13,11)
2	2026-01-01 14:00:27.000	1122	-1710	1437	16	96.84	10	2	87	97	20	(-13,11)
2	2026-01-01 14:00:28.000	1157	-1635	1385	16	54.76	10	3	87	97	20	(-13,11)
2	2026-01-01 14:00:29.000	1192	-1673	1347	16	25.06	9	3	87	97	20	(-13,11)
2	2026-01-01 14:00:30.000	1227	-1789	1341	8	6.62	10	2	87	97	20	(-14,10)
2	2026-01-01 14:00:31.000	1262	-1868	1365	0	351.79	9	0	87	97	20	(-15,11)
2	2026-01-01 14:00:32.000	1297	-1985	1387	0	326.34	7	1	87	97	20	(-16,11)
2	2026-01-01 14:00:33.000	1332	-1877	1475	0	311.63	7	0	87	97	20	(-15,12)
2	2026-01-01 14:00:34.000	1367	-1765	1554	0	337.21	6	0	87	97	20	(-14,12)
2	2026-01-01 14:00:35.000	1402	-1702	1645	0	349.39	5	2	86	97	20	(-13,13)
2	2026-01-01 14:00:36.000	1437	-1572	1527	0	319.67	4	3	86	97	20	(-12,12)
2	2026-01-01 14:00:37.000	1472	-1683	1467	0	312.19	6	2	86	97	33	(-13,11)
2	2026-01-01 14:00:38.000	1507	-1668	1454	0	311.18	6	1	86	97	33	(-13,11)
2	2026-01-01 14:00:39.000	1542	-1539	1488	0	271.25	5	1	86	97	33	(-12,12)
2	2026-01-01 14:00:40.000	1577	-1514	1396	0	237.17	5	3	86	97	33	(-12,11)
2	2026-01-01 14:00:41.000	1612	-1475	1398	0	213.46	3	3	86	97	33	(-12,11)
2	2026-01-01 14:00:42.000	1647	-1593	1332	0	221.95	3	2	86	97	33	(-12,10)
2	2026-01-01 14:00:43.000	1682	-1555	1395	0	237.38	5	0	86	97	33	(-12,11)
2	2026-01-01 14:00:44.000	1717	-1671	1423	0	218.92	6	-2	85	97	33	(-13,11)
2	2026-01-01 14:00:45.000	1752	-1713	1375	0	197.84	6	-1	85	97	33	(-13,11)
2	2026-01-01 14:00:46.000	1787	-1805	1469	0	173.43	7	0	85	97	33	(-14,11)
2	2026-01-01 14:00:47.000	1822	-1805	1383	0	191.71	9	0	85	97	32	(-14,11)
2	2026-01-01 14:00:48.000	1857	-1806	1305	0	211.4	10	0	85	97	32	(-14,10)
2	2026-01-01 14:00:49.000	1892	-1894	1263	0	250.89	10	-2	85	97	29	(-15,10)
2	2026-01-01 14:00:50.000	1927	-1779	1391	0	267.46	9	-1	85	97	29	(-14,11)
2	2026-01-01 14:00:51.000	1962	-1688	1297	0	236.75	10	-3	85	97	29	(-13,10)
2	2026-01-01 14:00:52.000	1997	-1689	1330	0	256.23	10	-5	77	97	29	(-13,10)
2	2026-01-01 14:00:53.000	2032	-1745	1437	0	272.94	10	-4	77	97	29	(-14,11)
2	2026-01-01 14:00:54.000	2067	-1689	1562	0	269.59	10	-3	77	97	29	(-13,12)
2	2026-01-01 14:00:55.000	2102	-1728	1436	0	263.33	10	-1	77	97	26	(-14,11)
2	2026-01-01 14:00:56.000	2137	-1820	1342	0	244.25	9	1	77	97	26	(-14,10)
2	2026-01-01 14:00:57.000	2172	-1930	1472	0	265.05	9	1	77	97	42	(-15,12)
2	2026-01-01 14:00:58.000	2207	-2013	1477	0	274.21	10	0	77	97	42	(-16,12)
2	2026-01-01 14:00:59.000	2242	-1965	1553	64	253.29	9	0	77	97	42	(-15,12)
2	2026-01-01 14:01:00.000	2277	-1856	1506	64	277.7	9	1	77	97	42	(-14,12)
2	2026-01-01 14:01:01.000	2312	-1779	1383	128	275.73	8	-1	77	97	40	(-14,11)
2	2026-01-01 14:01:02.000	2347	-1841	1419	128	266.67	7	-1	77	97	40	(-14,11)
2	2026-01-01 14:01:03.000	2382	-1901	1454	128	272.73	8	0	77	97	40	(-15,11)
2	2026-01-01 14:01:04.000	2417	-1981	1475	128	303.01	6	2	77	97	40	(-15,12)
2	2026-01-01 14:01:05.000	2452	-1947	1527	128	291.16	5	4	77	97	40	(-15,12)
2	2026-01-01 14:01:06.000	2487	-2072	1627	128	326.1	6	4	77	97	37	(-16,13)
2	2026-01-01 14:01:07.000	2522	-1981	1702	128	341.89	7	2	77	97	37	(-15,13)
2	2026-01-01 14:01:08.000	2557	-2049	1745	128	7.34	8	0	77	97	33	(-16,14)
2	2026-01-01 14:01:09.000	2592	-2060	1644	128	22.48	9	-1	77	97	33	(-16,13)
2	2026-01-01 14:01:10.000	2627	-1959	1774	128	51.16	10	1	77	97	33	(-15,14)
2	2026-01-01 14:01:11.000	2662	-2053	1694	128	56.43	10	2	77	97	33	(-16,13)
2	2026-01-01 14:01:12.000	2697	-2135	1706	128	61.3	9	3	73	97	33	(-17,13)
2	2026-01-01 14:01:13.000	2732	-2253	1596	128	58.19	9	2	73	97	28	(-18,12)
2	2026-01-01 14:01:14.000	2767	-2365	1712	128	41.56	10	4	73	97	25	(-18,13)
2	2026-01-01 14:01:15.000	2802	-2463	1811	128	80.91	10	3	73	97	25	(-19,14)
2	2026-01-01 14:01:16.000	2837	-2497	1822	128	64.03	9	3	73	97	50	(-20,14)
2	2026-01-01 14:01:17.000	2872	-2367	1752	0	53.55	10	3	70	97	50	(-18,14)
2	2026-01-01 14:01:18.000	2907	-2242	1640	0	69.94	8	5	70	97	50	(-18,13)
2	2026-01-01 14:01:19.000	2942	-2181	1579	0	59.45	6	3	70	97	47	(-17,12)
2	2026-01-01 14:01:20.000	2977	-2137	1533	0	77.05	4	4	70	97	47	(-17,12)
2	2026-01-01 14:01:21.000	3012	-2085	1595	0	80.58	6	4	70	97	47	(-16,12)
2	2026-01-01 14:01:22.000	3047	-2163	1491	0	105.24	6	3	70	97	50	(-17,12)
2	2026-01-01 14:01:23.000	3082	-2106	1383	0	147.33	5	5	70	97	50	(-16,11)
2	2026-01-01 14:01:24.000	3117	-1997	1258	56	106.47	5	5	70	97	50	(-16,10)
2	2026-01-01 14:01:25.000	3152	-1914	1248	56	144.04	3	7	66	97	49	(-15,10)
2	2026-01-01 14:01:26.000	3187	-1915	1215	56	160.47	3	7	66	97	48	(-15,9)
2	2026-01-01 14:01:27.000	3222	-1924	1145	56	185.16	2	9	66	97	48	(-15,9)
2	2026-01-01 14:01:28.000	3257	-1926	1220	56	202.14	3	8	66	97	45	(-15,10)
2	2026-01-01 14:01:29.000	3292	-1886	1246	56	229.3	3	8	66	97	45	(-15,10)
2	2026-01-01 14:01:30.000	3327	-1978	1316	24	232.19	1	9	66	97	45	(-15,10)
2	2026-01-01 14:01:31.000	3362	-1910	1380	24	189.53	0	7	66	97	45	(-15,11)
2	2026-01-01 14:01:32.000	3397	-1918	1341	24	156.97	-2	8	63	97	41	(-15,10)
2	2026-01-01 14:01:33.000	3432	-1995	1312	24	147.88	-4	8	63	97	41	(-16,10)
2	2026-01-01 14:01:34.000	3467	-2015	1187	24	154.33	-5	9	63	97	41	(-16,9)
2	2026-01-01 14:01:35.000	3502	-1893	1311	24	168.38	-4	8	63	97	41	(-15,10)
2	2026-01-01 14:01:36.000	3537	-1912	1280	24	126.36	-6	10	63	97	41	(-15,10)
2	2026-01-01 14:01:37.000	3572	-1833	1295	24	162.87	-5	10	63	97	41	(-14,10)
2	2026-01-01 14:01:38.000	3607	-1898	1396	24	197.52	-5	9	63	97	41	(-15,11)
2	2026-01-01 14:01:39.000	3642	-1782	1420	24	231.15	-6	10	63	97	41	(-14,11)
2	2026-01-01 14:01:40.000	3677	-1834	1495	24	194.41	-8	10	63	97	41	(-14,12)
2	2026-01-01 14:01:41.000	3712	-1866	1572	24	227.4	-6	9	63	97	41	(-15,12)
2	2026-01-01 14:01:42.000	3747	-1949	1569	24	190.88	-7	7	63	97	41	(-15,12)
2	2026-01-01 14:01:43.000	3782	-1883	1569	24	216.02	-7	6	63	97	41	(-15,12)
2	2026-01-01 14:01:44.000	3817	-1791	1519	24	194.91	-6	8	63	97	41	(-14,12)
2	2026-01-01 14:01:45.000	3852	-1707	1544	24	193.88	-4	7	63	97	41	(-13,12)
2	2026-01-01 14:01:46.000	3887	-1669	1445	24	227.27	-4	6	63	97	41	(-13,11)
2	2026-01-01 14:01:47.000	3922	-1674	1507	24	190.89	-2	6	63	97	41	(-13,12)
2	2026-01-01 14:01:48.000	3957	-1696	1595	24	180.24	0	8	63	97	41	(-13,12)
2	2026-01-01 14:01:49.000	3992	-1673	1504	24	205.84	2	6	63	97	41	(-13,12)
2	2026-01-01 14:01:50.000	4027	-1704	1630	0	198.03	1	6	63	97	41	(-13,13)
2	2026-01-01 14:01:51.000	4062	-1725	1574	0	224.54	1	7	63	97	41	(-13,12)
2	2026-01-01 14:01:52.000	4097	-1832	1652	0	221.78	0	9	63	97	41	(-14,13)
2	2026-01-01 14:01:53.000	4132	-1806	1589	0	249.79	2	7	63	97	41	(-14,12)
2	2026-01-01 14:01:54.000	4167	-1860	1488	0	227.92	3	8	63	97	40	(-15,12)
2	2026-01-01 14:01:55.000	4202	-1985	1494	0	269.98	4	10	63	97	40	(-16,12)
2	2026-01-01 14:01:56.000	4237	-1936	1537	56	269.25	4	10	60	97	40	(-15,12)
2	2026-01-01 14:01:57.000	4272	-1914	1570	56	270.3	2	10	60	97	40	(-15,12)
2	2026-01-01 14:01:58.000	4307	-1967	1647	56	305.38	4	9	60	97	40	(-15,13)
2	2026-01-01 14:01:59.000	4342	-2079	1684	56	272.97	2	8	60	97	40	(-16,13)
2	2026-01-01 14:02:00.000	4377	-2138	1622	56	240.74	3	7	60	97	40	(-17,13)
2	2026-01-01 14:02:01.000	4412	-2015	1505	56	209.24	5	6	58	97	39	(-16,12)
2	2026-01-01 14:02:02.000	4447	-2053	1548	56	210.11	4	6	58	97	39	(-16,12)
2	2026-01-01 14:02:03.000	4482	-2139	1608	56	231.21	5	7	58	97	39	(-17,13)
2	2026-01-01 14:02:04.000	4517	-2176	1715	56	197.89	5	5	58	97	39	(-17,13)
2	2026-01-01 14:02:05.000	4552	-2288	1786	56	184.13	7	7	58	97	39	(-18,14)
2	2026-01-01 14:02:06.000	4587	-2261	1906	56	145.33	9	6	58	97	39	(-18,15)
2	2026-01-01 14:02:07.000	4622	-2255	1794	56	110.34	9	8	58	97	39	(-18,14)
2	2026-01-01 14:02:08.000	4657	-2331	1821	56	143.08	10	9	58	97	37	(-18,14)
2	2026-01-01 14:02:09.000	4692	-2203	1942	56	107.22	8	9	58	97	37	(-17,15)
2	2026-01-01 14:02:10.000	4727	-2160	2064	56	119.42	8	10	58	97	37	(-17,16)
2	2026-01-01 14:02:11.000	4762	-2144	2161	56	156.4	10	10	58	97	37	(-17,17)
2	2026-01-01 14:02:12.000	4797	-2074	2234	56	146.55	9	10	58	97	37	(-16,17)
2	2026-01-01 14:02:13.000	4832	-1997	2109	56	146.71	10	10	58	97	37	(-16,16)
2	2026-01-01 14:02:14.000	4867	-2023	2183	56	161.03	8	8	78	97	34	(-16,17)
2	2026-01-01 14:02:15.000	4902	-1950	2307	56	155.73	6	10	78	97	34	(-15,18)
2	2026-01-01 14:02:16.000	4937	-1859	2319	56	117.6	4	10	78	97	34	(-15,18)
2	2026-01-01 14:02:17.000	4972	-1941	2252	56	78.79	5	10	78	97	34	(-15,18)
2	2026-01-01 14:02:18.000	5007	-1862	2128	56	56.71	7	9	78	97	34	(-15,17)
2	2026-01-01 14:02:19.000	5042	-1924	2105	56	76.73	9	8	78	97	34	(-15,16)
2	2026-01-01 14:02:20.000	5077	-1809	2018	56	51.17	8	10	78	97	34	(-14,16)
2	2026-01-01 14:02:21.000	5112	-1893	1937	24	59.4	7	8	78	97	32	(-15,15)
2	2026-01-01 14:02:22.000	5147	-1959	1824	24	23.12	5	6	78	97	32	(-15,14)
2	2026-01-01 14:02:23.000	5182	-1862	1822	24	343.4	7	7	78	97	29	(-15,14)
2	2026-01-01 14:02:24.000	5217	-1869	1738	24	307.06	7	8	78	97	29	(-15,14)
2	2026-01-01 14:02:25.000	5252	-1917	1753	24	285.88	7	7	78	97	29	(-15,14)
2	2026-01-01 14:02:26.000	5287	-2029	1883	24	266.47	8	7	78	97	29	(-16,15)
2	2026-01-01 14:02:27.000	5322	-2094	1898	24	249.08	10	7	78	97	28	(-16,15)
2	2026-01-01 14:02:28.000	5357	-2044	1959	24	249.94	9	8	78	97	27	(-16,15)
2	2026-01-01 14:02:29.000	5392	-2029	2062	24	231.19	8	6	78	97	27	(-16,16)
2	2026-01-01 14:02:30.000	5427	-2033	2123	24	243.63	10	8	78	97	22	(-16,17)
2	2026-01-01 14:02:31.000	5462	-1985	2226	24	278.97	9	6	78	97	22	(-16,17)
2	2026-01-01 14:02:32.000	5497	-1860	2272	24	253.17	10	8	78	97	22	(-15,18)
2	2026-01-01 14:02:33.000	5532	-1822	2227	24	255.19	10	8	78	97	22	(-14,17)
2	2026-01-01 14:02:34.000	5567	-1899	2186	24	231.34	9	10	78	97	22	(-15,17)
2	2026-01-01 14:02:35.000	5602	-2014	2252	24	239.84	9	8	78	97	22	(-16,18)
2	2026-01-01 14:02:36.000	5637	-1986	2261	24	232.01	10	9	78	97	22	(-16,18)
2	2026-01-01 14:02:37.000	5672	-1960	2236	24	234.21	10	7	78	97	22	(-15,17)
2	2026-01-01 14:02:38.000	5707	-1986	2190	24	270.96	9	5	78	97	22	(-16,17)
2	2026-01-01 14:02:39.000	5742	-1857	2222	24	254.29	10	6	78	97	22	(-15,17)
2	2026-01-01 14:02:40.000	5777	-1868	2233	24	266.57	9	4	78	97	22	(-15,17)
2	2026-01-01 14:02:41.000	5812	-1791	2241	24	259.1	9	5	78	97	22	(-14,18)
2	2026-01-01 14:02:42.000	5847	-1908	2179	24	247.94	9	4	78	106	20	(-15,17)
2	2026-01-01 14:02:43.000	5882	-1890	2117	24	279.63	7	6	78	106	20	(-15,17)
2	2026-01-01 14:02:44.000	5917	-1997	2024	24	278.06	6	5	78	106	16	(-16,16)
2	2026-01-01 14:02:45.000	5952	-2022	2101	24	257.42	8	5	78	106	16	(-16,16)
2	2026-01-01 14:02:46.000	5987	-2131	2090	0	255.29	8	4	78	106	16	(-17,16)
2	2026-01-01 14:02:47.000	6022	-2215	2096	0	266.9	10	2	78	106	16	(-17,16)
2	2026-01-01 14:02:48.000	6057	-2121	2158	0	285.36	8	0	78	106	16	(-17,17)
2	2026-01-01 14:02:49.000	6092	-2138	2179	0	323.03	6	-1	78	106	13	(-17,17)
2	2026-01-01 14:02:50.000	6127	-2126	2210	0	3.12	7	-2	78	106	13	(-17,17)
2	2026-01-01 14:02:51.000	6162	-2088	2186	0	37.86	5	-2	78	106	10	(-16,17)
2	2026-01-01 14:02:52.000	6197	-2188	2221	56	81.44	3	-2	78	106	10	(-17,17)
2	2026-01-01 14:02:53.000	6232	-2218	2276	56	83.88	2	-4	78	106	9	(-17,18)
2	2026-01-01 14:02:54.000	6267	-2233	2312	56	119.75	0	-3	78	106	9	(-17,18)
2	2026-01-01 14:02:55.000	6302	-2334	2262	56	121.25	0	-3	78	106	16	(-18,18)
2	2026-01-01 14:02:56.000	6337	-2363	2138	16	129.92	-1	-1	78	106	16	(-18,17)
2	2026-01-01 14:02:57.000	6372	-2284	2187	16	135.33	-2	0	78	106	16	(-18,17)
2	2026-01-01 14:02:58.000	6407	-2365	2226	16	124.9	-4	-1	78	106	15	(-18,17)
2	2026-01-01 14:02:59.000	6442	-2277	2166	-8	118.92	-3	-1	78	106	15	(-18,17)
2	2026-01-01 14:03:00.000	6477	-2276	2112	-8	80.97	-2	-1	78	106	15	(-18,16)
2	2026-01-01 14:03:01.000	6512	-2406	2159	-8	58.11	-1	-1	78	106	15	(-19,17)
2	2026-01-01 14:03:02.000	6547	-2393	2231	-8	77.99	0	-1	78	106	15	(-19,17)
2	2026-01-01 14:03:03.000	6582	-2377	2198	-8	82.31	1	-1	78	106	15	(-19,17)
2	2026-01-01 14:03:04.000	6617	-2320	2259	-8	41.21	0	-1	78	106	15	(-18,18)
2	2026-01-01 14:03:05.000	6652	-2238	2275	-8	43.81	2	1	78	106	14	(-17,18)
2	2026-01-01 14:03:06.000	6687	-2163	2263	-8	49.45	3	2	78	106	14	(-17,18)
2	2026-01-01 14:03:07.000	6722	-2259	2185	-8	32.75	2	1	78	106	14	(-18,17)
2	2026-01-01 14:03:08.000	6757	-2315	2270	-8	76.38	1	3	78	106	14	(-18,18)
2	2026-01-01 14:03:09.000	6792	-2334	2389	-8	91.93	0	5	78	106	14	(-18,19)
2	2026-01-01 14:03:10.000	6827	-2349	2320	64	105.47	0	7	78	106	10	(-18,18)
2	2026-01-01 14:03:11.000	6862	-2421	2290	64	111.22	0	8	78	106	10	(-19,18)
2	2026-01-01 14:03:12.000	6897	-2412	2172	64	150.18	-2	7	78	106	10	(-19,17)
2	2026-01-01 14:03:13.000	6932	-2523	2256	64	190.0	-4	5	78	106	10	(-20,18)
2	2026-01-01 14:03:14.000	6967	-2522	2259	64	194.38	-2	6	78	106	10	(-20,18)
2	2026-01-01 14:03:15.000	7002	-2531	2204	64	197.33	-1	8	78	106	9	(-20,17)
2	2026-01-01 14:03:16.000	7037	-2404	2214	64	189.28	-3	6	78	106	9	(-19,17)
2	2026-01-01 14:03:17.000	7072	-2323	2290	0	164.08	-5	4	78	106	9	(-18,18)
2	2026-01-01 14:03:18.000	7107	-2194	2307	0	181.0	-5	6	78	106	9	(-17,18)
2	2026-01-01 14:03:19.000	7142	-2284	2358	0	183.45	-7	7	78	106	7	(-18,18)
2	2026-01-01 14:03:20.000	7177	-2397	2271	0	155.24	-8	9	78	106	7	(-19,18)
2	2026-01-01 14:03:21.000	7212	-2385	2185	0	174.71	-9	8	78	106	7	(-19,17)
2	2026-01-01 14:03:22.000	7247	-2292	2267	0	219.29	-9	8	78	106	7	(-18,18)
2	2026-01-01 14:03:23.000	7282	-2307	2248	0	182.07	-9	10	78	106	7	(-18,18)
2	2026-01-01 14:03:24.000	7317	-2381	2206	0	153.06	-9	10	78	106	2	(-19,17)
2	2026-01-01 14:03:25.000	7352	-2447	2128	0	180.49	-10	10	78	106	2	(-19,17)
2	2026-01-01 14:03:26.000	7387	-2385	2166	0	169.19	-10	9	78	106	2	(-19,17)
2	2026-01-01 14:03:27.000	7422	-2403	2101	0	131.55	-10	10	78	106	2	(-19,16)
2	2026-01-01 14:03:28.000	7457	-2527	2211	0	160.37	-9	9	78	106	2	(-20,17)
2	2026-01-01 14:03:29.000	7492	-2610	2253	0	170.34	-8	7	78	106	0	(-20,18)
2	2026-01-01 14:03:30.000	7527	-2604	2236	0	178.97	-8	6	78	106	0	(-20,17)
2	2026-01-01 14:03:31.000	7562	-2729	2205	0	153.36	-9	6	78	106	0	(-21,17)
2	2026-01-01 14:03:32.000	7597	-2787	2120	0	125.86	-10	8	77	106	0	(-22,17)
2	2026-01-01 14:03:33.000	7632	-2894	2031	0	115.37	-10	9	77	106	0	(-23,16)
2	2026-01-01 14:03:34.000	7667	-2941	2109	0	129.21	-8	9	77	106	0	(-23,16)
2	2026-01-01 14:03:35.000	7702	-2900	2029	0	128.74	-7	8	77	106	0	(-23,16)
2	2026-01-01 14:03:36.000	7737	-2827	2072	0	145.52	-6	6	77	106	0	(-22,16)
2	2026-01-01 14:03:37.000	7772	-2932	2144	0	176.69	-7	4	77	106	0	(-23,17)
2	2026-01-01 14:03:38.000	7807	-2957	2175	-16	137.22	-9	6	77	106	0	(-23,17)
2	2026-01-01 14:03:39.000	7842	-3036	2059	-16	153.68	-8	4	77	106	0	(-24,16)
2	2026-01-01 14:03:40.000	7877	-3022	2160	-16	169.73	-9	5	77	106	0	(-24,17)
2	2026-01-01 14:03:41.000	7912	-3023	2209	-16	201.16	-7	3	77	106	0	(-24,17)
2	2026-01-01 14:03:42.000	7947	-2956	2112	-16	172.12	-9	4	77	106	0	(-23,16)
2	2026-01-01 14:03:43.000	7982	-2942	1989	-16	162.4	-7	6	77	106	0	(-23,16)
2	2026-01-01 14:03:44.000	8017	-2872	2115	-16	138.7	-8	6	77	106	0	(-22,17)
2	2026-01-01 14:03:45.000	8052	-2986	2030	-16	101.43	-6	6	77	106	0	(-23,16)
2	2026-01-01 14:03:46.000	8087	-2895	2145	-16	103.69	-5	6	77	106	0	(-23,17)
2	2026-01-01 14:03:47.000	8122	-2937	2118	-16	107.04	-4	7	77	106	0	(-23,17)
2	2026-01-01 14:03:48.000	8157	-3047	2087	-16	149.77	-6	6	77	106	0	(-24,16)
2	2026-01-01 14:03:49.000	8192	-2996	2193	-16	145.94	-7	8	77	106	0	(-23,17)
2	2026-01-01 14:03:50.000	8227	-3116	2243	40	123.35	-9	7	77	106	0	(-24,18)
2	2026-01-01 14:03:51.000	8262	-3116	2267	40	115.11	-9	5	77	106	0	(-24,18)
2	2026-01-01 14:03:52.000	8297	-3030	2142	40	143.79	-9	6	77	106	0	(-24,17)
2	2026-01-01 14:03:53.000	8332	-3015	2266	0	101.39	-10	6	77	106	0	(-24,18)
2	2026-01-01 14:03:54.000	8367	-3062	2248	8	62.82	-10	5	77	106	0	(-24,18)
2	2026-01-01 14:03:55.000	8402	-2937	2246	8	72.71	-10	4	77	106	0	(-23,18)
2	2026-01-01 14:03:56.000	8437	-2810	2223	8	99.14	-8	5	77	106	0	(-22,17)
2	2026-01-01 14:03:57.000	8472	-2891	2201	8	66.63	-9	4	77	106	0	(-23,17)
2	2026-01-01 14:03:58.000	8507	-2872	2326	8	85.4	-10	6	77	106	0	(-22,18)
2	2026-01-01 14:03:59.000	8542	-2961	2243	8	93.21	-8	7	77	106	0	(-23,18)
2	2026-01-01 14:04:00.000	8577	-2992	2164	8	80.53	-6	7	77	106	0	(-23,17)
2	2026-01-01 14:04:01.000	8612	-3069	2158	8	124.0	-5	5	77	106	0	(-24,17)
2	2026-01-01 14:04:02.000	8647	-3048	2222	8	114.03	-6	4	77	106	0	(-24,17)
2	2026-01-01 14:04:03.000	8682	-3082	2286	8	133.54	-7	5	77	106	0	(-24,18)
2	2026-01-01 14:04:04.000	8717	-3087	2394	24	175.07	-7	4	76	106	0	(-24,19)
2	2026-01-01 14:04:05.000	8752	-3154	2344	24	134.25	-7	2	76	106	0	(-25,18)
2	2026-01-01 14:04:06.000	8787	-3189	2269	24	177.75	-7	1	76	106	0	(-25,18)
2	2026-01-01 14:04:07.000	8822	-3309	2230	24	218.89	-9	1	76	106	0	(-26,17)
2	2026-01-01 14:04:08.000	8857	-3410	2312	24	211.31	-8	-1	73	106	0	(-27,18)
2	2026-01-01 14:04:09.000	8892	-3442	2404	24	191.82	-6	1	73	106	0	(-27,19)
2	2026-01-01 14:04:10.000	8927	-3356	2494	24	168.96	-7	2	73	106	0	(-26,19)
2	2026-01-01 14:04:11.000	8962	-3432	2438	24	183.96	-6	3	73	106	0	(-27,19)
2	2026-01-01 14:04:12.000	8997	-3480	2364	24	218.7	-5	4	73	106	0	(-27,18)
2	2026-01-01 14:04:13.000	9032	-3539	2468	24	186.21	-4	3	73	106	0	(-28,19)
2	2026-01-01 14:04:14.000	9067	-3563	2377	24	162.52	-3	4	65	106	0	(-28,19)
2	2026-01-01 14:04:15.000	9102	-3486	2320	24	170.46	-2	4	65	106	0	(-27,18)
2	2026-01-01 14:04:16.000	9137	-3601	2232	24	213.08	0	3	65	106	0	(-28,17)
2	2026-01-01 14:04:17.000	9172	-3567	2112	24	238.04	2	3	65	106	0	(-28,16)
2	2026-01-01 14:04:18.000	9207	-3591	2009	24	210.46	0	2	65	106	0	(-28,16)
2	2026-01-01 14:04:19.000	9242	-3587	2012	24	184.98	2	2	65	106	0	(-28,16)
2	2026-01-01 14:04:20.000	9277	-3534	2009	24	212.4	1	0	65	106	0	(-28,16)
2	2026-01-01 14:04:21.000	9312	-3570	1933	24	195.33	-1	1	63	106	0	(-28,15)
2	2026-01-01 14:04:22.000	9347	-3627	1868	-8	160.15	-1	-1	58	106	0	(-28,15)
2	2026-01-01 14:04:23.000	9382	-3573	1749	-8	144.71	-1	-2	58	106	0	(-28,14)
2	2026-01-01 14:04:24.000	9417	-3688	1662	-8	119.92	0	-4	58	106	0	(-29,13)
2	2026-01-01 14:04:25.000	9452	-3627	1763	-8	119.06	0	-2	58	106	0	(-28,14)
2	2026-01-01 14:04:26.000	9487	-3709	1660	-8	147.2	1	-1	58	106	0	(-29,13)
2	2026-01-01 14:04:27.000	9522	-3822	1685	-8	168.42	1	0	58	106	0	(-30,13)
2	2026-01-01 14:04:28.000	9557	-3696	1601	-8	197.61	1	0	58	106	0	(-29,13)
2	2026-01-01 14:04:29.000	9592	-3704	1615	-8	217.73	1	2	58	106	0	(-29,13)
2	2026-01-01 14:04:30.000	9627	-3703	1522	-8	222.87	0	4	58	106	0	(-29,12)
2	2026-01-01 14:04:31.000	9662	-3717	1396	-8	225.05	2	2	58	106	0	(-29,11)
2	2026-01-01 14:04:32.000	9697	-3692	1524	-8	252.43	3	2	72	106	0	(-29,12)
2	2026-01-01 14:04:33.000	9732	-3692	1641	56	220.71	3	3	72	106	0	(-29,13)
2	2026-01-01 14:04:34.000	9767	-3679	1582	56	263.89	2	2	72	106	0	(-29,12)
2	2026-01-01 14:04:35.000	9802	-3601	1459	56	304.68	2	2	72	106	0	(-28,11)
2	2026-01-01 14:04:36.000	9837	-3616	1330	56	348.6	0	0	72	106	0	(-28,10)
2	2026-01-01 14:04:37.000	9872	-3518	1298	56	340.79	1	1	72	106	0	(-27,10)
2	2026-01-01 14:04:38.000	9907	-3412	1224	56	358.38	1	-1	72	106	0	(-27,10)
2	2026-01-01 14:04:39.000	9942	-3287	1145	56	334.11	0	-3	72	106	0	(-26,9)
2	2026-01-01 14:04:40.000	9977	-3174	1207	56	301.59	-2	-5	72	106	0	(-25,9)
2	2026-01-01 14:04:41.000	10012	-3257	1276	56	344.63	-2	-5	72	106	0	(-25,10)
2	2026-01-01 14:04:42.000	10047	-3357	1182	56	346.67	-3	-6	72	106	0	(-26,9)
2	2026-01-01 14:04:43.000	10082	-3379	1222	56	341.25	-3	-8	72	106	0	(-26,10)
2	2026-01-01 14:04:44.000	10117	-3256	1141	56	326.77	-3	-9	72	106	0	(-25,9)
2	2026-01-01 14:04:45.000	10152	-3351	1037	56	347.98	-4	-7	72	106	0	(-26,8)
2	2026-01-01 14:04:46.000	10187	-3308	1045	0	32.35	-5	-7	72	106	0	(-26,8)
2	2026-01-01 14:04:47.000	10222	-3299	1054	0	347.75	-7	-6	72	106	0	(-26,8)
2	2026-01-01 14:04:48.000	10257	-3336	1164	24	317.23	-9	-6	72	106	0	(-26,9)
2	2026-01-01 14:04:49.000	10292	-3304	1271	24	289.03	-8	-7	72	106	0	(-26,10)
2	2026-01-01 14:04:50.000	10327	-3241	1158	24	299.98	-6	-9	72	106	0	(-25,9)
2	2026-01-01 14:04:51.000	10362	-3175	1123	24	269.55	-5	-9	72	106	0	(-25,9)
2	2026-01-01 14:04:52.000	10397	-3295	1003	24	296.49	-6	-9	72	106	0	(-26,8)
2	2026-01-01 14:04:53.000	10432	-3228	946	24	292.3	-5	-10	72	106	0	(-25,7)
2	2026-01-01 14:04:54.000	10467	-3163	819	24	290.7	-3	-8	72	106	0	(-25,6)
2	2026-01-01 14:04:55.000	10502	-3105	715	24	303.69	-2	-6	72	106	0	(-24,6)
2	2026-01-01 14:04:56.000	10537	-3012	661	24	313.97	-1	-6	72	106	0	(-24,5)
2	2026-01-01 14:04:57.000	10572	-3021	543	24	275.63	-3	-4	72	106	0	(-24,4)
2	2026-01-01 14:04:58.000	10607	-2895	504	24	288.49	-5	-5	72	106	0	(-23,4)
2	2026-01-01 14:04:59.000	10642	-2802	400	24	271.73	-5	-7	67	106	0	(-22,3)
2	2026-01-01 14:05:00.000	10677	-2685	517	24	313.03	-5	-5	67	106	0	(-21,4)
2	2026-01-01 14:05:01.000	10712	-2665	410	24	298.14	-7	-5	67	106	0	(-21,3)
2	2026-01-01 14:05:02.000	10747	-2614	487	24	291.01	-8	-5	67	106	0	(-20,4)
2	2026-01-01 14:05:03.000	10782	-2630	566	24	315.01	-9	-4	67	106	0	(-21,4)
2	2026-01-01 14:05:04.000	10817	-2549	558	24	335.24	-10	-3	67	106	10	(-20,4)
2	2026-01-01 14:05:05.000	10852	-2485	630	24	333.87	-10	-2	67	106	10	(-19,5)
2	2026-01-01 14:05:06.000	10887	-2457	650	24	343.83	-8	0	67	106	10	(-19,5)
2	2026-01-01 14:05:07.000	10922	-2474	772	24	24.66	-9	-1	67	106	9	(-19,6)
2	2026-01-01 14:05:08.000	10957	-2392	708	24	31.57	-7	-3	67	106	9	(-19,6)
2	2026-01-01 14:05:09.000	10992	-2273	747	24	352.38	-8	-4	67	106	9	(-18,6)
2	2026-01-01 14:05:10.000	11027	-2235	759	24	347.09	-10	-6	62	106	9	(-17,6)
2	2026-01-01 14:05:11.000	11062	-2263	684	24	334.37	-10	-4	62	106	9	(-18,5)
2	2026-01-01 14:05:12.000	11097	-2376	709	0	6.17	-9	-3	62	106	9	(-19,6)
2	2026-01-01 14:05:13.000	11132	-2496	758	0	1.21	-9	-3	54	106	4	(-20,6)
2	2026-01-01 14:05:14.000	11167	-2431	870	40	332.18	-10	-3	53	106	4	(-19,7)
2	2026-01-01 14:05:15.000	11202	-2521	968	40	317.51	-10	-1	53	106	4	(-20,8)
2	2026-01-01 14:05:16.000	11237	-2644	1053	-8	278.09	-8	1	53	106	1	(-21,8)
2	2026-01-01 14:05:17.000	11272	-2746	1096	-8	261.22	-7	1	53	106	0	(-21,9)
2	2026-01-01 14:05:18.000	11307	-2714	1068	-8	258.54	-5	2	53	106	0	(-21,8)
2	2026-01-01 14:05:19.000	11342	-2712	988	-8	241.22	-6	1	53	106	0	(-21,8)
2	2026-01-01 14:05:20.000	11377	-2826	985	-8	254.21	-5	3	53	106	0	(-22,8)
2	2026-01-01 14:05:21.000	11412	-2731	883	-8	258.83	-5	1	53	106	13	(-21,7)
2	2026-01-01 14:05:22.000	11447	-2815	884	-8	233.93	-3	2	53	106	13	(-22,7)
2	2026-01-01 14:05:23.000	11482	-2727	772	-8	271.5	-5	3	53	106	13	(-21,6)
2	2026-01-01 14:05:24.000	11517	-2673	712	-8	257.96	-6	3	53	106	13	(-21,6)
2	2026-01-01 14:05:25.000	11552	-2656	638	-8	225.83	-7	3	53	106	13	(-21,5)
2	2026-01-01 14:05:26.000	11587	-2666	630	-8	233.74	-9	4	53	106	13	(-21,5)
2	2026-01-01 14:05:27.000	11622	-2594	587	-8	222.46	-10	3	53	106	13	(-20,5)
2	2026-01-01 14:05:28.000	11657	-2724	651	16	262.65	-9	2	46	106	8	(-21,5)
2	2026-01-01 14:05:29.000	11692	-2678	525	16	221.23	-10	1	46	106	8	(-21,4)
2	2026-01-01 14:05:30.000	11727	-2682	440	16	233.55	-8	0	46	106	8	(-21,3)
2	2026-01-01 14:05:31.000	11762	-2576	362	24	229.75	-7	-2	46	106	8	(-20,3)
2	2026-01-01 14:05:32.000	11797	-2647	355	24	254.5	-8	-4	46	106	8	(-21,3)
2	2026-01-01 14:05:33.000	11832	-2717	467	24	224.49	-6	-2	39	106	8	(-21,4)
2	2026-01-01 14:05:34.000	11867	-2749	355	-16	253.03	-7	-2	39	106	8	(-21,3)
2	2026-01-01 14:05:35.000	11902	-2657	345	-16	218.7	-6	-4	39	106	8	(-21,3)
2	2026-01-01 14:05:36.000	11937	-2689	438	-16	207.97	-6	-6	39	106	8	(-21,3)
2	2026-01-01 14:05:37.000	11972	-2566	435	-16	204.45	-4	-6	39	106	8	(-20,3)
2	2026-01-01 14:05:38.000	12007	-2497	334	0	200.21	-2	-8	39	106	7	(-20,3)
2	2026-01-01 14:05:39.000	12042	-2451	446	0	222.13	-4	-6	39	106	7	(-19,3)
2	2026-01-01 14:05:40.000	12077	-2432	321	0	189.84	-3	-8	39	106	7	(-19,3)
2	2026-01-01 14:05:41.000	12112	-2340	405	0	196.58	-4	-6	39	106	7	(-18,3)
2	2026-01-01 14:05:42.000	12147	-2336	533	0	158.96	-3	-5	39	106	7	(-18,4)
2	2026-01-01 14:05:43.000	12182	-2406	583	0	179.74	-4	-4	39	106	7	(-19,5)
2	2026-01-01 14:05:44.000	12217	-2448	481	0	147.39	-2	-5	39	106	7	(-19,4)
2	2026-01-01 14:05:45.000	12252	-2472	466	0	135.95	-2	-5	39	106	7	(-19,4)
2	2026-01-01 14:05:46.000	12287	-2539	514	0	131.55	-1	-3	36	106	7	(-20,4)
2	2026-01-01 14:05:47.000	12322	-2440	543	0	92.96	-3	-2	36	106	30	(-19,4)
2	2026-01-01 14:05:48.000	12357	-2364	540	0	103.76	-1	-1	36	106	30	(-18,4)
2	2026-01-01 14:05:49.000	12392	-2258	623	0	125.09	-2	-1	36	106	30	(-18,5)
2	2026-01-01 14:05:50.000	12427	-2150	692	0	139.59	-2	0	36	106	30	(-17,5)
2	2026-01-01 14:05:51.000	12462	-2184	578	56	173.59	-1	-2	36	106	30	(-17,5)
2	2026-01-01 14:05:52.000	12497	-2283	543	56	146.59	-1	-3	36	106	30	(-18,4)
2	2026-01-01 14:05:53.000	12532	-2235	627	128	139.13	-3	-3	53	106	30	(-17,5)
2	2026-01-01 14:05:54.000	12567	-2116	678	128	173.24	-4	-3	60	106	30	(-17,5)
2	2026-01-01 14:05:55.000	12602	-2178	753	128	175.05	-4	-3	60	106	30	(-17,6)
2	2026-01-01 14:05:56.000	12637	-2166	879	128	159.64	-3	-4	60	106	30	(-17,7)
2	2026-01-01 14:05:57.000	12672	-2175	999	128	127.9	-5	-4	60	106	30	(-17,8)
2	2026-01-01 14:05:58.000	12707	-2304	1059	0	110.63	-3	-4	60	106	30	(-18,8)
2	2026-01-01 14:05:59.000	12742	-2432	1048	0	113.57	-3	-4	60	106	30	(-19,8)
2	2026-01-01 14:06:00.000	12777	-2433	1059	0	129.45	-2	-4	60	106	25	(-19,8)
2	2026-01-01 14:06:01.000	12812	-2369	1134	0	137.39	-1	-4	60	106	25	(-19,9)
2	2026-01-01 14:06:02.000	12847	-2417	1008	0	103.32	1	-5	60	106	25	(-19,8)
2	2026-01-01 14:06:03.000	12882	-2479	937	32	132.26	0	-3	60	106	21	(-19,7)
2	2026-01-01 14:06:04.000	12917	-2480	940	32	149.52	-2	-4	60	106	21	(-19,7)
2	2026-01-01 14:06:05.000	12952	-2584	993	32	191.73	0	-2	60	106	21	(-20,8)
2	2026-01-01 14:06:06.000	12987	-2669	961	32	156.35	1	0	55	106	21	(-21,8)
2	2026-01-01 14:06:07.000	13022	-2635	1090	32	182.77	3	-2	55	106	21	(-21,9)
2	2026-01-01 14:06:08.000	13057	-2593	1091	32	144.82	4	-1	55	106	17	(-20,9)
2	2026-01-01 14:06:09.000	13092	-2667	1100	32	106.17	3	-2	55	106	15	(-21,9)
2	2026-01-01 14:06:10.000	13127	-2781	1153	32	68.54	4	-3	55	106	15	(-22,9)
2	2026-01-01 14:06:11.000	13162	-2769	1091	0	85.58	2	-3	55	106	15	(-22,9)
2	2026-01-01 14:06:12.000	13197	-2734	996	0	111.72	2	-2	55	106	15	(-21,8)
2	2026-01-01 14:06:13.000	13232	-2835	906	0	130.99	4	0	55	106	30	(-22,7)
2	2026-01-01 14:06:14.000	13267	-2789	793	0	150.99	2	1	55	106	30	(-22,6)
2	2026-01-01 14:06:15.000	13302	-2708	678	0	172.16	2	-1	55	106	30	(-21,5)
2	2026-01-01 14:06:16.000	13337	-2770	609	0	172.52	1	-3	55	106	30	(-22,5)
2	2026-01-01 14:06:17.000	13372	-2805	711	-16	133.91	1	-2	55	106	30	(-22,6)
2	2026-01-01 14:06:18.000	13407	-2823	796	-16	138.75	-1	0	55	106	30	(-22,6)
2	2026-01-01 14:06:19.000	13442	-2791	785	-16	157.73	1	1	55	106	30	(-22,6)
2	2026-01-01 14:06:20.000	13477	-2781	690	-16	144.43	-1	1	55	106	30	(-22,5)
2	2026-01-01 14:06:21.000	13512	-2816	749	-16	167.1	0	1	48	106	30	(-22,6)
2	2026-01-01 14:06:22.000	13547	-2743	828	-16	182.59	-2	0	48	106	30	(-21,6)
2	2026-01-01 14:06:23.000	13582	-2828	937	-16	145.37	-4	1	48	106	28	(-22,7)
2	2026-01-01 14:06:24.000	13617	-2816	939	-16	185.08	-6	-1	48	106	28	(-22,7)
2	2026-01-01 14:06:25.000	13652	-2906	870	0	162.47	-8	-2	48	106	28	(-23,7)
2	2026-01-01 14:06:26.000	13687	-3031	788	0	200.26	-10	0	48	106	28	(-24,6)
2	2026-01-01 14:06:27.000	13722	-2944	808	0	214.99	-10	1	48	106	28	(-23,6)
2	2026-01-01 14:06:28.000	13757	-3025	701	0	227.51	-10	-1	48	106	28	(-24,5)
2	2026-01-01 14:06:29.000	13792	-3018	675	0	255.39	-8	-2	48	106	28	(-24,5)
2	2026-01-01 14:06:30.000	13827	-3090	673	0	275.28	-8	-3	48	106	28	(-24,5)
2	2026-01-01 14:06:31.000	13862	-3046	795	0	255.97	-9	-4	48	106	28	(-24,6)
2	2026-01-01 14:06:32.000	13897	-3143	669	0	242.54	-9	-6	48	106	28	(-25,5)
2	2026-01-01 14:06:33.000	13932	-3193	776	0	256.47	-7	-8	48	106	28	(-25,6)
2	2026-01-01 14:06:34.000	13967	-3170	821	0	241.61	-9	-9	48	106	28	(-25,6)
2	2026-01-01 14:06:35.000	14002	-3214	741	0	234.41	-9	-7	48	106	28	(-25,6)
2	2026-01-01 14:06:36.000	14037	-3297	843	0	238.01	-10	-9	57	106	26	(-26,7)
2	2026-01-01 14:06:37.000	14072	-3394	951	0	221.79	-10	-10	57	106	26	(-27,7)
2	2026-01-01 14:06:38.000	14107	-3300	1063	0	245.46	-10	-9	57	106	26	(-26,8)
2	2026-01-01 14:06:39.000	14142	-3194	1064	0	224.85	-10	-8	57	106	21	(-25,8)
2	2026-01-01 14:06:40.000	14177	-3308	960	0	250.15	-10	-7	57	106	21	(-26,8)
2	2026-01-01 14:06:41.000	14212	-3274	879	0	217.84	-10	-5	57	106	21	(-26,7)
2	2026-01-01 14:06:42.000	14247	-3205	948	0	234.46	-9	-4	57	106	21	(-25,7)
2	2026-01-01 14:06:43.000	14282	-3118	1039	0	272.9	-9	-6	57	106	21	(-24,8)
2	2026-01-01 14:06:44.000	14317	-3128	992	0	317.24	-8	-7	57	106	21	(-24,8)
2	2026-01-01 14:06:45.000	14352	-3241	1038	0	313.8	-9	-7	57	106	20	(-25,8)
2	2026-01-01 14:06:46.000	14387	-3131	1088	0	286.67	-7	-9	57	106	16	(-24,8)
2	2026-01-01 14:06:47.000	14422	-3144	1086	0	304.7	-9	-7	57	106	16	(-25,8)
2	2026-01-01 14:06:48.000	14457	-3223	1214	0	331.17	-10	-7	57	106	16	(-25,9)
2	2026-01-01 14:06:49.000	14492	-3337	1290	0	351.91	-10	-7	57	106	16	(-26,10)
2	2026-01-01 14:06:50.000	14527	-3423	1177	0	356.9	-8	-5	57	106	16	(-27,9)
2	2026-01-01 14:06:51.000	14562	-3490	1080	0	355.81	-7	-7	57	106	16	(-27,8)
2	2026-01-01 14:06:52.000	14597	-3619	1082	0	340.39	-6	-9	57	106	16	(-28,8)
2	2026-01-01 14:06:53.000	14632	-3566	995	0	324.91	-5	-8	57	106	16	(-28,8)
2	2026-01-01 14:06:54.000	14667	-3462	1000	0	2.39	-7	-6	54	106	16	(-27,8)
2	2026-01-01 14:06:55.000	14702	-3499	879	0	345.59	-6	-4	54	106	16	(-27,7)
2	2026-01-01 14:06:56.000	14737	-3500	809	0	28.57	-5	-6	54	106	16	(-27,6)
2	2026-01-01 14:06:57.000	14772	-3429	793	0	45.41	-4	-4	54	106	16	(-27,6)
2	2026-01-01 14:06:58.000	14807	-3426	918	0	51.11	-2	-3	54	106	16	(-27,7)
2	2026-01-01 14:06:59.000	14842	-3416	866	0	54.78	-1	-4	54	106	13	(-27,7)
2	2026-01-01 14:07:00.000	14877	-3355	877	0	20.02	1	-3	54	106	13	(-26,7)
2	2026-01-01 14:07:01.000	14912	-3390	976	0	23.6	3	-1	54	106	13	(-26,8)
2	2026-01-01 14:07:02.000	14947	-3505	975	0	36.34	4	1	54	106	13	(-27,8)
2	2026-01-01 14:07:03.000	14982	-3620	1059	0	70.69	6	1	54	106	13	(-28,8)
2	2026-01-01 14:07:04.000	15017	-3696	1077	0	46.08	5	1	54	106	13	(-29,8)
2	2026-01-01 14:07:05.000	15052	-3664	1004	0	48.19	4	3	54	106	13	(-29,8)
2	2026-01-01 14:07:06.000	15087	-3751	975	0	36.89	2	2	54	106	13	(-29,8)
2	2026-01-01 14:07:07.000	15122	-3799	1064	0	15.07	2	1	54	106	13	(-30,8)
2	2026-01-01 14:07:08.000	15157	-3817	1139	0	351.15	2	0	54	106	13	(-30,9)
2	2026-01-01 14:07:09.000	15192	-3816	1167	0	6.56	3	2	54	106	13	(-30,9)
2	2026-01-01 14:07:10.000	15227	-3798	1138	0	339.53	3	0	54	106	13	(-30,9)
2	2026-01-01 14:07:11.000	15262	-3720	1107	0	347.82	2	1	53	106	13	(-29,9)
2	2026-01-01 14:07:12.000	15297	-3644	1211	0	302.98	3	0	53	106	12	(-28,9)
2	2026-01-01 14:07:13.000	15332	-3683	1276	0	336.23	5	-2	63	106	12	(-29,10)
2	2026-01-01 14:07:14.000	15367	-3680	1344	0	293.21	4	0	63	106	10	(-29,10)
2	2026-01-01 14:07:15.000	15402	-3702	1325	0	329.11	6	1	63	106	10	(-29,10)
2	2026-01-01 14:07:16.000	15437	-3635	1254	0	300.72	8	1	63	106	10	(-28,10)
2	2026-01-01 14:07:17.000	15472	-3518	1289	0	290.27	6	0	63	106	10	(-27,10)
2	2026-01-01 14:07:18.000	15507	-3641	1255	0	277.02	5	-1	63	106	10	(-28,10)
2	2026-01-01 14:07:19.000	15542	-3576	1206	0	237.79	4	0	63	106	10	(-28,9)
2	2026-01-01 14:07:20.000	15577	-3565	1282	0	256.09	2	1	63	106	10	(-28,10)
2	2026-01-01 14:07:21.000	15612	-3527	1325	0	227.15	0	1	63	106	10	(-28,10)
2	2026-01-01 14:07:22.000	15647	-3605	1220	0	270.55	0	2	63	106	9	(-28,10)
2	2026-01-01 14:07:23.000	15682	-3484	1237	0	279.39	-1	0	60	106	9	(-27,10)
2	2026-01-01 14:07:24.000	15717	-3515	1280	0	251.0	-2	-1	60	106	8	(-27,10)
2	2026-01-01 14:07:25.000	15752	-3635	1241	0	258.89	-1	0	60	106	8	(-28,10)
2	2026-01-01 14:07:26.000	15787	-3654	1160	0	265.63	1	2	60	106	6	(-29,9)
2	2026-01-01 14:07:27.000	15822	-3692	1104	0	306.0	2	4	60	106	6	(-29,9)
2	2026-01-01 14:07:28.000	15857	-3586	1140	0	328.04	0	4	60	106	6	(-28,9)
2	2026-01-01 14:07:29.000	15892	-3460	1198	0	353.91	0	5	60	106	29	(-27,9)
2	2026-01-01 14:07:30.000	15927	-3448	1257	0	11.54	2	7	60	106	29	(-27,10)
2	2026-01-01 14:07:31.000	15962	-3373	1214	0	27.85	3	9	60	106	27	(-26,9)
2	2026-01-01 14:07:32.000	15997	-3410	1167	0	30.75	4	8	60	106	27	(-27,9)
2	2026-01-01 14:07:33.000	16032	-3378	1233	0	358.78	5	6	60	106	27	(-26,10)
2	2026-01-01 14:07:34.000	16067	-3452	1353	0	332.84	5	4	60	106	27	(-27,11)
2	2026-01-01 14:07:35.000	16102	-3407	1243	0	319.1	6	4	60	106	27	(-27,10)
2	2026-01-01 14:07:36.000	16137	-3460	1309	0	300.8	8	3	60	106	27	(-27,10)
2	2026-01-01 14:07:37.000	16172	-3529	1349	0	298.26	8	3	60	106	27	(-28,11)
2	2026-01-01 14:07:38.000	16207	-3464	1478	0	261.77	6	4	60	106	27	(-27,12)
2	2026-01-01 14:07:39.000	16242	-3508	1444	0	251.31	5	2	60	106	27	(-27,11)
2	2026-01-01 14:07:40.000	16277	-3585	1409	0	206.81	7	4	60	106	27	(-28,11)
2	2026-01-01 14:07:41.000	16312	-3655	1486	0	165.3	7	3	60	106	27	(-29,12)
2	2026-01-01 14:07:42.000	16347	-3569	1494	0	190.8	8	2	60	106	27	(-28,12)
2	2026-01-01 14:07:43.000	16382	-3614	1520	0	234.97	6	0	60	106	27	(-28,12)
2	2026-01-01 14:07:44.000	16417	-3604	1394	0	191.17	6	1	60	106	27	(-28,11)
2	2026-01-01 14:07:45.000	16452	-3634	1316	0	157.34	6	1	60	106	27	(-28,10)
2	2026-01-01 14:07:46.000	16487	-3514	1341	0	153.85	6	1	60	106	27	(-27,10)
2	2026-01-01 14:07:47.000	16522	-3548	1278	0	148.57	7	2	60	106	27	(-28,10)
2	2026-01-01 14:07:48.000	16557	-3429	1348	0	130.11	7	3	60	106	25	(-27,11)
2	2026-01-01 14:07:49.000	16592	-3408	1304	0	109.08	5	3	60	106	25	(-27,10)
2	2026-01-01 14:07:50.000	16627	-3317	1269	0	95.8	5	2	60	106	25	(-26,10)
2	2026-01-01 14:07:51.000	16662	-3254	1153	-8	139.54	3	1	60	106	25	(-25,9)
2	2026-01-01 14:07:52.000	16697	-3358	1137	-8	95.79	4	1	60	106	25	(-26,9)
2	2026-01-01 14:07:53.000	16732	-3463	1130	-8	118.69	6	0	60	106	25	(-27,9)
2	2026-01-01 14:07:54.000	16767	-3442	1046	0	102.99	7	-2	60	106	25	(-27,8)
2	2026-01-01 14:07:55.000	16802	-3323	1131	0	134.29	8	-4	60	106	22	(-26,9)
2	2026-01-01 14:07:56.000	16837	-3335	1059	0	140.82	10	-4	60	106	22	(-26,8)
2	2026-01-01 14:07:57.000	16872	-3369	1153	56	150.54	9	-2	60	106	22	(-26,9)
2	2026-01-01 14:07:58.000	16907	-3405	1210	56	194.03	7	-1	65	106	22	(-27,9)
2	2026-01-01 14:07:59.000	16942	-3414	1160	56	168.26	7	-2	65	106	22	(-27,9)
2	2026-01-01 14:08:00.000	16977	-3403	1041	56	129.09	5	-3	65	106	18	(-27,8)
2	2026-01-01 14:08:01.000	17012	-3476	943	56	135.35	7	-3	65	106	18	(-27,7)
2	2026-01-01 14:08:02.000	17047	-3361	813	56	163.44	5	-3	56	106	18	(-26,6)
2	2026-01-01 14:08:03.000	17082	-3267	706	56	204.64	6	-2	56	106	18	(-26,6)
2	2026-01-01 14:08:04.000	17117	-3327	714	56	197.58	6	-3	56	106	18	(-26,6)
2	2026-01-01 14:08:05.000	17152	-3377	666	56	201.35	6	-3	56	106	17	(-26,5)
2	2026-01-01 14:08:06.000	17187	-3427	792	56	214.63	7	-2	56	106	17	(-27,6)
2	2026-01-01 14:08:07.000	17222	-3417	687	56	243.38	7	-3	56	106	16	(-27,5)
2	2026-01-01 14:08:08.000	17257	-3351	806	56	225.15	9	-3	56	106	24	(-26,6)
2	2026-01-01 14:08:09.000	17292	-3353	702	56	198.85	8	-4	56	106	24	(-26,5)
2	2026-01-01 14:08:10.000	17327	-3304	768	56	173.58	8	-5	56	106	24	(-26,6)
2	2026-01-01 14:08:11.000	17362	-3182	655	56	184.49	8	-7	56	106	24	(-25,5)
2	2026-01-01 14:08:12.000	17397	-3191	609	56	207.22	6	-8	56	106	24	(-25,5)
2	2026-01-01 14:08:13.000	17432	-3167	567	56	222.56	8	-10	56	106	24	(-25,4)
2	2026-01-01 14:08:14.000	17467	-3145	530	56	222.95	7	-10	56	106	24	(-25,4)
2	2026-01-01 14:08:15.000	17502	-3065	434	56	187.47	6	-9	56	106	24	(-24,3)
2	2026-01-01 14:08:16.000	17537	-3109	379	56	207.05	5	-10	56	106	24	(-24,3)
2	2026-01-01 14:08:17.000	17572	-3214	291	56	245.83	7	-10	56	106	24	(-25,2)
2	2026-01-01 14:08:18.000	17607	-3144	407	56	246.29	5	-10	56	106	24	(-25,3)
2	2026-01-01 14:08:19.000	17642	-3249	323	56	267.84	6	-10	56	106	24	(-25,3)
2	2026-01-01 14:08:20.000	17677	-3333	195	56	310.21	6	-8	56	106	22	(-26,2)
2	2026-01-01 14:08:21.000	17712	-3427	208	56	302.96	8	-7	56	106	19	(-27,2)
2	2026-01-01 14:08:22.000	17747	-3331	110	56	279.59	9	-5	56	106	19	(-26,1)
2	2026-01-01 14:08:23.000	17782	-3452	130	56	318.26	9	-7	56	106	19	(-27,1)
2	2026-01-01 14:08:24.000	17817	-3400	186	56	308.26	10	-9	56	106	19	(-27,1)
2	2026-01-01 14:08:25.000	17852	-3391	176	56	322.17	10	-10	56	106	19	(-26,1)
2	2026-01-01 14:08:26.000	17887	-3456	171	56	293.25	10	-10	48	106	19	(-27,1)
2	2026-01-01 14:08:27.000	17922	-3525	165	56	330.61	10	-9	48	106	19	(-28,1)
2	2026-01-01 14:08:28.000	17957	-3617	182	56	358.21	9	-9	48	106	19	(-28,1)
2	2026-01-01 14:08:29.000	17992	-3705	138	56	8.47	8	-7	48	106	17	(-29,1)
2	2026-01-01 14:08:30.000	18027	-3660	206	56	329.0	6	-7	48	106	17	(-29,2)
2	2026-01-01 14:08:31.000	18062	-3644	103	56	354.85	8	-7	48	106	17	(-28,1)
2	2026-01-01 14:08:32.000	18097	-3674	201	-8	339.38	7	-7	48	106	17	(-29,2)
2	2026-01-01 14:08:33.000	18132	-3719	306	-8	355.69	5	-7	48	106	17	(-29,2)
2	2026-01-01 14:08:34.000	18167	-3749	207	-8	32.7	5	-5	48	106	17	(-29,2)
2	2026-01-01 14:08:35.000	18202	-3644	270	-8	68.74	5	-5	48	106	17	(-28,2)
2	2026-01-01 14:08:36.000	18237	-3555	366	-8	96.13	3	-3	48	106	17	(-28,3)
2	2026-01-01 14:08:37.000	18272	-3638	333	-8	117.82	3	-2	48	106	17	(-28,3)
2	2026-01-01 14:08:38.000	18307	-3568	288	-8	88.65	1	0	48	106	12	(-28,2)
2	2026-01-01 14:08:39.000	18342	-3639	232	-8	119.83	0	1	48	106	9	(-28,2)
2	2026-01-01 14:08:40.000	18377	-3730	300	-8	96.7	2	0	48	106	9	(-29,2)
2	2026-01-01 14:08:41.000	18412	-3858	328	-8	62.4	0	-2	48	106	9	(-30,3)
2	2026-01-01 14:08:42.000	18447	-3729	302	-8	104.32	-1	-1	48	106	9	(-29,2)
2	2026-01-01 14:08:43.000	18482	-3819	220	-8	68.79	-3	1	48	106	5	(-30,2)
2	2026-01-01 14:08:44.000	18517	-3894	244	-8	41.16	-3	-1	48	106	5	(-30,2)
2	2026-01-01 14:08:45.000	18552	-3856	147	-8	51.72	-2	-3	48	106	5	(-30,1)
2	2026-01-01 14:08:46.000	18587	-3817	133	-8	56.17	-3	-5	48	106	5	(-30,1)
2	2026-01-01 14:08:47.000	18622	-3715	186	-8	28.43	-2	-6	43	106	5	(-29,1)
2	2026-01-01 14:08:48.000	18657	-3797	262	-8	350.48	-2	-7	43	106	0	(-30,2)
2	2026-01-01 14:08:49.000	18692	-3677	349	-8	327.12	0	-8	38	106	0	(-29,3)
2	2026-01-01 14:08:50.000	18727	-3594	473	24	310.16	1	-6	38	106	0	(-28,4)
2	2026-01-01 14:08:51.000	18762	-3623	555	24	349.72	2	-7	38	106	0	(-28,4)
2	2026-01-01 14:08:52.000	18797	-3624	655	24	351.67	0	-8	38	106	0	(-28,5)
2	2026-01-01 14:08:53.000	18832	-3702	740	0	325.4	-2	-7	38	106	0	(-29,6)
2	2026-01-01 14:08:54.000	18867	-3795	784	0	293.83	0	-7	38	106	0	(-30,6)
2	2026-01-01 14:08:55.000	18902	-3757	802	0	256.48	-2	-7	38	106	0	(-29,6)
2	2026-01-01 14:08:56.000	18937	-3688	882	0	225.68	0	-8	38	106	0	(-29,7)
2	2026-01-01 14:08:57.000	18972	-3742	816	0	201.95	1	-9	38	106	0	(-29,6)
2	2026-01-01 14:08:58.000	19007	-3617	728	0	235.03	2	-10	36	106	0	(-28,6)
2	2026-01-01 14:08:59.000	19042	-3731	601	0	274.57	2	-10	36	106	0	(-29,5)
2	2026-01-01 14:09:00.000	19077	-3722	554	0	267.62	3	-10	36	106	0	(-29,4)
2	2026-01-01 14:09:01.000	19112	-3833	614	0	263.35	3	-10	36	106	0	(-30,5)
2	2026-01-01 14:09:02.000	19147	-3919	510	0	299.72	1	-10	36	106	0	(-31,4)
2	2026-01-01 14:09:03.000	19182	-3834	437	0	308.32	-1	-10	36	106	0	(-30,3)
2	2026-01-01 14:09:04.000	19217	-3879	465	0	265.5	0	-10	36	106	0	(-30,4)
2	2026-01-01 14:09:05.000	19252	-3779	466	0	233.89	2	-10	36	106	0	(-30,4)
2	2026-01-01 14:09:06.000	19287	-3680	491	0	199.44	4	-10	36	106	0	(-29,4)
2	2026-01-01 14:09:07.000	19322	-3597	449	0	164.91	6	-10	36	106	0	(-28,4)
2	2026-01-01 14:09:08.000	19357	-3558	337	0	157.3	8	-9	36	106	0	(-28,3)
2	2026-01-01 14:09:09.000	19392	-3612	234	0	187.19	8	-7	36	106	0	(-28,2)
2	2026-01-01 14:09:10.000	19427	-3713	217	0	157.71	6	-8	28	106	0	(-29,2)
2	2026-01-01 14:09:11.000	19462	-3812	249	0	180.0	5	-9	28	106	0	(-30,2)
2	2026-01-01 14:09:12.000	19497	-3853	270	0	179.01	4	-10	28	106	0	(-30,2)
2	2026-01-01 14:09:13.000	19532	-3743	175	0	212.62	2	-10	28	106	0	(-29,1)
2	2026-01-01 14:09:14.000	19567	-3631	176	0	224.9	3	-10	28	106	0	(-28,1)
2	2026-01-01 14:09:15.000	19602	-3651	137	0	199.35	3	-10	28	106	0	(-29,1)
2	2026-01-01 14:09:16.000	19637	-3538	28	0	211.65	3	-10	27	106	0	(-28,0)
2	2026-01-01 14:09:17.000	19672	-3451	140	0	245.81	1	-9	27	106	0	(-27,1)
2	2026-01-01 14:09:18.000	19707	-3401	77	0	266.6	2	-10	27	106	0	(-27,1)
2	2026-01-01 14:09:19.000	19742	-3281	-25	0	245.09	1	-10	27	106	0	(-26,0)
2	2026-01-01 14:09:20.000	19777	-3250	42	0	216.79	1	-8	27	106	0	(-25,0)
2	2026-01-01 14:09:21.000	19812	-3254	-37	0	181.75	-1	-9	27	106	0	(-25,0)
2	2026-01-01 14:09:22.000	19847	-3173	-52	0	157.57	-1	-10	27	106	0	(-25,0)
2	2026-01-01 14:09:23.000	19882	-3275	66	0	169.67	-2	-9	27	106	0	(-26,1)
2	2026-01-01 14:09:24.000	19917	-3175	110	32	144.59	-4	-9	27	106	0	(-25,1)
2	2026-01-01 14:09:25.000	19952	-3130	69	32	132.75	-5	-9	27	106	0	(-24,1)
2	2026-01-01 14:09:26.000	19987	-3140	-26	32	109.51	-3	-9	20	106	0	(-25,0)
2	2026-01-01 14:09:27.000	20022	-3196	-31	32	100.04	-4	-8	20	106	0	(-25,0)
2	2026-01-01 14:09:28.000	20057	-3208	88	24	100.16	-2	-7	20	106	0	(-25,1)
2	2026-01-01 14:09:29.000	20092	-3259	154	-16	64.27	-2	-5	20	106	0	(-25,1)
2	2026-01-01 14:09:30.000	20127	-3231	217	56	101.44	-3	-4	20	106	0	(-25,2)
2	2026-01-01 14:09:31.000	20162	-3221	275	56	88.25	-5	-5	20	106	0	(-25,2)
2	2026-01-01 14:09:32.000	20197	-3172	341	56	122.46	-5	-6	20	106	0	(-25,3)
2	2026-01-01 14:09:33.000	20232	-3153	260	56	85.27	-5	-7	20	106	0	(-25,2)
2	2026-01-01 14:09:34.000	20267	-3258	294	56	92.47	-4	-9	20	106	0	(-25,2)
2	2026-01-01 14:09:35.000	20302	-3308	203	56	123.39	-5	-9	20	106	0	(-26,2)
2	2026-01-01 14:09:36.000	20337	-3223	316	56	155.85	-6	-10	20	106	0	(-25,2)
2	2026-01-01 14:09:37.000	20372	-3099	386	56	193.37	-4	-8	20	106	0	(-24,3)
2	2026-01-01 14:09:38.000	20407	-3123	282	56	202.5	-5	-8	20	106	0	(-24,2)
2	2026-01-01 14:09:39.000	20442	-3087	382	56	206.49	-3	-8	20	106	0	(-24,3)
2	2026-01-01 14:09:40.000	20477	-3116	460	56	220.85	-3	-7	20	106	0	(-24,4)
2	2026-01-01 14:09:41.000	20512	-3026	545	56	207.87	-1	-5	20	106	0	(-24,4)
2	2026-01-01 14:09:42.000	20547	-3127	616	56	206.19	-2	-7	20	106	0	(-24,5)
2	2026-01-01 14:09:43.000	20582	-3256	676	56	236.3	-2	-6	20	106	0	(-25,5)
2	2026-01-01 14:09:44.000	20617	-3241	604	56	239.35	-3	-7	20	106	0	(-25,5)
2	2026-01-01 14:09:45.000	20652	-3313	659	56	231.51	-3	-7	20	106	0	(-26,5)
2	2026-01-01 14:09:46.000	20687	-3226	771	56	187.16	-1	-8	20	106	23	(-25,6)
2	2026-01-01 14:09:47.000	20722	-3247	702	56	161.97	0	-8	36	106	23	(-25,5)
2	2026-01-01 14:09:48.000	20757	-3191	702	56	122.44	-2	-7	36	106	23	(-25,5)
2	2026-01-01 14:09:49.000	20792	-3311	657	56	128.77	-2	-9	36	106	23	(-26,5)
2	2026-01-01 14:09:50.000	20827	-3201	674	56	115.27	-4	-9	36	106	40	(-25,5)
2	2026-01-01 14:09:51.000	20862	-3264	601	56	114.24	-5	-9	33	106	40	(-26,5)
2	2026-01-01 14:09:52.000	20897	-3239	635	56	140.35	-5	-7	33	106	40	(-25,5)
2	2026-01-01 14:09:53.000	20932	-3366	739	56	159.66	-4	-6	33	106	40	(-26,6)
2	2026-01-01 14:09:54.000	20967	-3328	720	32	159.71	-2	-5	33	106	40	(-26,6)
2	2026-01-01 14:09:55.000	21002	-3297	774	32	198.22	-1	-5	33	106	40	(-26,6)
2	2026-01-01 14:09:56.000	21037	-3411	745	32	160.47	-2	-3	33	106	40	(-27,6)
2	2026-01-01 14:09:57.000	21072	-3528	777	32	179.52	-3	-3	33	106	40	(-28,6)
2	2026-01-01 14:09:58.000	21107	-3443	734	-16	135.51	-2	-5	33	106	40	(-27,6)
2	2026-01-01 14:09:59.000	21142	-3556	610	-16	105.53	-4	-4	33	106	40	(-28,5)
2	2026-01-01 14:10:00.000	21177	-3664	690	0	90.28	-3	-2	33	106	40	(-29,5)
2	2026-01-01 14:10:01.000	21212	-3721	815	0	70.57	-4	-2	33	106	40	(-29,6)
2	2026-01-01 14:10:02.000	21247	-3815	878	0	95.47	-4	-2	33	106	40	(-30,7)
2	2026-01-01 14:10:03.000	21282	-3877	751	0	108.23	-5	-4	33	106	40	(-30,6)
2	2026-01-01 14:10:04.000	21317	-3866	796	0	80.04	-5	-4	33	106	40	(-30,6)
2	2026-01-01 14:10:05.000	21352	-3824	667	0	95.1	-3	-2	33	106	40	(-30,5)
2	2026-01-01 14:10:06.000	21387	-3713	666	0	97.39	-3	-2	33	106	35	(-29,5)
2	2026-01-01 14:10:07.000	21422	-3767	615	0	108.82	-4	-3	33	106	35	(-29,5)
2	2026-01-01 14:10:08.000	21457	-3874	642	0	107.3	-6	-5	33	106	35	(-30,5)
2	2026-01-01 14:10:09.000	21492	-3914	587	0	141.26	-4	-6	33	106	35	(-31,5)
2	2026-01-01 14:10:10.000	21527	-3978	481	0	115.82	-4	-8	33	106	35	(-31,4)
2	2026-01-01 14:10:11.000	21562	-3940	514	0	107.75	-3	-6	33	106	35	(-31,4)
2	2026-01-01 14:10:12.000	21597	-4000	461	0	111.16	-2	-5	33	106	35	(-31,4)
2	2026-01-01 14:10:13.000	21632	-3879	545	0	100.73	-3	-7	33	106	35	(-30,4)
2	2026-01-01 14:10:14.000	21667	-3790	557	0	111.83	-1	-8	28	106	35	(-30,4)
2	2026-01-01 14:10:15.000	21702	-3897	626	0	131.78	-2	-8	28	106	35	(-30,5)
2	2026-01-01 14:10:16.000	21737	-3771	710	0	123.84	-3	-7	28	106	34	(-29,6)
2	2026-01-01 14:10:17.000	21772	-3721	624	0	151.02	-1	-8	28	106	34	(-29,5)
2	2026-01-01 14:10:18.000	21807	-3591	721	0	118.62	-1	-10	28	106	34	(-28,6)
2	2026-01-01 14:10:19.000	21842	-3656	599	0	129.93	1	-9	28	106	34	(-29,5)
2	2026-01-01 14:10:20.000	21877	-3663	484	0	174.76	0	-9	28	106	34	(-29,4)
2	2026-01-01 14:10:21.000	21912	-3686	474	0	195.7	0	-7	28	106	30	(-29,4)
2	2026-01-01 14:10:22.000	21947	-3683	511	0	164.39	1	-7	28	106	30	(-29,4)
2	2026-01-01 14:10:23.000	21982	-3753	392	0	130.67	0	-8	42	106	30	(-29,3)
2	2026-01-01 14:10:24.000	22017	-3665	376	0	115.6	0	-10	42	106	30	(-29,3)
2	2026-01-01 14:10:25.000	22052	-3673	262	0	112.4	2	-10	42	106	30	(-29,2)
2	2026-01-01 14:10:26.000	22087	-3617	151	0	141.23	4	-10	42	106	30	(-28,1)
2	2026-01-01 14:10:27.000	22122	-3499	50	0	108.38	5	-8	42	106	30	(-27,0)
2	2026-01-01 14:10:28.000	22157	-3454	157	0	113.72	7	-8	42	106	30	(-27,1)
2	2026-01-01 14:10:29.000	22192	-3519	87	0	156.09	9	-9	42	106	30	(-27,1)
2	2026-01-01 14:10:30.000	22227	-3600	214	0	125.19	7	-9	42	106	30	(-28,2)
2	2026-01-01 14:10:31.000	22262	-3615	172	0	119.86	6	-10	42	106	28	(-28,1)
2	2026-01-01 14:10:32.000	22297	-3646	58	0	136.79	5	-10	42	106	25	(-28,0)
2	2026-01-01 14:10:33.000	22332	-3523	135	0	94.12	6	-10	42	106	25	(-28,1)
2	2026-01-01 14:10:34.000	22367	-3521	214	0	125.15	6	-8	34	106	24	(-28,2)
2	2026-01-01 14:10:35.000	22402	-3569	196	0	135.59	7	-7	34	106	24	(-28,2)
2	2026-01-01 14:10:36.000	22437	-3610	176	0	174.57	9	-8	34	106	24	(-28,1)
2	2026-01-01 14:10:37.000	22472	-3565	264	0	189.8	7	-9	34	106	24	(-28,2)
2	2026-01-01 14:10:38.000	22507	-3694	370	0	203.86	9	-8	34	106	24	(-29,3)
2	2026-01-01 14:10:39.000	22542	-3708	264	0	168.45	10	-8	34	106	24	(-29,2)
2	2026-01-01 14:10:40.000	22577	-3650	317	0	179.71	10	-9	34	106	24	(-29,2)
2	2026-01-01 14:10:41.000	22612	-3654	288	0	220.81	9	-8	34	106	24	(-29,2)
2	2026-01-01 14:10:42.000	22647	-3676	292	-16	202.74	10	-8	34	106	20	(-29,2)
2	2026-01-01 14:10:43.000	22682	-3634	164	-16	207.18	10	-10	34	106	20	(-28,1)
2	2026-01-01 14:10:44.000	22717	-3526	155	-16	174.68	10	-9	26	106	20	(-28,1)
2	2026-01-01 14:10:45.000	22752	-3498	101	-16	202.6	10	-10	26	106	20	(-27,1)
2	2026-01-01 14:10:46.000	22787	-3392	162	-16	161.61	8	-8	26	106	19	(-26,1)
2	2026-01-01 14:10:47.000	22822	-3282	54	-16	180.93	10	-7	26	106	19	(-26,0)
2	2026-01-01 14:10:48.000	22857	-3168	109	-16	152.86	10	-7	26	106	19	(-25,1)
2	2026-01-01 14:10:49.000	22892	-3044	169	-16	121.47	8	-7	26	106	19	(-24,1)
2	2026-01-01 14:10:50.000	22927	-3065	159	-16	147.06	7	-7	26	106	19	(-24,1)
2	2026-01-01 14:10:51.000	22962	-3083	189	0	146.43	5	-6	26	106	19	(-24,1)
2	2026-01-01 14:10:52.000	22997	-3075	202	0	186.96	6	-6	26	106	19	(-24,2)
2	2026-01-01 14:10:53.000	23032	-3189	149	8	169.52	6	-5	26	106	19	(-25,1)
2	2026-01-01 14:10:54.000	23067	-3239	122	8	214.28	8	-5	26	106	37	(-25,1)
2	2026-01-01 14:10:55.000	23102	-3149	154	8	178.8	10	-3	26	106	37	(-25,1)
2	2026-01-01 14:10:56.000	23137	-3031	127	8	190.3	10	-5	26	106	37	(-24,1)
2	2026-01-01 14:10:57.000	23172	-3066	130	56	219.57	8	-4	26	106	35	(-24,1)
2	2026-01-01 14:10:58.000	23207	-3028	227	56	205.14	8	-6	26	106	31	(-24,2)
2	2026-01-01 14:10:59.000	23242	-3080	219	56	211.85	10	-5	26	106	31	(-24,2)
2	2026-01-01 14:11:00.000	23277	-3181	318	56	231.04	10	-6	26	106	31	(-25,2)
2	2026-01-01 14:11:01.000	23312	-3112	252	16	250.09	10	-4	26	106	31	(-24,2)
2	2026-01-01 14:11:02.000	23347	-3126	277	16	218.96	10	-5	26	106	31	(-24,2)
2	2026-01-01 14:11:03.000	23382	-3118	250	16	214.12	10	-5	26	106	44	(-24,2)
2	2026-01-01 14:11:04.000	23417	-3002	273	16	254.53	10	-4	26	106	44	(-23,2)
2	2026-01-01 14:11:05.000	23452	-2882	382	16	232.73	9	-2	26	106	44	(-23,3)
2	2026-01-01 14:11:06.000	23487	-2857	478	16	240.82	10	0	26	106	44	(-22,4)
2	2026-01-01 14:11:07.000	23522	-2760	557	16	277.18	8	1	26	106	44	(-22,4)
2	2026-01-01 14:11:08.000	23557	-2700	490	16	267.19	10	2	26	106	44	(-21,4)
2	2026-01-01 14:11:09.000	23592	-2622	448	16	274.2	10	1	26	106	44	(-20,4)
2	2026-01-01 14:11:10.000	23627	-2568	514	16	246.3	8	2	26	106	44	(-20,4)
2	2026-01-01 14:11:11.000	23662	-2585	477	16	211.08	6	0	26	106	44	(-20,4)
2	2026-01-01 14:11:12.000	23697	-2680	444	128	219.67	7	-2	26	106	42	(-21,3)
2	2026-01-01 14:11:13.000	23732	-2575	358	128	212.42	5	-4	26	106	42	(-20,3)
2	2026-01-01 14:11:14.000	23767	-2472	471	128	254.01	3	-3	26	106	42	(-19,4)
2	2026-01-01 14:11:15.000	23802	-2513	415	128	297.69	4	-2	26	106	37	(-20,3)
2	2026-01-01 14:11:16.000	23837	-2521	472	128	308.89	4	-4	19	106	32	(-20,4)
2	2026-01-01 14:11:17.000	23872	-2559	524	128	303.19	4	-6	19	106	32	(-20,4)
2	2026-01-01 14:11:18.000	23907	-2498	632	128	326.7	5	-6	19	106	32	(-20,5)
2	2026-01-01 14:11:19.000	23942	-2472	520	128	294.78	7	-8	19	106	32	(-19,4)
2	2026-01-01 14:11:20.000	23977	-2425	540	128	316.12	9	-10	19	106	32	(-19,4)
2	2026-01-01 14:11:21.000	24012	-2424	496	128	335.62	9	-10	19	106	32	(-19,4)
2	2026-01-01 14:11:22.000	24047	-2298	488	128	329.7	10	-10	19	106	32	(-18,4)
2	2026-01-01 14:11:23.000	24082	-2364	505	128	340.84	10	-9	19	106	32	(-18,4)
2	2026-01-01 14:11:24.000	24117	-2349	557	128	321.44	10	-9	19	106	32	(-18,4)
2	2026-01-01 14:11:25.000	24152	-2454	663	128	299.84	10	-10	19	106	30	(-19,5)
2	2026-01-01 14:11:26.000	24187	-2455	602	128	322.56	8	-9	19	106	27	(-19,5)
2	2026-01-01 14:11:27.000	24222	-2374	591	128	353.77	7	-10	19	106	27	(-19,5)
2	2026-01-01 14:11:28.000	24257	-2385	647	128	28.09	9	-10	19	106	27	(-19,5)
2	2026-01-01 14:11:29.000	24292	-2321	570	128	65.88	8	-10	19	106	27	(-18,4)
2	2026-01-01 14:11:30.000	24327	-2339	516	128	85.98	6	-8	19	106	33	(-18,4)
2	2026-01-01 14:11:31.000	24362	-2408	404	128	51.77	6	-10	19	106	33	(-19,3)
2	2026-01-01 14:11:32.000	24397	-2456	289	128	88.31	7	-10	19	106	33	(-19,2)
2	2026-01-01 14:11:33.000	24432	-2485	411	128	77.77	5	-10	19	106	31	(-19,3)
2	2026-01-01 14:11:34.000	24467	-2604	364	128	52.53	6	-9	19	106	31	(-20,3)
2	2026-01-01 14:11:35.000	24502	-2642	347	128	55.33	5	-10	19	106	31	(-21,3)
2	2026-01-01 14:11:36.000	24537	-2706	418	0	47.83	4	-10	19	106	29	(-21,3)
2	2026-01-01 14:11:37.000	24572	-2613	464	0	64.22	5	-9	19	106	24	(-20,4)
2	2026-01-01 14:11:38.000	24607	-2554	552	0	98.77	7	-9	19	106	24	(-20,4)
2	2026-01-01 14:11:39.000	24642	-2481	441	0	70.62	6	-7	19	106	24	(-19,3)
2	2026-01-01 14:11:40.000	24677	-2440	333	0	48.68	7	-9	19	106	20	(-19,3)
2	2026-01-01 14:11:41.000	24712	-2448	375	0	23.63	5	-9	19	106	20	(-19,3)
2	2026-01-01 14:11:42.000	24747	-2476	454	0	26.25	6	-10	19	106	17	(-19,4)
2	2026-01-01 14:11:43.000	24782	-2604	483	0	348.73	4	-9	19	106	17	(-20,4)
2	2026-01-01 14:11:44.000	24817	-2637	440	-16	343.05	4	-8	19	106	17	(-21,3)
2	2026-01-01 14:11:45.000	24852	-2548	528	-16	305.93	3	-7	19	106	17	(-20,4)
2	2026-01-01 14:11:46.000	24887	-2460	642	-16	269.08	3	-8	19	106	17	(-19,5)
2	2026-01-01 14:11:47.000	24922	-2556	596	-16	266.39	5	-6	19	106	17	(-20,5)
2	2026-01-01 14:11:48.000	24957	-2486	483	-16	297.04	7	-8	19	106	17	(-19,4)
2	2026-01-01 14:11:49.000	24992	-2550	379	0	307.61	8	-8	19	106	17	(-20,3)
2	2026-01-01 14:11:50.000	25027	-2612	384	0	294.95	6	-8	19	106	17	(-20,3)
2	2026-01-01 14:11:51.000	25062	-2596	426	0	288.56	6	-8	19	106	17	(-20,3)
2	2026-01-01 14:11:52.000	25097	-2650	435	128	261.18	8	-6	19	106	17	(-21,3)
2	2026-01-01 14:11:53.000	25132	-2689	404	128	256.35	6	-6	19	106	17	(-21,3)
2	2026-01-01 14:11:54.000	25167	-2602	385	128	280.57	8	-7	19	106	42	(-20,3)
2	2026-01-01 14:11:55.000	25202	-2566	267	128	294.79	8	-5	13	106	42	(-20,2)
2	2026-01-01 14:11:56.000	25237	-2573	227	128	255.12	9	-3	13	106	42	(-20,2)
2	2026-01-01 14:11:57.000	25272	-2651	355	128	293.32	7	-4	13	106	42	(-21,3)
2	2026-01-01 14:11:58.000	25307	-2650	436	128	279.66	9	-4	13	106	37	(-21,3)
2	2026-01-01 14:11:59.000	25342	-2610	490	128	315.19	9	-3	13	106	37	(-20,4)
2	2026-01-01 14:12:00.000	25377	-2641	428	128	276.63	8	-3	13	106	37	(-21,3)
2	2026-01-01 14:12:01.000	25412	-2529	522	128	311.88	8	-5	13	106	35	(-20,4)
2	2026-01-01 14:12:02.000	25447	-2537	429	128	345.15	8	-5	13	106	35	(-20,3)
2	2026-01-01 14:12:03.000	25482	-2539	482	128	21.8	8	-5	13	106	35	(-20,4)
2	2026-01-01 14:12:04.000	25517	-2559	584	128	57.3	7	-3	13	106	30	(-20,5)
2	2026-01-01 14:12:05.000	25552	-2514	499	128	100.5	5	-5	13	106	30	(-20,4)
2	2026-01-01 14:12:06.000	25587	-2540	451	128	132.96	6	-7	13	106	30	(-20,4)
2	2026-01-01 14:12:07.000	25622	-2538	539	128	165.98	6	-5	13	106	30	(-20,4)
2	2026-01-01 14:12:08.000	25657	-2492	591	128	131.18	5	-3	13	106	30	(-19,5)
2	2026-01-01 14:12:09.000	25692	-2493	620	128	153.48	7	-1	13	106	30	(-19,5)
2	2026-01-01 14:12:10.000	25727	-2528	687	128	143.19	5	-1	27	106	30	(-20,5)
2	2026-01-01 14:12:11.000	25762	-2501	671	128	130.1	3	1	27	106	26	(-20,5)
2	2026-01-01 14:12:12.000	25797	-2531	625	128	111.06	1	3	27	106	26	(-20,5)
2	2026-01-01 14:12:13.000	25832	-2536	650	128	132.77	2	4	27	106	26	(-20,5)
2	2026-01-01 14:12:14.000	25867	-2608	671	16	90.77	4	6	27	106	26	(-20,5)
2	2026-01-01 14:12:15.000	25902	-2718	542	16	135.49	4	6	27	106	26	(-21,4)
2	2026-01-01 14:12:16.000	25937	-2798	428	16	118.14	4	4	27	106	21	(-22,3)
2	2026-01-01 14:12:17.000	25972	-2837	328	16	118.2	6	3	27	106	21	(-22,3)
2	2026-01-01 14:12:18.000	26007	-2937	300	16	158.37	8	4	27	106	21	(-23,2)
2	2026-01-01 14:12:19.000	26042	-3040	202	16	135.26	10	2	27	106	17	(-24,2)
2	2026-01-01 14:12:20.000	26077	-3152	240	16	90.49	8	0	27	106	13	(-25,2)
2	2026-01-01 14:12:21.000	26112	-3261	259	16	104.1	9	0	27	106	13	(-25,2)
2	2026-01-01 14:12:22.000	26147	-3299	195	16	74.95	7	2	27	106	13	(-26,2)
2	2026-01-01 14:12:23.000	26182	-3236	273	16	73.11	5	3	27	106	13	(-25,2)
2	2026-01-01 14:12:24.000	26217	-3142	251	16	34.1	5	3	27	106	12	(-25,2)
2	2026-01-01 14:12:25.000	26252	-3055	200	16	1.32	3	2	27	106	12	(-24,2)
2	2026-01-01 14:12:26.000	26287	-2938	164	16	349.01	3	2	27	106	12	(-23,1)
2	2026-01-01 14:12:27.000	26322	-3060	160	16	331.95	2	1	27	106	12	(-24,1)
2	2026-01-01 14:12:28.000	26357	-2955	201	8	330.36	1	2	27	106	12	(-23,2)
2	2026-01-01 14:12:29.000	26392	-3003	215	8	313.4	1	0	27	106	12	(-23,2)
2	2026-01-01 14:12:30.000	26427	-2988	122	8	274.13	3	-1	27	106	22	(-23,1)
2	2026-01-01 14:12:31.000	26462	-3086	53	8	316.72	1	-3	27	106	22	(-24,0)
2	2026-01-01 14:12:32.000	26497	-3140	164	8	289.31	0	-5	27	106	22	(-25,1)
2	2026-01-01 14:12:33.000	26532	-3177	205	8	294.74	-2	-5	27	106	22	(-25,2)
2	2026-01-01 14:12:34.000	26567	-3302	213	64	276.38	-3	-4	27	106	22	(-26,2)
2	2026-01-01 14:12:35.000	26602	-3330	328	64	277.2	-3	-5	27	106	22	(-26,3)
2	2026-01-01 14:12:36.000	26637	-3370	212	64	264.23	-3	-5	22	106	22	(-26,2)
2	2026-01-01 14:12:37.000	26672	-3242	247	64	307.87	-1	-7	22	106	20	(-25,2)
2	2026-01-01 14:12:38.000	26707	-3293	194	64	323.47	-2	-7	22	106	20	(-26,2)
2	2026-01-01 14:12:39.000	26742	-3264	169	64	311.96	0	-8	22	106	20	(-26,1)
2	2026-01-01 14:12:40.000	26777	-3208	209	64	280.98	-1	-8	22	106	20	(-25,2)
2	2026-01-01 14:12:41.000	26812	-3157	293	64	265.23	1	-9	22	106	20	(-25,2)
2	2026-01-01 14:12:42.000	26847	-3284	392	64	285.49	0	-10	22	106	20	(-26,3)
2	2026-01-01 14:12:43.000	26882	-3155	320	64	300.3	0	-10	22	106	20	(-25,2)
2	2026-01-01 14:12:44.000	26917	-3028	392	64	295.68	-1	-10	22	106	20	(-24,3)
2	2026-01-01 14:12:45.000	26952	-2951	278	64	322.58	-3	-10	22	106	18	(-23,2)
2	2026-01-01 14:12:46.000	26987	-2884	297	64	278.39	-4	-10	22	106	17	(-23,2)
2	2026-01-01 14:12:47.000	27022	-2825	356	64	256.41	-4	-8	15	106	17	(-22,3)
2	2026-01-01 14:12:48.000	27057	-2781	268	64	260.12	-4	-10	15	106	12	(-22,2)
2	2026-01-01 14:12:49.000	27092	-2801	345	64	232.18	-4	-8	15	106	12	(-22,3)
2	2026-01-01 14:12:50.000	27127	-2864	358	64	258.91	-5	-8	15	106	12	(-22,3)
2	2026-01-01 14:12:51.000	27162	-2919	375	64	261.16	-4	-8	15	106	12	(-23,3)
2	2026-01-01 14:12:52.000	27197	-2841	336	0	276.15	-6	-7	15	106	11	(-22,3)
2	2026-01-01 14:12:53.000	27232	-2780	220	0	304.5	-7	-6	15	106	11	(-22,2)
2	2026-01-01 14:12:54.000	27267	-2840	96	0	299.28	-5	-8	15	106	11	(-22,1)
2	2026-01-01 14:12:55.000	27302	-2867	137	0	285.8	-3	-10	15	106	10	(-22,1)
2	2026-01-01 14:12:56.000	27337	-2926	216	0	250.55	-2	-9	15	106	10	(-23,2)
2	2026-01-01 14:12:57.000	27372	-2937	209	0	274.08	-4	-10	15	106	10	(-23,2)
2	2026-01-01 14:12:58.000	27407	-2869	335	24	237.86	-2	-10	15	106	23	(-22,3)
2	2026-01-01 14:12:59.000	27442	-2796	235	24	252.18	-1	-10	15	106	23	(-22,2)
2	2026-01-01 14:13:00.000	27477	-2817	361	24	295.34	1	-10	15	106	48	(-22,3)
2	2026-01-01 14:13:01.000	27512	-2728	284	24	322.43	0	-10	15	106	48	(-21,2)
2	2026-01-01 14:13:02.000	27547	-2707	338	24	4.34	-2	-10	15	106	50	(-21,3)
2	2026-01-01 14:13:03.000	27582	-2812	260	24	14.03	-2	-10	11	106	50	(-22,2)
2	2026-01-01 14:13:04.000	27617	-2746	188	24	50.85	-4	-10	11	106	50	(-21,1)
2	2026-01-01 14:13:05.000	27652	-2621	284	24	91.4	-4	-8	2	106	47	(-20,2)
2	2026-01-01 14:13:06.000	27687	-2630	341	24	82.44	-6	-6	2	106	47	(-21,3)
2	2026-01-01 14:13:07.000	27722	-2538	268	24	101.95	-5	-8	2	106	47	(-20,2)
2	2026-01-01 14:13:08.000	27757	-2518	315	24	99.3	-4	-10	2	106	44	(-20,2)
2	2026-01-01 14:13:09.000	27792	-2400	372	24	93.51	-5	-10	2	106	43	(-19,3)
2	2026-01-01 14:13:10.000	27827	-2339	266	24	81.43	-6	-10	2	106	43	(-18,2)
2	2026-01-01 14:13:11.000	27862	-2419	291	24	73.26	-8	-10	2	106	43	(-19,2)
2	2026-01-01 14:13:12.000	27897	-2487	306	24	109.08	-7	-10	2	106	43	(-19,2)
2	2026-01-01 14:13:13.000	27932	-2374	318	24	112.99	-5	-10	2	106	43	(-19,2)
2	2026-01-01 14:13:14.000	27967	-2250	371	24	112.32	-3	-10	2	106	43	(-18,3)
2	2026-01-01 14:13:15.000	28002	-2159	359	24	113.0	-1	-10	2	106	43	(-17,3)
2	2026-01-01 14:13:16.000	28037	-2283	364	24	98.76	-3	-10	2	106	43	(-18,3)
2	2026-01-01 14:13:17.000	28072	-2353	373	24	60.75	-5	-10	2	106	43	(-18,3)
2	2026-01-01 14:13:18.000	28107	-2394	331	24	70.71	-3	-10	2	106	43	(-19,3)
2	2026-01-01 14:13:19.000	28142	-2346	394	24	86.79	-3	-10	2	106	43	(-18,3)
2	2026-01-01 14:13:20.000	28177	-2401	299	24	127.41	-3	-10	2	106	43	(-19,2)
2	2026-01-01 14:13:21.000	28212	-2406	287	0	158.33	-1	-10	2	106	43	(-19,2)
2	2026-01-01 14:13:22.000	28247	-2297	207	0	202.92	-1	-10	2	106	40	(-18,2)
2	2026-01-01 14:13:23.000	28282	-2175	150	0	204.78	-3	-10	2	106	40	(-17,1)
2	2026-01-01 14:13:24.000	28317	-2269	59	0	169.37	-4	-10	2	106	40	(-18,0)
2	2026-01-01 14:13:25.000	28352	-2155	144	0	180.19	-5	-10	2	106	40	(-17,1)
2	2026-01-01 14:13:26.000	28387	-2143	140	0	191.68	-5	-9	2	106	40	(-17,1)
2	2026-01-01 14:13:27.000	28422	-2065	131	24	233.12	-4	-7	2	106	40	(-16,1)
2	2026-01-01 14:13:28.000	28457	-2191	218	24	233.76	-5	-8	2	106	40	(-17,2)
2	2026-01-01 14:13:29.000	28492	-2175	131	24	193.0	-6	-7	2	106	40	(-17,1)
2	2026-01-01 14:13:30.000	28527	-2111	256	24	155.97	-7	-7	0	101	40	(-16,2)
2	2026-01-01 14:13:31.000	28562	-2113	385	24	181.94	-6	-7	0	101	40	(-17,3)
2	2026-01-01 14:13:32.000	28597	-2012	416	24	221.52	-8	-5	0	101	40	(-16,3)
2	2026-01-01 14:13:33.000	28632	-1886	353	24	181.96	-6	-3	0	101	40	(-15,3)
2	2026-01-01 14:13:34.000	28667	-1817	331	24	214.77	-6	-4	0	101	40	(-14,3)
2	2026-01-01 14:13:35.000	28702	-1866	384	24	201.78	-6	-6	0	97	36	(-15,3)
2	2026-01-01 14:13:36.000	28737	-1984	432	24	182.24	-6	-7	0	91	48	(-16,3)
2	2026-01-01 14:13:37.000	28772	-1969	331	24	163.58	-8	-6	0	91	48	(-15,3)
2	2026-01-01 14:13:38.000	28807	-1846	336	24	197.48	-7	-6	0	91	46	(-14,3)
2	2026-01-01 14:13:39.000	28842	-1797	362	24	237.91	-9	-8	0	91	46	(-14,3)
2	2026-01-01 14:13:40.000	28877	-1838	320	24	238.86	-7	-7	0	91	46	(-14,2)
2	2026-01-01 14:13:41.000	28912	-1779	267	24	197.06	-8	-5	0	91	46	(-14,2)
2	2026-01-01 14:13:42.000	28947	-1733	335	24	227.61	-7	-3	0	91	44	(-14,3)
2	2026-01-01 14:13:43.000	28982	-1620	445	0	202.98	-6	-3	0	91	44	(-13,3)
2	2026-01-01 14:13:44.000	29017	-1664	536	0	179.04	-5	-2	0	91	41	(-13,4)
2	2026-01-01 14:13:45.000	29052	-1575	490	0	205.49	-5	-2	0	91	41	(-12,4)
2	2026-01-01 14:13:46.000	29087	-1644	527	0	196.78	-3	-1	0	91	41	(-13,4)
2	2026-01-01 14:13:47.000	29122	-1671	592	0	162.98	-2	0	5	91	41	(-13,5)
2	2026-01-01 14:13:48.000	29157	-1613	480	0	136.08	-1	0	5	91	41	(-13,4)
2	2026-01-01 14:13:49.000	29192	-1509	429	0	123.84	-2	0	5	91	41	(-12,3)
2	2026-01-01 14:13:50.000	29227	-1539	325	0	148.23	-2	2	5	91	41	(-12,3)
2	2026-01-01 14:13:51.000	29262	-1659	342	0	106.69	-1	3	5	91	40	(-13,3)
2	2026-01-01 14:13:52.000	29297	-1545	376	0	127.37	-1	3	5	91	40	(-12,3)
2	2026-01-01 14:13:53.000	29332	-1614	281	0	143.61	0	1	5	91	37	(-13,2)
2	2026-01-01 14:13:54.000	29367	-1527	307	0	134.95	0	1	5	91	37	(-12,2)
2	2026-01-01 14:13:55.000	29402	-1560	262	0	159.32	2	3	5	91	37	(-12,2)
2	2026-01-01 14:13:56.000	29437	-1454	174	0	138.21	4	1	5	91	37	(-11,1)
2	2026-01-01 14:13:57.000	29472	-1397	129	0	117.4	2	3	5	91	37	(-11,1)
2	2026-01-01 14:13:58.000	29507	-1338	110	0	84.34	4	1	5	91	37	(-10,1)
2	2026-01-01 14:13:59.000	29542	-1421	55	0	119.0	4	2	5	91	36	(-11,0)
2	2026-01-01 14:14:00.000	29577	-1512	90	0	150.68	6	4	5	91	36	(-12,1)
2	2026-01-01 14:14:01.000	29612	-1553	73	32	122.4	8	5	5	91	36	(-12,1)
2	2026-01-01 14:14:02.000	29647	-1424	200	32	90.45	7	5	5	91	36	(-11,2)
2	2026-01-01 14:14:03.000	29682	-1520	203	32	89.57	5	6	5	91	36	(-12,2)
2	2026-01-01 14:14:04.000	29717	-1412	80	32	68.85	5	8	5	91	36	(-11,1)
2	2026-01-01 14:14:05.000	29752	-1439	-13	32	108.67	4	10	5	91	36	(-11,0)
2	2026-01-01 14:14:06.000	29787	-1350	50	8	103.96	6	10	5	106	36	(-11,0)
2	2026-01-01 14:14:07.000	29822	-1364	47	8	86.72	5	10	5	106	36	(-11,0)
2	2026-01-01 14:14:08.000	29857	-1257	0	8	103.64	7	10	5	106	36	(-10,0)
2	2026-01-01 14:14:09.000	29892	-1297	39	8	83.51	7	10	5	106	36	(-10,0)
2	2026-01-01 14:14:10.000	29927	-1281	-77	8	72.92	7	8	5	106	36	(-10,-1)
2	2026-01-01 14:14:11.000	29962	-1252	-72	8	33.22	5	7	5	106	36	(-10,-1)
2	2026-01-01 14:14:12.000	29997	-1187	-62	8	36.0	5	8	5	106	36	(-9,0)
2	2026-01-01 14:14:13.000	30032	-1097	-3	8	19.6	3	6	5	106	36	(-9,0)
2	2026-01-01 14:14:14.000	30067	-1129	-81	8	12.77	3	6	5	106	36	(-9,-1)
2	2026-01-01 14:14:15.000	30102	-1178	28	64	50.0	3	6	5	106	36	(-9,0)
2	2026-01-01 14:14:16.000	30137	-1063	146	64	18.47	2	7	0	106	36	(-8,1)
2	2026-01-01 14:14:17.000	30172	-1016	137	64	58.46	3	5	0	106	36	(-8,1)
2	2026-01-01 14:14:18.000	30207	-1059	26	64	46.21	3	3	0	106	36	(-8,0)
2	2026-01-01 14:14:19.000	30242	-1052	47	64	58.7	5	5	0	106	33	(-8,0)
2	2026-01-01 14:14:20.000	30277	-1069	101	128	65.43	6	5	0	106	33	(-8,1)
2	2026-01-01 14:14:21.000	30312	-1171	71	128	101.67	5	4	0	106	33	(-9,1)
2	2026-01-01 14:14:22.000	30347	-1060	113	128	90.23	4	4	0	106	31	(-8,1)
2	2026-01-01 14:14:23.000	30382	-1175	171	64	133.72	3	3	20	106	26	(-9,1)
2	2026-01-01 14:14:24.000	30417	-1109	212	64	115.1	3	2	20	106	26	(-9,2)
2	2026-01-01 14:14:25.000	30452	-1219	260	64	116.25	3	4	20	106	26	(-10,2)
2	2026-01-01 14:14:26.000	30487	-1240	189	8	122.29	2	3	19	106	26	(-10,1)
2	2026-01-01 14:14:27.000	30522	-1114	96	8	136.38	1	2	19	106	26	(-9,1)
2	2026-01-01 14:14:28.000	30557	-1063	13	8	137.6	-1	0	19	106	23	(-8,0)
2	2026-01-01 14:14:29.000	30592	-991	-13	8	115.05	1	-1	19	106	23	(-8,0)
2	2026-01-01 14:14:30.000	30627	-939	-62	0	137.21	2	0	19	106	23	(-7,0)
2	2026-01-01 14:14:31.000	30662	-977	46	0	94.24	2	1	19	106	23	(-8,0)
2	2026-01-01 14:14:32.000	30697	-909	69	0	86.4	3	3	19	106	22	(-7,1)
2	2026-01-01 14:14:33.000	30732	-881	117	0	71.08	1	5	19	106	22	(-7,1)
2	2026-01-01 14:14:34.000	30767	-871	52	0	65.17	0	3	19	106	22	(-7,0)
2	2026-01-01 14:14:35.000	30802	-858	79	0	25.15	-1	3	19	106	22	(-7,1)
2	2026-01-01 14:14:36.000	30837	-887	158	0	23.19	-1	5	19	106	17	(-7,1)
2	2026-01-01 14:14:37.000	30872	-934	62	0	347.14	1	4	19	106	17	(-7,0)
2	2026-01-01 14:14:38.000	30907	-832	84	0	345.0	0	4	19	106	17	(-6,1)
2	2026-01-01 14:14:39.000	30942	-922	-5	0	18.61	0	4	19	106	17	(-7,0)
2	2026-01-01 14:14:40.000	30977	-976	49	0	20.8	-1	4	19	106	14	(-8,0)
2	2026-01-01 14:14:41.000	31012	-936	122	40	10.45	-1	4	19	106	14	(-7,1)
2	2026-01-01 14:14:42.000	31047	-1066	216	40	36.3	1	6	19	106	14	(-8,2)
2	2026-01-01 14:14:43.000	31082	-939	209	40	38.53	0	6	11	106	14	(-7,2)
2	2026-01-01 14:14:44.000	31117	-1044	281	40	358.82	0	4	11	106	14	(-8,2)
2	2026-01-01 14:14:45.000	31152	-1125	164	40	354.9	0	6	11	106	9	(-9,1)
2	2026-01-01 14:14:46.000	31187	-1254	245	40	359.51	-1	5	11	106	9	(-10,2)
2	2026-01-01 14:14:47.000	31222	-1267	248	40	14.84	-3	4	11	106	9	(-10,2)
2	2026-01-01 14:14:48.000	31257	-1252	307	-8	9.35	-3	6	11	106	5	(-10,2)
2	2026-01-01 14:14:49.000	31292	-1156	374	-8	26.21	-3	8	11	106	16	(-9,3)
2	2026-01-01 14:14:50.000	31327	-1237	414	8	350.0	-2	10	11	106	16	(-10,3)
2	2026-01-01 14:14:51.000	31362	-1351	433	8	26.67	-1	10	11	106	16	(-11,3)
2	2026-01-01 14:14:52.000	31397	-1359	377	0	32.08	0	10	11	106	16	(-11,3)
2	2026-01-01 14:14:53.000	31432	-1386	323	0	59.68	-2	10	11	106	16	(-11,3)
2	2026-01-01 14:14:54.000	31467	-1501	412	0	43.22	0	10	11	106	16	(-12,3)
2	2026-01-01 14:14:55.000	31502	-1470	367	0	26.06	-1	8	11	106	16	(-11,3)
2	2026-01-01 14:14:56.000	31537	-1422	321	0	5.49	-2	8	11	106	16	(-11,3)
2	2026-01-01 14:14:57.000	31572	-1488	361	0	35.73	0	6	11	106	16	(-12,3)
2	2026-01-01 14:14:58.000	31607	-1532	468	0	43.46	0	7	11	106	16	(-12,4)
2	2026-01-01 14:14:59.000	31642	-1552	567	0	76.71	-2	5	11	106	16	(-12,4)
2	2026-01-01 14:15:00.000	31677	-1519	557	0	73.31	0	4	11	106	15	(-12,4)
2	2026-01-01 14:15:01.000	31712	-1535	569	0	37.79	1	3	11	106	15	(-12,4)
2	2026-01-01 14:15:02.000	31747	-1489	576	0	73.57	0	3	11	106	15	(-12,4)
2	2026-01-01 14:15:03.000	31782	-1498	639	0	74.16	-2	4	11	106	15	(-12,5)
2	2026-01-01 14:15:04.000	31817	-1559	515	0	50.42	-4	3	11	106	15	(-12,4)
2	2026-01-01 14:15:05.000	31852	-1458	491	0	26.32	-2	1	11	106	15	(-11,4)
2	2026-01-01 14:15:06.000	31887	-1546	530	0	25.27	-4	3	11	106	15	(-12,4)
2	2026-01-01 14:15:07.000	31922	-1637	417	0	345.42	-4	1	11	106	15	(-13,3)
2	2026-01-01 14:15:08.000	31957	-1741	521	0	25.42	-6	2	11	106	15	(-14,4)
2	2026-01-01 14:15:09.000	31992	-1776	499	0	69.95	-5	3	11	106	15	(-14,4)
2	2026-01-01 14:15:10.000	32027	-1675	416	0	112.17	-5	2	11	106	15	(-13,3)
2	2026-01-01 14:15:11.000	32062	-1716	506	0	71.76	-4	1	11	106	15	(-13,4)
2	2026-01-01 14:15:12.000	32097	-1840	579	0	102.32	-4	-1	11	106	15	(-14,5)
2	2026-01-01 14:15:13.000	32132	-1870	567	-8	110.05	-5	-1	11	106	15	(-15,4)
2	2026-01-01 14:15:14.000	32167	-1845	521	0	86.95	-3	1	11	106	15	(-14,4)
2	2026-01-01 14:15:15.000	32202	-1833	549	0	117.28	-1	2	11	106	15	(-14,4)
2	2026-01-01 14:15:16.000	32237	-1931	461	0	106.39	-1	4	5	106	12	(-15,4)
2	2026-01-01 14:15:17.000	32272	-2015	388	0	78.4	-1	6	5	106	12	(-16,3)
2	2026-01-01 14:15:18.000	32307	-1982	350	0	69.48	-2	4	4	106	12	(-15,3)
2	2026-01-01 14:15:19.000	32342	-1959	226	0	58.51	-4	4	4	106	12	(-15,2)
2	2026-01-01 14:15:20.000	32377	-1897	189	0	39.62	-2	6	4	106	9	(-15,1)
2	2026-01-01 14:15:21.000	32412	-1972	152	0	63.03	-2	5	0	103	9	(-15,1)
2	2026-01-01 14:15:22.000	32447	-2056	240	0	51.4	-3	4	0	103	9	(-16,2)
2	2026-01-01 14:15:23.000	32482	-2018	205	0	84.67	-1	2	0	103	9	(-16,2)
2	2026-01-01 14:15:24.000	32517	-1931	232	0	40.84	-2	4	0	103	9	(-15,2)
2	2026-01-01 14:15:25.000	32552	-1851	170	0	24.91	-1	3	0	103	9	(-14,1)
2	2026-01-01 14:15:26.000	32587	-1774	210	0	57.62	0	4	0	103	9	(-14,2)
2	2026-01-01 14:15:27.000	32622	-1761	182	0	33.1	1	2	0	103	27	(-14,1)
2	2026-01-01 14:15:28.000	32657	-1790	102	16	354.86	-1	0	0	103	27	(-14,1)
2	2026-01-01 14:15:29.000	32692	-1829	63	0	11.09	1	-2	0	102	27	(-14,0)
2	2026-01-01 14:15:30.000	32727	-1929	93	0	353.77	0	0	0	102	35	(-15,1)
2	2026-01-01 14:15:31.000	32762	-1884	0	128	35.07	2	1	0	102	35	(-15,0)
2	2026-01-01 14:15:32.000	32797	-1916	-17	128	17.92	3	-1	0	102	35	(-15,0)
2	2026-01-01 14:15:33.000	32832	-2023	-5	128	30.31	4	0	0	102	35	(-16,0)
2	2026-01-01 14:15:34.000	32867	-2031	-45	128	38.03	3	2	0	102	35	(-16,0)
2	2026-01-01 14:15:35.000	32902	-2106	-150	128	22.61	1	1	0	102	35	(-16,-1)
2	2026-01-01 14:15:36.000	32937	-2124	-115	0	356.21	-1	-1	0	95	35	(-17,-1)
2	2026-01-01 14:15:37.000	32972	-2063	-171	0	25.75	0	0	0	95	35	(-16,-1)
2	2026-01-01 14:15:38.000	33007	-2078	-270	0	44.49	1	-1	0	95	35	(-16,-2)
2	2026-01-01 14:15:39.000	33042	-2051	-192	0	47.81	-1	-3	0	95	35	(-16,-2)
2	2026-01-01 14:15:40.000	33077	-1980	-312	0	88.55	-2	-1	0	95	35	(-15,-2)
2	2026-01-01 14:15:41.000	33112	-2009	-317	0	100.16	-2	-2	0	95	32	(-16,-2)
2	2026-01-01 14:15:42.000	33147	-2036	-191	0	106.62	-2	-1	0	95	28	(-16,-1)
2	2026-01-01 14:15:43.000	33182	-1934	-83	0	122.79	-3	1	0	95	28	(-15,-1)
2	2026-01-01 14:15:44.000	33217	-1872	-149	0	99.12	-5	3	0	95	28	(-15,-1)
2	2026-01-01 14:15:45.000	33252	-1870	-170	0	131.75	-5	5	0	95	26	(-15,-1)
2	2026-01-01 14:15:46.000	33287	-1938	-84	0	172.17	-3	5	0	95	26	(-15,-1)
2	2026-01-01 14:15:47.000	33322	-1826	-154	0	148.09	-1	4	0	95	26	(-14,-1)
2	2026-01-01 14:15:48.000	33357	-1909	-155	0	166.38	-2	6	0	95	26	(-15,-1)
2	2026-01-01 14:15:49.000	33392	-1839	-53	0	166.21	-3	4	0	101	26	(-14,0)
2	2026-01-01 14:15:50.000	33427	-1846	-26	0	136.98	-2	3	0	101	26	(-14,0)
2	2026-01-01 14:15:51.000	33462	-1752	-10	0	102.0	-4	2	0	101	26	(-14,0)
2	2026-01-01 14:15:52.000	33497	-1820	43	0	62.46	-3	1	0	101	21	(-14,0)
2	2026-01-01 14:15:53.000	33532	-1810	47	0	51.53	-4	3	0	101	21	(-14,0)
2	2026-01-01 14:15:54.000	33567	-1715	107	0	90.78	-4	3	0	101	16	(-13,1)
2	2026-01-01 14:15:55.000	33602	-1801	-2	0	90.23	-5	2	0	101	16	(-14,0)
2	2026-01-01 14:15:56.000	33637	-1920	128	0	105.11	-3	0	0	101	16	(-15,1)
2	2026-01-01 14:15:57.000	33672	-1894	190	0	93.14	-4	-2	0	95	16	(-15,1)
2	2026-01-01 14:15:58.000	33707	-1890	88	0	56.85	-4	-2	0	95	16	(-15,1)
2	2026-01-01 14:15:59.000	33742	-1966	86	0	81.03	-5	0	0	90	14	(-15,1)
2	2026-01-01 14:16:00.000	33777	-1876	49	0	83.72	-3	-1	0	90	14	(-15,0)
2	2026-01-01 14:16:01.000	33812	-1778	26	0	68.26	-2	-1	0	90	14	(-14,0)
2	2026-01-01 14:16:02.000	33847	-1835	155	0	69.89	-2	-2	0	90	13	(-14,1)
2	2026-01-01 14:16:03.000	33882	-1788	247	0	27.18	0	-4	0	90	8	(-14,2)
2	2026-01-01 14:16:04.000	33917	-1799	263	0	13.4	1	-2	0	90	8	(-14,2)
2	2026-01-01 14:16:05.000	33952	-1857	355	128	50.23	0	-3	0	90	8	(-15,3)
2	2026-01-01 14:16:06.000	33987	-1887	298	56	65.78	-2	-4	0	90	6	(-15,2)
2	2026-01-01 14:16:07.000	34022	-1872	376	56	27.28	-4	-2	0	90	2	(-15,3)
2	2026-01-01 14:16:08.000	34057	-1894	317	56	10.19	-3	-4	0	90	2	(-15,2)
2	2026-01-01 14:16:09.000	34092	-1985	429	40	41.53	-1	-5	0	90	2	(-16,3)
2	2026-01-01 14:16:10.000	34127	-2003	452	40	54.01	-2	-6	0	90	0	(-16,4)
2	2026-01-01 14:16:11.000	34162	-1953	429	40	69.43	-2	-5	0	90	25	(-15,3)
2	2026-01-01 14:16:12.000	34197	-1927	394	-16	26.42	-4	-7	0	90	25	(-15,3)
2	2026-01-01 14:16:13.000	34232	-1858	406	-16	11.49	-3	-7	14	90	25	(-15,3)
2	2026-01-01 14:16:14.000	34267	-1816	528	-16	30.51	-3	-6	14	90	25	(-14,4)
2	2026-01-01 14:16:15.000	34302	-1833	557	-16	353.74	-4	-7	14	90	25	(-14,4)
2	2026-01-01 14:16:16.000	34337	-1756	666	-16	352.51	-3	-8	14	90	25	(-14,5)
2	2026-01-01 14:16:17.000	34372	-1711	685	128	333.53	-5	-8	14	90	24	(-13,5)
2	2026-01-01 14:16:18.000	34407	-1632	691	8	337.16	-3	-10	14	90	24	(-13,5)
2	2026-01-01 14:16:19.000	34442	-1746	567	8	21.14	-3	-10	14	90	19	(-14,4)
2	2026-01-01 14:16:20.000	34477	-1699	581	8	17.53	-2	-10	14	90	19	(-13,5)
2	2026-01-01 14:16:21.000	34512	-1818	453	8	52.17	0	-10	14	90	19	(-14,4)
2	2026-01-01 14:16:22.000	34547	-1770	487	24	58.48	1	-8	14	90	16	(-14,4)
2	2026-01-01 14:16:23.000	34582	-1796	398	24	69.61	2	-10	14	90	16	(-14,3)
2	2026-01-01 14:16:24.000	34617	-1756	431	24	85.49	1	-8	14	90	13	(-14,3)
2	2026-01-01 14:16:25.000	34652	-1848	499	24	72.63	-1	-10	14	90	13	(-14,4)
2	2026-01-01 14:16:26.000	34687	-1896	385	24	37.58	-3	-8	14	90	10	(-15,3)
2	2026-01-01 14:16:27.000	34722	-1999	473	24	40.19	-1	-10	14	90	6	(-16,4)
2	2026-01-01 14:16:28.000	34757	-1968	482	24	3.6	1	-10	14	90	6	(-15,4)
2	2026-01-01 14:16:29.000	34792	-2034	543	0	34.4	3	-10	14	90	6	(-16,4)
2	2026-01-01 14:16:30.000	34827	-2020	606	0	58.44	1	-8	14	90	6	(-16,5)
2	2026-01-01 14:16:31.000	34862	-1997	639	0	44.52	0	-6	14	90	2	(-16,5)
2	2026-01-01 14:16:32.000	34897	-1904	588	0	11.85	0	-7	14	90	2	(-15,5)
2	2026-01-01 14:16:33.000	34932	-1824	558	0	358.55	-1	-9	14	90	2	(-14,4)
2	2026-01-01 14:16:34.000	34967	-1917	680	40	38.3	-2	-10	14	90	14	(-15,5)
2	2026-01-01 14:16:35.000	35002	-1904	654	40	9.11	-4	-10	14	90	14	(-15,5)
2	2026-01-01 14:16:36.000	35037	-1876	626	40	336.06	-6	-10	14	90	11	(-15,5)
2	2026-01-01 14:16:37.000	35072	-1861	569	40	296.52	-5	-9	32	90	6	(-15,4)
2	2026-01-01 14:16:38.000	35107	-1961	446	40	286.87	-7	-10	32	90	6	(-15,3)
2	2026-01-01 14:16:39.000	35142	-1895	491	40	314.42	-9	-10	32	90	6	(-15,4)
2	2026-01-01 14:16:40.000	35177	-1801	479	40	346.64	-8	-10	32	90	1	(-14,4)
2	2026-01-01 14:16:41.000	35212	-1755	598	40	3.79	-7	-8	31	90	0	(-14,5)
2	2026-01-01 14:16:42.000	35247	-1674	526	40	332.08	-6	-8	31	90	0	(-13,4)
2	2026-01-01 14:16:43.000	35282	-1741	426	40	307.62	-5	-9	31	90	0	(-14,3)
2	2026-01-01 14:16:44.000	35317	-1690	463	40	347.1	-3	-7	31	90	0	(-13,4)
2	2026-01-01 14:16:45.000	35352	-1753	460	40	322.78	-3	-8	31	90	0	(-14,4)
2	2026-01-01 14:16:46.000	35387	-1631	463	40	0.17	-5	-6	31	90	25	(-13,4)
2	2026-01-01 14:16:47.000	35422	-1563	510	40	8.09	-7	-7	31	90	20	(-12,4)
2	2026-01-01 14:16:48.000	35457	-1519	414	40	339.0	-9	-7	31	90	20	(-12,3)
2	2026-01-01 14:16:49.000	35492	-1481	398	40	17.63	-8	-7	31	90	20	(-12,3)
2	2026-01-01 14:16:50.000	35527	-1354	345	40	42.49	-10	-8	31	90	20	(-11,3)
2	2026-01-01 14:16:51.000	35562	-1437	384	40	44.52	-10	-7	31	90	20	(-11,3)
2	2026-01-01 14:16:52.000	35597	-1441	382	40	62.54	-9	-8	31	90	39	(-11,3)
2	2026-01-01 14:16:53.000	35632	-1396	332	40	90.83	-9	-6	28	90	39	(-11,3)
2	2026-01-01 14:16:54.000	35667	-1315	245	40	122.4	-7	-4	28	90	37	(-10,2)
2	2026-01-01 14:16:55.000	35702	-1362	195	128	142.5	-8	-2	28	90	37	(-11,2)
2	2026-01-01 14:16:56.000	35737	-1304	246	128	171.26	-9	-1	21	90	37	(-10,2)
2	2026-01-01 14:16:57.000	35772	-1406	133	128	179.07	-7	-3	21	90	37	(-11,1)
2	2026-01-01 14:16:58.000	35807	-1336	177	8	221.75	-5	-5	21	90	35	(-10,1)
2	2026-01-01 14:16:59.000	35842	-1457	83	8	209.36	-5	-7	21	90	31	(-11,1)
2	2026-01-01 14:17:00.000	35877	-1445	114	8	226.05	-7	-7	21	90	31	(-11,1)
2	2026-01-01 14:17:01.000	35912	-1510	123	8	237.73	-9	-5	21	90	31	(-12,1)
2	2026-01-01 14:17:02.000	35947	-1528	191	8	238.09	-9	-5	21	90	31	(-12,1)
2	2026-01-01 14:17:03.000	35982	-1439	271	8	207.04	-10	-7	21	90	28	(-11,2)
2	2026-01-01 14:17:04.000	36017	-1351	258	8	187.83	-8	-9	21	90	28	(-11,2)
2	2026-01-01 14:17:05.000	36052	-1452	357	8	200.49	-10	-10	41	90	28	(-11,3)
2	2026-01-01 14:17:06.000	36087	-1508	263	8	242.96	-8	-8	41	90	28	(-12,2)
2	2026-01-01 14:17:07.000	36122	-1615	335	8	241.74	-8	-10	41	90	28	(-13,3)
2	2026-01-01 14:17:08.000	36157	-1518	353	8	239.74	-10	-9	41	90	28	(-12,3)
2	2026-01-01 14:17:09.000	36192	-1437	292	8	226.36	-10	-9	41	90	28	(-11,2)
2	2026-01-01 14:17:10.000	36227	-1384	209	8	211.76	-10	-10	41	90	24	(-11,2)
2	2026-01-01 14:17:11.000	36262	-1407	246	8	221.64	-8	-10	37	90	24	(-11,2)
2	2026-01-01 14:17:12.000	36297	-1346	178	8	229.42	-7	-10	37	90	24	(-11,1)
2	2026-01-01 14:17:13.000	36332	-1359	286	8	227.0	-7	-10	37	90	24	(-11,2)
2	2026-01-01 14:17:14.000	36367	-1446	168	8	230.62	-9	-8	37	90	24	(-11,1)
2	2026-01-01 14:17:15.000	36402	-1418	193	8	274.56	-9	-6	37	90	41	(-11,2)
2	2026-01-01 14:17:16.000	36437	-1314	131	8	277.98	-9	-4	29	90	41	(-10,1)
2	2026-01-01 14:17:17.000	36472	-1406	171	8	264.02	-10	-3	20	90	41	(-11,1)
2	2026-01-01 14:17:18.000	36507	-1401	223	8	228.75	-9	-5	20	90	41	(-11,2)
2	2026-01-01 14:17:19.000	36542	-1492	240	8	258.09	-9	-3	20	90	41	(-12,2)
2	2026-01-01 14:17:20.000	36577	-1510	163	8	219.81	-10	-2	20	90	40	(-12,1)
2	2026-01-01 14:17:21.000	36612	-1631	154	8	215.02	-9	-2	20	90	36	(-13,1)
2	2026-01-01 14:17:22.000	36647	-1545	163	8	240.39	-10	-3	20	90	36	(-12,1)
2	2026-01-01 14:17:23.000	36682	-1496	236	8	231.21	-10	-3	20	90	31	(-12,2)
2	2026-01-01 14:17:24.000	36717	-1426	242	8	232.38	-10	-2	20	90	46	(-11,2)
2	2026-01-01 14:17:25.000	36752	-1527	368	8	240.52	-10	-1	20	90	46	(-12,3)
2	2026-01-01 14:17:26.000	36787	-1590	404	8	197.81	-9	-1	20	90	46	(-12,3)
2	2026-01-01 14:17:27.000	36822	-1696	346	8	208.62	-7	1	20	90	46	(-13,3)
2	2026-01-01 14:17:28.000	36857	-1608	469	8	232.34	-8	1	20	90	46	(-13,4)
2	2026-01-01 14:17:29.000	36892	-1586	434	8	195.36	-9	-1	20	90	44	(-12,3)
2	2026-01-01 14:17:30.000	36927	-1692	428	8	174.56	-10	1	20	90	44	(-13,3)
2	2026-01-01 14:17:31.000	36962	-1632	493	64	189.78	-10	0	20	90	44	(-13,4)
2	2026-01-01 14:17:32.000	36997	-1648	465	64	160.63	-10	2	20	90	44	(-13,4)
2	2026-01-01 14:17:33.000	37032	-1646	541	64	138.57	-10	0	20	90	40	(-13,4)
2	2026-01-01 14:17:34.000	37067	-1691	659	64	176.88	-10	2	20	101	40	(-13,5)
2	2026-01-01 14:17:35.000	37102	-1622	735	64	193.26	-10	0	20	101	40	(-13,6)
2	2026-01-01 14:17:36.000	37137	-1605	844	64	156.28	-10	-1	20	101	36	(-13,7)
2	2026-01-01 14:17:37.000	37172	-1645	965	64	178.45	-9	-3	20	101	36	(-13,8)
2	2026-01-01 14:17:38.000	37207	-1689	887	64	168.9	-10	-5	20	101	36	(-13,7)
2	2026-01-01 14:17:39.000	37242	-1815	841	64	135.02	-9	-3	20	101	33	(-14,7)
2	2026-01-01 14:17:40.000	37277	-1789	789	64	112.73	-10	-2	20	101	33	(-14,6)
2	2026-01-01 14:17:41.000	37312	-1829	782	64	129.61	-9	-3	20	101	31	(-14,6)
2	2026-01-01 14:17:42.000	37347	-1741	814	0	95.68	-8	-3	20	101	29	(-14,6)
2	2026-01-01 14:17:43.000	37382	-1714	819	0	59.79	-8	-4	20	101	29	(-13,6)
2	2026-01-01 14:17:44.000	37417	-1704	694	0	73.01	-8	-6	20	101	29	(-13,5)
2	2026-01-01 14:17:45.000	37452	-1705	799	0	58.33	-10	-6	20	101	29	(-13,6)
2	2026-01-01 14:17:46.000	37487	-1763	919	0	70.31	-10	-4	20	101	29	(-14,7)
2	2026-01-01 14:17:47.000	37522	-1742	915	0	44.81	-10	-6	20	101	28	(-14,7)
2	2026-01-01 14:17:48.000	37557	-1860	1005	0	77.38	-10	-5	20	101	28	(-15,8)
2	2026-01-01 14:17:49.000	37592	-1948	1068	0	75.2	-10	-5	20	101	28	(-15,8)
2	2026-01-01 14:17:50.000	37627	-2052	1194	0	57.27	-8	-7	20	106	28	(-16,9)
2	2026-01-01 14:17:51.000	37662	-2031	1307	0	95.59	-10	-6	20	106	28	(-16,10)
2	2026-01-01 14:17:52.000	37697	-2091	1279	0	78.68	-10	-4	20	106	28	(-16,10)
2	2026-01-01 14:17:53.000	37732	-2125	1351	0	63.69	-10	-3	20	106	28	(-17,11)
2	2026-01-01 14:17:54.000	37767	-2075	1369	0	93.72	-10	-2	20	106	28	(-16,11)
2	2026-01-01 14:17:55.000	37802	-1951	1481	0	58.14	-10	-2	20	106	24	(-15,12)
2	2026-01-01 14:17:56.000	37837	-2016	1539	0	28.78	-10	-4	20	106	24	(-16,12)
2	2026-01-01 14:17:57.000	37872	-1916	1498	0	49.39	-9	-3	20	106	22	(-15,12)
2	2026-01-01 14:17:58.000	37907	-1914	1438	0	71.08	-10	-3	20	106	22	(-15,11)
2	2026-01-01 14:17:59.000	37942	-1862	1364	0	88.6	-8	-3	20	106	22	(-15,11)
2	2026-01-01 14:18:00.000	37977	-1888	1443	0	75.49	-10	-2	20	106	22	(-15,11)
2	2026-01-01 14:18:01.000	38012	-1833	1512	0	31.46	-9	-3	20	106	20	(-14,12)
2	2026-01-01 14:18:02.000	38047	-1854	1562	0	50.4	-10	-3	20	106	20	(-14,12)
2	2026-01-01 14:18:03.000	38082	-1822	1618	0	91.14	-10	-3	20	106	16	(-14,13)
2	2026-01-01 14:18:04.000	38117	-1722	1505	0	131.97	-10	-3	16	106	15	(-13,12)
2	2026-01-01 14:18:05.000	38152	-1687	1412	0	171.89	-10	-5	16	106	13	(-13,11)
2	2026-01-01 14:18:06.000	38187	-1817	1333	56	147.29	-9	-3	16	106	13	(-14,10)
2	2026-01-01 14:18:07.000	38222	-1817	1364	56	184.62	-10	-5	16	106	13	(-14,11)
2	2026-01-01 14:18:08.000	38257	-1790	1236	56	217.68	-10	-5	16	106	13	(-14,10)
2	2026-01-01 14:18:09.000	38292	-1808	1268	56	194.2	-10	-5	16	106	12	(-14,10)
2	2026-01-01 14:18:10.000	38327	-1713	1235	56	176.89	-10	-4	16	106	11	(-13,10)
2	2026-01-01 14:18:11.000	38362	-1655	1105	56	140.98	-10	-5	16	106	9	(-13,9)
2	2026-01-01 14:18:12.000	38397	-1660	1203	56	102.02	-10	-5	16	106	7	(-13,9)
2	2026-01-01 14:18:13.000	38432	-1680	1169	56	89.24	-10	-3	16	106	7	(-13,9)
2	2026-01-01 14:18:14.000	38467	-1663	1061	56	58.53	-8	-5	16	106	7	(-13,8)
2	2026-01-01 14:18:15.000	38502	-1591	1088	56	103.33	-9	-7	16	106	7	(-12,8)
2	2026-01-01 14:18:16.000	38537	-1559	984	56	64.69	-10	-9	16	106	7	(-12,8)
2	2026-01-01 14:18:17.000	38572	-1457	881	56	25.99	-8	-8	16	106	7	(-11,7)
2	2026-01-01 14:18:18.000	38607	-1553	881	56	22.2	-7	-7	16	106	7	(-12,7)
2	2026-01-01 14:18:19.000	38642	-1576	800	56	25.27	-9	-8	16	106	4	(-12,6)
2	2026-01-01 14:18:20.000	38677	-1705	706	56	356.25	-8	-10	16	106	4	(-13,6)
2	2026-01-01 14:18:21.000	38712	-1748	711	56	9.78	-8	-10	16	106	4	(-14,6)
2	2026-01-01 14:18:22.000	38747	-1621	632	56	333.55	-6	-10	16	106	4	(-13,5)
2	2026-01-01 14:18:23.000	38782	-1507	583	56	2.01	-4	-10	16	106	4	(-12,5)
2	2026-01-01 14:18:24.000	38817	-1406	470	-16	25.98	-3	-9	16	106	4	(-11,4)
2	2026-01-01 14:18:25.000	38852	-1384	358	-16	14.32	-2	-7	16	106	4	(-11,3)
2	2026-01-01 14:18:26.000	38887	-1268	315	-16	51.64	-1	-5	16	106	0	(-10,2)
2	2026-01-01 14:18:27.000	38922	-1362	338	8	13.54	-3	-4	16	106	0	(-11,3)
2	2026-01-01 14:18:28.000	38957	-1457	442	8	353.36	-3	-2	16	106	0	(-11,3)
2	2026-01-01 14:18:29.000	38992	-1416	524	8	10.35	-2	0	16	106	0	(-11,4)
2	2026-01-01 14:18:30.000	39027	-1372	488	8	8.35	-1	-1	7	106	0	(-11,4)
2	2026-01-01 14:18:31.000	39062	-1264	504	8	23.54	-3	0	7	106	0	(-10,4)
2	2026-01-01 14:18:32.000	39097	-1289	410	8	50.85	-1	-1	7	106	0	(-10,3)
2	2026-01-01 14:18:33.000	39132	-1372	329	-8	79.31	-1	-1	7	106	0	(-11,3)
2	2026-01-01 14:18:34.000	39167	-1332	358	24	34.44	-3	0	7	106	0	(-10,3)
2	2026-01-01 14:18:35.000	39202	-1217	387	24	52.28	-4	-2	7	106	0	(-10,3)
2	2026-01-01 14:18:36.000	39237	-1251	371	24	79.73	-5	-3	7	106	0	(-10,3)
2	2026-01-01 14:18:37.000	39272	-1309	253	0	44.8	-7	-3	7	106	0	(-10,2)
2	2026-01-01 14:18:38.000	39307	-1269	185	0	32.95	-5	-4	7	106	0	(-10,1)
2	2026-01-01 14:18:39.000	39342	-1289	309	0	354.6	-5	-3	7	106	0	(-10,2)
2	2026-01-01 14:18:40.000	39377	-1288	335	0	328.38	-6	-4	7	106	0	(-10,3)
2	2026-01-01 14:18:41.000	39412	-1225	362	0	351.7	-4	-6	7	106	22	(-10,3)
2	2026-01-01 14:18:42.000	39447	-1290	467	0	342.41	-6	-8	7	106	22	(-10,4)
2	2026-01-01 14:18:43.000	39482	-1325	562	0	5.93	-4	-7	7	106	22	(-10,4)
2	2026-01-01 14:18:44.000	39517	-1205	538	128	357.21	-6	-6	7	106	46	(-9,4)
2	2026-01-01 14:18:45.000	39552	-1083	498	128	330.27	-4	-5	7	106	46	(-8,4)
2	2026-01-01 14:18:46.000	39587	-1121	550	128	286.53	-4	-6	7	106	46	(-9,4)
2	2026-01-01 14:18:47.000	39622	-1079	611	128	258.63	-2	-7	7	106	50	(-8,5)
2	2026-01-01 14:18:48.000	39657	-956	498	128	215.24	0	-6	7	106	50	(-7,4)
2	2026-01-01 14:18:49.000	39692	-861	432	128	221.2	-1	-6	7	106	47	(-7,3)
2	2026-01-01 14:18:50.000	39727	-823	555	128	261.51	0	-4	7	106	47	(-6,4)
2	2026-01-01 14:18:51.000	39762	-898	662	128	237.07	2	-5	7	106	47	(-7,5)
2	2026-01-01 14:18:52.000	39797	-811	605	128	262.04	4	-4	7	106	47	(-6,5)
2	2026-01-01 14:18:53.000	39832	-807	635	128	275.58	6	-3	7	106	47	(-6,5)
2	2026-01-01 14:18:54.000	39867	-778	684	128	245.22	4	-2	7	106	47	(-6,5)
2	2026-01-01 14:18:55.000	39902	-763	556	128	219.73	4	-4	7	106	47	(-6,4)
2	2026-01-01 14:18:56.000	39937	-802	636	128	233.79	2	-2	7	106	43	(-6,5)
2	2026-01-01 14:18:57.000	39972	-851	515	128	192.56	1	0	7	106	38	(-7,4)
2	2026-01-01 14:18:58.000	40007	-786	452	128	224.86	3	0	7	106	38	(-6,4)
2	2026-01-01 14:18:59.000	40042	-662	570	128	255.83	5	0	7	106	35	(-5,4)
2	2026-01-01 14:19:00.000	40077	-714	542	128	284.78	3	-1	7	106	35	(-6,4)
2	2026-01-01 14:19:01.000	40112	-777	620	0	282.58	5	-3	7	106	34	(-6,5)
2	2026-01-01 14:19:02.000	40147	-837	684	0	317.2	4	-5	7	106	34	(-7,5)
2	2026-01-01 14:19:03.000	40182	-862	793	0	328.07	2	-6	7	106	34	(-7,6)
2	2026-01-01 14:19:04.000	40217	-826	712	0	343.67	0	-7	7	106	30	(-6,6)
2	2026-01-01 14:19:05.000	40252	-951	830	0	17.11	0	-7	7	106	30	(-7,6)
2	2026-01-01 14:19:06.000	40287	-906	907	0	38.78	0	-5	7	106	30	(-7,7)
2	2026-01-01 14:19:07.000	40322	-937	832	0	24.0	-2	-4	7	106	30	(-7,6)
2	2026-01-01 14:19:08.000	40357	-922	886	0	12.81	-3	-4	7	106	30	(-7,7)
2	2026-01-01 14:19:09.000	40392	-852	981	0	24.68	-2	-3	7	106	30	(-7,8)
2	2026-01-01 14:19:10.000	40427	-756	1107	0	357.46	-1	-1	7	106	30	(-6,9)
2	2026-01-01 14:19:11.000	40462	-664	1054	0	15.73	-1	-2	7	106	30	(-5,8)
2	2026-01-01 14:19:12.000	40497	-598	1120	0	357.03	1	-1	7	106	30	(-5,9)
2	2026-01-01 14:19:13.000	40532	-572	1068	0	35.17	3	-3	7	106	30	(-4,8)
2	2026-01-01 14:19:14.000	40567	-523	1161	0	3.24	4	-3	7	106	28	(-4,9)
2	2026-01-01 14:19:15.000	40602	-648	1214	0	48.07	5	-5	7	106	28	(-5,9)
2	2026-01-01 14:19:16.000	40637	-729	1272	0	43.9	7	-5	7	106	28	(-6,10)
2	2026-01-01 14:19:17.000	40672	-761	1180	40	15.07	6	-5	7	106	23	(-6,9)
2	2026-01-01 14:19:18.000	40707	-792	1227	40	41.09	4	-4	7	106	23	(-6,10)
2	2026-01-01 14:19:19.000	40742	-745	1115	128	40.97	4	-2	7	106	21	(-6,9)
2	2026-01-01 14:19:20.000	40777	-875	1022	128	50.68	4	-2	7	106	21	(-7,8)
2	2026-01-01 14:19:21.000	40812	-816	933	128	33.77	5	0	0	105	21	(-6,7)
2	2026-01-01 14:19:22.000	40847	-856	907	128	45.36	7	-2	0	105	21	(-7,7)
2	2026-01-01 14:19:23.000	40882	-977	807	128	89.19	7	-2	0	105	21	(-8,6)
2	2026-01-01 14:19:24.000	40917	-933	782	128	84.12	6	-1	0	105	21	(-7,6)
2	2026-01-01 14:19:25.000	40952	-1049	843	128	87.94	4	1	0	105	21	(-8,7)
2	2026-01-01 14:19:26.000	40987	-942	778	128	66.49	6	2	0	105	16	(-7,6)
2	2026-01-01 14:19:27.000	41022	-952	782	128	92.75	5	2	0	105	16	(-7,6)
2	2026-01-01 14:19:28.000	41057	-1078	686	128	83.02	6	2	0	105	16	(-8,5)
2	2026-01-01 14:19:29.000	41092	-1001	570	128	48.51	4	4	0	105	14	(-8,4)
2	2026-01-01 14:19:30.000	41127	-1005	466	128	76.3	2	4	0	105	14	(-8,4)
2	2026-01-01 14:19:31.000	41162	-1036	472	40	88.16	3	6	0	105	14	(-8,4)
2	2026-01-01 14:19:32.000	41197	-1004	452	0	60.45	2	8	0	105	14	(-8,4)
2	2026-01-01 14:19:33.000	41232	-881	477	0	23.58	1	7	0	105	14	(-7,4)
2	2026-01-01 14:19:34.000	41267	-909	419	0	19.4	3	9	0	105	10	(-7,3)
2	2026-01-01 14:19:35.000	41302	-868	476	0	14.59	3	9	0	105	10	(-7,4)
2	2026-01-01 14:19:36.000	41337	-796	357	0	359.2	1	9	0	105	10	(-6,3)
2	2026-01-01 14:19:37.000	41372	-838	244	0	36.73	1	7	0	105	10	(-7,2)
2	2026-01-01 14:19:38.000	41407	-751	256	0	63.61	0	6	0	105	10	(-6,2)
2	2026-01-01 14:19:39.000	41442	-838	276	0	88.57	2	7	0	102	9	(-7,2)
2	2026-01-01 14:19:40.000	41477	-780	342	0	81.43	1	6	0	102	9	(-6,3)
2	2026-01-01 14:19:41.000	41512	-684	468	0	99.8	3	4	0	102	9	(-5,4)
2	2026-01-01 14:19:42.000	41547	-579	344	0	69.76	1	3	0	102	9	(-5,3)
2	2026-01-01 14:19:43.000	41582	-611	304	0	32.16	3	2	0	102	9	(-5,2)
2	2026-01-01 14:19:44.000	41617	-699	317	0	42.55	2	2	0	102	25	(-5,2)
2	2026-01-01 14:19:45.000	41652	-635	315	0	82.64	4	0	0	102	25	(-5,2)
2	2026-01-01 14:19:46.000	41687	-580	369	0	112.63	5	-2	0	102	21	(-5,3)
2	2026-01-01 14:19:47.000	41722	-613	275	0	106.82	3	0	0	102	21	(-5,2)
2	2026-01-01 14:19:48.000	41757	-632	190	0	110.08	1	2	0	102	21	(-5,1)
2	2026-01-01 14:19:49.000	41792	-747	260	0	97.31	2	2	0	102	21	(-6,2)
2	2026-01-01 14:19:50.000	41827	-675	362	0	101.9	2	2	0	102	21	(-5,3)
2	2026-01-01 14:19:51.000	41862	-738	452	0	120.57	1	2	0	102	21	(-6,4)
2	2026-01-01 14:19:52.000	41897	-830	471	0	137.29	0	2	0	102	21	(-6,4)
2	2026-01-01 14:19:53.000	41932	-875	571	0	141.51	1	2	0	102	21	(-7,4)
2	2026-01-01 14:19:54.000	41967	-871	623	0	145.68	2	2	0	102	21	(-7,5)
2	2026-01-01 14:19:55.000	42002	-765	529	0	135.33	0	2	0	102	21	(-6,4)
2	2026-01-01 14:19:56.000	42037	-763	480	0	121.16	-2	0	0	102	21	(-6,4)
2	2026-01-01 14:19:57.000	42072	-777	414	0	85.85	-1	-1	0	102	21	(-6,3)
2	2026-01-01 14:19:58.000	42107	-684	298	40	65.86	-3	-2	0	102	21	(-5,2)
2	2026-01-01 14:19:59.000	42142	-795	324	40	65.91	-3	-1	0	102	21	(-6,3)
3	2026-01-01 16:00:00.000	177	1868	2728	0	155.25	0	-4	100	100	21	(15,21)
3	2026-01-01 16:00:01.000	212	1879	2798	0	184.74	-2	-5	94	100	18	(15,22)
3	2026-01-01 16:00:02.000	247	1920	2900	0	155.19	0	-7	94	100	18	(15,23)
3	2026-01-01 16:00:03.000	282	1997	2949	0	121.91	2	-5	94	100	13	(16,23)
3	2026-01-01 16:00:04.000	317	1897	2963	0	101.83	0	-7	94	100	13	(15,23)
3	2026-01-01 16:00:05.000	352	1965	2892	0	75.76	-1	-7	94	100	13	(15,23)
3	2026-01-01 16:00:06.000	387	1948	2889	0	94.04	-1	-6	94	100	13	(15,23)
3	2026-01-01 16:00:07.000	422	1845	2817	0	79.05	1	-6	94	100	13	(14,22)
3	2026-01-01 16:00:08.000	457	1910	2717	0	41.21	3	-4	94	100	10	(15,21)
3	2026-01-01 16:00:09.000	492	1922	2770	0	62.09	3	-2	94	100	8	(15,22)
3	2026-01-01 16:00:10.000	527	1884	2894	0	33.48	2	-3	94	100	8	(15,23)
3	2026-01-01 16:00:11.000	562	1871	2985	0	4.63	3	-4	92	100	8	(15,23)
3	2026-01-01 16:00:12.000	597	1775	3058	0	28.34	2	-3	92	100	8	(14,24)
3	2026-01-01 16:00:13.000	632	1687	3170	0	52.96	0	-1	92	100	8	(13,25)
3	2026-01-01 16:00:14.000	667	1744	3258	0	29.75	-2	-3	92	100	8	(14,25)
3	2026-01-01 16:00:15.000	702	1809	3321	0	74.31	0	-1	92	100	8	(14,26)
3	2026-01-01 16:00:16.000	737	1682	3279	0	85.82	-1	1	92	100	18	(13,26)
3	2026-01-01 16:00:17.000	772	1751	3335	0	119.18	-2	-1	92	100	14	(14,26)
3	2026-01-01 16:00:18.000	807	1688	3302	0	100.72	-1	1	92	100	14	(13,26)
3	2026-01-01 16:00:19.000	842	1781	3181	0	140.3	-1	2	92	100	14	(14,25)
3	2026-01-01 16:00:20.000	877	1750	3126	0	104.78	0	0	92	100	13	(14,24)
3	2026-01-01 16:00:21.000	912	1784	3185	0	91.92	2	2	92	100	9	(14,25)
3	2026-01-01 16:00:22.000	947	1706	3143	56	66.82	2	2	92	100	9	(13,25)
3	2026-01-01 16:00:23.000	982	1596	3134	56	50.6	1	1	92	100	9	(12,24)
3	2026-01-01 16:00:24.000	1017	1538	3242	56	6.67	0	0	92	100	4	(12,25)
3	2026-01-01 16:00:25.000	1052	1577	3142	56	340.18	2	-2	92	100	4	(12,25)
3	2026-01-01 16:00:26.000	1087	1470	3228	56	24.62	1	-2	92	100	4	(11,25)
3	2026-01-01 16:00:27.000	1122	1592	3144	56	64.6	1	-1	92	100	4	(12,25)
3	2026-01-01 16:00:28.000	1157	1517	3208	56	19.79	-1	1	89	100	4	(12,25)
3	2026-01-01 16:00:29.000	1192	1585	3333	56	23.66	-2	-1	89	100	4	(12,26)
3	2026-01-01 16:00:30.000	1227	1618	3352	56	42.09	-4	1	89	100	4	(13,26)
3	2026-01-01 16:00:31.000	1262	1529	3451	56	15.3	-6	-1	89	100	4	(12,27)
3	2026-01-01 16:00:32.000	1297	1447	3514	8	48.75	-7	0	89	100	4	(11,27)
3	2026-01-01 16:00:33.000	1332	1415	3396	8	81.44	-9	-2	89	100	2	(11,27)
3	2026-01-01 16:00:34.000	1367	1399	3365	8	84.9	-8	-1	89	100	0	(11,26)
3	2026-01-01 16:00:35.000	1402	1356	3365	8	97.64	-6	-1	89	100	0	(11,26)
3	2026-01-01 16:00:36.000	1437	1347	3331	8	70.35	-4	-2	89	100	0	(11,26)
3	2026-01-01 16:00:37.000	1472	1394	3332	8	42.6	-4	0	89	100	0	(11,26)
3	2026-01-01 16:00:38.000	1507	1347	3366	8	30.0	-6	2	87	100	0	(11,26)
3	2026-01-01 16:00:39.000	1542	1469	3466	8	356.48	-4	4	87	100	0	(11,27)
3	2026-01-01 16:00:40.000	1577	1469	3451	8	313.01	-3	5	84	100	0	(11,27)
3	2026-01-01 16:00:41.000	1612	1573	3510	8	332.17	-2	5	84	100	0	(12,27)
3	2026-01-01 16:00:42.000	1647	1591	3482	40	290.1	-4	6	84	100	0	(12,27)
3	2026-01-01 16:00:43.000	1682	1503	3548	32	258.64	-4	5	84	100	0	(12,28)
3	2026-01-01 16:00:44.000	1717	1519	3476	32	274.22	-3	7	84	100	0	(12,27)
3	2026-01-01 16:00:45.000	1752	1390	3418	32	246.09	-1	9	84	100	0	(11,27)
3	2026-01-01 16:00:46.000	1787	1432	3529	32	286.88	0	7	84	100	13	(11,28)
3	2026-01-01 16:00:47.000	1822	1369	3601	8	255.75	-2	6	84	100	13	(11,28)
3	2026-01-01 16:00:48.000	1857	1404	3664	8	259.66	-1	8	84	100	22	(11,29)
3	2026-01-01 16:00:49.000	1892	1422	3610	8	248.54	1	7	84	100	22	(11,28)
3	2026-01-01 16:00:50.000	1927	1541	3571	8	248.0	2	5	84	100	22	(12,28)
3	2026-01-01 16:00:51.000	1962	1583	3699	8	291.89	2	3	84	100	22	(12,29)
3	2026-01-01 16:00:52.000	1997	1644	3689	8	266.14	2	2	84	100	22	(13,29)
3	2026-01-01 16:00:53.000	2032	1647	3819	8	284.38	4	2	80	100	22	(13,30)
3	2026-01-01 16:00:54.000	2067	1620	3882	8	264.66	2	4	80	100	22	(13,30)
3	2026-01-01 16:00:55.000	2102	1550	3904	8	285.18	0	6	80	100	21	(12,30)
3	2026-01-01 16:00:56.000	2137	1493	3916	40	289.29	0	4	80	100	21	(12,31)
3	2026-01-01 16:00:57.000	2172	1553	3825	56	266.37	-2	2	80	100	21	(12,30)
3	2026-01-01 16:00:58.000	2207	1521	3758	56	257.58	-1	2	80	100	21	(12,29)
3	2026-01-01 16:00:59.000	2242	1456	3859	56	266.74	-2	3	80	100	21	(11,30)
3	2026-01-01 16:01:00.000	2277	1573	3732	32	251.6	-4	5	80	100	21	(12,29)
3	2026-01-01 16:01:01.000	2312	1561	3642	32	217.78	-4	3	80	100	21	(12,28)
3	2026-01-01 16:01:02.000	2347	1534	3689	32	261.42	-3	1	80	100	21	(12,29)
3	2026-01-01 16:01:03.000	2382	1437	3642	32	295.08	-4	1	76	100	21	(11,28)
3	2026-01-01 16:01:04.000	2417	1382	3648	32	292.51	-5	-1	76	100	21	(11,28)
3	2026-01-01 16:01:05.000	2452	1408	3694	32	270.82	-3	-3	76	100	21	(11,29)
3	2026-01-01 16:01:06.000	2487	1479	3816	32	229.1	-3	-3	66	100	37	(12,30)
3	2026-01-01 16:01:07.000	2522	1389	3807	32	269.16	-4	-4	66	100	37	(11,30)
3	2026-01-01 16:01:08.000	2557	1325	3871	32	251.92	-2	-6	66	100	37	(10,30)
3	2026-01-01 16:01:09.000	2592	1365	3792	32	274.6	-3	-8	66	100	37	(11,30)
3	2026-01-01 16:01:10.000	2627	1488	3905	32	273.45	-3	-6	66	100	37	(12,31)
3	2026-01-01 16:01:11.000	2662	1484	3954	32	233.99	-1	-4	66	100	37	(12,31)
3	2026-01-01 16:01:12.000	2697	1546	3834	32	234.31	-1	-6	66	100	37	(12,30)
3	2026-01-01 16:01:13.000	2732	1420	3757	32	262.98	1	-5	73	100	37	(11,29)
3	2026-01-01 16:01:14.000	2767	1517	3831	32	301.52	0	-4	67	100	37	(12,30)
3	2026-01-01 16:01:15.000	2802	1599	3850	32	275.19	-2	-2	67	100	37	(12,30)
3	2026-01-01 16:01:16.000	2837	1471	3959	32	246.72	-1	-2	67	100	37	(11,31)
3	2026-01-01 16:01:17.000	2872	1384	3927	32	240.58	-3	-3	67	100	37	(11,31)
3	2026-01-01 16:01:18.000	2907	1330	3822	0	200.71	-4	-2	67	100	37	(10,30)
3	2026-01-01 16:01:19.000	2942	1355	3855	40	211.32	-3	-2	67	100	34	(11,30)
3	2026-01-01 16:01:20.000	2977	1269	3870	40	228.95	-3	-1	67	100	34	(10,30)
3	2026-01-01 16:01:21.000	3012	1185	3903	-16	251.67	-2	0	67	100	34	(9,30)
3	2026-01-01 16:01:22.000	3047	1178	3942	0	273.83	0	0	67	100	34	(9,31)
3	2026-01-01 16:01:23.000	3082	1245	3818	0	310.04	-1	0	67	100	34	(10,30)
3	2026-01-01 16:01:24.000	3117	1222	3868	0	331.28	-1	0	67	100	31	(10,30)
3	2026-01-01 16:01:25.000	3152	1153	3913	0	338.12	0	-1	67	100	31	(9,31)
3	2026-01-01 16:01:26.000	3187	1252	3820	0	4.08	2	0	67	100	31	(10,30)
3	2026-01-01 16:01:27.000	3222	1125	3817	0	43.73	4	1	67	100	31	(9,30)
3	2026-01-01 16:01:28.000	3257	1212	3803	0	52.92	3	1	67	100	31	(9,30)
3	2026-01-01 16:01:29.000	3292	1170	3830	0	49.65	2	2	67	100	27	(9,30)
3	2026-01-01 16:01:30.000	3327	1151	3891	0	48.36	4	4	67	100	27	(9,30)
3	2026-01-01 16:01:31.000	3362	1173	3823	0	48.99	2	5	67	100	26	(9,30)
3	2026-01-01 16:01:32.000	3397	1143	3777	0	84.07	3	3	67	100	26	(9,30)
3	2026-01-01 16:01:33.000	3432	1252	3812	0	48.27	3	4	67	100	26	(10,30)
3	2026-01-01 16:01:34.000	3467	1158	3823	0	71.22	4	6	65	100	26	(9,30)
3	2026-01-01 16:01:35.000	3502	1284	3753	0	109.24	5	5	65	100	26	(10,29)
3	2026-01-01 16:01:36.000	3537	1376	3738	0	73.72	3	6	65	100	22	(11,29)
3	2026-01-01 16:01:37.000	3572	1311	3759	40	84.3	2	4	65	100	22	(10,29)
3	2026-01-01 16:01:38.000	3607	1265	3658	0	92.67	3	5	65	100	22	(10,29)
3	2026-01-01 16:01:39.000	3642	1141	3678	0	106.81	3	5	65	100	22	(9,29)
3	2026-01-01 16:01:40.000	3677	1168	3602	0	68.48	4	6	65	100	22	(9,28)
3	2026-01-01 16:01:41.000	3712	1235	3575	0	97.83	5	4	59	100	22	(10,28)
3	2026-01-01 16:01:42.000	3747	1354	3601	0	74.96	7	4	59	100	22	(11,28)
3	2026-01-01 16:01:43.000	3782	1388	3726	0	74.09	7	5	59	100	22	(11,29)
3	2026-01-01 16:01:44.000	3817	1371	3724	32	70.27	8	4	59	100	22	(11,29)
3	2026-01-01 16:01:45.000	3852	1416	3809	32	37.74	7	3	59	100	22	(11,30)
3	2026-01-01 16:01:46.000	3887	1472	3798	32	77.98	5	5	59	100	22	(12,30)
3	2026-01-01 16:01:47.000	3922	1443	3721	32	79.14	5	5	59	100	21	(11,29)
3	2026-01-01 16:01:48.000	3957	1370	3810	32	116.63	7	5	59	100	20	(11,30)
3	2026-01-01 16:01:49.000	3992	1475	3844	32	100.51	7	6	59	100	20	(12,30)
3	2026-01-01 16:01:50.000	4027	1604	3865	32	87.68	5	5	59	100	20	(13,30)
3	2026-01-01 16:01:51.000	4062	1513	3744	0	57.82	3	5	59	100	20	(12,29)
3	2026-01-01 16:01:52.000	4097	1424	3667	0	51.49	1	7	59	100	20	(11,29)
3	2026-01-01 16:01:53.000	4132	1442	3752	0	91.34	-1	7	59	100	20	(11,29)
3	2026-01-01 16:01:54.000	4167	1321	3646	0	63.49	1	7	59	100	20	(10,28)
3	2026-01-01 16:01:55.000	4202	1232	3729	64	90.12	2	7	59	100	20	(10,29)
3	2026-01-01 16:01:56.000	4237	1189	3809	64	103.09	0	7	59	100	17	(9,30)
3	2026-01-01 16:01:57.000	4272	1231	3715	64	59.29	1	8	59	100	12	(10,29)
3	2026-01-01 16:01:58.000	4307	1105	3761	64	69.98	2	10	59	100	12	(9,29)
3	2026-01-01 16:01:59.000	4342	1171	3844	64	71.16	0	10	59	100	12	(9,30)
3	2026-01-01 16:02:00.000	4377	1174	3948	40	101.86	-2	10	59	100	12	(9,31)
3	2026-01-01 16:02:01.000	4412	1224	3951	40	93.66	-1	8	59	100	11	(10,31)
3	2026-01-01 16:02:02.000	4447	1209	3828	0	58.04	-2	9	59	100	11	(9,30)
3	2026-01-01 16:02:03.000	4482	1188	3874	0	102.74	-2	8	59	100	11	(9,30)
3	2026-01-01 16:02:04.000	4517	1119	3950	0	121.62	-3	6	59	100	11	(9,31)
3	2026-01-01 16:02:05.000	4552	1212	3942	0	94.39	-1	7	59	100	11	(9,31)
3	2026-01-01 16:02:06.000	4587	1136	3942	0	86.69	-2	6	59	100	11	(9,31)
3	2026-01-01 16:02:07.000	4622	1054	4035	0	94.87	-4	4	59	100	6	(8,32)
3	2026-01-01 16:02:08.000	4657	1004	4087	0	87.94	-3	4	59	100	6	(8,32)
3	2026-01-01 16:02:09.000	4692	1134	4122	0	76.6	-5	3	59	100	6	(9,32)
3	2026-01-01 16:02:10.000	4727	1095	4064	0	43.9	-4	4	59	100	6	(9,32)
3	2026-01-01 16:02:11.000	4762	1169	3998	0	3.36	-5	2	59	100	6	(9,31)
3	2026-01-01 16:02:12.000	4797	1087	4038	0	327.76	-5	4	59	100	6	(8,32)
3	2026-01-01 16:02:13.000	4832	1132	4034	0	327.14	-7	4	59	106	6	(9,32)
3	2026-01-01 16:02:14.000	4867	1188	4113	0	307.36	-6	2	59	106	6	(9,32)
3	2026-01-01 16:02:15.000	4902	1058	4136	0	348.15	-6	3	59	106	5	(8,32)
3	2026-01-01 16:02:16.000	4937	1170	4109	0	321.52	-8	1	59	106	5	(9,32)
3	2026-01-01 16:02:17.000	4972	1049	4183	0	344.36	-8	3	59	106	5	(8,33)
3	2026-01-01 16:02:18.000	5007	1014	4216	0	327.67	-6	4	59	106	5	(8,33)
3	2026-01-01 16:02:19.000	5042	1063	4223	8	10.42	-8	5	59	106	3	(8,33)
3	2026-01-01 16:02:20.000	5077	954	4170	8	15.16	-6	7	59	106	3	(7,33)
3	2026-01-01 16:02:21.000	5112	990	4209	8	31.95	-4	9	59	106	3	(8,33)
3	2026-01-01 16:02:22.000	5147	959	4170	8	43.98	-6	9	59	106	3	(7,33)
3	2026-01-01 16:02:23.000	5182	1052	4047	8	42.35	-8	8	59	106	3	(8,32)
3	2026-01-01 16:02:24.000	5217	979	4056	8	41.06	-8	8	59	106	23	(8,32)
3	2026-01-01 16:02:25.000	5252	1005	4028	8	356.1	-10	6	59	106	23	(8,31)
3	2026-01-01 16:02:26.000	5287	987	4104	8	318.47	-10	8	59	106	23	(8,32)
3	2026-01-01 16:02:27.000	5322	946	4152	8	343.79	-8	6	58	106	23	(7,32)
3	2026-01-01 16:02:28.000	5357	904	4176	8	19.98	-8	7	58	106	23	(7,33)
3	2026-01-01 16:02:29.000	5392	847	4209	0	59.51	-7	6	58	106	23	(7,33)
3	2026-01-01 16:02:30.000	5427	789	4102	0	34.35	-5	7	58	106	21	(6,32)
3	2026-01-01 16:02:31.000	5462	730	4088	0	13.52	-6	7	58	106	21	(6,32)
3	2026-01-01 16:02:32.000	5497	745	4113	0	23.85	-5	6	58	106	21	(6,32)
3	2026-01-01 16:02:33.000	5532	635	3990	128	31.54	-7	4	58	106	21	(5,31)
3	2026-01-01 16:02:34.000	5567	698	3862	128	2.18	-8	5	58	106	17	(5,30)
3	2026-01-01 16:02:35.000	5602	826	3742	128	326.96	-8	4	58	106	17	(6,29)
3	2026-01-01 16:02:36.000	5637	817	3724	128	8.32	-7	5	58	106	13	(6,29)
3	2026-01-01 16:02:37.000	5672	718	3657	128	324.63	-6	6	58	106	13	(6,29)
3	2026-01-01 16:02:38.000	5707	660	3581	128	359.11	-5	6	51	106	13	(5,28)
3	2026-01-01 16:02:39.000	5742	601	3645	-16	342.02	-7	6	51	106	13	(5,28)
3	2026-01-01 16:02:40.000	5777	570	3682	-16	308.59	-5	5	47	106	13	(4,29)
3	2026-01-01 16:02:41.000	5812	693	3586	-16	303.58	-3	3	47	106	13	(5,28)
3	2026-01-01 16:02:42.000	5847	578	3684	-16	327.43	-1	5	47	106	8	(5,29)
3	2026-01-01 16:02:43.000	5882	479	3605	-16	346.99	1	7	47	106	8	(4,28)
3	2026-01-01 16:02:44.000	5917	549	3497	-16	15.65	1	6	47	106	7	(4,27)
3	2026-01-01 16:02:45.000	5952	508	3428	-16	6.92	1	8	47	106	2	(4,27)
3	2026-01-01 16:02:46.000	5987	426	3346	16	16.53	1	8	47	106	2	(3,26)
3	2026-01-01 16:02:47.000	6022	392	3350	16	60.28	0	10	47	106	2	(3,26)
3	2026-01-01 16:02:48.000	6057	372	3249	16	44.84	2	10	47	106	0	(3,25)
3	2026-01-01 16:02:49.000	6092	267	3276	16	77.13	2	10	47	106	0	(2,26)
3	2026-01-01 16:02:50.000	6127	357	3189	16	109.69	3	9	47	106	0	(3,25)
3	2026-01-01 16:02:51.000	6162	422	3060	16	149.43	2	8	47	106	20	(3,24)
3	2026-01-01 16:02:52.000	6197	478	3006	16	123.23	3	8	47	106	20	(4,23)
3	2026-01-01 16:02:53.000	6232	475	3119	16	121.07	3	6	47	106	15	(4,24)
3	2026-01-01 16:02:54.000	6267	527	3032	16	158.06	3	4	47	106	15	(4,24)
3	2026-01-01 16:02:55.000	6302	582	3133	16	139.22	1	3	41	106	10	(5,24)
3	2026-01-01 16:02:56.000	6337	706	3173	16	141.82	-1	5	41	106	10	(6,25)
3	2026-01-01 16:02:57.000	6372	797	3242	16	126.32	0	7	41	106	10	(6,25)
3	2026-01-01 16:02:58.000	6407	815	3198	128	103.83	-2	5	41	106	10	(6,25)
3	2026-01-01 16:02:59.000	6442	849	3204	128	132.38	0	4	41	106	10	(7,25)
3	2026-01-01 16:03:00.000	6477	810	3321	0	161.58	2	5	41	106	10	(6,26)
3	2026-01-01 16:03:01.000	6512	844	3322	0	129.49	1	3	41	106	10	(7,26)
3	2026-01-01 16:03:02.000	6547	745	3253	0	136.96	-1	4	41	106	10	(6,25)
3	2026-01-01 16:03:03.000	6582	724	3331	0	129.59	-2	6	41	106	10	(6,26)
3	2026-01-01 16:03:04.000	6617	748	3289	0	108.56	-4	7	41	106	10	(6,26)
3	2026-01-01 16:03:05.000	6652	743	3333	0	70.92	-5	7	41	106	7	(6,26)
3	2026-01-01 16:03:06.000	6687	754	3308	0	36.28	-4	7	41	106	7	(6,26)
3	2026-01-01 16:03:07.000	6722	804	3434	0	25.63	-4	5	41	106	7	(6,27)
3	2026-01-01 16:03:08.000	6757	922	3491	0	34.36	-3	7	41	106	7	(7,27)
3	2026-01-01 16:03:09.000	6792	912	3514	64	59.07	-1	8	41	106	5	(7,27)
3	2026-01-01 16:03:10.000	6827	996	3468	64	77.11	1	7	41	106	5	(8,27)
3	2026-01-01 16:03:11.000	6862	937	3549	64	70.3	3	8	41	106	5	(7,28)
3	2026-01-01 16:03:12.000	6897	971	3630	64	25.87	1	7	41	106	5	(8,28)
3	2026-01-01 16:03:13.000	6932	1080	3703	64	34.43	2	5	41	106	4	(8,29)
3	2026-01-01 16:03:14.000	6967	1192	3825	64	21.03	4	4	41	106	4	(9,30)
3	2026-01-01 16:03:15.000	7002	1275	3829	64	352.69	4	3	41	106	4	(10,30)
3	2026-01-01 16:03:16.000	7037	1169	3825	64	342.38	4	3	41	106	4	(9,30)
3	2026-01-01 16:03:17.000	7072	1212	3955	64	11.54	4	4	41	106	20	(9,31)
3	2026-01-01 16:03:18.000	7107	1241	3883	64	5.75	5	4	41	106	37	(10,30)
3	2026-01-01 16:03:19.000	7142	1214	3883	64	40.22	6	3	41	106	33	(9,30)
3	2026-01-01 16:03:20.000	7177	1293	3941	0	14.7	8	3	41	106	33	(10,31)
3	2026-01-01 16:03:21.000	7212	1319	3918	0	345.93	7	5	41	106	33	(10,31)
3	2026-01-01 16:03:22.000	7247	1222	3910	0	307.04	6	6	41	106	33	(10,31)
3	2026-01-01 16:03:23.000	7282	1117	3860	0	277.06	8	5	41	106	29	(9,30)
3	2026-01-01 16:03:24.000	7317	1123	3796	0	243.64	6	7	41	106	29	(9,30)
3	2026-01-01 16:03:25.000	7352	1051	3683	0	238.75	5	6	41	106	29	(8,29)
3	2026-01-01 16:03:26.000	7387	928	3675	0	246.88	3	8	41	106	29	(7,29)
3	2026-01-01 16:03:27.000	7422	1028	3800	0	220.62	4	8	36	106	29	(8,30)
3	2026-01-01 16:03:28.000	7457	932	3789	0	232.99	6	6	36	106	29	(7,30)
3	2026-01-01 16:03:29.000	7492	954	3834	0	254.91	6	4	36	106	29	(7,30)
3	2026-01-01 16:03:30.000	7527	834	3777	0	215.57	4	3	36	106	29	(7,30)
3	2026-01-01 16:03:31.000	7562	807	3771	0	241.61	4	5	36	106	29	(6,29)
3	2026-01-01 16:03:32.000	7597	710	3661	0	257.63	3	7	36	106	28	(6,29)
3	2026-01-01 16:03:33.000	7632	782	3647	0	221.0	4	7	36	106	28	(6,28)
3	2026-01-01 16:03:34.000	7667	897	3747	0	177.61	2	6	36	106	28	(7,29)
3	2026-01-01 16:03:35.000	7702	988	3737	0	136.03	1	4	36	106	28	(8,29)
3	2026-01-01 16:03:36.000	7737	921	3658	0	173.44	0	6	36	106	28	(7,29)
3	2026-01-01 16:03:37.000	7772	819	3728	0	167.47	-2	7	50	106	28	(6,29)
3	2026-01-01 16:03:38.000	7807	805	3771	0	193.06	0	6	50	106	28	(6,29)
3	2026-01-01 16:03:39.000	7842	918	3822	0	170.95	-1	5	50	106	28	(7,30)
3	2026-01-01 16:03:40.000	7877	869	3935	0	164.86	1	4	66	106	23	(7,31)
3	2026-01-01 16:03:41.000	7912	837	3964	0	130.04	2	3	66	106	21	(7,31)
3	2026-01-01 16:03:42.000	7947	942	3846	0	158.59	4	2	66	106	21	(7,30)
3	2026-01-01 16:03:43.000	7982	878	3831	0	154.3	4	2	62	106	21	(7,30)
3	2026-01-01 16:03:44.000	8017	859	3800	0	177.59	6	2	62	106	21	(7,30)
3	2026-01-01 16:03:45.000	8052	952	3903	0	173.5	5	3	62	106	21	(7,30)
3	2026-01-01 16:03:46.000	8087	884	3958	0	199.32	4	1	62	106	21	(7,31)
3	2026-01-01 16:03:47.000	8122	915	4026	0	225.24	5	0	62	106	19	(7,31)
3	2026-01-01 16:03:48.000	8157	962	3946	0	232.55	6	1	62	106	15	(8,31)
3	2026-01-01 16:03:49.000	8192	1046	3832	0	221.9	6	3	62	106	15	(8,30)
3	2026-01-01 16:03:50.000	8227	1159	3949	16	256.29	7	3	62	106	11	(9,31)
3	2026-01-01 16:03:51.000	8262	1221	4053	16	273.59	5	1	62	106	7	(10,32)
3	2026-01-01 16:03:52.000	8297	1160	4115	16	280.2	4	2	62	106	3	(9,32)
3	2026-01-01 16:03:53.000	8332	1253	4022	16	272.82	3	0	62	106	26	(10,31)
3	2026-01-01 16:03:54.000	8367	1235	3969	16	240.94	2	-2	62	106	26	(10,31)
3	2026-01-01 16:03:55.000	8402	1313	3892	16	198.42	1	-1	62	106	21	(10,30)
3	2026-01-01 16:03:56.000	8437	1412	3969	16	191.36	2	0	62	106	17	(11,31)
3	2026-01-01 16:03:57.000	8472	1341	4084	16	163.08	1	1	62	106	17	(10,32)
3	2026-01-01 16:03:58.000	8507	1333	4211	64	123.9	3	-1	62	106	17	(10,33)
3	2026-01-01 16:03:59.000	8542	1221	4316	64	93.08	2	1	62	106	14	(10,34)
3	2026-01-01 16:04:00.000	8577	1266	4379	64	90.25	1	1	62	106	14	(10,34)
3	2026-01-01 16:04:01.000	8612	1275	4500	64	92.93	-1	-1	62	106	14	(10,35)
3	2026-01-01 16:04:02.000	8647	1150	4404	64	114.68	-2	-1	62	106	14	(9,34)
3	2026-01-01 16:04:03.000	8682	1198	4336	64	121.95	0	0	57	106	14	(9,34)
3	2026-01-01 16:04:04.000	8717	1175	4454	64	114.51	-2	1	57	106	14	(9,35)
3	2026-01-01 16:04:05.000	8752	1225	4364	64	139.41	-4	3	57	106	14	(10,34)
3	2026-01-01 16:04:06.000	8787	1143	4372	64	106.11	-4	1	57	106	14	(9,34)
3	2026-01-01 16:04:07.000	8822	1180	4307	64	107.73	-4	-1	57	106	14	(9,34)
3	2026-01-01 16:04:08.000	8857	1096	4299	64	143.5	-3	-2	57	106	14	(9,34)
3	2026-01-01 16:04:09.000	8892	1010	4307	64	116.36	-5	-1	57	106	14	(8,34)
3	2026-01-01 16:04:10.000	8927	976	4238	64	155.22	-7	1	57	106	14	(8,33)
3	2026-01-01 16:04:11.000	8962	1076	4128	64	134.27	-9	3	57	106	14	(8,32)
3	2026-01-01 16:04:12.000	8997	1171	4035	32	160.79	-8	5	57	106	11	(9,32)
3	2026-01-01 16:04:13.000	9032	1262	3973	32	135.81	-8	4	57	106	11	(10,31)
3	2026-01-01 16:04:14.000	9067	1165	3901	32	124.89	-6	3	57	106	11	(9,30)
3	2026-01-01 16:04:15.000	9102	1266	3939	32	128.15	-8	3	57	106	11	(10,31)
3	2026-01-01 16:04:16.000	9137	1280	3884	32	101.8	-6	1	57	106	6	(10,30)
3	2026-01-01 16:04:17.000	9172	1400	3908	32	59.36	-8	-1	57	106	6	(11,31)
3	2026-01-01 16:04:18.000	9207	1398	3963	32	58.86	-6	-3	57	106	6	(11,31)
3	2026-01-01 16:04:19.000	9242	1419	3948	-16	17.14	-4	-5	57	106	6	(11,31)
3	2026-01-01 16:04:20.000	9277	1500	4054	-16	34.14	-4	-7	57	106	6	(12,32)
3	2026-01-01 16:04:21.000	9312	1424	4139	-16	24.05	-3	-6	57	106	6	(11,32)
3	2026-01-01 16:04:22.000	9347	1457	4095	-16	35.67	-2	-4	57	106	6	(11,32)
3	2026-01-01 16:04:23.000	9382	1448	4004	8	44.69	-3	-2	57	106	6	(11,31)
3	2026-01-01 16:04:24.000	9417	1437	3951	8	1.77	-2	-1	57	106	6	(11,31)
3	2026-01-01 16:04:25.000	9452	1361	3967	8	335.7	-2	-1	57	106	6	(11,31)
3	2026-01-01 16:04:26.000	9487	1322	3902	8	8.27	-3	-1	57	106	6	(10,30)
3	2026-01-01 16:04:27.000	9522	1436	3934	8	338.48	-5	-2	57	106	6	(11,31)
3	2026-01-01 16:04:28.000	9557	1440	3927	128	304.41	-4	-2	57	106	3	(11,31)
3	2026-01-01 16:04:29.000	9592	1549	3879	128	333.4	-4	-2	57	106	3	(12,30)
3	2026-01-01 16:04:30.000	9627	1506	3915	128	343.69	-4	-3	57	106	3	(12,31)
3	2026-01-01 16:04:31.000	9662	1566	3909	64	352.06	-6	-4	57	106	3	(12,31)
3	2026-01-01 16:04:32.000	9697	1503	3788	64	5.79	-5	-4	57	106	3	(12,30)
3	2026-01-01 16:04:33.000	9732	1412	3898	64	21.9	-4	-4	57	106	3	(11,30)
3	2026-01-01 16:04:34.000	9767	1390	4027	64	1.89	-2	-4	57	106	3	(11,31)
3	2026-01-01 16:04:35.000	9802	1440	4123	64	42.37	-3	-3	57	106	3	(11,32)
3	2026-01-01 16:04:36.000	9837	1357	4158	64	78.66	-3	-4	57	106	3	(11,32)
3	2026-01-01 16:04:37.000	9872	1448	4154	64	50.27	-4	-6	57	106	0	(11,32)
3	2026-01-01 16:04:38.000	9907	1531	4198	64	39.69	-4	-5	57	106	0	(12,33)
3	2026-01-01 16:04:39.000	9942	1633	4164	64	66.87	-5	-6	55	106	0	(13,33)
3	2026-01-01 16:04:40.000	9977	1590	4207	64	77.08	-5	-4	55	106	0	(12,33)
3	2026-01-01 16:04:41.000	10012	1649	4128	64	35.55	-3	-2	55	106	0	(13,32)
3	2026-01-01 16:04:42.000	10047	1551	4166	64	10.25	-2	-4	55	106	0	(12,33)
3	2026-01-01 16:04:43.000	10082	1451	4280	64	53.19	-1	-5	55	106	0	(11,33)
3	2026-01-01 16:04:44.000	10117	1351	4195	64	60.46	1	-6	55	106	0	(11,33)
3	2026-01-01 16:04:45.000	10152	1289	4192	64	72.78	1	-6	55	106	0	(10,33)
3	2026-01-01 16:04:46.000	10187	1381	4130	64	41.83	-1	-7	55	106	0	(11,32)
3	2026-01-01 16:04:47.000	10222	1493	4015	64	74.82	-2	-6	55	106	0	(12,31)
3	2026-01-01 16:04:48.000	10257	1412	3914	64	75.53	-4	-4	55	106	0	(11,31)
3	2026-01-01 16:04:49.000	10292	1460	3801	64	44.43	-2	-3	55	106	0	(11,30)
3	2026-01-01 16:04:50.000	10327	1494	3764	64	40.35	-3	-1	62	106	0	(12,29)
3	2026-01-01 16:04:51.000	10362	1602	3876	64	60.2	-1	-2	62	106	0	(13,30)
3	2026-01-01 16:04:52.000	10397	1526	3784	64	26.48	-2	-2	62	106	0	(12,30)
3	2026-01-01 16:04:53.000	10432	1498	3861	64	22.01	0	-1	62	106	0	(12,30)
3	2026-01-01 16:04:54.000	10467	1455	3954	64	11.51	1	-3	62	106	0	(11,31)
3	2026-01-01 16:04:55.000	10502	1583	3842	64	8.49	1	-2	62	106	0	(12,30)
3	2026-01-01 16:04:56.000	10537	1681	3736	64	37.81	1	-3	62	106	0	(13,29)
3	2026-01-01 16:04:57.000	10572	1664	3822	64	49.85	3	-2	62	106	0	(13,30)
3	2026-01-01 16:04:58.000	10607	1625	3846	64	10.68	4	-3	62	106	0	(13,30)
3	2026-01-01 16:04:59.000	10642	1591	3833	64	14.28	5	-5	62	106	0	(12,30)
3	2026-01-01 16:05:00.000	10677	1515	3787	64	12.35	5	-6	62	106	0	(12,30)
3	2026-01-01 16:05:01.000	10712	1476	3668	64	6.01	7	-6	62	106	0	(12,29)
3	2026-01-01 16:05:02.000	10747	1566	3680	64	325.84	7	-5	62	106	0	(12,29)
3	2026-01-01 16:05:03.000	10782	1626	3656	64	8.04	5	-3	62	106	0	(13,29)
3	2026-01-01 16:05:04.000	10817	1548	3656	64	1.52	7	-4	62	106	0	(12,29)
3	2026-01-01 16:05:05.000	10852	1648	3588	64	11.38	9	-6	62	106	0	(13,28)
3	2026-01-01 16:05:06.000	10887	1547	3530	64	30.61	9	-6	62	106	0	(12,28)
3	2026-01-01 16:05:07.000	10922	1578	3460	64	41.82	9	-8	56	106	0	(12,27)
3	2026-01-01 16:05:08.000	10957	1667	3513	64	66.18	9	-7	56	106	0	(13,27)
3	2026-01-01 16:05:09.000	10992	1764	3573	64	55.3	10	-7	56	106	0	(14,28)
3	2026-01-01 16:05:10.000	11027	1814	3518	64	52.44	9	-8	56	106	0	(14,27)
3	2026-01-01 16:05:11.000	11062	1725	3435	64	84.58	7	-8	56	106	0	(13,27)
3	2026-01-01 16:05:12.000	11097	1734	3381	64	81.16	5	-10	56	106	0	(14,26)
3	2026-01-01 16:05:13.000	11132	1817	3412	64	87.55	7	-8	56	106	0	(14,27)
3	2026-01-01 16:05:14.000	11167	1909	3537	64	94.4	8	-7	56	106	0	(15,28)
3	2026-01-01 16:05:15.000	11202	2039	3502	64	109.14	7	-6	56	106	0	(16,27)
3	2026-01-01 16:05:16.000	11237	2071	3441	64	106.14	7	-5	56	106	0	(16,27)
3	2026-01-01 16:05:17.000	11272	1999	3323	64	87.36	8	-7	56	106	0	(16,26)
3	2026-01-01 16:05:18.000	11307	2109	3412	8	122.27	10	-6	56	106	0	(16,27)
3	2026-01-01 16:05:19.000	11342	2049	3460	8	120.79	10	-5	56	106	0	(16,27)
3	2026-01-01 16:05:20.000	11377	2049	3562	8	143.06	8	-6	56	106	0	(16,28)
3	2026-01-01 16:05:21.000	11412	2065	3548	8	109.03	9	-6	56	106	0	(16,28)
3	2026-01-01 16:05:22.000	11447	2071	3633	8	150.3	7	-4	56	106	0	(16,28)
3	2026-01-01 16:05:23.000	11482	2101	3540	8	161.72	9	-6	56	106	0	(16,28)
3	2026-01-01 16:05:24.000	11517	2090	3616	8	205.84	10	-7	56	106	0	(16,28)
3	2026-01-01 16:05:25.000	11552	1974	3669	8	189.87	10	-8	56	106	0	(15,29)
3	2026-01-01 16:05:26.000	11587	2000	3769	8	195.78	10	-10	56	106	0	(16,29)
3	2026-01-01 16:05:27.000	11622	2034	3670	8	227.36	10	-10	56	106	0	(16,29)
3	2026-01-01 16:05:28.000	11657	2110	3687	8	219.98	10	-10	56	106	0	(16,29)
3	2026-01-01 16:05:29.000	11692	2172	3694	8	184.85	9	-10	56	106	0	(17,29)
3	2026-01-01 16:05:30.000	11727	2055	3816	128	173.48	8	-10	56	106	0	(16,30)
3	2026-01-01 16:05:31.000	11762	2130	3769	128	213.22	7	-9	56	106	0	(17,29)
3	2026-01-01 16:05:32.000	11797	2032	3652	128	203.16	5	-10	56	106	0	(16,29)
3	2026-01-01 16:05:33.000	11832	1951	3638	32	226.03	3	-10	56	106	0	(15,28)
3	2026-01-01 16:05:34.000	11867	1883	3657	0	228.69	3	-10	56	106	0	(15,29)
3	2026-01-01 16:05:35.000	11902	1827	3649	0	189.58	1	-10	56	106	0	(14,29)
3	2026-01-01 16:05:36.000	11937	1758	3740	0	182.14	2	-10	56	106	0	(14,29)
3	2026-01-01 16:05:37.000	11972	1715	3709	0	193.9	3	-8	56	106	0	(13,29)
3	2026-01-01 16:05:38.000	12007	1657	3692	0	172.12	3	-9	56	106	0	(13,29)
3	2026-01-01 16:05:39.000	12042	1644	3796	0	169.24	1	-10	56	106	0	(13,30)
3	2026-01-01 16:05:40.000	12077	1721	3779	0	142.01	3	-10	56	106	0	(13,30)
3	2026-01-01 16:05:41.000	12112	1692	3708	0	124.48	1	-9	56	106	0	(13,29)
3	2026-01-01 16:05:42.000	12147	1704	3756	0	89.32	2	-7	50	106	0	(13,29)
3	2026-01-01 16:05:43.000	12182	1778	3824	0	128.65	1	-7	50	106	0	(14,30)
3	2026-01-01 16:05:44.000	12217	1889	3759	0	151.34	3	-7	42	106	0	(15,29)
3	2026-01-01 16:05:45.000	12252	1832	3692	0	195.93	4	-6	42	106	0	(14,29)
3	2026-01-01 16:05:46.000	12287	1902	3744	0	225.51	5	-7	42	106	0	(15,29)
3	2026-01-01 16:05:47.000	12322	1968	3873	0	222.16	5	-9	42	106	0	(15,30)
3	2026-01-01 16:05:48.000	12357	2093	3832	0	236.31	4	-10	42	106	0	(16,30)
3	2026-01-01 16:05:49.000	12392	2012	3810	0	228.1	6	-10	42	106	0	(16,30)
3	2026-01-01 16:05:50.000	12427	1905	3692	0	262.59	4	-9	42	106	0	(15,29)
3	2026-01-01 16:05:51.000	12462	2031	3564	40	270.43	2	-9	42	106	0	(16,28)
3	2026-01-01 16:05:52.000	12497	2054	3448	40	231.52	0	-9	42	106	0	(16,27)
3	2026-01-01 16:05:53.000	12532	1979	3506	40	223.58	-2	-8	42	106	0	(15,27)
3	2026-01-01 16:05:54.000	12567	2004	3497	40	267.68	-3	-9	42	106	0	(16,27)
3	2026-01-01 16:05:55.000	12602	1888	3455	0	284.36	-2	-8	42	106	0	(15,27)
3	2026-01-01 16:05:56.000	12637	1905	3437	0	249.09	-3	-6	39	106	0	(15,27)
3	2026-01-01 16:05:57.000	12672	2017	3443	0	223.56	-1	-5	39	106	0	(16,27)
3	2026-01-01 16:05:58.000	12707	2127	3421	0	208.92	1	-6	39	106	0	(17,27)
3	2026-01-01 16:05:59.000	12742	2165	3538	0	252.0	-1	-5	39	106	0	(17,28)
3	2026-01-01 16:06:00.000	12777	2182	3488	0	241.01	-3	-5	39	106	0	(17,27)
3	2026-01-01 16:06:01.000	12812	2091	3364	0	281.92	-1	-6	39	106	0	(16,26)
3	2026-01-01 16:06:02.000	12847	2025	3263	0	262.53	-3	-5	39	106	0	(16,25)
3	2026-01-01 16:06:03.000	12882	2057	3246	0	268.42	-1	-6	34	106	0	(16,25)
3	2026-01-01 16:06:04.000	12917	1986	3231	0	252.85	-2	-4	34	106	0	(16,25)
3	2026-01-01 16:06:05.000	12952	2079	3332	0	258.2	0	-3	34	106	0	(16,26)
3	2026-01-01 16:06:06.000	12987	2141	3258	0	302.67	0	-2	34	106	0	(17,25)
3	2026-01-01 16:06:07.000	13022	2139	3223	0	280.67	2	-1	34	106	0	(17,25)
3	2026-01-01 16:06:08.000	13057	2229	3353	0	280.44	3	-1	34	106	0	(17,26)
3	2026-01-01 16:06:09.000	13092	2227	3457	0	305.03	1	1	34	106	0	(17,27)
3	2026-01-01 16:06:10.000	13127	2133	3349	8	348.61	3	-1	34	106	0	(17,26)
3	2026-01-01 16:06:11.000	13162	2222	3379	8	320.33	4	0	34	106	0	(17,26)
3	2026-01-01 16:06:12.000	13197	2196	3468	8	328.72	5	-1	34	106	0	(17,27)
3	2026-01-01 16:06:13.000	13232	2228	3461	8	343.19	4	-1	34	106	0	(17,27)
3	2026-01-01 16:06:14.000	13267	2285	3340	8	19.95	2	-1	34	106	0	(18,26)
3	2026-01-01 16:06:15.000	13302	2394	3322	8	7.13	1	-2	34	106	0	(19,26)
3	2026-01-01 16:06:16.000	13337	2347	3383	8	52.09	3	0	34	106	0	(18,26)
3	2026-01-01 16:06:17.000	13372	2273	3272	8	55.19	5	0	34	106	0	(18,26)
3	2026-01-01 16:06:18.000	13407	2350	3168	8	61.32	6	-1	27	106	0	(18,25)
3	2026-01-01 16:06:19.000	13442	2283	3039	0	27.37	5	-3	27	106	0	(18,24)
3	2026-01-01 16:06:20.000	13477	2251	2980	0	54.73	5	-5	20	106	0	(18,23)
3	2026-01-01 16:06:21.000	13512	2230	3001	0	88.52	5	-5	20	106	0	(17,23)
3	2026-01-01 16:06:22.000	13547	2346	3094	0	120.31	4	-6	20	106	0	(18,24)
3	2026-01-01 16:06:23.000	13582	2347	3191	0	139.89	5	-5	20	106	0	(18,25)
3	2026-01-01 16:06:24.000	13617	2379	3142	0	107.32	4	-7	18	106	0	(19,25)
3	2026-01-01 16:06:25.000	13652	2370	3204	0	103.75	2	-8	18	106	0	(19,25)
3	2026-01-01 16:06:26.000	13687	2329	3325	0	62.46	1	-7	18	106	0	(18,26)
3	2026-01-01 16:06:27.000	13722	2435	3196	0	20.58	3	-9	18	106	0	(19,25)
3	2026-01-01 16:06:28.000	13757	2368	3220	0	15.26	1	-8	18	106	0	(18,25)
3	2026-01-01 16:06:29.000	13792	2392	3106	0	342.5	3	-9	18	106	0	(19,24)
3	2026-01-01 16:06:30.000	13827	2522	3080	0	312.99	5	-7	18	106	0	(20,24)
3	2026-01-01 16:06:31.000	13862	2518	3065	0	290.38	5	-9	31	106	0	(20,24)
3	2026-01-01 16:06:32.000	13897	2414	3100	0	254.56	3	-9	31	106	0	(19,24)
3	2026-01-01 16:06:33.000	13932	2430	3173	0	290.79	5	-9	31	106	0	(19,25)
3	2026-01-01 16:06:34.000	13967	2513	3072	0	333.97	6	-7	31	106	0	(20,24)
3	2026-01-01 16:06:35.000	14002	2540	2950	0	316.93	8	-9	31	106	0	(20,23)
3	2026-01-01 16:06:36.000	14037	2449	3024	0	299.26	8	-8	31	106	0	(19,24)
3	2026-01-01 16:06:37.000	14072	2381	3031	0	286.57	8	-6	21	106	0	(19,24)
3	2026-01-01 16:06:38.000	14107	2462	3113	0	277.22	7	-5	21	106	0	(19,24)
3	2026-01-01 16:06:39.000	14142	2454	3057	0	259.92	8	-4	21	106	0	(19,24)
3	2026-01-01 16:06:40.000	14177	2567	3106	0	251.84	10	-2	21	106	0	(20,24)
3	2026-01-01 16:06:41.000	14212	2551	3011	0	232.73	10	-4	21	106	0	(20,24)
3	2026-01-01 16:06:42.000	14247	2484	2927	0	239.52	8	-6	21	106	0	(19,23)
3	2026-01-01 16:06:43.000	14282	2476	2918	0	265.97	8	-5	21	106	0	(19,23)
3	2026-01-01 16:06:44.000	14317	2501	2946	0	286.63	6	-4	21	106	0	(20,23)
3	2026-01-01 16:06:45.000	14352	2618	2861	0	256.28	7	-2	21	106	0	(20,22)
3	2026-01-01 16:06:46.000	14387	2555	2885	0	275.03	5	-2	21	106	0	(20,23)
3	2026-01-01 16:06:47.000	14422	2672	2836	0	291.75	6	-4	21	106	0	(21,22)
3	2026-01-01 16:06:48.000	14457	2543	2746	0	277.28	5	-5	21	106	0	(20,21)
3	2026-01-01 16:06:49.000	14492	2662	2630	0	293.66	6	-4	21	106	0	(21,21)
3	2026-01-01 16:06:50.000	14527	2759	2506	0	264.29	6	-5	17	106	19	(22,20)
3	2026-01-01 16:06:51.000	14562	2639	2608	-16	258.34	6	-7	17	106	19	(21,20)
3	2026-01-01 16:06:52.000	14597	2545	2676	-16	244.82	8	-6	12	106	19	(20,21)
3	2026-01-01 16:06:53.000	14632	2628	2605	-16	221.55	8	-8	12	106	19	(21,20)
3	2026-01-01 16:06:54.000	14667	2638	2547	-16	193.67	9	-6	12	106	19	(21,20)
3	2026-01-01 16:06:55.000	14702	2613	2472	-16	228.49	10	-4	12	106	19	(20,19)
3	2026-01-01 16:06:56.000	14737	2520	2365	-16	260.3	10	-5	12	106	19	(20,18)
3	2026-01-01 16:06:57.000	14772	2482	2306	-16	237.11	9	-5	12	106	19	(19,18)
3	2026-01-01 16:06:58.000	14807	2511	2248	-16	205.84	10	-7	12	106	19	(20,18)
3	2026-01-01 16:06:59.000	14842	2546	2250	-16	246.72	8	-9	12	106	19	(20,18)
3	2026-01-01 16:07:00.000	14877	2609	2122	-16	268.45	8	-7	12	106	19	(20,17)
3	2026-01-01 16:07:01.000	14912	2595	2209	-16	297.12	9	-5	12	106	19	(20,17)
3	2026-01-01 16:07:02.000	14947	2480	2146	-16	291.74	8	-6	12	106	15	(19,17)
3	2026-01-01 16:07:03.000	14982	2535	2075	-16	261.73	6	-4	12	106	15	(20,16)
3	2026-01-01 16:07:04.000	15017	2464	2077	-16	280.38	4	-6	12	106	15	(19,16)
3	2026-01-01 16:07:05.000	15052	2575	1973	-16	259.23	4	-6	11	106	15	(20,15)
3	2026-01-01 16:07:06.000	15087	2559	1865	-16	230.36	6	-8	11	106	15	(20,15)
3	2026-01-01 16:07:07.000	15122	2450	1828	0	267.82	7	-10	11	106	15	(19,14)
3	2026-01-01 16:07:08.000	15157	2432	1858	0	282.79	9	-10	11	106	15	(19,15)
3	2026-01-01 16:07:09.000	15192	2490	1854	0	278.48	10	-8	11	106	11	(19,14)
3	2026-01-01 16:07:10.000	15227	2387	1742	0	315.63	9	-10	11	106	11	(19,14)
3	2026-01-01 16:07:11.000	15262	2372	1708	0	344.95	8	-10	11	106	11	(19,13)
3	2026-01-01 16:07:12.000	15297	2439	1767	0	346.63	10	-10	11	106	11	(19,14)
3	2026-01-01 16:07:13.000	15332	2373	1794	0	349.98	10	-8	11	106	11	(19,14)
3	2026-01-01 16:07:14.000	15367	2286	1730	0	305.27	10	-7	11	106	11	(18,14)
3	2026-01-01 16:07:15.000	15402	2248	1783	0	287.52	10	-6	11	106	11	(18,14)
3	2026-01-01 16:07:16.000	15437	2186	1884	0	328.48	10	-6	11	106	11	(17,15)
3	2026-01-01 16:07:17.000	15472	2208	1819	0	310.32	8	-8	11	106	25	(17,14)
3	2026-01-01 16:07:18.000	15507	2242	1708	0	281.77	8	-9	11	106	25	(18,13)
3	2026-01-01 16:07:19.000	15542	2235	1784	0	324.9	8	-9	11	106	25	(17,14)
3	2026-01-01 16:07:20.000	15577	2214	1893	0	332.19	7	-9	11	106	25	(17,15)
3	2026-01-01 16:07:21.000	15612	2235	1876	0	351.77	8	-10	11	106	25	(17,15)
3	2026-01-01 16:07:22.000	15647	2358	1934	0	332.3	10	-8	11	106	25	(18,15)
3	2026-01-01 16:07:23.000	15682	2459	1857	0	338.62	10	-8	11	106	25	(19,15)
3	2026-01-01 16:07:24.000	15717	2380	1860	0	318.77	10	-9	11	106	25	(19,15)
3	2026-01-01 16:07:25.000	15752	2340	1891	0	276.3	9	-10	11	106	25	(18,15)
3	2026-01-01 16:07:26.000	15787	2281	1804	0	295.19	10	-9	11	106	25	(18,14)
3	2026-01-01 16:07:27.000	15822	2162	1932	0	290.87	8	-8	11	106	25	(17,15)
3	2026-01-01 16:07:28.000	15857	2044	1960	0	295.61	6	-9	11	106	25	(16,15)
3	2026-01-01 16:07:29.000	15892	1925	1986	0	261.79	4	-9	11	106	25	(15,16)
3	2026-01-01 16:07:30.000	15927	1880	1902	0	257.28	6	-10	11	106	25	(15,15)
3	2026-01-01 16:07:31.000	15962	1928	2023	0	214.73	4	-8	11	106	25	(15,16)
3	2026-01-01 16:07:32.000	15997	1917	2059	0	188.53	3	-10	3	106	44	(15,16)
3	2026-01-01 16:07:33.000	16032	1995	2005	0	195.78	3	-9	3	106	44	(16,16)
3	2026-01-01 16:07:34.000	16067	2038	1954	0	182.45	1	-10	3	106	44	(16,15)
3	2026-01-01 16:07:35.000	16102	2053	2077	0	156.49	2	-10	3	106	44	(16,16)
3	2026-01-01 16:07:36.000	16137	1933	2005	0	177.51	3	-9	3	106	44	(15,16)
3	2026-01-01 16:07:37.000	16172	1834	1904	0	155.41	4	-10	3	106	44	(14,15)
3	2026-01-01 16:07:38.000	16207	1824	1995	0	134.63	5	-10	3	106	44	(14,16)
3	2026-01-01 16:07:39.000	16242	1795	1919	0	121.11	5	-8	3	106	44	(14,15)
3	2026-01-01 16:07:40.000	16277	1864	1808	8	139.6	4	-7	3	106	41	(15,14)
3	2026-01-01 16:07:41.000	16312	1739	1681	8	165.72	6	-6	3	106	41	(14,13)
3	2026-01-01 16:07:42.000	16347	1631	1651	8	177.55	6	-5	3	106	39	(13,13)
3	2026-01-01 16:07:43.000	16382	1732	1673	8	185.92	7	-3	3	106	38	(14,13)
3	2026-01-01 16:07:44.000	16417	1657	1707	8	180.11	7	-1	3	106	38	(13,13)
3	2026-01-01 16:07:45.000	16452	1669	1600	8	163.54	6	-3	3	106	38	(13,12)
3	2026-01-01 16:07:46.000	16487	1760	1553	8	131.52	5	-1	3	106	38	(14,12)
3	2026-01-01 16:07:47.000	16522	1879	1655	8	94.77	3	1	3	106	35	(15,13)
3	2026-01-01 16:07:48.000	16557	1850	1752	8	136.58	4	1	2	106	35	(14,14)
3	2026-01-01 16:07:49.000	16592	1949	1687	8	137.57	4	1	2	106	32	(15,13)
3	2026-01-01 16:07:50.000	16627	1923	1656	8	181.91	3	0	2	106	32	(15,13)
3	2026-01-01 16:07:51.000	16662	1950	1622	8	200.49	1	0	2	106	32	(15,13)
3	2026-01-01 16:07:52.000	16697	1875	1515	8	178.27	2	1	2	106	29	(15,12)
3	2026-01-01 16:07:53.000	16732	1986	1605	8	184.81	1	3	2	106	29	(16,13)
3	2026-01-01 16:07:54.000	16767	1929	1518	8	159.57	3	4	2	106	29	(15,12)
3	2026-01-01 16:07:55.000	16802	1944	1536	8	141.46	5	4	2	106	29	(15,12)
3	2026-01-01 16:07:56.000	16837	1926	1489	8	128.7	6	4	2	106	29	(15,12)
3	2026-01-01 16:07:57.000	16872	1905	1535	8	131.86	6	3	2	106	29	(15,12)
3	2026-01-01 16:07:58.000	16907	1969	1486	8	142.01	6	5	2	106	29	(15,12)
3	2026-01-01 16:07:59.000	16942	1906	1574	8	179.75	4	5	2	106	24	(15,12)
3	2026-01-01 16:08:00.000	16977	1803	1658	8	137.29	2	6	2	106	24	(14,13)
3	2026-01-01 16:08:01.000	17012	1815	1551	8	156.48	4	7	2	106	24	(14,12)
3	2026-01-01 16:08:02.000	17047	1770	1604	8	144.38	6	9	2	106	24	(14,13)
3	2026-01-01 16:08:03.000	17082	1783	1668	8	134.15	5	7	2	106	24	(14,13)
3	2026-01-01 16:08:04.000	17117	1730	1687	8	178.11	4	9	2	106	24	(14,13)
3	2026-01-01 16:08:05.000	17152	1780	1791	8	135.75	5	7	2	106	24	(14,14)
3	2026-01-01 16:08:06.000	17187	1857	1860	8	178.36	5	6	2	106	24	(15,15)
3	2026-01-01 16:08:07.000	17222	1861	1758	8	152.15	7	8	2	106	37	(15,14)
3	2026-01-01 16:08:08.000	17257	1795	1816	8	163.92	9	9	2	106	37	(14,14)
3	2026-01-01 16:08:09.000	17292	1719	1750	8	206.84	9	9	2	106	37	(13,14)
3	2026-01-01 16:08:10.000	17327	1623	1814	8	207.77	10	7	2	106	37	(13,14)
3	2026-01-01 16:08:11.000	17362	1633	1882	8	200.7	10	9	2	106	32	(13,15)
3	2026-01-01 16:08:12.000	17397	1552	1879	8	206.44	10	9	2	106	32	(12,15)
3	2026-01-01 16:08:13.000	17432	1515	1776	8	164.18	10	7	2	106	32	(12,14)
3	2026-01-01 16:08:14.000	17467	1406	1787	0	206.87	10	7	2	106	32	(11,14)
3	2026-01-01 16:08:15.000	17502	1426	1671	0	180.6	10	5	2	106	32	(11,13)
3	2026-01-01 16:08:16.000	17537	1337	1730	0	168.79	8	4	2	106	32	(10,14)
3	2026-01-01 16:08:17.000	17572	1428	1807	-8	159.58	6	2	2	106	32	(11,14)
3	2026-01-01 16:08:18.000	17607	1350	1856	-8	138.49	6	4	0	106	32	(11,14)
3	2026-01-01 16:08:19.000	17642	1336	1950	-8	117.0	4	2	0	106	32	(10,15)
3	2026-01-01 16:08:20.000	17677	1270	1946	-8	131.25	2	0	0	106	32	(10,15)
3	2026-01-01 16:08:21.000	17712	1298	2071	-8	151.52	2	2	0	106	32	(10,16)
3	2026-01-01 16:08:22.000	17747	1363	1972	-8	135.88	3	2	0	106	30	(11,15)
3	2026-01-01 16:08:23.000	17782	1402	1988	-8	133.32	3	3	0	106	30	(11,16)
3	2026-01-01 16:08:24.000	17817	1331	1866	-8	172.16	1	5	0	106	30	(10,15)
3	2026-01-01 16:08:25.000	17852	1419	1886	-8	141.66	3	6	0	106	30	(11,15)
3	2026-01-01 16:08:26.000	17887	1310	1935	-8	108.29	1	6	0	106	30	(10,15)
3	2026-01-01 16:08:27.000	17922	1251	1911	-8	93.86	-1	7	0	106	30	(10,15)
3	2026-01-01 16:08:28.000	17957	1267	1982	-8	84.23	-3	5	0	106	50	(10,15)
3	2026-01-01 16:08:29.000	17992	1360	2009	-8	100.16	-4	3	0	106	50	(11,16)
3	2026-01-01 16:08:30.000	18027	1396	2056	-8	115.93	-6	5	0	106	50	(11,16)
3	2026-01-01 16:08:31.000	18062	1276	2105	64	113.52	-5	3	0	106	50	(10,16)
3	2026-01-01 16:08:32.000	18097	1347	2232	128	108.48	-5	2	0	106	50	(11,17)
3	2026-01-01 16:08:33.000	18132	1364	2360	128	110.38	-7	2	0	106	50	(11,18)
3	2026-01-01 16:08:34.000	18167	1234	2423	0	136.66	-6	4	0	106	50	(10,19)
3	2026-01-01 16:08:35.000	18202	1252	2302	0	95.91	-6	2	0	106	50	(10,18)
3	2026-01-01 16:08:36.000	18237	1323	2300	0	74.62	-6	4	0	106	50	(10,18)
3	2026-01-01 16:08:37.000	18272	1433	2253	0	119.36	-4	6	0	106	50	(11,18)
3	2026-01-01 16:08:38.000	18307	1335	2377	0	114.25	-4	4	0	106	50	(10,19)
3	2026-01-01 16:08:39.000	18342	1452	2383	0	88.88	-5	3	0	106	50	(11,19)
3	2026-01-01 16:08:40.000	18377	1561	2276	0	95.25	-5	3	0	106	50	(12,18)
3	2026-01-01 16:08:41.000	18412	1612	2396	0	81.54	-7	3	0	106	50	(13,19)
3	2026-01-01 16:08:42.000	18447	1630	2372	0	43.27	-9	4	0	106	50	(13,19)
3	2026-01-01 16:08:43.000	18482	1589	2389	0	48.58	-10	5	0	106	50	(12,19)
3	2026-01-01 16:08:44.000	18517	1667	2281	0	49.48	-10	5	0	106	50	(13,18)
3	2026-01-01 16:08:45.000	18552	1555	2158	0	91.47	-8	6	0	106	50	(12,17)
3	2026-01-01 16:08:46.000	18587	1561	2219	0	53.76	-7	6	0	106	50	(12,17)
3	2026-01-01 16:08:47.000	18622	1507	2257	0	74.37	-5	4	0	106	50	(12,18)
3	2026-01-01 16:08:48.000	18657	1614	2169	0	30.25	-4	4	0	106	50	(13,17)
3	2026-01-01 16:08:49.000	18692	1502	2216	0	45.82	-4	5	0	106	50	(12,17)
3	2026-01-01 16:08:50.000	18727	1516	2298	0	36.91	-4	3	0	106	50	(12,18)
3	2026-01-01 16:08:51.000	18762	1597	2362	0	39.88	-4	4	0	106	50	(12,18)
3	2026-01-01 16:08:52.000	18797	1714	2413	0	52.43	-3	3	0	106	50	(13,19)
3	2026-01-01 16:08:53.000	18832	1787	2381	0	29.03	-5	4	0	106	50	(14,19)
3	2026-01-01 16:08:54.000	18867	1760	2359	0	359.08	-3	5	0	106	50	(14,18)
3	2026-01-01 16:08:55.000	18902	1770	2410	0	39.76	-2	4	0	106	50	(14,19)
3	2026-01-01 16:08:56.000	18937	1695	2388	0	2.51	-3	5	0	106	50	(13,19)
3	2026-01-01 16:08:57.000	18972	1774	2345	0	20.3	-3	6	0	106	50	(14,18)
3	2026-01-01 16:08:58.000	19007	1771	2323	0	45.7	-1	8	0	106	50	(14,18)
3	2026-01-01 16:08:59.000	19042	1736	2417	0	63.07	1	9	0	106	50	(14,19)
3	2026-01-01 16:09:00.000	19077	1778	2362	0	86.31	2	10	0	106	45	(14,18)
3	2026-01-01 16:09:01.000	19112	1904	2304	0	73.11	2	10	0	106	45	(15,18)
3	2026-01-01 16:09:02.000	19147	1988	2333	0	34.57	0	8	0	98	50	(16,18)
3	2026-01-01 16:09:03.000	19182	1884	2307	0	354.84	-2	7	0	98	50	(15,18)
3	2026-01-01 16:09:04.000	19217	1911	2350	0	351.01	-4	8	0	98	50	(15,18)
3	2026-01-01 16:09:05.000	19252	1883	2326	64	319.47	-3	8	0	98	50	(15,18)
3	2026-01-01 16:09:06.000	19287	1958	2244	24	337.45	-5	8	0	98	50	(15,18)
3	2026-01-01 16:09:07.000	19322	1876	2147	24	21.83	-3	7	0	98	50	(15,17)
3	2026-01-01 16:09:08.000	19357	1947	2099	24	59.92	-4	6	0	98	50	(15,16)
3	2026-01-01 16:09:09.000	19392	2077	2064	24	56.47	-5	4	0	98	50	(16,16)
3	2026-01-01 16:09:10.000	19427	2116	2110	0	46.12	-5	6	0	98	50	(17,16)
3	2026-01-01 16:09:11.000	19462	2201	2159	0	43.21	-6	6	0	98	50	(17,17)
3	2026-01-01 16:09:12.000	19497	2142	2055	0	23.96	-4	4	0	98	49	(17,16)
3	2026-01-01 16:09:13.000	19532	2235	2132	0	11.89	-6	5	0	98	49	(17,17)
3	2026-01-01 16:09:14.000	19567	2303	2154	0	24.82	-7	5	0	98	49	(18,17)
3	2026-01-01 16:09:15.000	19602	2424	2266	0	357.6	-6	5	0	98	48	(19,18)
3	2026-01-01 16:09:16.000	19637	2312	2228	0	331.27	-4	6	0	98	48	(18,17)
3	2026-01-01 16:09:17.000	19672	2413	2294	0	303.61	-4	7	0	98	50	(19,18)
3	2026-01-01 16:09:18.000	19707	2425	2251	0	336.47	-2	8	0	98	50	(19,18)
3	2026-01-01 16:09:19.000	19742	2302	2173	0	300.85	-4	9	0	98	50	(18,17)
3	2026-01-01 16:09:20.000	19777	2369	2103	0	333.98	-3	10	0	98	50	(19,16)
3	2026-01-01 16:09:21.000	19812	2441	2231	0	307.08	-3	8	0	98	50	(19,17)
3	2026-01-01 16:09:22.000	19847	2506	2106	0	271.23	-1	9	0	98	50	(20,16)
3	2026-01-01 16:09:23.000	19882	2612	2029	0	260.41	-3	10	0	98	46	(20,16)
3	2026-01-01 16:09:24.000	19917	2660	2069	0	229.39	-1	10	0	98	46	(21,16)
3	2026-01-01 16:09:25.000	19952	2663	1951	0	247.71	-3	10	0	98	46	(21,15)
3	2026-01-01 16:09:26.000	19987	2722	1911	8	254.0	-1	8	0	98	46	(21,15)
3	2026-01-01 16:09:27.000	20022	2812	2029	8	297.66	-2	10	0	98	46	(22,16)
3	2026-01-01 16:09:28.000	20057	2794	2016	8	257.0	-2	8	0	98	46	(22,16)
3	2026-01-01 16:09:29.000	20092	2889	1910	0	230.94	0	9	0	98	46	(23,15)
3	2026-01-01 16:09:30.000	20127	2911	1876	0	218.99	1	7	0	98	43	(23,15)
3	2026-01-01 16:09:31.000	20162	2966	1841	-8	217.91	3	9	0	98	43	(23,14)
3	2026-01-01 16:09:32.000	20197	2996	1949	-8	230.07	1	10	0	98	50	(23,15)
3	2026-01-01 16:09:33.000	20232	2951	2035	0	233.24	1	10	0	98	50	(23,16)
3	2026-01-01 16:09:34.000	20267	3011	2014	0	276.0	-1	10	0	98	50	(24,16)
3	2026-01-01 16:09:35.000	20302	3056	2114	-8	278.6	-2	10	0	93	47	(24,17)
3	2026-01-01 16:09:36.000	20337	3108	2221	-8	270.49	-2	10	0	93	47	(24,17)
3	2026-01-01 16:09:37.000	20372	3204	2188	-8	306.72	-2	9	0	93	47	(25,17)
3	2026-01-01 16:09:38.000	20407	3176	2107	-8	275.96	-1	8	0	93	47	(25,16)
3	2026-01-01 16:09:39.000	20442	3148	2145	-8	262.33	1	8	0	93	47	(25,17)
3	2026-01-01 16:09:40.000	20477	3099	2160	-8	251.51	-1	7	0	93	42	(24,17)
3	2026-01-01 16:09:41.000	20512	3048	2085	0	222.53	-1	8	0	93	37	(24,16)
3	2026-01-01 16:09:42.000	20547	3047	2095	0	220.81	-3	9	0	93	37	(24,16)
3	2026-01-01 16:09:43.000	20582	2999	2203	0	218.7	-1	9	0	93	50	(23,17)
3	2026-01-01 16:09:44.000	20617	2990	2242	32	217.02	-3	9	0	93	50	(23,18)
3	2026-01-01 16:09:45.000	20652	2947	2315	32	176.48	-2	10	0	93	50	(23,18)
3	2026-01-01 16:09:46.000	20687	2931	2384	32	147.62	-2	9	0	93	50	(23,19)
3	2026-01-01 16:09:47.000	20722	3026	2267	32	115.43	-3	9	0	93	46	(24,18)
3	2026-01-01 16:09:48.000	20757	3040	2307	32	112.84	-5	8	0	93	46	(24,18)
3	2026-01-01 16:09:49.000	20792	3062	2205	32	154.8	-6	10	0	93	46	(24,17)
3	2026-01-01 16:09:50.000	20827	3036	2241	32	181.09	-5	9	0	93	46	(24,18)
3	2026-01-01 16:09:51.000	20862	2957	2367	32	152.57	-3	9	0	93	45	(23,18)
3	2026-01-01 16:09:52.000	20897	3057	2327	32	132.63	-2	9	0	93	45	(24,18)
3	2026-01-01 16:09:53.000	20932	2951	2252	32	95.34	0	10	0	93	45	(23,18)
3	2026-01-01 16:09:54.000	20967	2915	2351	32	108.23	1	10	0	93	45	(23,18)
3	2026-01-01 16:09:55.000	21002	2807	2348	32	109.44	2	10	0	93	45	(22,18)
3	2026-01-01 16:09:56.000	21037	2835	2433	32	145.09	3	9	0	93	45	(22,19)
3	2026-01-01 16:09:57.000	21072	2920	2470	0	153.99	5	8	0	93	40	(23,19)
3	2026-01-01 16:09:58.000	21107	2953	2571	0	140.5	3	8	0	93	40	(23,20)
3	2026-01-01 16:09:59.000	21142	3075	2458	0	134.38	1	6	0	93	40	(24,19)
3	2026-01-01 16:10:00.000	21177	3113	2343	0	100.85	3	5	0	93	38	(24,18)
3	2026-01-01 16:10:01.000	21212	3160	2233	64	56.52	3	5	0	93	38	(25,17)
3	2026-01-01 16:10:02.000	21247	3280	2268	64	23.37	4	6	0	93	38	(26,18)
3	2026-01-01 16:10:03.000	21282	3272	2314	64	347.48	5	5	0	93	38	(26,18)
3	2026-01-01 16:10:04.000	21317	3362	2281	64	335.31	4	3	0	93	38	(26,18)
3	2026-01-01 16:10:05.000	21352	3343	2285	64	2.24	3	1	0	93	38	(26,18)
3	2026-01-01 16:10:06.000	21387	3356	2251	64	338.62	1	0	0	93	38	(26,18)
3	2026-01-01 16:10:07.000	21422	3452	2298	64	22.55	-1	-1	0	106	38	(27,18)
3	2026-01-01 16:10:08.000	21457	3546	2254	64	354.13	-2	-1	0	106	33	(28,18)
3	2026-01-01 16:10:09.000	21492	3518	2169	64	24.93	-4	1	0	106	33	(27,17)
3	2026-01-01 16:10:10.000	21527	3450	2228	64	3.07	-6	2	20	106	33	(27,17)
3	2026-01-01 16:10:11.000	21562	3452	2113	64	44.91	-6	4	20	106	33	(27,17)
3	2026-01-01 16:10:12.000	21597	3444	2029	0	71.75	-4	4	20	106	33	(27,16)
3	2026-01-01 16:10:13.000	21632	3452	1938	0	56.66	-6	5	20	106	29	(27,15)
3	2026-01-01 16:10:14.000	21667	3383	1881	0	68.58	-8	7	15	106	29	(26,15)
3	2026-01-01 16:10:15.000	21702	3376	1825	0	112.87	-9	8	15	106	28	(26,14)
3	2026-01-01 16:10:16.000	21737	3283	1897	0	143.49	-10	10	15	106	28	(26,15)
3	2026-01-01 16:10:17.000	21772	3411	1779	0	104.02	-9	9	15	106	28	(27,14)
3	2026-01-01 16:10:18.000	21807	3461	1772	0	146.68	-8	10	15	106	24	(27,14)
3	2026-01-01 16:10:19.000	21842	3402	1774	0	111.78	-9	9	15	106	24	(27,14)
3	2026-01-01 16:10:20.000	21877	3330	1796	0	107.74	-8	9	15	106	24	(26,14)
3	2026-01-01 16:10:21.000	21912	3385	1821	0	85.28	-10	10	15	106	24	(26,14)
3	2026-01-01 16:10:22.000	21947	3362	1735	128	61.48	-8	9	15	106	24	(26,14)
3	2026-01-01 16:10:23.000	21982	3292	1790	128	39.59	-8	10	15	106	24	(26,14)
3	2026-01-01 16:10:24.000	22017	3241	1822	128	2.92	-7	10	15	106	24	(25,14)
3	2026-01-01 16:10:25.000	22052	3214	1854	128	2.48	-6	8	15	106	24	(25,14)
3	2026-01-01 16:10:26.000	22087	3254	1810	128	22.84	-5	6	32	106	24	(25,14)
3	2026-01-01 16:10:27.000	22122	3236	1794	128	41.64	-5	4	32	106	24	(25,14)
3	2026-01-01 16:10:28.000	22157	3260	1891	128	11.01	-6	6	32	106	24	(25,15)
3	2026-01-01 16:10:29.000	22192	3240	2000	128	336.37	-5	8	32	106	24	(25,16)
3	2026-01-01 16:10:30.000	22227	3121	1888	0	305.69	-7	9	32	106	24	(24,15)
3	2026-01-01 16:10:31.000	22262	3122	1780	0	273.84	-7	8	32	106	24	(24,14)
3	2026-01-01 16:10:32.000	22297	3141	1654	0	311.99	-9	8	32	106	24	(25,13)
3	2026-01-01 16:10:33.000	22332	3221	1662	0	316.82	-10	7	32	106	24	(25,13)
3	2026-01-01 16:10:34.000	22367	3322	1655	0	294.28	-9	5	32	106	20	(26,13)
3	2026-01-01 16:10:35.000	22402	3208	1687	0	270.63	-9	5	32	106	20	(25,13)
3	2026-01-01 16:10:36.000	22437	3320	1797	0	315.28	-10	4	32	106	20	(26,14)
3	2026-01-01 16:10:37.000	22472	3447	1789	0	350.58	-10	4	32	106	19	(27,14)
3	2026-01-01 16:10:38.000	22507	3514	1744	0	16.64	-10	5	32	106	17	(27,14)
3	2026-01-01 16:10:39.000	22542	3482	1838	0	21.13	-10	6	32	106	17	(27,14)
3	2026-01-01 16:10:40.000	22577	3394	1885	0	12.56	-9	8	32	106	17	(27,15)
3	2026-01-01 16:10:41.000	22612	3347	1945	0	35.04	-8	7	32	106	17	(26,15)
3	2026-01-01 16:10:42.000	22647	3324	1945	0	65.7	-10	6	32	106	17	(26,15)
3	2026-01-01 16:10:43.000	22682	3375	1959	0	34.64	-10	8	32	106	17	(26,15)
3	2026-01-01 16:10:44.000	22717	3485	2000	0	66.57	-10	8	32	106	17	(27,16)
3	2026-01-01 16:10:45.000	22752	3597	2104	-16	64.36	-10	7	32	106	17	(28,16)
3	2026-01-01 16:10:46.000	22787	3559	2186	-16	96.59	-9	9	32	106	17	(28,17)
3	2026-01-01 16:10:47.000	22822	3469	2205	-16	100.01	-8	7	32	106	13	(27,17)
3	2026-01-01 16:10:48.000	22857	3387	2228	-16	117.03	-8	7	32	106	10	(26,17)
3	2026-01-01 16:10:49.000	22892	3408	2195	-16	74.37	-8	7	32	106	10	(27,17)
3	2026-01-01 16:10:50.000	22927	3349	2323	-16	104.14	-6	7	32	106	10	(26,18)
3	2026-01-01 16:10:51.000	22962	3336	2262	-16	108.83	-4	5	32	106	10	(26,18)
3	2026-01-01 16:10:52.000	22997	3208	2266	-16	147.62	-5	7	32	106	10	(25,18)
3	2026-01-01 16:10:53.000	23032	3174	2254	-16	178.43	-7	8	32	106	5	(25,18)
3	2026-01-01 16:10:54.000	23067	3276	2232	-16	164.1	-8	10	32	106	5	(26,17)
3	2026-01-01 16:10:55.000	23102	3344	2157	0	200.34	-9	10	32	106	3	(26,17)
3	2026-01-01 16:10:56.000	23137	3316	2220	0	183.31	-9	10	26	106	1	(26,17)
3	2026-01-01 16:10:57.000	23172	3389	2294	0	197.32	-8	9	26	106	1	(26,18)
3	2026-01-01 16:10:58.000	23207	3452	2239	0	210.52	-7	10	26	106	1	(27,17)
3	2026-01-01 16:10:59.000	23242	3436	2160	0	250.21	-7	10	26	106	1	(27,17)
3	2026-01-01 16:11:00.000	23277	3559	2270	0	285.43	-9	8	26	106	1	(28,18)
3	2026-01-01 16:11:01.000	23312	3508	2220	0	299.9	-9	6	26	106	0	(27,17)
3	2026-01-01 16:11:02.000	23347	3469	2291	0	287.02	-8	7	26	106	0	(27,18)
3	2026-01-01 16:11:03.000	23382	3479	2292	0	327.91	-6	5	26	106	0	(27,18)
3	2026-01-01 16:11:04.000	23417	3500	2410	0	312.8	-5	5	26	106	0	(27,19)
3	2026-01-01 16:11:05.000	23452	3441	2479	0	357.73	-3	6	26	106	0	(27,19)
3	2026-01-01 16:11:06.000	23487	3493	2602	0	16.47	-1	6	26	106	0	(27,20)
3	2026-01-01 16:11:07.000	23522	3422	2528	0	334.61	0	6	26	106	0	(27,20)
3	2026-01-01 16:11:08.000	23557	3471	2465	0	11.47	2	6	26	106	0	(27,19)
3	2026-01-01 16:11:09.000	23592	3509	2520	0	55.85	1	4	26	106	0	(27,20)
3	2026-01-01 16:11:10.000	23627	3467	2490	0	39.65	2	4	26	106	0	(27,19)
3	2026-01-01 16:11:11.000	23662	3366	2440	0	69.41	3	5	26	106	0	(26,19)
3	2026-01-01 16:11:12.000	23697	3458	2406	0	64.06	1	5	26	106	0	(27,19)
3	2026-01-01 16:11:13.000	23732	3339	2295	0	73.01	2	4	26	106	0	(26,18)
3	2026-01-01 16:11:14.000	23767	3445	2175	56	90.41	3	3	20	106	0	(27,17)
3	2026-01-01 16:11:15.000	23802	3429	2149	56	125.15	4	1	20	106	0	(27,17)
3	2026-01-01 16:11:16.000	23837	3357	2190	56	95.08	5	1	20	106	0	(26,17)
3	2026-01-01 16:11:17.000	23872	3247	2157	64	66.11	4	2	20	106	0	(25,17)
3	2026-01-01 16:11:18.000	23907	3261	2277	64	51.49	3	3	20	106	0	(25,18)
3	2026-01-01 16:11:19.000	23942	3300	2371	64	54.49	5	5	20	106	0	(26,19)
3	2026-01-01 16:11:20.000	23977	3316	2289	0	48.93	7	6	20	106	0	(26,18)
3	2026-01-01 16:11:21.000	24012	3208	2274	0	11.61	7	6	20	106	0	(25,18)
3	2026-01-01 16:11:22.000	24047	3164	2316	0	3.84	5	8	20	106	0	(25,18)
3	2026-01-01 16:11:23.000	24082	3193	2362	0	40.21	3	8	20	106	0	(25,18)
3	2026-01-01 16:11:24.000	24117	3063	2452	0	43.65	2	10	15	106	0	(24,19)
3	2026-01-01 16:11:25.000	24152	3057	2567	0	62.75	3	9	15	106	0	(24,20)
3	2026-01-01 16:11:26.000	24187	3119	2565	0	26.93	1	10	15	106	0	(24,20)
3	2026-01-01 16:11:27.000	24222	3137	2507	0	55.47	1	10	15	106	0	(25,20)
3	2026-01-01 16:11:28.000	24257	3152	2380	0	49.01	-1	9	28	106	0	(25,19)
3	2026-01-01 16:11:29.000	24292	3125	2451	0	4.81	1	8	28	106	0	(24,19)
3	2026-01-01 16:11:30.000	24327	3196	2350	0	15.08	0	7	28	106	0	(25,18)
3	2026-01-01 16:11:31.000	24362	3243	2271	0	5.01	-1	5	28	106	0	(25,18)
3	2026-01-01 16:11:32.000	24397	3238	2309	0	357.17	-3	3	28	106	0	(25,18)
3	2026-01-01 16:11:33.000	24432	3166	2397	0	352.33	-2	5	28	106	0	(25,19)
3	2026-01-01 16:11:34.000	24467	3096	2271	0	337.92	-4	4	28	106	0	(24,18)
3	2026-01-01 16:11:35.000	24502	3086	2297	0	296.97	-4	3	28	106	0	(24,18)
3	2026-01-01 16:11:36.000	24537	2969	2182	0	332.59	-3	3	28	106	25	(23,17)
3	2026-01-01 16:11:37.000	24572	3052	2177	0	348.21	-3	4	28	106	22	(24,17)
3	2026-01-01 16:11:38.000	24607	3048	2162	-8	357.74	-5	2	28	106	22	(24,17)
3	2026-01-01 16:11:39.000	24642	2948	2190	-8	333.9	-6	0	28	106	22	(23,17)
3	2026-01-01 16:11:40.000	24677	3029	2112	-8	296.74	-4	2	28	106	22	(24,16)
3	2026-01-01 16:11:41.000	24712	2920	2185	128	341.62	-2	1	28	106	22	(23,17)
3	2026-01-01 16:11:42.000	24747	2878	2061	128	333.14	-2	-1	28	106	22	(22,16)
3	2026-01-01 16:11:43.000	24782	2935	2161	128	0.37	-3	-1	28	106	22	(23,17)
3	2026-01-01 16:11:44.000	24817	2946	2228	128	19.88	-5	-3	28	106	22	(23,17)
3	2026-01-01 16:11:45.000	24852	2875	2255	128	57.75	-4	-5	28	106	40	(22,18)
3	2026-01-01 16:11:46.000	24887	3005	2329	128	18.88	-2	-3	28	106	40	(23,18)
3	2026-01-01 16:11:47.000	24922	3033	2366	128	58.78	-2	-4	28	106	40	(24,18)
3	2026-01-01 16:11:48.000	24957	3149	2430	128	53.27	-2	-2	28	106	40	(25,19)
3	2026-01-01 16:11:49.000	24992	3051	2352	128	88.51	0	-2	28	106	40	(24,18)
3	2026-01-01 16:11:50.000	25027	2951	2348	128	81.99	-2	-4	28	106	37	(23,18)
3	2026-01-01 16:11:51.000	25062	2867	2476	128	63.16	-4	-6	28	106	32	(22,19)
3	2026-01-01 16:11:52.000	25097	2977	2502	128	47.31	-4	-7	28	106	32	(23,20)
3	2026-01-01 16:11:53.000	25132	2970	2544	128	50.84	-2	-5	28	106	31	(23,20)
3	2026-01-01 16:11:54.000	25167	2868	2483	128	29.68	-3	-5	28	106	27	(22,19)
3	2026-01-01 16:11:55.000	25202	2793	2423	128	46.69	-5	-6	28	106	27	(22,19)
3	2026-01-01 16:11:56.000	25237	2921	2355	128	83.02	-6	-7	28	106	27	(23,18)
3	2026-01-01 16:11:57.000	25272	2883	2471	64	42.67	-7	-5	28	106	27	(23,19)
3	2026-01-01 16:11:58.000	25307	2846	2444	64	36.31	-9	-5	28	106	27	(22,19)
3	2026-01-01 16:11:59.000	25342	2825	2420	64	40.69	-10	-3	28	106	27	(22,19)
3	2026-01-01 16:12:00.000	25377	2912	2337	64	18.7	-8	-5	28	106	27	(23,18)
3	2026-01-01 16:12:01.000	25412	2811	2401	64	14.24	-10	-3	28	106	23	(22,19)
3	2026-01-01 16:12:02.000	25447	2898	2369	32	5.1	-10	-3	28	106	23	(23,19)
3	2026-01-01 16:12:03.000	25482	2945	2497	32	24.62	-10	-4	28	106	23	(23,20)
3	2026-01-01 16:12:04.000	25517	2991	2542	32	359.23	-8	-5	28	106	23	(23,20)
3	2026-01-01 16:12:05.000	25552	3036	2652	32	318.92	-6	-6	28	106	23	(24,21)
3	2026-01-01 16:12:06.000	25587	3023	2602	32	340.46	-8	-6	28	106	23	(24,20)
3	2026-01-01 16:12:07.000	25622	3152	2602	32	339.26	-6	-6	28	106	23	(25,20)
3	2026-01-01 16:12:08.000	25657	3258	2660	32	330.57	-6	-6	28	106	23	(25,21)
3	2026-01-01 16:12:09.000	25692	3227	2715	40	296.8	-4	-7	28	106	23	(25,21)
3	2026-01-01 16:12:10.000	25727	3323	2599	40	301.02	-4	-5	28	106	23	(26,20)
3	2026-01-01 16:12:11.000	25762	3237	2671	40	276.46	-3	-5	28	106	23	(25,21)
3	2026-01-01 16:12:12.000	25797	3195	2653	40	314.48	-3	-4	28	106	23	(25,21)
3	2026-01-01 16:12:13.000	25832	3078	2606	40	348.25	-1	-6	28	106	20	(24,20)
3	2026-01-01 16:12:14.000	25867	3012	2548	40	9.49	-1	-7	28	106	20	(24,20)
3	2026-01-01 16:12:15.000	25902	2899	2508	40	339.5	0	-9	28	106	20	(23,20)
3	2026-01-01 16:12:16.000	25937	2897	2445	40	336.72	-2	-9	28	106	17	(23,19)
3	2026-01-01 16:12:17.000	25972	2988	2332	40	341.14	-2	-7	28	106	17	(23,18)
3	2026-01-01 16:12:18.000	26007	3001	2437	40	358.02	0	-7	28	106	17	(23,19)
3	2026-01-01 16:12:19.000	26042	3088	2444	40	13.91	0	-8	22	106	17	(24,19)
3	2026-01-01 16:12:20.000	26077	3080	2458	40	39.4	-2	-6	22	106	17	(24,19)
3	2026-01-01 16:12:21.000	26112	3091	2401	40	64.31	0	-7	22	106	17	(24,19)
3	2026-01-01 16:12:22.000	26147	3043	2418	40	86.7	2	-6	22	106	17	(24,19)
3	2026-01-01 16:12:23.000	26182	3100	2548	40	56.87	3	-7	22	106	17	(24,20)
3	2026-01-01 16:12:24.000	26217	3134	2584	40	57.12	1	-7	22	106	17	(24,20)
3	2026-01-01 16:12:25.000	26252	3162	2527	40	34.65	1	-9	22	106	17	(25,20)
3	2026-01-01 16:12:26.000	26287	3232	2509	40	23.13	2	-9	22	106	17	(25,20)
3	2026-01-01 16:12:27.000	26322	3346	2531	0	351.11	4	-10	22	106	17	(26,20)
3	2026-01-01 16:12:28.000	26357	3406	2550	0	35.73	4	-10	22	106	17	(27,20)
3	2026-01-01 16:12:29.000	26392	3360	2490	0	59.45	3	-8	22	106	17	(26,19)
3	2026-01-01 16:12:30.000	26427	3323	2456	0	59.92	4	-8	22	106	12	(26,19)
3	2026-01-01 16:12:31.000	26462	3194	2346	0	83.05	3	-10	22	106	12	(25,18)
3	2026-01-01 16:12:32.000	26497	3090	2235	0	41.4	5	-10	22	106	12	(24,17)
3	2026-01-01 16:12:33.000	26532	3130	2357	0	75.07	3	-9	22	106	12	(24,18)
3	2026-01-01 16:12:34.000	26567	3100	2261	0	94.29	3	-8	22	106	12	(24,18)
3	2026-01-01 16:12:35.000	26602	3201	2260	0	130.61	2	-8	22	106	11	(25,18)
3	2026-01-01 16:12:36.000	26637	3279	2200	0	113.59	0	-10	22	106	11	(26,17)
3	2026-01-01 16:12:37.000	26672	3356	2268	0	99.51	-1	-8	22	106	11	(26,18)
3	2026-01-01 16:12:38.000	26707	3357	2161	0	106.08	-3	-8	22	106	10	(26,17)
3	2026-01-01 16:12:39.000	26742	3381	2033	-16	99.91	-1	-10	22	106	10	(26,16)
3	2026-01-01 16:12:40.000	26777	3464	1913	-16	131.94	0	-8	22	106	9	(27,15)
3	2026-01-01 16:12:41.000	26812	3417	1866	-16	158.29	1	-6	22	106	9	(27,15)
3	2026-01-01 16:12:42.000	26847	3477	1784	-16	148.49	0	-4	22	106	9	(27,14)
3	2026-01-01 16:12:43.000	26882	3427	1721	-16	136.14	0	-3	22	106	9	(27,13)
3	2026-01-01 16:12:44.000	26917	3379	1612	0	134.74	-1	-5	22	106	9	(26,13)
3	2026-01-01 16:12:45.000	26952	3265	1634	0	159.92	1	-6	22	106	25	(26,13)
3	2026-01-01 16:12:46.000	26987	3279	1567	0	200.25	2	-4	22	106	25	(26,12)
3	2026-01-01 16:12:47.000	27022	3184	1685	0	241.37	0	-2	22	106	25	(25,13)
3	2026-01-01 16:12:48.000	27057	3296	1726	0	244.93	1	-3	22	106	22	(26,13)
3	2026-01-01 16:12:49.000	27092	3415	1723	-8	255.94	2	-3	22	106	22	(27,13)
3	2026-01-01 16:12:50.000	27127	3363	1637	-8	284.97	0	-3	22	106	22	(26,13)
3	2026-01-01 16:12:51.000	27162	3454	1537	-8	314.58	1	-1	22	106	19	(27,12)
3	2026-01-01 16:12:52.000	27197	3580	1660	-8	294.65	1	-3	19	106	19	(28,13)
3	2026-01-01 16:12:53.000	27232	3523	1637	-8	323.83	3	-3	19	106	19	(28,13)
3	2026-01-01 16:12:54.000	27267	3638	1746	-8	343.49	5	-1	19	106	19	(28,14)
3	2026-01-01 16:12:55.000	27302	3564	1788	-8	8.44	4	0	19	106	19	(28,14)
3	2026-01-01 16:12:56.000	27337	3485	1701	-8	33.42	5	0	19	106	15	(27,13)
3	2026-01-01 16:12:57.000	27372	3540	1600	-8	33.52	6	-1	19	106	15	(28,12)
3	2026-01-01 16:12:58.000	27407	3415	1594	-8	40.21	8	0	19	106	15	(27,12)
3	2026-01-01 16:12:59.000	27442	3327	1654	-8	13.11	7	2	19	106	15	(26,13)
3	2026-01-01 16:13:00.000	27477	3395	1747	24	12.94	5	4	19	106	15	(27,14)
3	2026-01-01 16:13:01.000	27512	3466	1801	24	336.32	5	2	19	106	15	(27,14)
3	2026-01-01 16:13:02.000	27547	3529	1833	24	309.66	3	3	19	106	15	(28,14)
3	2026-01-01 16:13:03.000	27582	3443	1938	24	287.94	4	4	19	106	15	(27,15)
3	2026-01-01 16:13:04.000	27617	3524	2047	24	271.65	4	2	19	106	10	(28,16)
3	2026-01-01 16:13:05.000	27652	3507	2042	24	269.94	4	0	19	106	10	(27,16)
3	2026-01-01 16:13:06.000	27687	3460	2167	24	278.81	4	2	19	106	6	(27,17)
3	2026-01-01 16:13:07.000	27722	3350	2253	24	284.62	5	0	11	106	5	(26,18)
3	2026-01-01 16:13:08.000	27757	3225	2139	24	304.37	3	0	11	106	5	(25,17)
3	2026-01-01 16:13:09.000	27792	3146	2227	24	314.51	2	0	11	106	5	(25,17)
3	2026-01-01 16:13:10.000	27827	3232	2145	24	350.28	3	-2	11	106	5	(25,17)
3	2026-01-01 16:13:11.000	27862	3119	2242	24	340.89	1	0	11	106	2	(24,18)
3	2026-01-01 16:13:12.000	27897	3157	2322	24	349.39	1	2	11	106	2	(25,18)
3	2026-01-01 16:13:13.000	27932	3150	2339	24	14.37	2	3	11	106	0	(25,18)
3	2026-01-01 16:13:14.000	27967	3165	2325	24	26.74	1	1	11	106	0	(25,18)
3	2026-01-01 16:13:15.000	28002	3247	2286	24	65.56	-1	2	11	106	0	(25,18)
3	2026-01-01 16:13:16.000	28037	3302	2342	24	80.15	-3	3	11	106	0	(26,18)
3	2026-01-01 16:13:17.000	28072	3394	2429	24	77.73	-1	1	11	106	0	(27,19)
3	2026-01-01 16:13:18.000	28107	3367	2337	24	58.97	-1	1	11	106	0	(26,18)
3	2026-01-01 16:13:19.000	28142	3299	2243	24	80.94	1	-1	11	106	0	(26,18)
3	2026-01-01 16:13:20.000	28177	3398	2244	24	110.35	1	0	11	106	0	(27,18)
3	2026-01-01 16:13:21.000	28212	3374	2143	24	93.07	1	-2	11	106	0	(26,17)
3	2026-01-01 16:13:22.000	28247	3326	2068	24	113.04	2	-2	11	106	0	(26,16)
3	2026-01-01 16:13:23.000	28282	3328	2011	24	129.46	0	-4	11	106	0	(26,16)
3	2026-01-01 16:13:24.000	28317	3271	1968	24	146.54	-2	-2	11	106	0	(26,15)
3	2026-01-01 16:13:25.000	28352	3185	2048	24	170.08	-2	-2	11	106	0	(25,16)
3	2026-01-01 16:13:26.000	28387	3288	2104	0	164.36	-2	0	4	106	0	(26,16)
3	2026-01-01 16:13:27.000	28422	3410	1984	0	145.2	-1	0	4	106	0	(27,16)
3	2026-01-01 16:13:28.000	28457	3396	2114	0	149.0	-1	-2	4	106	0	(27,17)
3	2026-01-01 16:13:29.000	28492	3485	2010	0	130.98	1	0	4	106	0	(27,16)
3	2026-01-01 16:13:30.000	28527	3570	1888	0	128.94	-1	1	4	106	0	(28,15)
3	2026-01-01 16:13:31.000	28562	3463	1818	0	111.03	-2	3	4	106	0	(27,14)
3	2026-01-01 16:13:32.000	28597	3357	1830	0	135.09	-1	4	4	106	0	(26,14)
3	2026-01-01 16:13:33.000	28632	3398	1883	0	110.62	-3	4	4	106	0	(27,15)
3	2026-01-01 16:13:34.000	28667	3399	1841	0	122.97	-1	6	4	106	0	(27,14)
3	2026-01-01 16:13:35.000	28702	3270	1742	0	80.58	-1	4	4	106	0	(26,14)
3	2026-01-01 16:13:36.000	28737	3398	1754	0	77.6	0	4	4	106	0	(27,14)
3	2026-01-01 16:13:37.000	28772	3406	1755	0	44.03	1	5	4	106	0	(27,14)
3	2026-01-01 16:13:38.000	28807	3452	1734	0	44.31	-1	4	4	106	0	(27,14)
3	2026-01-01 16:13:39.000	28842	3511	1640	0	39.55	1	3	4	106	0	(27,13)
3	2026-01-01 16:13:40.000	28877	3529	1766	0	38.27	2	5	4	106	0	(28,14)
3	2026-01-01 16:13:41.000	28912	3516	1875	0	62.13	4	7	4	106	0	(27,15)
3	2026-01-01 16:13:42.000	28947	3445	1937	0	45.09	5	7	4	106	15	(27,15)
3	2026-01-01 16:13:43.000	28982	3443	2065	0	22.35	5	6	4	106	15	(27,16)
3	2026-01-01 16:13:44.000	29017	3337	2033	0	359.79	5	5	4	106	15	(26,16)
3	2026-01-01 16:13:45.000	29052	3397	2027	0	39.28	5	6	4	106	15	(27,16)
3	2026-01-01 16:13:46.000	29087	3319	2053	0	48.49	4	6	4	106	13	(26,16)
3	2026-01-01 16:13:47.000	29122	3351	2049	0	58.86	6	5	4	106	9	(26,16)
3	2026-01-01 16:13:48.000	29157	3390	2083	0	89.75	7	7	4	106	5	(26,16)
3	2026-01-01 16:13:49.000	29192	3437	2060	0	108.68	8	9	4	106	5	(27,16)
3	2026-01-01 16:13:50.000	29227	3320	2104	0	140.04	8	9	4	106	5	(26,16)
3	2026-01-01 16:13:51.000	29262	3208	2084	0	125.09	10	7	4	106	5	(25,16)
3	2026-01-01 16:13:52.000	29297	3309	2072	0	156.57	10	8	4	106	4	(26,16)
3	2026-01-01 16:13:53.000	29332	3429	2053	0	140.71	10	7	4	106	4	(27,16)
3	2026-01-01 16:13:54.000	29367	3489	2176	0	136.53	10	6	4	106	4	(27,17)
3	2026-01-01 16:13:55.000	29402	3399	2055	0	141.17	9	4	4	106	4	(27,16)
3	2026-01-01 16:13:56.000	29437	3277	2172	0	106.99	9	5	4	106	4	(26,17)
3	2026-01-01 16:13:57.000	29472	3205	2177	0	72.89	9	3	4	106	20	(25,17)
3	2026-01-01 16:13:58.000	29507	3231	2162	0	59.28	8	2	4	106	19	(25,17)
3	2026-01-01 16:13:59.000	29542	3309	2208	0	67.47	8	0	4	106	19	(26,17)
3	2026-01-01 16:14:00.000	29577	3389	2247	0	49.42	7	-1	4	106	19	(26,18)
3	2026-01-01 16:14:01.000	29612	3313	2198	0	46.42	6	-3	4	106	18	(26,17)
3	2026-01-01 16:14:02.000	29647	3346	2078	0	85.77	5	-3	4	106	18	(26,16)
3	2026-01-01 16:14:03.000	29682	3287	2133	0	127.88	4	-5	4	106	18	(26,17)
3	2026-01-01 16:14:04.000	29717	3160	2175	0	122.15	2	-6	4	106	18	(25,17)
3	2026-01-01 16:14:05.000	29752	3278	2220	0	132.93	2	-8	4	106	18	(26,17)
3	2026-01-01 16:14:06.000	29787	3273	2228	0	164.08	2	-6	4	106	15	(26,17)
3	2026-01-01 16:14:07.000	29822	3168	2199	0	153.54	3	-5	4	106	15	(25,17)
3	2026-01-01 16:14:08.000	29857	3093	2257	0	113.37	4	-5	0	105	15	(24,18)
3	2026-01-01 16:14:09.000	29892	2983	2161	0	143.76	6	-4	0	105	15	(23,17)
3	2026-01-01 16:14:10.000	29927	3007	2057	0	111.03	5	-2	0	105	15	(23,16)
3	2026-01-01 16:14:11.000	29962	3126	2156	0	122.71	4	-2	0	105	15	(24,17)
3	2026-01-01 16:14:12.000	29997	3104	2192	0	165.75	4	-3	7	105	15	(24,17)
3	2026-01-01 16:14:13.000	30032	3211	2103	0	177.55	3	-5	7	105	15	(25,16)
3	2026-01-01 16:14:14.000	30067	3193	2211	0	174.72	3	-6	7	105	15	(25,17)
3	2026-01-01 16:14:15.000	30102	3246	2206	0	175.13	3	-6	7	105	15	(25,17)
3	2026-01-01 16:14:16.000	30137	3167	2195	0	185.99	3	-4	7	105	12	(25,17)
3	2026-01-01 16:14:17.000	30172	3235	2088	-16	163.46	3	-3	7	105	12	(25,16)
3	2026-01-01 16:14:18.000	30207	3190	2143	-16	170.86	5	-5	7	105	12	(25,17)
3	2026-01-01 16:14:19.000	30242	3149	2015	-16	143.33	7	-5	7	105	12	(25,16)
3	2026-01-01 16:14:20.000	30277	3030	2019	-16	157.93	8	-3	7	105	12	(24,16)
3	2026-01-01 16:14:21.000	30312	2956	2021	-16	114.27	9	-4	7	105	11	(23,16)
3	2026-01-01 16:14:22.000	30347	3066	2029	-16	100.85	10	-6	7	105	26	(24,16)
3	2026-01-01 16:14:23.000	30382	3140	1963	-16	139.24	9	-8	7	105	25	(25,15)
3	2026-01-01 16:14:24.000	30417	3076	1970	-16	140.14	10	-7	7	105	39	(24,15)
3	2026-01-01 16:14:25.000	30452	3093	1947	-16	162.0	10	-5	7	105	39	(24,15)
3	2026-01-01 16:14:26.000	30487	3213	2021	-16	136.05	9	-7	7	105	39	(25,16)
3	2026-01-01 16:14:27.000	30522	3092	2096	-16	180.38	7	-9	7	105	36	(24,16)
3	2026-01-01 16:14:28.000	30557	2968	1999	-16	210.36	7	-10	7	105	36	(23,16)
3	2026-01-01 16:14:29.000	30592	2932	2070	-16	188.6	8	-10	7	105	36	(23,16)
3	2026-01-01 16:14:30.000	30627	2937	2100	-16	216.85	8	-10	7	105	36	(23,16)
3	2026-01-01 16:14:31.000	30662	2865	2058	-16	218.88	10	-10	7	105	36	(22,16)
3	2026-01-01 16:14:32.000	30697	2834	2121	-16	256.09	10	-10	4	105	36	(22,17)
3	2026-01-01 16:14:33.000	30732	2880	2108	-16	298.81	10	-10	4	105	36	(22,16)
3	2026-01-01 16:14:34.000	30767	2774	2029	-16	286.66	10	-9	4	105	36	(22,16)
3	2026-01-01 16:14:35.000	30802	2699	2137	-16	297.1	8	-9	4	105	36	(21,17)
3	2026-01-01 16:14:36.000	30837	2727	2257	-16	312.48	6	-10	4	105	36	(21,18)
3	2026-01-01 16:14:37.000	30872	2821	2351	-16	349.9	8	-8	4	105	36	(22,18)
3	2026-01-01 16:14:38.000	30907	2731	2253	-16	341.45	10	-8	1	105	36	(21,18)
3	2026-01-01 16:14:39.000	30942	2617	2380	-16	314.65	8	-8	1	105	36	(20,19)
3	2026-01-01 16:14:40.000	30977	2731	2283	-16	321.09	9	-6	1	105	36	(21,18)
3	2026-01-01 16:14:41.000	31012	2666	2220	-16	330.86	7	-8	1	105	50	(21,17)
3	2026-01-01 16:14:42.000	31047	2572	2303	32	289.4	9	-9	1	105	50	(20,18)
3	2026-01-01 16:14:43.000	31082	2701	2221	32	312.21	10	-8	1	105	50	(21,17)
3	2026-01-01 16:14:44.000	31117	2576	2270	32	286.09	8	-9	1	105	50	(20,18)
3	2026-01-01 16:14:45.000	31152	2672	2350	32	247.81	10	-10	1	105	50	(21,18)
3	2026-01-01 16:14:46.000	31187	2596	2343	32	207.74	10	-8	0	103	50	(20,18)
3	2026-01-01 16:14:47.000	31222	2483	2228	32	219.35	9	-9	0	103	50	(19,17)
3	2026-01-01 16:14:48.000	31257	2354	2135	0	242.95	8	-10	0	103	48	(18,17)
3	2026-01-01 16:14:49.000	31292	2229	2204	0	215.13	7	-10	0	103	48	(17,17)
3	2026-01-01 16:14:50.000	31327	2307	2235	0	187.21	7	-10	0	103	48	(18,17)
3	2026-01-01 16:14:51.000	31362	2416	2279	0	206.63	5	-10	0	103	48	(19,18)
3	2026-01-01 16:14:52.000	31397	2449	2331	0	167.84	7	-8	0	103	48	(19,18)
3	2026-01-01 16:14:53.000	31432	2533	2398	0	147.89	7	-6	0	103	48	(20,19)
3	2026-01-01 16:14:54.000	31467	2616	2463	0	147.46	7	-4	0	103	48	(20,19)
3	2026-01-01 16:14:55.000	31502	2602	2413	0	111.18	8	-4	0	103	48	(20,19)
3	2026-01-01 16:14:56.000	31537	2719	2502	0	76.76	8	-2	0	103	48	(21,20)
3	2026-01-01 16:14:57.000	31572	2817	2402	0	91.88	6	0	0	103	48	(22,19)
3	2026-01-01 16:14:58.000	31607	2786	2395	0	67.21	7	1	0	103	48	(22,19)
3	2026-01-01 16:14:59.000	31642	2900	2468	0	82.04	9	0	0	103	48	(23,19)
3	2026-01-01 16:15:00.000	31677	2795	2511	0	95.62	9	0	0	103	43	(22,20)
3	2026-01-01 16:15:01.000	31712	2764	2389	0	65.04	10	0	0	103	38	(22,19)
3	2026-01-01 16:15:02.000	31747	2854	2516	0	68.61	8	-1	0	103	38	(22,20)
3	2026-01-01 16:15:03.000	31782	2914	2633	0	30.99	7	-3	0	103	38	(23,21)
3	2026-01-01 16:15:04.000	31817	2803	2672	0	38.57	7	-2	0	103	38	(22,21)
3	2026-01-01 16:15:05.000	31852	2926	2792	0	37.28	6	-1	0	103	38	(23,22)
3	2026-01-01 16:15:06.000	31887	2831	2703	0	18.44	8	0	0	103	38	(22,21)
3	2026-01-01 16:15:07.000	31922	2953	2747	0	335.03	7	1	0	103	37	(23,21)
3	2026-01-01 16:15:08.000	31957	3036	2855	0	335.29	5	1	0	103	37	(24,22)
3	2026-01-01 16:15:09.000	31992	3156	2742	0	301.16	7	3	0	103	37	(25,21)
3	2026-01-01 16:15:10.000	32027	3233	2614	0	284.02	6	1	0	103	35	(25,20)
3	2026-01-01 16:15:11.000	32062	3126	2629	0	298.14	5	-1	0	103	35	(24,21)
3	2026-01-01 16:15:12.000	32097	3206	2675	0	279.86	4	-2	0	103	35	(25,21)
3	2026-01-01 16:15:13.000	32132	3087	2633	0	239.86	2	-3	0	103	33	(24,21)
3	2026-01-01 16:15:14.000	32167	3008	2540	0	228.52	3	-5	0	103	33	(24,20)
3	2026-01-01 16:15:15.000	32202	3007	2490	0	261.73	1	-4	0	103	33	(23,19)
3	2026-01-01 16:15:16.000	32237	3060	2562	0	277.45	-1	-5	0	103	33	(24,20)
3	2026-01-01 16:15:17.000	32272	2941	2488	0	268.63	-1	-6	0	103	33	(23,19)
3	2026-01-01 16:15:18.000	32307	3039	2518	0	230.64	-3	-4	0	106	32	(24,20)
3	2026-01-01 16:15:19.000	32342	3003	2603	0	196.9	-3	-4	0	106	32	(23,20)
3	2026-01-01 16:15:20.000	32377	2989	2548	0	164.09	-2	-2	0	106	27	(23,20)
3	2026-01-01 16:15:21.000	32412	2999	2606	0	169.82	-3	-4	0	106	27	(23,20)
3	2026-01-01 16:15:22.000	32447	2887	2564	0	178.06	-4	-4	0	106	27	(23,20)
3	2026-01-01 16:15:23.000	32482	2866	2475	0	196.11	-2	-2	0	106	27	(22,19)
3	2026-01-01 16:15:24.000	32517	2812	2427	0	201.28	0	-3	0	106	27	(22,19)
3	2026-01-01 16:15:25.000	32552	2805	2434	0	168.69	2	-2	0	106	27	(22,19)
3	2026-01-01 16:15:26.000	32587	2917	2369	0	200.7	3	-2	0	106	26	(23,19)
3	2026-01-01 16:15:27.000	32622	2903	2239	0	181.18	1	-2	0	106	26	(23,17)
3	2026-01-01 16:15:28.000	32657	3033	2332	0	221.47	2	-2	0	106	25	(24,18)
3	2026-01-01 16:15:29.000	32692	3162	2404	0	248.38	1	-4	0	106	25	(25,19)
3	2026-01-01 16:15:30.000	32727	3286	2347	0	274.2	-1	-3	0	106	25	(26,18)
3	2026-01-01 16:15:31.000	32762	3233	2233	0	236.23	-1	-4	0	106	25	(25,17)
3	2026-01-01 16:15:32.000	32797	3274	2236	0	216.56	1	-2	0	106	25	(26,17)
3	2026-01-01 16:15:33.000	32832	3193	2320	0	219.73	0	-1	0	106	20	(25,18)
3	2026-01-01 16:15:34.000	32867	3248	2391	0	212.89	-1	0	0	104	20	(25,19)
3	2026-01-01 16:15:35.000	32902	3122	2460	0	188.82	1	2	0	104	17	(24,19)
3	2026-01-01 16:15:36.000	32937	3050	2535	0	212.38	2	4	0	104	17	(24,20)
3	2026-01-01 16:15:37.000	32972	2995	2479	0	167.52	1	4	0	106	17	(23,19)
3	2026-01-01 16:15:38.000	33007	2901	2378	0	155.78	-1	4	0	106	34	(23,19)
3	2026-01-01 16:15:39.000	33042	3030	2471	-8	120.66	-3	3	0	106	34	(24,19)
3	2026-01-01 16:15:40.000	33077	3100	2541	-8	121.04	-3	4	0	106	34	(24,20)
3	2026-01-01 16:15:41.000	33112	2978	2530	-8	126.48	-1	2	0	106	34	(23,20)
3	2026-01-01 16:15:42.000	33147	3018	2472	-8	116.63	0	4	0	106	50	(24,19)
3	2026-01-01 16:15:43.000	33182	2892	2408	-8	117.61	2	3	0	106	50	(23,19)
3	2026-01-01 16:15:44.000	33217	2967	2417	-8	117.98	3	5	0	106	50	(23,19)
3	2026-01-01 16:15:45.000	33252	3096	2498	64	85.55	5	3	0	106	50	(24,20)
3	2026-01-01 16:15:46.000	33287	3036	2394	64	49.86	7	2	0	106	50	(24,19)
3	2026-01-01 16:15:47.000	33322	3013	2352	64	45.6	7	1	0	106	50	(24,18)
3	2026-01-01 16:15:48.000	33357	2930	2296	64	65.14	5	3	0	106	50	(23,18)
3	2026-01-01 16:15:49.000	33392	2963	2327	64	108.06	6	2	0	106	50	(23,18)
3	2026-01-01 16:15:50.000	33427	2970	2216	64	105.09	6	0	0	106	45	(23,17)
3	2026-01-01 16:15:51.000	33462	2918	2157	64	129.42	5	2	0	106	45	(23,17)
3	2026-01-01 16:15:52.000	33497	2807	2213	64	158.42	4	3	0	106	45	(22,17)
3	2026-01-01 16:15:53.000	33532	2691	2156	64	196.05	2	2	0	106	45	(21,17)
3	2026-01-01 16:15:54.000	33567	2806	2059	24	154.96	1	1	0	106	45	(22,16)
3	2026-01-01 16:15:55.000	33602	2711	2062	24	196.25	1	2	0	106	45	(21,16)
3	2026-01-01 16:15:56.000	33637	2734	2093	24	178.97	2	2	0	106	45	(21,16)
3	2026-01-01 16:15:57.000	33672	2647	2048	24	166.2	2	1	0	106	45	(21,16)
3	2026-01-01 16:15:58.000	33707	2703	1968	24	156.02	1	3	0	106	45	(21,15)
3	2026-01-01 16:15:59.000	33742	2760	1997	40	124.11	1	2	0	106	45	(22,16)
3	2026-01-01 16:16:00.000	33777	2664	2052	40	160.24	-1	4	0	106	40	(21,16)
3	2026-01-01 16:16:01.000	33812	2577	2102	40	184.75	-2	5	0	106	40	(20,16)
3	2026-01-01 16:16:02.000	33847	2595	2210	40	222.67	-3	4	0	106	40	(20,17)
3	2026-01-01 16:16:03.000	33882	2552	2080	40	216.09	-2	5	0	106	40	(20,16)
3	2026-01-01 16:16:04.000	33917	2678	2039	40	234.47	-1	3	0	106	40	(21,16)
3	2026-01-01 16:16:05.000	33952	2716	2010	40	219.02	1	3	0	106	40	(21,16)
3	2026-01-01 16:16:06.000	33987	2707	2021	40	185.85	2	2	0	102	40	(21,16)
3	2026-01-01 16:16:07.000	34022	2831	2071	40	188.91	3	2	0	102	36	(22,16)
3	2026-01-01 16:16:08.000	34057	2794	2018	40	154.64	4	3	0	102	36	(22,16)
3	2026-01-01 16:16:09.000	34092	2677	2055	40	171.47	4	3	0	102	36	(21,16)
3	2026-01-01 16:16:10.000	34127	2723	2006	40	200.91	5	1	0	102	36	(21,16)
3	2026-01-01 16:16:11.000	34162	2645	1956	40	219.72	3	0	0	102	36	(21,15)
3	2026-01-01 16:16:12.000	34197	2665	1958	40	244.91	4	0	0	99	36	(21,15)
3	2026-01-01 16:16:13.000	34232	2619	2034	40	255.38	6	0	0	99	36	(20,16)
3	2026-01-01 16:16:14.000	34267	2691	2126	40	298.75	8	-1	0	99	33	(21,17)
3	2026-01-01 16:16:15.000	34302	2645	2077	40	333.5	7	-3	0	99	33	(21,16)
3	2026-01-01 16:16:16.000	34337	2707	2129	40	318.8	9	-3	0	99	33	(21,17)
3	2026-01-01 16:16:17.000	34372	2759	2062	40	329.39	10	-2	0	99	29	(22,16)
3	2026-01-01 16:16:18.000	34407	2659	1942	40	322.34	10	-2	0	99	26	(21,15)
3	2026-01-01 16:16:19.000	34442	2704	1897	40	348.49	10	-2	0	99	26	(21,15)
3	2026-01-01 16:16:20.000	34477	2730	1963	8	307.05	10	-4	0	99	24	(21,15)
3	2026-01-01 16:16:21.000	34512	2653	2008	8	349.3	9	-6	0	99	22	(21,16)
3	2026-01-01 16:16:22.000	34547	2758	1887	8	10.75	7	-6	0	99	22	(22,15)
3	2026-01-01 16:16:23.000	34582	2686	1973	8	1.55	5	-8	0	99	22	(21,15)
3	2026-01-01 16:16:24.000	34617	2683	1868	8	16.77	4	-9	0	99	18	(21,15)
3	2026-01-01 16:16:25.000	34652	2652	1803	8	33.38	4	-10	0	99	13	(21,14)
3	2026-01-01 16:16:26.000	34687	2593	1674	0	348.47	5	-10	0	99	13	(20,13)
3	2026-01-01 16:16:27.000	34722	2562	1786	0	32.78	4	-10	0	99	11	(20,14)
3	2026-01-01 16:16:28.000	34757	2549	1818	0	77.63	6	-9	0	99	11	(20,14)
3	2026-01-01 16:16:29.000	34792	2624	1897	0	68.53	8	-9	0	99	6	(20,15)
3	2026-01-01 16:16:30.000	34827	2549	1771	0	30.57	7	-9	0	99	6	(20,14)
3	2026-01-01 16:16:31.000	34862	2518	1730	0	35.38	5	-10	0	99	4	(20,14)
3	2026-01-01 16:16:32.000	34897	2648	1783	24	34.65	3	-9	0	99	4	(21,14)
3	2026-01-01 16:16:33.000	34932	2676	1889	24	24.35	5	-10	6	99	4	(21,15)
3	2026-01-01 16:16:34.000	34967	2550	1927	24	45.59	3	-10	6	99	4	(20,15)
3	2026-01-01 16:16:35.000	35002	2537	2020	24	55.26	4	-10	6	99	4	(20,16)
3	2026-01-01 16:16:36.000	35037	2499	1958	24	87.89	6	-9	6	99	4	(20,15)
3	2026-01-01 16:16:37.000	35072	2573	2030	24	73.01	7	-8	6	99	2	(20,16)
3	2026-01-01 16:16:38.000	35107	2543	2148	24	50.85	6	-10	6	99	2	(20,17)
3	2026-01-01 16:16:39.000	35142	2600	2018	24	49.99	5	-10	6	99	0	(20,16)
3	2026-01-01 16:16:40.000	35177	2614	1995	24	78.24	5	-8	1	99	0	(20,16)
3	2026-01-01 16:16:41.000	35212	2575	2079	24	85.98	6	-9	1	99	0	(20,16)
3	2026-01-01 16:16:42.000	35247	2512	2004	24	54.2	7	-10	1	99	0	(20,16)
3	2026-01-01 16:16:43.000	35282	2394	2069	24	64.55	7	-10	1	99	0	(19,16)
3	2026-01-01 16:16:44.000	35317	2373	2155	24	45.31	6	-8	1	99	0	(19,17)
3	2026-01-01 16:16:45.000	35352	2419	2141	24	77.64	7	-8	1	99	0	(19,17)
3	2026-01-01 16:16:46.000	35387	2303	2098	24	99.12	5	-10	1	99	0	(18,16)
3	2026-01-01 16:16:47.000	35422	2242	2174	24	112.66	5	-9	1	99	0	(18,17)
3	2026-01-01 16:16:48.000	35457	2322	2193	24	131.86	3	-7	1	99	0	(18,17)
3	2026-01-01 16:16:49.000	35492	2430	2125	24	89.44	5	-9	1	99	0	(19,17)
3	2026-01-01 16:16:50.000	35527	2422	2030	24	109.46	7	-8	1	99	0	(19,16)
3	2026-01-01 16:16:51.000	35562	2370	2112	24	113.41	8	-10	1	99	0	(19,16)
3	2026-01-01 16:16:52.000	35597	2390	2054	8	69.09	7	-9	1	99	0	(19,16)
3	2026-01-01 16:16:53.000	35632	2451	2154	8	49.64	8	-10	1	99	0	(19,17)
3	2026-01-01 16:16:54.000	35667	2337	2200	8	13.6	10	-10	1	99	0	(18,17)
3	2026-01-01 16:16:55.000	35702	2406	2258	8	42.71	10	-10	1	99	0	(19,18)
3	2026-01-01 16:16:56.000	35737	2523	2306	8	67.98	8	-10	1	99	0	(20,18)
3	2026-01-01 16:16:57.000	35772	2495	2176	8	74.35	9	-10	1	99	0	(19,17)
3	2026-01-01 16:16:58.000	35807	2583	2171	8	113.03	9	-10	1	99	0	(20,17)
3	2026-01-01 16:16:59.000	35842	2606	2265	8	90.62	9	-8	1	99	0	(20,18)
3	2026-01-01 16:17:00.000	35877	2635	2208	8	105.63	10	-7	1	99	0	(21,17)
3	2026-01-01 16:17:01.000	35912	2684	2114	8	112.09	10	-7	0	98	0	(21,17)
3	2026-01-01 16:17:02.000	35947	2585	2093	0	75.56	10	-6	0	98	0	(20,16)
3	2026-01-01 16:17:03.000	35982	2477	2213	0	70.55	10	-6	0	98	0	(19,17)
3	2026-01-01 16:17:04.000	36017	2485	2099	0	45.18	10	-6	0	98	0	(19,16)
3	2026-01-01 16:17:05.000	36052	2533	2097	0	23.26	9	-7	0	98	0	(20,16)
3	2026-01-01 16:17:06.000	36087	2552	2017	0	65.35	8	-8	0	98	0	(20,16)
3	2026-01-01 16:17:07.000	36122	2514	2034	0	73.19	6	-6	0	98	0	(20,16)
3	2026-01-01 16:17:08.000	36157	2387	1951	0	110.46	7	-8	0	98	0	(19,15)
3	2026-01-01 16:17:09.000	36192	2331	2049	0	69.27	5	-8	0	98	0	(18,16)
3	2026-01-01 16:17:10.000	36227	2278	1947	0	102.55	4	-6	0	98	0	(18,15)
3	2026-01-01 16:17:11.000	36262	2194	2039	0	106.86	6	-4	0	96	0	(17,16)
3	2026-01-01 16:17:12.000	36297	2287	2092	0	147.59	4	-5	0	96	0	(18,16)
3	2026-01-01 16:17:13.000	36332	2312	2049	0	129.88	6	-3	0	96	0	(18,16)
3	2026-01-01 16:17:14.000	36367	2340	2009	0	111.24	4	-2	0	96	0	(18,16)
3	2026-01-01 16:17:15.000	36402	2407	1971	0	105.52	4	-4	0	96	0	(19,15)
3	2026-01-01 16:17:16.000	36437	2286	1913	0	119.26	6	-6	0	96	0	(18,15)
3	2026-01-01 16:17:17.000	36472	2313	2033	0	90.09	8	-8	0	96	0	(18,16)
3	2026-01-01 16:17:18.000	36507	2418	2004	0	64.53	9	-6	0	96	0	(19,16)
3	2026-01-01 16:17:19.000	36542	2478	2034	0	65.81	10	-5	0	96	0	(19,16)
3	2026-01-01 16:17:20.000	36577	2351	2152	0	34.58	9	-3	0	96	0	(18,17)
3	2026-01-01 16:17:21.000	36612	2373	2113	0	4.83	10	-3	0	96	0	(19,17)
3	2026-01-01 16:17:22.000	36647	2282	2172	8	333.84	10	-1	0	96	0	(18,17)
3	2026-01-01 16:17:23.000	36682	2281	2073	8	327.55	10	1	0	95	0	(18,16)
3	2026-01-01 16:17:24.000	36717	2154	2071	8	300.29	8	1	0	95	0	(17,16)
3	2026-01-01 16:17:25.000	36752	2276	2183	8	293.01	9	0	0	95	0	(18,17)
3	2026-01-01 16:17:26.000	36787	2244	2132	8	303.15	9	1	0	95	0	(18,17)
3	2026-01-01 16:17:27.000	36822	2284	2235	8	284.84	10	0	0	95	0	(18,17)
3	2026-01-01 16:17:28.000	36857	2292	2198	8	274.34	8	-1	0	95	0	(18,17)
3	2026-01-01 16:17:29.000	36892	2300	2227	8	275.85	8	0	0	95	0	(18,17)
3	2026-01-01 16:17:30.000	36927	2285	2198	8	294.98	9	0	0	95	0	(18,17)
3	2026-01-01 16:17:31.000	36962	2280	2112	8	267.8	8	-2	0	95	0	(18,16)
3	2026-01-01 16:17:32.000	36997	2395	2201	8	312.54	7	-3	0	95	0	(19,17)
3	2026-01-01 16:17:33.000	37032	2518	2273	8	303.39	5	-1	0	95	0	(20,18)
3	2026-01-01 16:17:34.000	37067	2535	2327	8	277.64	6	0	0	95	0	(20,18)
3	2026-01-01 16:17:35.000	37102	2662	2449	8	311.04	6	1	0	95	21	(21,19)
3	2026-01-01 16:17:36.000	37137	2560	2444	8	345.28	7	1	0	95	21	(20,19)
3	2026-01-01 16:17:37.000	37172	2608	2448	8	20.31	7	-1	0	95	21	(20,19)
3	2026-01-01 16:17:38.000	37207	2640	2496	8	26.25	8	-3	0	95	21	(21,20)
3	2026-01-01 16:17:39.000	37242	2759	2553	8	64.87	8	-3	0	95	21	(22,20)
3	2026-01-01 16:17:40.000	37277	2859	2499	8	56.13	7	-3	0	95	21	(22,20)
3	2026-01-01 16:17:41.000	37312	2867	2599	8	36.04	6	-4	0	95	21	(22,20)
3	2026-01-01 16:17:42.000	37347	2934	2695	8	4.03	8	-3	0	95	42	(23,21)
3	2026-01-01 16:17:43.000	37382	2988	2750	8	8.15	7	-5	0	95	42	(23,21)
3	2026-01-01 16:17:44.000	37417	3079	2753	8	342.94	8	-3	0	95	42	(24,22)
3	2026-01-01 16:17:45.000	37452	2972	2881	8	335.03	8	-2	0	95	42	(23,23)
3	2026-01-01 16:17:46.000	37487	2991	2968	0	333.49	9	-1	0	95	42	(23,23)
3	2026-01-01 16:17:47.000	37522	2959	2931	0	334.98	9	-2	0	95	42	(23,23)
3	2026-01-01 16:17:48.000	37557	2918	2839	0	317.29	8	0	0	95	39	(23,22)
3	2026-01-01 16:17:49.000	37592	2899	2963	0	278.84	9	-2	0	95	39	(23,23)
3	2026-01-01 16:17:50.000	37627	2838	2891	0	266.11	10	0	0	95	37	(22,23)
3	2026-01-01 16:17:51.000	37662	2795	2942	0	270.81	10	0	0	95	37	(22,23)
3	2026-01-01 16:17:52.000	37697	2873	2880	0	280.93	10	-2	0	95	37	(22,22)
3	2026-01-01 16:17:53.000	37732	2848	2841	0	320.13	10	-4	0	95	37	(22,22)
3	2026-01-01 16:17:54.000	37767	2780	2813	0	330.07	10	-2	0	95	34	(22,22)
3	2026-01-01 16:17:55.000	37802	2742	2834	0	338.25	10	0	0	95	34	(21,22)
3	2026-01-01 16:17:56.000	37837	2619	2849	0	315.3	10	-1	0	89	34	(20,22)
3	2026-01-01 16:17:57.000	37872	2613	2867	0	321.6	8	1	0	86	34	(20,22)
3	2026-01-01 16:17:58.000	37907	2554	2749	0	310.92	9	1	0	86	34	(20,21)
3	2026-01-01 16:17:59.000	37942	2637	2685	0	350.69	7	1	0	86	30	(21,21)
3	2026-01-01 16:18:00.000	37977	2711	2604	0	338.9	6	-1	0	86	26	(21,20)
3	2026-01-01 16:18:01.000	38012	2659	2636	0	18.75	8	1	0	86	26	(21,21)
3	2026-01-01 16:18:02.000	38047	2657	2763	0	353.48	10	-1	0	86	23	(21,22)
3	2026-01-01 16:18:03.000	38082	2674	2755	0	323.91	10	-3	0	86	23	(21,22)
3	2026-01-01 16:18:04.000	38117	2757	2859	0	280.42	10	-3	0	86	23	(22,22)
3	2026-01-01 16:18:05.000	38152	2759	2783	0	241.51	10	-4	0	86	20	(22,22)
3	2026-01-01 16:18:06.000	38187	2776	2712	0	251.28	9	-4	0	86	20	(22,21)
3	2026-01-01 16:18:07.000	38222	2667	2757	64	267.35	9	-2	0	86	20	(21,22)
3	2026-01-01 16:18:08.000	38257	2673	2880	64	269.98	9	-2	0	86	20	(21,22)
3	2026-01-01 16:18:09.000	38292	2559	2999	64	260.04	9	-1	0	86	20	(20,23)
3	2026-01-01 16:18:10.000	38327	2557	3046	56	293.04	7	0	0	86	20	(20,24)
3	2026-01-01 16:18:11.000	38362	2521	3046	56	332.66	9	1	0	86	20	(20,24)
3	2026-01-01 16:18:12.000	38397	2454	2994	56	340.28	10	2	0	86	19	(19,23)
3	2026-01-01 16:18:13.000	38432	2578	2996	56	0.18	8	1	0	86	19	(20,23)
3	2026-01-01 16:18:14.000	38467	2693	2986	56	321.6	10	1	0	86	17	(21,23)
3	2026-01-01 16:18:15.000	38502	2774	2925	0	317.17	10	-1	0	86	17	(22,23)
3	2026-01-01 16:18:16.000	38537	2717	2850	16	310.18	8	-3	0	86	17	(21,22)
3	2026-01-01 16:18:17.000	38572	2702	2820	16	280.55	10	-3	0	86	17	(21,22)
3	2026-01-01 16:18:18.000	38607	2799	2929	16	252.95	10	-5	0	86	17	(22,23)
3	2026-01-01 16:18:19.000	38642	2726	2942	16	229.97	10	-3	0	86	17	(21,23)
3	2026-01-01 16:18:20.000	38677	2753	2833	56	219.61	10	-2	0	86	14	(22,22)
3	2026-01-01 16:18:21.000	38712	2843	2947	56	218.78	9	-4	0	86	14	(22,23)
3	2026-01-01 16:18:22.000	38747	2778	2927	56	197.16	10	-6	0	86	14	(22,23)
3	2026-01-01 16:18:23.000	38782	2690	2979	56	210.91	10	-5	7	86	10	(21,23)
3	2026-01-01 16:18:24.000	38817	2748	3074	8	210.39	9	-3	7	86	10	(21,24)
3	2026-01-01 16:18:25.000	38852	2649	3018	8	190.19	9	-4	1	86	8	(21,24)
3	2026-01-01 16:18:26.000	38887	2777	2940	8	146.5	10	-6	0	86	8	(22,23)
3	2026-01-01 16:18:27.000	38922	2674	2861	0	127.58	10	-8	0	86	8	(21,22)
3	2026-01-01 16:18:28.000	38957	2613	2828	0	111.84	10	-8	0	86	8	(20,22)
3	2026-01-01 16:18:29.000	38992	2632	2745	0	75.95	10	-10	0	86	7	(21,21)
3	2026-01-01 16:18:30.000	39027	2661	2635	0	84.39	9	-10	0	86	7	(21,21)
3	2026-01-01 16:18:31.000	39062	2691	2765	0	98.29	10	-10	0	86	7	(21,22)
3	2026-01-01 16:18:32.000	39097	2717	2881	0	104.63	10	-8	0	86	5	(21,23)
3	2026-01-01 16:18:33.000	39132	2613	2961	0	133.83	9	-6	0	86	5	(20,23)
3	2026-01-01 16:18:34.000	39167	2555	3051	0	121.81	7	-5	0	86	5	(20,24)
3	2026-01-01 16:18:35.000	39202	2637	2972	0	86.79	9	-4	0	86	5	(21,23)
3	2026-01-01 16:18:36.000	39237	2687	2929	0	108.7	9	-5	0	86	5	(21,23)
3	2026-01-01 16:18:37.000	39272	2579	2914	0	95.26	8	-7	0	86	5	(20,23)
3	2026-01-01 16:18:38.000	39307	2676	3017	0	110.27	7	-9	0	86	5	(21,24)
3	2026-01-01 16:18:39.000	39342	2642	3142	0	92.76	7	-10	0	86	5	(21,25)
3	2026-01-01 16:18:40.000	39377	2610	3063	0	83.45	5	-9	0	86	5	(20,24)
3	2026-01-01 16:18:41.000	39412	2706	3138	0	123.04	6	-10	0	86	4	(21,25)
3	2026-01-01 16:18:42.000	39447	2758	3089	0	167.5	5	-10	0	86	4	(22,24)
3	2026-01-01 16:18:43.000	39482	2855	3181	0	132.19	7	-8	0	86	0	(22,25)
3	2026-01-01 16:18:44.000	39517	2759	3259	0	143.16	8	-7	0	86	0	(22,25)
3	2026-01-01 16:18:45.000	39552	2682	3333	0	138.85	8	-9	0	82	0	(21,26)
3	2026-01-01 16:18:46.000	39587	2733	3351	0	121.61	8	-7	0	82	0	(21,26)
3	2026-01-01 16:18:47.000	39622	2670	3412	0	109.12	6	-8	0	82	0	(21,27)
3	2026-01-01 16:18:48.000	39657	2646	3361	0	68.33	6	-9	0	82	0	(21,26)
3	2026-01-01 16:18:49.000	39692	2574	3303	0	59.6	5	-10	0	82	0	(20,26)
3	2026-01-01 16:18:50.000	39727	2601	3401	0	96.32	3	-9	0	82	0	(20,27)
3	2026-01-01 16:18:51.000	39762	2562	3332	0	111.69	3	-8	0	76	0	(20,26)
3	2026-01-01 16:18:52.000	39797	2484	3203	0	138.82	4	-6	0	76	0	(19,25)
3	2026-01-01 16:18:53.000	39832	2597	3238	0	162.76	5	-7	0	76	0	(20,25)
3	2026-01-01 16:18:54.000	39867	2721	3360	0	190.79	4	-6	0	76	0	(21,26)
3	2026-01-01 16:18:55.000	39902	2675	3369	0	221.1	5	-8	0	76	0	(21,26)
3	2026-01-01 16:18:56.000	39937	2681	3443	0	185.43	6	-9	0	76	0	(21,27)
3	2026-01-01 16:18:57.000	39972	2673	3360	0	184.25	7	-7	0	76	0	(21,26)
3	2026-01-01 16:18:58.000	40007	2614	3308	0	171.57	5	-8	0	76	0	(20,26)
3	2026-01-01 16:18:59.000	40042	2729	3198	0	131.31	5	-7	0	76	0	(21,25)
3	2026-01-01 16:19:00.000	40077	2807	3274	0	157.63	5	-9	0	76	0	(22,26)
3	2026-01-01 16:19:01.000	40112	2805	3281	-16	160.26	4	-9	0	69	0	(22,26)
3	2026-01-01 16:19:02.000	40147	2834	3337	-16	136.92	5	-9	0	69	0	(22,26)
3	2026-01-01 16:19:03.000	40182	2869	3295	-16	133.64	4	-7	0	69	0	(22,26)
3	2026-01-01 16:19:04.000	40217	2741	3299	-16	147.73	2	-7	0	69	0	(21,26)
3	2026-01-01 16:19:05.000	40252	2741	3333	-16	115.89	1	-9	0	69	0	(21,26)
3	2026-01-01 16:19:06.000	40287	2769	3409	-16	101.89	2	-7	0	69	0	(22,27)
3	2026-01-01 16:19:07.000	40322	2838	3386	-16	127.94	4	-8	0	69	0	(22,26)
3	2026-01-01 16:19:08.000	40357	2747	3355	-16	155.56	3	-10	0	69	0	(21,26)
3	2026-01-01 16:19:09.000	40392	2677	3388	-16	170.23	3	-10	0	69	0	(21,26)
3	2026-01-01 16:19:10.000	40427	2623	3304	-16	165.35	2	-9	0	69	0	(20,26)
3	2026-01-01 16:19:11.000	40462	2613	3198	-16	166.73	2	-10	0	69	0	(20,25)
3	2026-01-01 16:19:12.000	40497	2537	3309	-16	144.4	2	-10	0	69	0	(20,26)
3	2026-01-01 16:19:13.000	40532	2584	3241	-16	151.64	3	-10	0	69	0	(20,25)
3	2026-01-01 16:19:14.000	40567	2646	3146	-16	173.38	5	-9	0	69	0	(21,25)
3	2026-01-01 16:19:15.000	40602	2642	3147	24	132.14	4	-8	0	69	0	(21,25)
3	2026-01-01 16:19:16.000	40637	2662	3054	24	104.77	5	-9	0	69	0	(21,24)
3	2026-01-01 16:19:17.000	40672	2783	3162	24	144.39	5	-8	0	69	0	(22,25)
3	2026-01-01 16:19:18.000	40707	2758	3121	24	160.38	7	-10	0	69	0	(22,24)
3	2026-01-01 16:19:19.000	40742	2868	3046	24	173.25	7	-9	0	69	0	(22,24)
3	2026-01-01 16:19:20.000	40777	2944	3095	24	187.77	7	-8	0	69	0	(23,24)
3	2026-01-01 16:19:21.000	40812	2984	3190	24	151.69	6	-6	0	68	0	(23,25)
3	2026-01-01 16:19:22.000	40847	2973	3279	24	138.28	4	-4	0	68	0	(23,26)
3	2026-01-01 16:19:23.000	40882	3040	3358	24	169.51	6	-5	0	68	0	(24,26)
3	2026-01-01 16:19:24.000	40917	3167	3384	24	131.61	5	-4	0	68	0	(25,26)
3	2026-01-01 16:19:25.000	40952	3076	3491	24	105.58	4	-4	0	68	0	(24,27)
3	2026-01-01 16:19:26.000	40987	3200	3494	24	112.11	2	-4	0	68	0	(25,27)
3	2026-01-01 16:19:27.000	41022	3196	3473	32	86.81	1	-3	0	68	0	(25,27)
3	2026-01-01 16:19:28.000	41057	3156	3415	32	120.62	2	-1	0	68	0	(25,27)
3	2026-01-01 16:19:29.000	41092	3080	3427	32	129.77	2	0	0	68	0	(24,27)
3	2026-01-01 16:19:30.000	41127	3058	3311	32	135.52	4	-2	0	68	0	(24,26)
3	2026-01-01 16:19:31.000	41162	3088	3350	32	132.43	4	0	0	68	0	(24,26)
3	2026-01-01 16:19:32.000	41197	2982	3473	32	94.1	4	0	0	68	0	(23,27)
3	2026-01-01 16:19:33.000	41232	3084	3510	32	71.97	4	2	0	68	0	(24,27)
3	2026-01-01 16:19:34.000	41267	3132	3412	32	55.22	2	3	0	68	0	(24,27)
3	2026-01-01 16:19:35.000	41302	3175	3327	32	41.22	2	1	0	68	0	(25,26)
3	2026-01-01 16:19:36.000	41337	3174	3247	32	68.96	4	3	0	68	8	(25,25)
3	2026-01-01 16:19:37.000	41372	3072	3286	32	69.34	6	5	0	68	8	(24,26)
3	2026-01-01 16:19:38.000	41407	3047	3399	32	113.41	5	3	0	68	3	(24,27)
3	2026-01-01 16:19:39.000	41442	3121	3476	32	149.37	6	2	0	68	3	(24,27)
3	2026-01-01 16:19:40.000	41477	3243	3586	32	138.26	8	3	0	68	3	(25,28)
3	2026-01-01 16:19:41.000	41512	3202	3535	32	117.43	6	5	0	68	3	(25,28)
3	2026-01-01 16:19:42.000	41547	3243	3512	32	84.04	6	7	0	68	3	(25,27)
3	2026-01-01 16:19:43.000	41582	3187	3437	32	86.63	4	9	0	68	3	(25,27)
3	2026-01-01 16:19:44.000	41617	3133	3344	32	67.77	4	10	0	68	0	(24,26)
3	2026-01-01 16:19:45.000	41652	3202	3360	32	37.25	2	9	0	68	0	(25,26)
3	2026-01-01 16:19:46.000	41687	3201	3264	32	42.65	3	7	0	68	0	(25,26)
3	2026-01-01 16:19:47.000	41722	3140	3277	32	43.62	5	6	0	68	0	(25,26)
3	2026-01-01 16:19:48.000	41757	3187	3274	32	57.91	3	8	0	68	0	(25,26)
3	2026-01-01 16:19:49.000	41792	3069	3224	32	77.91	1	9	0	68	0	(24,25)
3	2026-01-01 16:19:50.000	41827	2995	3184	32	121.63	3	8	0	68	0	(23,25)
3	2026-01-01 16:19:51.000	41862	2912	3273	32	112.72	1	9	0	68	0	(23,26)
3	2026-01-01 16:19:52.000	41897	2949	3385	32	136.06	3	10	0	68	0	(23,26)
3	2026-01-01 16:19:53.000	41932	2893	3441	32	163.35	5	10	0	68	0	(23,27)
3	2026-01-01 16:19:54.000	41967	2942	3431	32	171.21	7	10	0	68	0	(23,27)
3	2026-01-01 16:19:55.000	42002	2828	3383	32	190.95	7	9	0	68	0	(22,26)
3	2026-01-01 16:19:56.000	42037	2751	3440	32	160.28	5	10	0	68	0	(21,27)
3	2026-01-01 16:19:57.000	42072	2726	3343	32	115.82	7	10	0	68	0	(21,26)
3	2026-01-01 16:19:58.000	42107	2662	3343	32	158.29	9	10	0	68	0	(21,26)
3	2026-01-01 16:19:59.000	42142	2589	3327	32	178.19	10	10	0	68	0	(20,26)
